chroma_stft_mean,chroma_stft_var,rms_mean,rms_var,spectral_centroid_mean,spectral_centroid_var,spectral_bandwidth_mean,spectral_bandwidth_var,rolloff_mean,rolloff_var,zero_crossing_rate_mean,zero_crossing_rate_var,harmony_mean,harmony_var,perceptr_mean,perceptr_var,tempo,mfcc1_mean,mfcc1_var,mfcc2_mean,mfcc2_var,mfcc3_mean,mfcc3_var,mfcc4_mean,mfcc4_var,mfcc5_mean,mfcc5_var,mfcc6_mean,mfcc6_var,mfcc7_mean,mfcc7_var,mfcc8_mean,mfcc8_var,mfcc9_mean,mfcc9_var,mfcc10_mean,mfcc10_var,mfcc11_mean,mfcc11_var,mfcc12_mean,mfcc12_var,mfcc13_mean,mfcc13_var,mfcc14_mean,mfcc14_var,mfcc15_mean,mfcc15_var,mfcc16_mean,mfcc16_var,mfcc17_mean,mfcc17_var,mfcc18_mean,mfcc18_var,mfcc19_mean,mfcc19_var,mfcc20_mean,mfcc20_var
0.28923905,0.091262296,0.10979616,0.0016757434,1044.7200862613543,103694.48198749263,1393.8079039816196,52277.7130356278,1947.6307596795243,565250.9408237243,0.04564919881090487,0.00038918082676256963,-1.4849114e-06,0.009389634,-5.7836005e-06,0.0015073513,107.666015625,-209.33365,2706.6697,167.1017,468.5851,-20.841473,340.87476,36.802998,321.86078,10.272971,300.2999,3.9958642,125.406906,-5.6698804,154.58054,-4.625789,104.70374,-6.24442,104.93291,-4.1741776,85.49604,-6.6804767,87.34398,-3.2626216,52.532997,-7.9688377,55.53217,-4.062071,42.88709,-4.9921985,40.85855,-4.5038943,43.213734,-4.0038567,49.849594,-6.3972435,47.45159,-5.9151926,46.11398,-8.175333,64.274155
