chroma_stft_mean,chroma_stft_var,rms_mean,rms_var,spectral_centroid_mean,spectral_centroid_var,spectral_bandwidth_mean,spectral_bandwidth_var,rolloff_mean,rolloff_var,zero_crossing_rate_mean,zero_crossing_rate_var,harmony_mean,harmony_var,perceptr_mean,perceptr_var,tempo,mfcc1_mean,mfcc1_var,mfcc2_mean,mfcc2_var,mfcc3_mean,mfcc3_var,mfcc4_mean,mfcc4_var,mfcc5_mean,mfcc5_var,mfcc6_mean,mfcc6_var,mfcc7_mean,mfcc7_var,mfcc8_mean,mfcc8_var,mfcc9_mean,mfcc9_var,mfcc10_mean,mfcc10_var,mfcc11_mean,mfcc11_var,mfcc12_mean,mfcc12_var,mfcc13_mean,mfcc13_var,mfcc14_mean,mfcc14_var,mfcc15_mean,mfcc15_var,mfcc16_mean,mfcc16_var,mfcc17_mean,mfcc17_var,mfcc18_mean,mfcc18_var,mfcc19_mean,mfcc19_var,mfcc20_mean,mfcc20_var
0.32217377,0.090071276,0.10463604,0.0022645267,1321.763474149792,511284.37416969007,1667.4024816185888,218567.2322300833,2584.125931246375,2382274.8890214046,0.052491933729698376,0.0012493666869284378,7.2150756e-06,0.009400405,-4.9262217e-05,0.001661519,143.5546875,-205.06755,5286.3784,140.98952,1019.88495,-8.963087,482.64935,36.968815,272.05887,6.427648,250.26125,14.869453,156.54933,-4.316959,201.726,12.225619,148.70183,-11.42915,148.15463,11.855211,121.5374,-7.889388,101.28574,9.911036,117.85724,-2.3491375,81.97262,4.485367,114.7821,-5.0009093,94.49183,3.145683,91.838776,-4.5268893,113.72285,2.6499436,85.19951,-3.1149898,75.819534,-10.708284,84.848206
