chroma_stft_mean,chroma_stft_var,rms_mean,rms_var,spectral_centroid_mean,spectral_centroid_var,spectral_bandwidth_mean,spectral_bandwidth_var,rolloff_mean,rolloff_var,zero_crossing_rate_mean,zero_crossing_rate_var,harmony_mean,harmony_var,perceptr_mean,perceptr_var,tempo,mfcc1_mean,mfcc1_var,mfcc2_mean,mfcc2_var,mfcc3_mean,mfcc3_var,mfcc4_mean,mfcc4_var,mfcc5_mean,mfcc5_var,mfcc6_mean,mfcc6_var,mfcc7_mean,mfcc7_var,mfcc8_mean,mfcc8_var,mfcc9_mean,mfcc9_var,mfcc10_mean,mfcc10_var,mfcc11_mean,mfcc11_var,mfcc12_mean,mfcc12_var,mfcc13_mean,mfcc13_var,mfcc14_mean,mfcc14_var,mfcc15_mean,mfcc15_var,mfcc16_mean,mfcc16_var,mfcc17_mean,mfcc17_var,mfcc18_mean,mfcc18_var,mfcc19_mean,mfcc19_var,mfcc20_mean,mfcc20_var
0.32885525,0.09120232,0.17527841,0.0049522663,1557.7510489456945,414009.42538829707,1762.1920755783933,118455.68813894603,3220.9541763341067,1387418.8129938762,0.0673669518561485,0.003441629652400002,-1.8152623e-06,0.024631971,-2.0942845e-05,0.004801081,89.10290948275862,-124.79657,2614.8025,127.310844,730.41614,-23.381498,313.26218,47.375706,208.4231,0.5761373,232.73535,16.01138,211.25694,-9.977922,127.77098,16.199665,90.10498,-16.736052,178.96884,6.788448,105.16333,-8.195151,106.780426,3.2016318,73.502464,-1.5992867,66.33873,-2.1537287,61.644974,-3.530986,66.83895,2.2144253,50.91012,-1.4061264,54.734497,-1.6857991,56.452557,-1.0267594,49.366,-2.6280158,43.41512
