chroma_stft_mean,chroma_stft_var,rms_mean,rms_var,spectral_centroid_mean,spectral_centroid_var,spectral_bandwidth_mean,spectral_bandwidth_var,rolloff_mean,rolloff_var,zero_crossing_rate_mean,zero_crossing_rate_var,harmony_mean,harmony_var,perceptr_mean,perceptr_var,tempo,mfcc1_mean,mfcc1_var,mfcc2_mean,mfcc2_var,mfcc3_mean,mfcc3_var,mfcc4_mean,mfcc4_var,mfcc5_mean,mfcc5_var,mfcc6_mean,mfcc6_var,mfcc7_mean,mfcc7_var,mfcc8_mean,mfcc8_var,mfcc9_mean,mfcc9_var,mfcc10_mean,mfcc10_var,mfcc11_mean,mfcc11_var,mfcc12_mean,mfcc12_var,mfcc13_mean,mfcc13_var,mfcc14_mean,mfcc14_var,mfcc15_mean,mfcc15_var,mfcc16_mean,mfcc16_var,mfcc17_mean,mfcc17_var,mfcc18_mean,mfcc18_var,mfcc19_mean,mfcc19_var,mfcc20_mean,mfcc20_var
0.3339356,0.09654078,0.1314034,0.0024249053,1614.587918187712,601554.4813629895,2016.5163398799498,331179.47391729185,3657.9216552167923,3626517.55829337,0.05825803303847641,0.0012668592967692456,-0.00013207174,0.011721705,0.00018587345,0.004336907,83.35433467741936,-185.41428,5599.9824,118.49516,1307.4738,17.795778,317.76804,48.869015,323.548,-2.173466,192.1694,21.354282,211.99127,-8.994565,190.47081,20.53351,107.59114,-11.412323,181.05864,9.274986,179.35022,-5.4781685,123.36345,5.7618504,114.218544,-2.9883935,117.26943,3.4418383,104.07369,-6.0757136,97.67607,1.2715186,74.70969,-5.935121,79.79526,7.086093,152.17174,-2.1568449,116.37061,4.887724,215.46606
