chroma_stft_mean,chroma_stft_var,rms_mean,rms_var,spectral_centroid_mean,spectral_centroid_var,spectral_bandwidth_mean,spectral_bandwidth_var,rolloff_mean,rolloff_var,zero_crossing_rate_mean,zero_crossing_rate_var,harmony_mean,harmony_var,perceptr_mean,perceptr_var,tempo,mfcc1_mean,mfcc1_var,mfcc2_mean,mfcc2_var,mfcc3_mean,mfcc3_var,mfcc4_mean,mfcc4_var,mfcc5_mean,mfcc5_var,mfcc6_mean,mfcc6_var,mfcc7_mean,mfcc7_var,mfcc8_mean,mfcc8_var,mfcc9_mean,mfcc9_var,mfcc10_mean,mfcc10_var,mfcc11_mean,mfcc11_var,mfcc12_mean,mfcc12_var,mfcc13_mean,mfcc13_var,mfcc14_mean,mfcc14_var,mfcc15_mean,mfcc15_var,mfcc16_mean,mfcc16_var,mfcc17_mean,mfcc17_var,mfcc18_mean,mfcc18_var,mfcc19_mean,mfcc19_var,mfcc20_mean,mfcc20_var
0.35114315,0.085457355,0.10936974,0.0009916148,1780.2063536153103,393495.20647724264,2036.2742186349442,160087.13872524936,3875.043956641531,1864351.6817596834,0.07894522186774942,0.0021096159932702716,3.3602104e-05,0.0086604515,0.00021737294,0.0016940748,117.45383522727273,-143.05974,2552.9497,121.874374,602.6186,-13.355456,366.9761,47.767853,195.21756,-12.669741,197.22778,23.367556,112.08649,-11.009172,140.76366,18.85914,98.70991,-13.707747,144.9844,15.945983,121.74677,-11.358795,76.47015,10.289537,63.215782,-6.009821,85.80362,2.7351432,66.55304,-9.286382,70.101944,4.509867,76.685974,-8.319018,82.23375,4.52536,63.4902,-6.0326614,96.10232,-2.349008,57.93784
