chroma_stft_mean,chroma_stft_var,rms_mean,rms_var,spectral_centroid_mean,spectral_centroid_var,spectral_bandwidth_mean,spectral_bandwidth_var,rolloff_mean,rolloff_var,zero_crossing_rate_mean,zero_crossing_rate_var,harmony_mean,harmony_var,perceptr_mean,perceptr_var,tempo,mfcc1_mean,mfcc1_var,mfcc2_mean,mfcc2_var,mfcc3_mean,mfcc3_var,mfcc4_mean,mfcc4_var,mfcc5_mean,mfcc5_var,mfcc6_mean,mfcc6_var,mfcc7_mean,mfcc7_var,mfcc8_mean,mfcc8_var,mfcc9_mean,mfcc9_var,mfcc10_mean,mfcc10_var,mfcc11_mean,mfcc11_var,mfcc12_mean,mfcc12_var,mfcc13_mean,mfcc13_var,mfcc14_mean,mfcc14_var,mfcc15_mean,mfcc15_var,mfcc16_mean,mfcc16_var,mfcc17_mean,mfcc17_var,mfcc18_mean,mfcc18_var,mfcc19_mean,mfcc19_var,mfcc20_mean,mfcc20_var
0.3734549,0.08608989,0.10900008,0.0015158142,2449.7536777060777,298782.18439779064,2560.4589639124774,122978.31397037073,5042.957930775087,1605531.661950736,0.10630558778035576,0.0012847523719134927,-8.2785135e-07,0.0058631026,-6.7037254e-05,0.004046451,143.5546875,-102.86877,3303.7656,85.338524,421.5013,-4.320379,347.6169,30.584402,206.70572,3.0148714,209.40968,-1.9487437,132.24568,4.437098,106.743744,3.4139795,65.83411,-4.258278,80.91467,-1.7707374,64.182335,-3.9678407,59.86493,-1.357331,56.96331,-3.7603476,59.011497,-5.1723924,58.18838,-2.8900797,43.149097,-0.2661725,39.317116,-7.4162836,41.551285,-4.097761,39.09218,-3.446507,40.97523,-10.108175,89.515396
