chroma_stft_mean,chroma_stft_var,rms_mean,rms_var,spectral_centroid_mean,spectral_centroid_var,spectral_bandwidth_mean,spectral_bandwidth_var,rolloff_mean,rolloff_var,zero_crossing_rate_mean,zero_crossing_rate_var,harmony_mean,harmony_var,perceptr_mean,perceptr_var,tempo,mfcc1_mean,mfcc1_var,mfcc2_mean,mfcc2_var,mfcc3_mean,mfcc3_var,mfcc4_mean,mfcc4_var,mfcc5_mean,mfcc5_var,mfcc6_mean,mfcc6_var,mfcc7_mean,mfcc7_var,mfcc8_mean,mfcc8_var,mfcc9_mean,mfcc9_var,mfcc10_mean,mfcc10_var,mfcc11_mean,mfcc11_var,mfcc12_mean,mfcc12_var,mfcc13_mean,mfcc13_var,mfcc14_mean,mfcc14_var,mfcc15_mean,mfcc15_var,mfcc16_mean,mfcc16_var,mfcc17_mean,mfcc17_var,mfcc18_mean,mfcc18_var,mfcc19_mean,mfcc19_var,mfcc20_mean,mfcc20_var
0.4140544,0.0793019,0.23040177,0.00045282493,2938.1313051156862,101826.13625929566,2839.646685978091,40984.28635319623,6279.551664914443,626232.7186967205,0.12698824499709976,0.0008765152621628554,-6.128089e-05,0.03792239,-0.0013762448,0.005510704,129.19921875,-7.9727893,361.27576,62.72463,93.098694,-1.4591702,148.22601,28.109985,60.724346,9.967061,73.58802,9.363964,106.55917,5.415904,49.533836,9.82543,53.290375,3.0275455,60.74821,8.420949,54.824585,0.31071296,48.29495,6.540354,38.090374,0.7373716,31.02829,-1.7740418,48.31755,0.8462877,47.61249,2.981266,37.18483,-2.765956,46.07983,2.8227568,48.754833,-1.7402849,44.375328,0.97251654,48.056133
