chroma_stft_mean,chroma_stft_var,rms_mean,rms_var,spectral_centroid_mean,spectral_centroid_var,spectral_bandwidth_mean,spectral_bandwidth_var,rolloff_mean,rolloff_var,zero_crossing_rate_mean,zero_crossing_rate_var,harmony_mean,harmony_var,perceptr_mean,perceptr_var,tempo,mfcc1_mean,mfcc1_var,mfcc2_mean,mfcc2_var,mfcc3_mean,mfcc3_var,mfcc4_mean,mfcc4_var,mfcc5_mean,mfcc5_var,mfcc6_mean,mfcc6_var,mfcc7_mean,mfcc7_var,mfcc8_mean,mfcc8_var,mfcc9_mean,mfcc9_var,mfcc10_mean,mfcc10_var,mfcc11_mean,mfcc11_var,mfcc12_mean,mfcc12_var,mfcc13_mean,mfcc13_var,mfcc14_mean,mfcc14_var,mfcc15_mean,mfcc15_var,mfcc16_mean,mfcc16_var,mfcc17_mean,mfcc17_var,mfcc18_mean,mfcc18_var,mfcc19_mean,mfcc19_var,mfcc20_mean,mfcc20_var
0.38392973,0.08118459,0.24829563,0.00071590074,2798.0656266251635,354624.9722119046,2847.5411814192466,105655.13674872695,6221.38434516059,1796448.6324813587,0.1072048611111111,0.0017496748470965727,-0.00012681892,0.048861574,-0.0012213982,0.0048085777,161.4990234375,-23.104954,1016.55884,70.25588,339.2418,3.8055308,235.70625,28.323957,135.39638,13.754286,111.02007,5.728135,107.3091,3.9737794,85.77521,7.4728084,63.285915,2.6279068,61.158566,8.490235,72.16535,-2.3202078,73.24599,2.0890799,41.87508,-3.3720124,62.59061,5.1379585,50.668854,-0.18774131,51.865627,0.37143642,68.59459,0.6120877,54.308315,4.062127,74.348236,0.90791935,68.54761,4.0931935,73.602806
