chroma_stft_mean,chroma_stft_var,rms_mean,rms_var,spectral_centroid_mean,spectral_centroid_var,spectral_bandwidth_mean,spectral_bandwidth_var,rolloff_mean,rolloff_var,zero_crossing_rate_mean,zero_crossing_rate_var,harmony_mean,harmony_var,perceptr_mean,perceptr_var,tempo,mfcc1_mean,mfcc1_var,mfcc2_mean,mfcc2_var,mfcc3_mean,mfcc3_var,mfcc4_mean,mfcc4_var,mfcc5_mean,mfcc5_var,mfcc6_mean,mfcc6_var,mfcc7_mean,mfcc7_var,mfcc8_mean,mfcc8_var,mfcc9_mean,mfcc9_var,mfcc10_mean,mfcc10_var,mfcc11_mean,mfcc11_var,mfcc12_mean,mfcc12_var,mfcc13_mean,mfcc13_var,mfcc14_mean,mfcc14_var,mfcc15_mean,mfcc15_var,mfcc16_mean,mfcc16_var,mfcc17_mean,mfcc17_var,mfcc18_mean,mfcc18_var,mfcc19_mean,mfcc19_var,mfcc20_mean,mfcc20_var
0.42960978,0.073859245,0.23645693,0.0013460923,3191.2596105890007,177623.55666050265,2948.014284587389,68535.82199993166,6926.771206325955,865255.0840363721,0.15687278464988427,0.0016034747089357696,-7.660534e-05,0.03382623,-0.0015570112,0.007380899,123.046875,12.145776,190.467,58.997505,143.86584,0.9395953,182.33904,26.743252,118.16398,9.245794,75.586,3.5632026,86.13531,1.5272026,69.45502,8.654258,50.99736,1.00294,61.68064,11.647983,45.167633,-2.1983073,44.565075,1.1939831,39.795216,0.48530078,39.245083,4.4125214,39.026833,-0.18384136,47.26259,3.0693944,42.958374,-1.1723117,34.326633,4.571084,28.169558,0.8877279,36.202812,1.2992412,35.687954
