chroma_stft_mean,chroma_stft_var,rms_mean,rms_var,spectral_centroid_mean,spectral_centroid_var,spectral_bandwidth_mean,spectral_bandwidth_var,rolloff_mean,rolloff_var,zero_crossing_rate_mean,zero_crossing_rate_var,harmony_mean,harmony_var,perceptr_mean,perceptr_var,tempo,mfcc1_mean,mfcc1_var,mfcc2_mean,mfcc2_var,mfcc3_mean,mfcc3_var,mfcc4_mean,mfcc4_var,mfcc5_mean,mfcc5_var,mfcc6_mean,mfcc6_var,mfcc7_mean,mfcc7_var,mfcc8_mean,mfcc8_var,mfcc9_mean,mfcc9_var,mfcc10_mean,mfcc10_var,mfcc11_mean,mfcc11_var,mfcc12_mean,mfcc12_var,mfcc13_mean,mfcc13_var,mfcc14_mean,mfcc14_var,mfcc15_mean,mfcc15_var,mfcc16_mean,mfcc16_var,mfcc17_mean,mfcc17_var,mfcc18_mean,mfcc18_var,mfcc19_mean,mfcc19_var,mfcc20_mean,mfcc20_var
0.33107468,0.091262855,0.060507,0.0012169539,1823.2405420958114,549067.0338559739,2205.841484150421,213447.68078555595,4016.0006706786544,2242566.643231834,0.06758635742942769,0.002030944291778555,-1.3801385e-06,0.003704367,2.5743639e-05,0.000452567,99.38401442307692,-237.93953,4659.7905,97.7333,983.29755,6.486745,359.00125,45.971268,215.74901,2.148812,208.34268,16.21856,76.055954,8.811721,93.07722,7.7636333,86.9438,-0.5899204,89.74949,4.483779,70.686584,0.14919905,56.23633,3.019927,47.576694,-1.6625812,94.57889,-5.413756,152.31136,-2.8238852,115.14044,-3.056329,67.04429,-0.49918526,84.41333,-0.10547007,53.75082,-3.8538585,53.002754,-2.6616335,54.095356
