chroma_stft_mean,chroma_stft_var,rms_mean,rms_var,spectral_centroid_mean,spectral_centroid_var,spectral_bandwidth_mean,spectral_bandwidth_var,rolloff_mean,rolloff_var,zero_crossing_rate_mean,zero_crossing_rate_var,harmony_mean,harmony_var,perceptr_mean,perceptr_var,tempo,mfcc1_mean,mfcc1_var,mfcc2_mean,mfcc2_var,mfcc3_mean,mfcc3_var,mfcc4_mean,mfcc4_var,mfcc5_mean,mfcc5_var,mfcc6_mean,mfcc6_var,mfcc7_mean,mfcc7_var,mfcc8_mean,mfcc8_var,mfcc9_mean,mfcc9_var,mfcc10_mean,mfcc10_var,mfcc11_mean,mfcc11_var,mfcc12_mean,mfcc12_var,mfcc13_mean,mfcc13_var,mfcc14_mean,mfcc14_var,mfcc15_mean,mfcc15_var,mfcc16_mean,mfcc16_var,mfcc17_mean,mfcc17_var,mfcc18_mean,mfcc18_var,mfcc19_mean,mfcc19_var,mfcc20_mean,mfcc20_var
0.39165658,0.085337706,0.11766618,0.00049675687,2387.97203880899,345802.97933561297,2716.6177620554517,119167.97541014924,5391.869097574681,1645358.802792711,0.08704434636020882,0.0012745851608616627,-1.6199992e-07,0.007823108,-2.1697311e-05,0.0025191153,103.359375,-101.28794,1536.188,84.11575,350.39456,7.7757306,210.81738,30.372738,144.13539,13.849443,114.1468,11.625496,83.2374,-0.11909639,54.276623,-4.9368935,78.7438,-2.3647227,54.09047,-1.968338,56.329742,-8.188102,51.135925,2.8200758,60.17851,0.5401414,61.03814,-6.7938085,42.475773,-4.3162775,40.515038,-4.5806985,30.948738,-9.840426,31.47095,-5.6853867,37.422245,-10.406918,28.774456,-7.5124674,36.975174
