chroma_stft_mean,chroma_stft_var,rms_mean,rms_var,spectral_centroid_mean,spectral_centroid_var,spectral_bandwidth_mean,spectral_bandwidth_var,rolloff_mean,rolloff_var,zero_crossing_rate_mean,zero_crossing_rate_var,harmony_mean,harmony_var,perceptr_mean,perceptr_var,tempo,mfcc1_mean,mfcc1_var,mfcc2_mean,mfcc2_var,mfcc3_mean,mfcc3_var,mfcc4_mean,mfcc4_var,mfcc5_mean,mfcc5_var,mfcc6_mean,mfcc6_var,mfcc7_mean,mfcc7_var,mfcc8_mean,mfcc8_var,mfcc9_mean,mfcc9_var,mfcc10_mean,mfcc10_var,mfcc11_mean,mfcc11_var,mfcc12_mean,mfcc12_var,mfcc13_mean,mfcc13_var,mfcc14_mean,mfcc14_var,mfcc15_mean,mfcc15_var,mfcc16_mean,mfcc16_var,mfcc17_mean,mfcc17_var,mfcc18_mean,mfcc18_var,mfcc19_mean,mfcc19_var,mfcc20_mean,mfcc20_var
0.27465072,0.09571769,0.09030824,0.00082840445,1553.0252624967882,374301.48050150595,1848.587709670697,135587.1516931924,3167.3210126341355,1446228.0099454545,0.0592791563950116,0.0018995170088361925,7.3915e-05,0.00751702,0.00028882845,0.0005368084,129.19921875,-204.64368,2655.0886,121.91709,704.86816,-17.759085,286.7561,46.32515,163.39333,-1.8045663,229.26974,17.01744,144.4395,-14.691548,138.0272,14.671547,106.529305,-19.392052,145.21983,10.927665,172.46965,-13.47539,87.449135,1.1953375,91.550316,-6.2094746,86.85001,-1.6886812,69.616684,-8.6943035,63.32995,-2.5130563,68.53652,-11.337748,97.84821,0.18536296,89.95389,-7.2900896,77.52003,-7.505965,79.78934
