chroma_stft_mean,chroma_stft_var,rms_mean,rms_var,spectral_centroid_mean,spectral_centroid_var,spectral_bandwidth_mean,spectral_bandwidth_var,rolloff_mean,rolloff_var,zero_crossing_rate_mean,zero_crossing_rate_var,harmony_mean,harmony_var,perceptr_mean,perceptr_var,tempo,mfcc1_mean,mfcc1_var,mfcc2_mean,mfcc2_var,mfcc3_mean,mfcc3_var,mfcc4_mean,mfcc4_var,mfcc5_mean,mfcc5_var,mfcc6_mean,mfcc6_var,mfcc7_mean,mfcc7_var,mfcc8_mean,mfcc8_var,mfcc9_mean,mfcc9_var,mfcc10_mean,mfcc10_var,mfcc11_mean,mfcc11_var,mfcc12_mean,mfcc12_var,mfcc13_mean,mfcc13_var,mfcc14_mean,mfcc14_var,mfcc15_mean,mfcc15_var,mfcc16_mean,mfcc16_var,mfcc17_mean,mfcc17_var,mfcc18_mean,mfcc18_var,mfcc19_mean,mfcc19_var,mfcc20_mean,mfcc20_var
0.38589016,0.08424433,0.16648406,0.0023552906,2253.4147941386177,316127.0068026544,2261.601238916663,87561.55710604679,4799.531148038718,1307814.9613537982,0.10606314651005413,0.002183996779540893,-4.843434e-06,0.011420091,-5.1744188e-05,0.009348111,117.45383522727273,-68.574776,1461.595,101.349686,491.01492,-16.899403,301.68658,51.507862,290.12296,-10.240496,184.58664,20.057524,150.98753,-21.787132,120.128235,15.519602,96.05835,-18.788994,98.04178,16.34265,100.98773,-17.896719,95.155914,12.110845,58.607906,-13.195823,63.109573,3.8828974,65.0245,-8.877576,43.000774,5.021827,42.13619,-9.821201,52.450478,6.535649,40.085728,-4.5066104,45.58049,-1.8112181,29.587889
