chroma_stft_mean,chroma_stft_var,rms_mean,rms_var,spectral_centroid_mean,spectral_centroid_var,spectral_bandwidth_mean,spectral_bandwidth_var,rolloff_mean,rolloff_var,zero_crossing_rate_mean,zero_crossing_rate_var,harmony_mean,harmony_var,perceptr_mean,perceptr_var,tempo,mfcc1_mean,mfcc1_var,mfcc2_mean,mfcc2_var,mfcc3_mean,mfcc3_var,mfcc4_mean,mfcc4_var,mfcc5_mean,mfcc5_var,mfcc6_mean,mfcc6_var,mfcc7_mean,mfcc7_var,mfcc8_mean,mfcc8_var,mfcc9_mean,mfcc9_var,mfcc10_mean,mfcc10_var,mfcc11_mean,mfcc11_var,mfcc12_mean,mfcc12_var,mfcc13_mean,mfcc13_var,mfcc14_mean,mfcc14_var,mfcc15_mean,mfcc15_var,mfcc16_mean,mfcc16_var,mfcc17_mean,mfcc17_var,mfcc18_mean,mfcc18_var,mfcc19_mean,mfcc19_var,mfcc20_mean,mfcc20_var
0.32575706,0.085928455,0.21801743,0.0034563153,1754.3169300488146,324963.2765839057,1861.949728315146,118514.92607201634,3504.9992749419953,1321723.587228444,0.09741305346094355,0.0020876028965845796,-1.6947752e-06,0.034167483,-1.9656149e-05,0.006569673,117.45383522727273,-69.83627,2341.1013,124.2077,580.4613,-32.48237,329.79956,47.6898,167.00537,1.4008857,125.10201,22.600842,106.124435,-8.752852,150.92491,21.427229,82.34485,-15.660797,89.30182,15.749121,87.27407,-12.432543,66.15973,9.573857,76.74028,-9.047071,53.893623,2.895844,66.03722,-3.1919312,65.37834,5.8264384,50.232037,-5.6165805,50.94048,4.1708198,52.944176,0.1185637,55.159843,-1.7212397,52.484386
