chroma_stft_mean,chroma_stft_var,rms_mean,rms_var,spectral_centroid_mean,spectral_centroid_var,spectral_bandwidth_mean,spectral_bandwidth_var,rolloff_mean,rolloff_var,zero_crossing_rate_mean,zero_crossing_rate_var,harmony_mean,harmony_var,perceptr_mean,perceptr_var,tempo,mfcc1_mean,mfcc1_var,mfcc2_mean,mfcc2_var,mfcc3_mean,mfcc3_var,mfcc4_mean,mfcc4_var,mfcc5_mean,mfcc5_var,mfcc6_mean,mfcc6_var,mfcc7_mean,mfcc7_var,mfcc8_mean,mfcc8_var,mfcc9_mean,mfcc9_var,mfcc10_mean,mfcc10_var,mfcc11_mean,mfcc11_var,mfcc12_mean,mfcc12_var,mfcc13_mean,mfcc13_var,mfcc14_mean,mfcc14_var,mfcc15_mean,mfcc15_var,mfcc16_mean,mfcc16_var,mfcc17_mean,mfcc17_var,mfcc18_mean,mfcc18_var,mfcc19_mean,mfcc19_var,mfcc20_mean,mfcc20_var
0.38728356,0.08416823,0.15319121,0.002149592,2049.246281139036,578649.3983053248,2188.0938980479596,216332.35177546597,4434.515876504495,2860953.957772116,0.08936113326566125,0.002113289332626974,2.1015207e-06,0.012805309,-2.2312213e-05,0.005767175,99.38401442307692,-101.02087,2960.217,111.61904,817.41095,-13.149067,459.9212,44.606808,176.68948,-5.94553,200.83269,29.338867,135.13712,-7.9442205,211.47346,19.591711,110.11782,-22.431093,86.6864,17.265936,97.22897,-17.816372,72.79883,11.403573,44.44282,-12.458793,54.95455,1.6445949,48.73155,-8.516321,69.638985,2.725518,50.839386,-7.2944236,59.948975,4.8751426,45.56981,-1.2057086,46.719143,-1.2987939,41.66935
