chroma_stft_mean,chroma_stft_var,rms_mean,rms_var,spectral_centroid_mean,spectral_centroid_var,spectral_bandwidth_mean,spectral_bandwidth_var,rolloff_mean,rolloff_var,zero_crossing_rate_mean,zero_crossing_rate_var,harmony_mean,harmony_var,perceptr_mean,perceptr_var,tempo,mfcc1_mean,mfcc1_var,mfcc2_mean,mfcc2_var,mfcc3_mean,mfcc3_var,mfcc4_mean,mfcc4_var,mfcc5_mean,mfcc5_var,mfcc6_mean,mfcc6_var,mfcc7_mean,mfcc7_var,mfcc8_mean,mfcc8_var,mfcc9_mean,mfcc9_var,mfcc10_mean,mfcc10_var,mfcc11_mean,mfcc11_var,mfcc12_mean,mfcc12_var,mfcc13_mean,mfcc13_var,mfcc14_mean,mfcc14_var,mfcc15_mean,mfcc15_var,mfcc16_mean,mfcc16_var,mfcc17_mean,mfcc17_var,mfcc18_mean,mfcc18_var,mfcc19_mean,mfcc19_var,mfcc20_mean,mfcc20_var
0.3450435,0.0841049,0.15660793,0.00237498,1711.3330130756567,167513.09890228763,1873.5437095350364,89209.40650052589,3556.5090949463456,1055786.7567034336,0.08226991492652745,0.0005956089021607614,3.1672591e-06,0.016698228,-3.9727867e-05,0.004125033,151.99908088235293,-96.24628,1790.4832,131.92442,446.5092,-26.341778,299.36786,35.975468,196.54376,-22.810158,179.08575,14.495447,147.13855,-11.845881,166.37404,11.814582,124.36043,-21.22422,101.767136,11.547977,103.55104,-12.930905,56.20808,7.1881933,94.39754,-13.941332,68.26513,2.9535449,65.471176,-5.0283113,51.891,1.5337492,47.30876,-4.391591,54.71963,2.5518255,49.605526,-5.3600492,47.815674,-5.971147,40.393623
