chroma_stft_mean,chroma_stft_var,rms_mean,rms_var,spectral_centroid_mean,spectral_centroid_var,spectral_bandwidth_mean,spectral_bandwidth_var,rolloff_mean,rolloff_var,zero_crossing_rate_mean,zero_crossing_rate_var,harmony_mean,harmony_var,perceptr_mean,perceptr_var,tempo,mfcc1_mean,mfcc1_var,mfcc2_mean,mfcc2_var,mfcc3_mean,mfcc3_var,mfcc4_mean,mfcc4_var,mfcc5_mean,mfcc5_var,mfcc6_mean,mfcc6_var,mfcc7_mean,mfcc7_var,mfcc8_mean,mfcc8_var,mfcc9_mean,mfcc9_var,mfcc10_mean,mfcc10_var,mfcc11_mean,mfcc11_var,mfcc12_mean,mfcc12_var,mfcc13_mean,mfcc13_var,mfcc14_mean,mfcc14_var,mfcc15_mean,mfcc15_var,mfcc16_mean,mfcc16_var,mfcc17_mean,mfcc17_var,mfcc18_mean,mfcc18_var,mfcc19_mean,mfcc19_var,mfcc20_mean,mfcc20_var
0.28278357,0.09587458,0.11052865,0.0038851793,894.5392325301327,162113.9936065691,1195.9852548196525,100859.61565711797,1639.8291921947505,857441.9611785834,0.0386682497099768,0.0004426005911336417,-1.9854429e-06,0.013455473,-6.5481736e-06,0.0011879377,123.046875,-250.85716,5260.8833,163.07423,700.5634,-3.8745756,965.4715,30.153008,386.8865,5.589061,436.8169,7.5009403,147.01588,4.0263863,158.91779,-2.1164129,128.4268,-5.477513,141.36086,-1.062121,94.96737,-9.981777,103.79433,1.8189912,81.83938,-8.753831,52.75798,-7.0452027,84.62502,-4.2194414,61.413513,-8.841708,42.249283,-7.4066963,51.508415,-3.300366,53.96643,-5.1424317,48.781677,-9.970611,42.257534
