chroma_stft_mean,chroma_stft_var,rms_mean,rms_var,spectral_centroid_mean,spectral_centroid_var,spectral_bandwidth_mean,spectral_bandwidth_var,rolloff_mean,rolloff_var,zero_crossing_rate_mean,zero_crossing_rate_var,harmony_mean,harmony_var,perceptr_mean,perceptr_var,tempo,mfcc1_mean,mfcc1_var,mfcc2_mean,mfcc2_var,mfcc3_mean,mfcc3_var,mfcc4_mean,mfcc4_var,mfcc5_mean,mfcc5_var,mfcc6_mean,mfcc6_var,mfcc7_mean,mfcc7_var,mfcc8_mean,mfcc8_var,mfcc9_mean,mfcc9_var,mfcc10_mean,mfcc10_var,mfcc11_mean,mfcc11_var,mfcc12_mean,mfcc12_var,mfcc13_mean,mfcc13_var,mfcc14_mean,mfcc14_var,mfcc15_mean,mfcc15_var,mfcc16_mean,mfcc16_var,mfcc17_mean,mfcc17_var,mfcc18_mean,mfcc18_var,mfcc19_mean,mfcc19_var,mfcc20_mean,mfcc20_var
0.28437814,0.0884003,0.14542289,0.002381342,1535.405936256092,563706.9079139861,2011.7598763199053,319090.6853736474,3510.478334360499,4061767.837015239,0.0525349840487239,0.0009678131816358011,-7.328786e-06,0.018982226,-0.00017172059,0.0012938194,135.99917763157896,-185.06337,7324.8447,120.51211,1324.5946,29.720224,439.26797,56.37222,431.9799,-3.0282547,351.1323,22.213934,176.5891,-10.350044,295.68774,20.053122,144.21948,-13.679165,148.20522,9.170145,120.25213,-6.4301715,74.099815,3.3002465,89.02113,-8.73294,105.13113,5.0033126,68.361946,-9.221929,101.73516,3.7827632,88.18775,-10.196797,93.19419,5.9067483,155.4258,-4.4166937,110.06784,1.5806315,126.0748
