chroma_stft_mean,chroma_stft_var,rms_mean,rms_var,spectral_centroid_mean,spectral_centroid_var,spectral_bandwidth_mean,spectral_bandwidth_var,rolloff_mean,rolloff_var,zero_crossing_rate_mean,zero_crossing_rate_var,harmony_mean,harmony_var,perceptr_mean,perceptr_var,tempo,mfcc1_mean,mfcc1_var,mfcc2_mean,mfcc2_var,mfcc3_mean,mfcc3_var,mfcc4_mean,mfcc4_var,mfcc5_mean,mfcc5_var,mfcc6_mean,mfcc6_var,mfcc7_mean,mfcc7_var,mfcc8_mean,mfcc8_var,mfcc9_mean,mfcc9_var,mfcc10_mean,mfcc10_var,mfcc11_mean,mfcc11_var,mfcc12_mean,mfcc12_var,mfcc13_mean,mfcc13_var,mfcc14_mean,mfcc14_var,mfcc15_mean,mfcc15_var,mfcc16_mean,mfcc16_var,mfcc17_mean,mfcc17_var,mfcc18_mean,mfcc18_var,mfcc19_mean,mfcc19_var,mfcc20_mean,mfcc20_var
0.38091904,0.08264626,0.22070146,0.0042329016,2157.483363148039,338843.83033050003,2160.2796737786607,87730.95366129641,4478.689752211427,1293834.2461833013,0.10824587321152358,0.002901326894488749,-2.7053661e-06,0.027041582,2.3036494e-06,0.010632192,143.5546875,-42.18055,2048.7532,106.264595,574.1275,-24.218506,259.12354,44.67555,151.13979,-12.344403,125.627716,20.534286,100.901985,-16.052776,80.38543,18.492975,65.75312,-18.786243,82.04782,15.519278,69.31527,-15.459703,60.09352,8.954699,63.42877,-9.982072,48.26461,6.930359,57.224545,-8.807148,55.532192,4.5700974,50.190384,-9.049452,47.472343,1.062708,48.46016,-6.450736,40.898388,-0.98502964,48.517178
