chroma_stft_mean,chroma_stft_var,rms_mean,rms_var,spectral_centroid_mean,spectral_centroid_var,spectral_bandwidth_mean,spectral_bandwidth_var,rolloff_mean,rolloff_var,zero_crossing_rate_mean,zero_crossing_rate_var,harmony_mean,harmony_var,perceptr_mean,perceptr_var,tempo,mfcc1_mean,mfcc1_var,mfcc2_mean,mfcc2_var,mfcc3_mean,mfcc3_var,mfcc4_mean,mfcc4_var,mfcc5_mean,mfcc5_var,mfcc6_mean,mfcc6_var,mfcc7_mean,mfcc7_var,mfcc8_mean,mfcc8_var,mfcc9_mean,mfcc9_var,mfcc10_mean,mfcc10_var,mfcc11_mean,mfcc11_var,mfcc12_mean,mfcc12_var,mfcc13_mean,mfcc13_var,mfcc14_mean,mfcc14_var,mfcc15_mean,mfcc15_var,mfcc16_mean,mfcc16_var,mfcc17_mean,mfcc17_var,mfcc18_mean,mfcc18_var,mfcc19_mean,mfcc19_var,mfcc20_mean,mfcc20_var
0.3672548,0.08582321,0.09088994,0.00092759304,2860.0275833530027,519821.7709136181,2919.6222345104266,147343.79474279226,6246.1527176080335,2144473.120489501,0.12114926225348027,0.002022413216851061,-9.9959936e-05,0.0046257293,-0.00074328494,0.0021371657,151.99908088235293,-118.0589,1851.5721,74.18071,576.56006,8.265662,304.34842,15.447167,208.4355,6.1578817,95.98054,8.441981,108.785995,4.1116734,91.049416,5.726584,77.739426,-1.9592637,79.355385,3.1633985,83.96386,5.048196,65.104454,-1.1217973,57.01043,2.4379733,55.660835,-1.4263781,70.49636,-4.7327013,49.592625,-6.3664823,72.43519,-5.741871,53.59818,-6.265362,49.049454,-4.5188313,42.08946,-1.0050513,64.14683
