chroma_stft_mean,chroma_stft_var,rms_mean,rms_var,spectral_centroid_mean,spectral_centroid_var,spectral_bandwidth_mean,spectral_bandwidth_var,rolloff_mean,rolloff_var,zero_crossing_rate_mean,zero_crossing_rate_var,harmony_mean,harmony_var,perceptr_mean,perceptr_var,tempo,mfcc1_mean,mfcc1_var,mfcc2_mean,mfcc2_var,mfcc3_mean,mfcc3_var,mfcc4_mean,mfcc4_var,mfcc5_mean,mfcc5_var,mfcc6_mean,mfcc6_var,mfcc7_mean,mfcc7_var,mfcc8_mean,mfcc8_var,mfcc9_mean,mfcc9_var,mfcc10_mean,mfcc10_var,mfcc11_mean,mfcc11_var,mfcc12_mean,mfcc12_var,mfcc13_mean,mfcc13_var,mfcc14_mean,mfcc14_var,mfcc15_mean,mfcc15_var,mfcc16_mean,mfcc16_var,mfcc17_mean,mfcc17_var,mfcc18_mean,mfcc18_var,mfcc19_mean,mfcc19_var,mfcc20_mean,mfcc20_var
0.2704669,0.09071272,0.09655079,0.0016786593,1738.8802794251512,572131.8806107295,1907.2670832046574,159287.81951753635,3424.7701905996228,2345358.2065239404,0.08241794760247487,0.002278907123196443,-1.8516307e-06,0.007897608,-1.0390506e-05,0.0014233482,129.19921875,-200.06026,5586.858,109.140465,1614.1749,-5.5424633,318.02213,48.140514,236.67136,1.2196506,384.15656,4.592618,201.10751,-9.150064,148.7156,-1.4768001,93.4331,-11.666416,71.95743,-5.2047043,119.829124,-11.545386,65.49482,4.9804335,106.84675,-4.9844666,71.55456,-6.054702,55.084217,-0.6854686,63.31419,-8.531242,54.154064,-8.462758,42.26103,-7.9394197,57.422745,-7.6054854,53.17412,-0.38997802,55.384125
