chroma_stft_mean,chroma_stft_var,rms_mean,rms_var,spectral_centroid_mean,spectral_centroid_var,spectral_bandwidth_mean,spectral_bandwidth_var,rolloff_mean,rolloff_var,zero_crossing_rate_mean,zero_crossing_rate_var,harmony_mean,harmony_var,perceptr_mean,perceptr_var,tempo,mfcc1_mean,mfcc1_var,mfcc2_mean,mfcc2_var,mfcc3_mean,mfcc3_var,mfcc4_mean,mfcc4_var,mfcc5_mean,mfcc5_var,mfcc6_mean,mfcc6_var,mfcc7_mean,mfcc7_var,mfcc8_mean,mfcc8_var,mfcc9_mean,mfcc9_var,mfcc10_mean,mfcc10_var,mfcc11_mean,mfcc11_var,mfcc12_mean,mfcc12_var,mfcc13_mean,mfcc13_var,mfcc14_mean,mfcc14_var,mfcc15_mean,mfcc15_var,mfcc16_mean,mfcc16_var,mfcc17_mean,mfcc17_var,mfcc18_mean,mfcc18_var,mfcc19_mean,mfcc19_var,mfcc20_mean,mfcc20_var
0.32263863,0.08821939,0.079806626,0.0007574401,1426.0207482117,231987.0784589518,1648.467920931343,109775.55245087107,2880.8278236477668,1360322.070635063,0.060195297394624904,0.0005893339692575957,-1.460501e-06,0.0047306367,-8.576629e-06,0.00089913973,107.666015625,-210.10042,3344.233,139.62177,819.4449,-17.025503,807.8783,57.99346,204.41866,-9.658052,232.9872,-1.9567311,82.959206,-17.993433,90.452446,-8.213174,61.068108,-11.769384,76.342865,-7.876312,56.412388,0.62425035,97.475555,-9.962925,43.411217,-6.469421,38.911137,-3.8414884,53.213383,-12.0469055,41.00775,0.32404712,34.195415,-8.042443,45.260216,-6.806215,44.579395,-1.8404863,33.889263,-5.930669,34.077286
