chroma_stft_mean,chroma_stft_var,rms_mean,rms_var,spectral_centroid_mean,spectral_centroid_var,spectral_bandwidth_mean,spectral_bandwidth_var,rolloff_mean,rolloff_var,zero_crossing_rate_mean,zero_crossing_rate_var,harmony_mean,harmony_var,perceptr_mean,perceptr_var,tempo,mfcc1_mean,mfcc1_var,mfcc2_mean,mfcc2_var,mfcc3_mean,mfcc3_var,mfcc4_mean,mfcc4_var,mfcc5_mean,mfcc5_var,mfcc6_mean,mfcc6_var,mfcc7_mean,mfcc7_var,mfcc8_mean,mfcc8_var,mfcc9_mean,mfcc9_var,mfcc10_mean,mfcc10_var,mfcc11_mean,mfcc11_var,mfcc12_mean,mfcc12_var,mfcc13_mean,mfcc13_var,mfcc14_mean,mfcc14_var,mfcc15_mean,mfcc15_var,mfcc16_mean,mfcc16_var,mfcc17_mean,mfcc17_var,mfcc18_mean,mfcc18_var,mfcc19_mean,mfcc19_var,mfcc20_mean,mfcc20_var
0.37139967,0.08126465,0.14736076,0.0023829613,1927.5251167094748,270821.5535732917,1972.2404208958328,83116.64687574226,3883.6122729662125,1039687.7861035462,0.09899685203982986,0.0017457438523752083,3.4912528e-06,0.012151648,1.3935798e-05,0.0054255235,135.99917763157896,-91.654945,1764.4232,115.8513,577.69916,-30.201815,220.19035,52.284874,220.13747,-5.0187893,239.25687,16.961174,100.62178,-15.656676,123.72608,13.546172,86.94371,-12.756255,96.95601,15.970038,91.28831,-11.965698,69.12818,11.068041,64.4085,-9.953225,61.451138,2.1009073,61.093483,-7.821986,77.83901,5.0409837,41.47924,-7.2945685,62.746872,3.0502584,49.63693,-4.4412885,47.209946,-2.2321153,41.04474
