chroma_stft_mean,chroma_stft_var,rms_mean,rms_var,spectral_centroid_mean,spectral_centroid_var,spectral_bandwidth_mean,spectral_bandwidth_var,rolloff_mean,rolloff_var,zero_crossing_rate_mean,zero_crossing_rate_var,harmony_mean,harmony_var,perceptr_mean,perceptr_var,tempo,mfcc1_mean,mfcc1_var,mfcc2_mean,mfcc2_var,mfcc3_mean,mfcc3_var,mfcc4_mean,mfcc4_var,mfcc5_mean,mfcc5_var,mfcc6_mean,mfcc6_var,mfcc7_mean,mfcc7_var,mfcc8_mean,mfcc8_var,mfcc9_mean,mfcc9_var,mfcc10_mean,mfcc10_var,mfcc11_mean,mfcc11_var,mfcc12_mean,mfcc12_var,mfcc13_mean,mfcc13_var,mfcc14_mean,mfcc14_var,mfcc15_mean,mfcc15_var,mfcc16_mean,mfcc16_var,mfcc17_mean,mfcc17_var,mfcc18_mean,mfcc18_var,mfcc19_mean,mfcc19_var,mfcc20_mean,mfcc20_var
0.35711694,0.08415099,0.1549709,0.0014862922,1881.2205095617792,161189.22453633696,2116.164563170347,85105.26975226654,4111.442888087297,1125027.599105688,0.08111548663476412,0.0005434171511462915,6.077351e-05,0.014548999,0.0007306177,0.0050133313,129.19921875,-82.9455,1522.8027,122.53112,366.69843,-16.672253,119.10518,40.01724,93.00683,-15.014211,137.03116,21.675642,80.410706,-18.251837,46.340523,18.362713,41.055298,-17.989063,65.476395,16.989252,47.052765,-16.042936,39.805027,8.533768,59.28085,-8.709853,46.42478,10.766406,46.771526,-4.623981,45.627403,7.2427526,46.037636,-7.600783,66.699455,5.2961807,44.46768,-5.5097103,57.24469,-0.18257083,49.074547
