chroma_stft_mean,chroma_stft_var,rms_mean,rms_var,spectral_centroid_mean,spectral_centroid_var,spectral_bandwidth_mean,spectral_bandwidth_var,rolloff_mean,rolloff_var,zero_crossing_rate_mean,zero_crossing_rate_var,harmony_mean,harmony_var,perceptr_mean,perceptr_var,tempo,mfcc1_mean,mfcc1_var,mfcc2_mean,mfcc2_var,mfcc3_mean,mfcc3_var,mfcc4_mean,mfcc4_var,mfcc5_mean,mfcc5_var,mfcc6_mean,mfcc6_var,mfcc7_mean,mfcc7_var,mfcc8_mean,mfcc8_var,mfcc9_mean,mfcc9_var,mfcc10_mean,mfcc10_var,mfcc11_mean,mfcc11_var,mfcc12_mean,mfcc12_var,mfcc13_mean,mfcc13_var,mfcc14_mean,mfcc14_var,mfcc15_mean,mfcc15_var,mfcc16_mean,mfcc16_var,mfcc17_mean,mfcc17_var,mfcc18_mean,mfcc18_var,mfcc19_mean,mfcc19_var,mfcc20_mean,mfcc20_var
0.37485817,0.08209153,0.09581993,0.0014532905,1548.9063873637622,258417.28837289763,1823.557931123347,165370.24693521962,3289.384131199246,1598412.554263998,0.06973622994006187,0.0008661407722117119,-1.9475738e-06,0.0060555837,-1.821626e-05,0.0019504837,151.99908088235293,-167.00668,2657.7097,132.4709,793.1739,-17.308983,481.8279,46.921646,190.85448,-3.6383252,202.15155,20.937962,163.35707,-8.825932,124.556915,8.533768,94.031395,-15.142039,95.36008,8.106652,84.64941,-16.94435,112.30927,6.661936,98.62147,-10.934709,52.35038,1.1028379,47.25082,-6.292039,52.014126,-3.63586,52.888184,-7.384878,51.47734,-2.1708188,44.052,-3.835291,51.855465,-9.659088,41.680157
