chroma_stft_mean,chroma_stft_var,rms_mean,rms_var,spectral_centroid_mean,spectral_centroid_var,spectral_bandwidth_mean,spectral_bandwidth_var,rolloff_mean,rolloff_var,zero_crossing_rate_mean,zero_crossing_rate_var,harmony_mean,harmony_var,perceptr_mean,perceptr_var,tempo,mfcc1_mean,mfcc1_var,mfcc2_mean,mfcc2_var,mfcc3_mean,mfcc3_var,mfcc4_mean,mfcc4_var,mfcc5_mean,mfcc5_var,mfcc6_mean,mfcc6_var,mfcc7_mean,mfcc7_var,mfcc8_mean,mfcc8_var,mfcc9_mean,mfcc9_var,mfcc10_mean,mfcc10_var,mfcc11_mean,mfcc11_var,mfcc12_mean,mfcc12_var,mfcc13_mean,mfcc13_var,mfcc14_mean,mfcc14_var,mfcc15_mean,mfcc15_var,mfcc16_mean,mfcc16_var,mfcc17_mean,mfcc17_var,mfcc18_mean,mfcc18_var,mfcc19_mean,mfcc19_var,mfcc20_mean,mfcc20_var
0.32857192,0.086318426,0.10857797,0.0027409622,1591.3106552829151,332104.47999098344,1806.6986668611944,126107.28754507276,3162.97440318663,1559999.250181494,0.07395969281709204,0.0013522913806879385,-1.3342303e-06,0.009380768,-2.3625287e-05,0.0024971054,143.5546875,-170.8428,5722.274,124.75503,717.8154,-19.236622,585.25214,39.212093,373.53503,-3.7663841,251.75526,15.302875,154.46404,-12.9792,125.045555,8.529965,84.9437,-11.831754,129.3959,11.324966,146.89622,-13.776035,70.257835,3.1141598,114.68564,-10.082476,77.19085,2.9053104,98.151474,-5.4852047,54.06974,2.5340974,93.27979,-9.193725,96.09993,1.0816603,80.63382,-3.5736284,66.32204,-6.710675,68.5942
