chroma_stft_mean,chroma_stft_var,rms_mean,rms_var,spectral_centroid_mean,spectral_centroid_var,spectral_bandwidth_mean,spectral_bandwidth_var,rolloff_mean,rolloff_var,zero_crossing_rate_mean,zero_crossing_rate_var,harmony_mean,harmony_var,perceptr_mean,perceptr_var,tempo,mfcc1_mean,mfcc1_var,mfcc2_mean,mfcc2_var,mfcc3_mean,mfcc3_var,mfcc4_mean,mfcc4_var,mfcc5_mean,mfcc5_var,mfcc6_mean,mfcc6_var,mfcc7_mean,mfcc7_var,mfcc8_mean,mfcc8_var,mfcc9_mean,mfcc9_var,mfcc10_mean,mfcc10_var,mfcc11_mean,mfcc11_var,mfcc12_mean,mfcc12_var,mfcc13_mean,mfcc13_var,mfcc14_mean,mfcc14_var,mfcc15_mean,mfcc15_var,mfcc16_mean,mfcc16_var,mfcc17_mean,mfcc17_var,mfcc18_mean,mfcc18_var,mfcc19_mean,mfcc19_var,mfcc20_mean,mfcc20_var
0.34823006,0.086621486,0.16378078,0.0024899375,1796.7119762329237,267792.6371148576,2148.58289161296,126491.51794014676,4165.017763921113,1620094.6064918907,0.07328712599091261,0.0010297396247459772,-4.348674e-06,0.017415784,-4.0108458e-05,0.0048583234,112.34714673913044,-101.2983,3331.3252,120.435974,402.78864,-0.41283783,384.5657,49.03769,168.5778,-15.870198,127.52506,19.87758,109.15983,-13.09662,105.44961,18.572926,81.626205,-15.718034,100.734,15.2437315,93.47702,-5.916708,76.43941,6.655968,55.08792,-10.362753,69.19696,7.086759,44.87697,-8.216911,52.107407,6.2069874,56.356476,-8.384228,53.452267,2.926684,64.4637,-6.6580515,39.576485,-1.3242383,44.560204
