chroma_stft_mean,chroma_stft_var,rms_mean,rms_var,spectral_centroid_mean,spectral_centroid_var,spectral_bandwidth_mean,spectral_bandwidth_var,rolloff_mean,rolloff_var,zero_crossing_rate_mean,zero_crossing_rate_var,harmony_mean,harmony_var,perceptr_mean,perceptr_var,tempo,mfcc1_mean,mfcc1_var,mfcc2_mean,mfcc2_var,mfcc3_mean,mfcc3_var,mfcc4_mean,mfcc4_var,mfcc5_mean,mfcc5_var,mfcc6_mean,mfcc6_var,mfcc7_mean,mfcc7_var,mfcc8_mean,mfcc8_var,mfcc9_mean,mfcc9_var,mfcc10_mean,mfcc10_var,mfcc11_mean,mfcc11_var,mfcc12_mean,mfcc12_var,mfcc13_mean,mfcc13_var,mfcc14_mean,mfcc14_var,mfcc15_mean,mfcc15_var,mfcc16_mean,mfcc16_var,mfcc17_mean,mfcc17_var,mfcc18_mean,mfcc18_var,mfcc19_mean,mfcc19_var,mfcc20_mean,mfcc20_var
0.36519969,0.08630764,0.14430228,0.0028005873,1934.7410487910734,250022.64420461378,1970.0805807414333,98647.07703748804,4048.308802204176,1247834.8736160577,0.09472278615622583,0.0014294917737728628,-9.409369e-08,0.0133801885,-1.0147829e-05,0.0043992726,112.34714673913044,-99.33054,2683.7534,117.57579,568.96124,-29.873356,241.53947,40.84807,234.0933,-15.25619,129.23737,27.988762,171.67451,-11.962531,122.57471,13.341765,72.90551,-11.372492,77.462074,10.539091,87.88481,-8.746651,71.59324,8.420694,72.06948,-6.837034,51.346203,0.4468948,72.90319,-5.3098555,56.53607,1.6531308,64.24955,-7.3515162,48.530663,0.52297884,45.0382,-1.4633933,36.23569,-5.9213367,43.456413
