chroma_stft_mean,chroma_stft_var,rms_mean,rms_var,spectral_centroid_mean,spectral_centroid_var,spectral_bandwidth_mean,spectral_bandwidth_var,rolloff_mean,rolloff_var,zero_crossing_rate_mean,zero_crossing_rate_var,harmony_mean,harmony_var,perceptr_mean,perceptr_var,tempo,mfcc1_mean,mfcc1_var,mfcc2_mean,mfcc2_var,mfcc3_mean,mfcc3_var,mfcc4_mean,mfcc4_var,mfcc5_mean,mfcc5_var,mfcc6_mean,mfcc6_var,mfcc7_mean,mfcc7_var,mfcc8_mean,mfcc8_var,mfcc9_mean,mfcc9_var,mfcc10_mean,mfcc10_var,mfcc11_mean,mfcc11_var,mfcc12_mean,mfcc12_var,mfcc13_mean,mfcc13_var,mfcc14_mean,mfcc14_var,mfcc15_mean,mfcc15_var,mfcc16_mean,mfcc16_var,mfcc17_mean,mfcc17_var,mfcc18_mean,mfcc18_var,mfcc19_mean,mfcc19_var,mfcc20_mean,mfcc20_var
0.35725808,0.080702074,0.088679396,0.0003467227,1470.2190431491572,284075.73986943584,1960.209861429048,199312.9067225717,2967.8432809781034,1852731.6304974202,0.06387005752126837,0.0008163957889614217,5.0778937e-07,0.005027205,-9.492302e-06,0.0010098906,89.10290948275862,-171.32309,3324.3464,137.33298,1054.2655,7.9547596,128.95088,28.53364,92.8941,2.6904228,144.79138,-0.5032653,59.848824,-2.9567096,34.520065,-1.148197,66.51206,-6.1525826,55.760185,-2.397033,63.35603,-5.854901,51.552372,-2.1742196,43.78451,-5.3409767,35.83987,-2.7799234,37.47156,-1.5689759,39.72967,1.2956558,26.376148,-3.4121354,33.611675,-0.90382934,48.521694,2.6215572,33.07901,-0.09373206,43.74565
