chroma_stft_mean,chroma_stft_var,rms_mean,rms_var,spectral_centroid_mean,spectral_centroid_var,spectral_bandwidth_mean,spectral_bandwidth_var,rolloff_mean,rolloff_var,zero_crossing_rate_mean,zero_crossing_rate_var,harmony_mean,harmony_var,perceptr_mean,perceptr_var,tempo,mfcc1_mean,mfcc1_var,mfcc2_mean,mfcc2_var,mfcc3_mean,mfcc3_var,mfcc4_mean,mfcc4_var,mfcc5_mean,mfcc5_var,mfcc6_mean,mfcc6_var,mfcc7_mean,mfcc7_var,mfcc8_mean,mfcc8_var,mfcc9_mean,mfcc9_var,mfcc10_mean,mfcc10_var,mfcc11_mean,mfcc11_var,mfcc12_mean,mfcc12_var,mfcc13_mean,mfcc13_var,mfcc14_mean,mfcc14_var,mfcc15_mean,mfcc15_var,mfcc16_mean,mfcc16_var,mfcc17_mean,mfcc17_var,mfcc18_mean,mfcc18_var,mfcc19_mean,mfcc19_var,mfcc20_mean,mfcc20_var
0.31912956,0.08410626,0.13616844,0.002028644,1468.4574659783877,290049.5910891198,1960.4811504411466,162334.8638594295,3212.660645664153,1971123.8362963242,0.05492503202339521,0.001009902196831736,1.2874792e-05,0.016634777,0.0002264821,0.0012928329,129.19921875,-164.78546,4755.3003,123.44315,561.71387,4.22473,483.3312,48.800877,123.997665,-5.1533303,240.12997,22.848055,141.76689,-7.809706,78.66665,19.28812,79.94505,-11.021053,107.702156,21.256647,151.5809,-9.741074,65.03421,5.1617775,105.52796,-6.143532,52.723343,5.423233,118.0815,-9.920733,62.225044,3.9091344,96.763954,-7.3305383,134.89589,1.3860341,77.872505,-8.843821,78.9358,-3.7325783,50.558514
