chroma_stft_mean,chroma_stft_var,rms_mean,rms_var,spectral_centroid_mean,spectral_centroid_var,spectral_bandwidth_mean,spectral_bandwidth_var,rolloff_mean,rolloff_var,zero_crossing_rate_mean,zero_crossing_rate_var,harmony_mean,harmony_var,perceptr_mean,perceptr_var,tempo,mfcc1_mean,mfcc1_var,mfcc2_mean,mfcc2_var,mfcc3_mean,mfcc3_var,mfcc4_mean,mfcc4_var,mfcc5_mean,mfcc5_var,mfcc6_mean,mfcc6_var,mfcc7_mean,mfcc7_var,mfcc8_mean,mfcc8_var,mfcc9_mean,mfcc9_var,mfcc10_mean,mfcc10_var,mfcc11_mean,mfcc11_var,mfcc12_mean,mfcc12_var,mfcc13_mean,mfcc13_var,mfcc14_mean,mfcc14_var,mfcc15_mean,mfcc15_var,mfcc16_mean,mfcc16_var,mfcc17_mean,mfcc17_var,mfcc18_mean,mfcc18_var,mfcc19_mean,mfcc19_var,mfcc20_mean,mfcc20_var
0.3600969,0.08533578,0.11364318,0.0014145509,1729.7885870910534,561460.1482751417,2247.6077330866415,303716.551395372,3359.5210878589037,2989411.486435498,0.06650367966937355,0.0015374234030107663,-4.3169384e-05,0.01053643,-0.00056271395,0.0016745157,151.99908088235293,-162.78079,5077.989,119.890144,1148.1711,-2.9078407,415.1486,20.508928,315.23535,27.810158,257.90817,5.49017,381.86865,6.040869,125.360695,1.1912667,85.9019,-3.696575,75.57087,0.35227877,74.36572,4.4168353,91.23637,-0.41024777,55.119682,2.4561374,74.09713,2.1403534,62.221687,-1.6048268,97.567314,3.623599,56.98211,-3.4616482,84.01645,-2.5604692,65.26198,5.6417503,75.06347,-3.6429384,72.14709
