chroma_stft_mean,chroma_stft_var,rms_mean,rms_var,spectral_centroid_mean,spectral_centroid_var,spectral_bandwidth_mean,spectral_bandwidth_var,rolloff_mean,rolloff_var,zero_crossing_rate_mean,zero_crossing_rate_var,harmony_mean,harmony_var,perceptr_mean,perceptr_var,tempo,mfcc1_mean,mfcc1_var,mfcc2_mean,mfcc2_var,mfcc3_mean,mfcc3_var,mfcc4_mean,mfcc4_var,mfcc5_mean,mfcc5_var,mfcc6_mean,mfcc6_var,mfcc7_mean,mfcc7_var,mfcc8_mean,mfcc8_var,mfcc9_mean,mfcc9_var,mfcc10_mean,mfcc10_var,mfcc11_mean,mfcc11_var,mfcc12_mean,mfcc12_var,mfcc13_mean,mfcc13_var,mfcc14_mean,mfcc14_var,mfcc15_mean,mfcc15_var,mfcc16_mean,mfcc16_var,mfcc17_mean,mfcc17_var,mfcc18_mean,mfcc18_var,mfcc19_mean,mfcc19_var,mfcc20_mean,mfcc20_var
0.31572592,0.09329974,0.082008675,0.0031899214,1138.970375102019,161813.70677494412,1462.5548366603607,75459.63335215251,2118.197709723028,687531.5504939195,0.0509447656854215,0.0010109733257209653,1.9515778e-06,0.007745608,-3.4472282e-06,0.0008239547,123.046875,-256.0997,5263.2573,163.07938,873.9414,-22.86085,725.9906,26.92573,378.43314,15.294624,244.06462,-3.5060468,160.76335,4.2238126,162.42474,-0.78757596,99.23011,-9.461129,86.321014,1.7529935,60.927338,-4.4277163,61.10751,-3.6453378,49.288506,-4.2500973,51.106083,-8.10834,81.08755,-2.3792918,51.86905,-5.1488204,48.747726,-11.160197,74.081856,-2.4134085,40.085342,-0.54217404,44.197765,-4.78059,64.72794
