chroma_stft_mean,chroma_stft_var,rms_mean,rms_var,spectral_centroid_mean,spectral_centroid_var,spectral_bandwidth_mean,spectral_bandwidth_var,rolloff_mean,rolloff_var,zero_crossing_rate_mean,zero_crossing_rate_var,harmony_mean,harmony_var,perceptr_mean,perceptr_var,tempo,mfcc1_mean,mfcc1_var,mfcc2_mean,mfcc2_var,mfcc3_mean,mfcc3_var,mfcc4_mean,mfcc4_var,mfcc5_mean,mfcc5_var,mfcc6_mean,mfcc6_var,mfcc7_mean,mfcc7_var,mfcc8_mean,mfcc8_var,mfcc9_mean,mfcc9_var,mfcc10_mean,mfcc10_var,mfcc11_mean,mfcc11_var,mfcc12_mean,mfcc12_var,mfcc13_mean,mfcc13_var,mfcc14_mean,mfcc14_var,mfcc15_mean,mfcc15_var,mfcc16_mean,mfcc16_var,mfcc17_mean,mfcc17_var,mfcc18_mean,mfcc18_var,mfcc19_mean,mfcc19_var,mfcc20_mean,mfcc20_var
0.25101602,0.09090511,0.09251183,0.0017518043,1537.7806406173002,339157.42733206303,1716.2300413475903,95756.29970115132,3055.5581927022913,1178177.005260309,0.06812788512664346,0.0018853290049783095,-2.1879733e-07,0.008076564,-1.5300258e-05,0.0010221231,86.1328125,-213.623,4187.757,117.20727,625.8796,-21.871634,512.12665,45.657173,290.79828,-10.280004,299.47766,5.0579906,171.54492,-11.914002,202.58652,5.5748677,100.29953,-17.7996,164.49374,0.18725954,127.64298,-14.170548,120.08152,-1.157218,107.91832,-10.304957,79.36729,-4.0669403,94.5936,-6.6386614,72.14744,-5.423801,93.95837,-9.721565,83.57409,-3.2093642,71.15112,-4.4566813,59.223694,-9.15581,69.454124
