chroma_stft_mean,chroma_stft_var,rms_mean,rms_var,spectral_centroid_mean,spectral_centroid_var,spectral_bandwidth_mean,spectral_bandwidth_var,rolloff_mean,rolloff_var,zero_crossing_rate_mean,zero_crossing_rate_var,harmony_mean,harmony_var,perceptr_mean,perceptr_var,tempo,mfcc1_mean,mfcc1_var,mfcc2_mean,mfcc2_var,mfcc3_mean,mfcc3_var,mfcc4_mean,mfcc4_var,mfcc5_mean,mfcc5_var,mfcc6_mean,mfcc6_var,mfcc7_mean,mfcc7_var,mfcc8_mean,mfcc8_var,mfcc9_mean,mfcc9_var,mfcc10_mean,mfcc10_var,mfcc11_mean,mfcc11_var,mfcc12_mean,mfcc12_var,mfcc13_mean,mfcc13_var,mfcc14_mean,mfcc14_var,mfcc15_mean,mfcc15_var,mfcc16_mean,mfcc16_var,mfcc17_mean,mfcc17_var,mfcc18_mean,mfcc18_var,mfcc19_mean,mfcc19_var,mfcc20_mean,mfcc20_var
0.29263455,0.08561624,0.11837015,0.0039311973,1261.4987366751002,333836.7261852334,1396.3977374185179,206556.45218406047,2422.3354684781034,1561777.8820499843,0.0605177971529389,0.0008908871458448613,-2.0949217e-06,0.012753407,1.5189894e-06,0.0015648927,143.5546875,-185.85483,6411.6978,155.27069,1150.3654,-25.015509,534.666,20.559324,281.54333,-3.8406792,570.7206,-0.5795827,176.97891,-4.573758,139.87042,-5.901456,70.83606,-16.531105,115.16425,-0.44806433,154.42778,-16.299582,150.67986,-4.2123995,136.66692,-16.80468,110.37434,-4.549109,79.104965,-8.363047,52.834118,-9.982121,83.52313,-7.767383,46.29421,-8.349513,63.03085,-6.849295,57.473797,-10.196375,48.732407
