chroma_stft_mean,chroma_stft_var,rms_mean,rms_var,spectral_centroid_mean,spectral_centroid_var,spectral_bandwidth_mean,spectral_bandwidth_var,rolloff_mean,rolloff_var,zero_crossing_rate_mean,zero_crossing_rate_var,harmony_mean,harmony_var,perceptr_mean,perceptr_var,tempo,mfcc1_mean,mfcc1_var,mfcc2_mean,mfcc2_var,mfcc3_mean,mfcc3_var,mfcc4_mean,mfcc4_var,mfcc5_mean,mfcc5_var,mfcc6_mean,mfcc6_var,mfcc7_mean,mfcc7_var,mfcc8_mean,mfcc8_var,mfcc9_mean,mfcc9_var,mfcc10_mean,mfcc10_var,mfcc11_mean,mfcc11_var,mfcc12_mean,mfcc12_var,mfcc13_mean,mfcc13_var,mfcc14_mean,mfcc14_var,mfcc15_mean,mfcc15_var,mfcc16_mean,mfcc16_var,mfcc17_mean,mfcc17_var,mfcc18_mean,mfcc18_var,mfcc19_mean,mfcc19_var,mfcc20_mean,mfcc20_var
0.35499328,0.08673499,0.08229554,0.002956966,1534.0502232319084,452977.31012798526,1696.9819905278111,202358.74485891656,3117.7596727269433,1950393.8071357063,0.07112819025522042,0.0018256250219447956,-9.96256e-07,0.0058013867,-1.7361996e-05,0.0016816413,135.99917763157896,-207.24358,11787.833,130.93799,835.5093,-18.507269,502.0247,33.30124,369.89395,-3.9344985,446.39188,15.381374,125.96788,-6.393797,237.00206,2.9486027,131.68365,-16.781153,154.87463,7.0790563,183.3914,-8.595193,127.590836,4.799718,71.96378,-12.249361,119.612724,-1.0135845,66.26567,-4.5457964,77.53868,-6.0678244,64.28131,-5.5366726,57.836185,-2.3692818,48.327374,-6.538889,65.67465,-5.899744,53.83708
