chroma_stft_mean,chroma_stft_var,rms_mean,rms_var,spectral_centroid_mean,spectral_centroid_var,spectral_bandwidth_mean,spectral_bandwidth_var,rolloff_mean,rolloff_var,zero_crossing_rate_mean,zero_crossing_rate_var,harmony_mean,harmony_var,perceptr_mean,perceptr_var,tempo,mfcc1_mean,mfcc1_var,mfcc2_mean,mfcc2_var,mfcc3_mean,mfcc3_var,mfcc4_mean,mfcc4_var,mfcc5_mean,mfcc5_var,mfcc6_mean,mfcc6_var,mfcc7_mean,mfcc7_var,mfcc8_mean,mfcc8_var,mfcc9_mean,mfcc9_var,mfcc10_mean,mfcc10_var,mfcc11_mean,mfcc11_var,mfcc12_mean,mfcc12_var,mfcc13_mean,mfcc13_var,mfcc14_mean,mfcc14_var,mfcc15_mean,mfcc15_var,mfcc16_mean,mfcc16_var,mfcc17_mean,mfcc17_var,mfcc18_mean,mfcc18_var,mfcc19_mean,mfcc19_var,mfcc20_mean,mfcc20_var
0.3654622,0.085906245,0.105174266,0.0009904396,2407.9531761672592,1071253.1880545705,2532.4203413039213,154307.99885836153,5212.450718713747,3298205.4498685915,0.08680454853054911,0.005420222167619008,-5.3610934e-06,0.008807205,-2.0158743e-06,0.0013817839,103.359375,-161.19606,5332.925,74.76473,1368.4028,22.41922,258.2963,46.01183,392.803,5.280713,230.7774,25.113438,111.81945,-0.5761164,128.90042,10.385748,77.09114,-6.833753,123.672226,5.054583,132.82541,-0.7702397,50.379276,1.403467,73.747696,-6.0123224,67.908646,-4.014767,66.299675,-4.793655,84.24993,-2.8704045,68.51206,-4.9927034,51.40022,-3.6065133,52.091877,-7.578407,81.60197,-3.2216103,55.96501
