chroma_stft_mean,chroma_stft_var,rms_mean,rms_var,spectral_centroid_mean,spectral_centroid_var,spectral_bandwidth_mean,spectral_bandwidth_var,rolloff_mean,rolloff_var,zero_crossing_rate_mean,zero_crossing_rate_var,harmony_mean,harmony_var,perceptr_mean,perceptr_var,tempo,mfcc1_mean,mfcc1_var,mfcc2_mean,mfcc2_var,mfcc3_mean,mfcc3_var,mfcc4_mean,mfcc4_var,mfcc5_mean,mfcc5_var,mfcc6_mean,mfcc6_var,mfcc7_mean,mfcc7_var,mfcc8_mean,mfcc8_var,mfcc9_mean,mfcc9_var,mfcc10_mean,mfcc10_var,mfcc11_mean,mfcc11_var,mfcc12_mean,mfcc12_var,mfcc13_mean,mfcc13_var,mfcc14_mean,mfcc14_var,mfcc15_mean,mfcc15_var,mfcc16_mean,mfcc16_var,mfcc17_mean,mfcc17_var,mfcc18_mean,mfcc18_var,mfcc19_mean,mfcc19_var,mfcc20_mean,mfcc20_var
0.30543447,0.098853014,0.03888375,0.0004699835,1495.5580556268485,625147.921395805,2331.9170617315413,246994.78641113153,3053.293292760296,4406825.085896476,0.03546364438321732,0.0018982307450734052,-6.0129187e-06,0.0017051352,-8.9799e-06,0.00012930209,83.35433467741936,-353.09116,6464.966,110.67462,798.8584,32.743443,697.18274,24.189941,275.63693,18.754097,231.32529,5.9265885,123.98299,-1.7344855,113.25278,3.8793368,86.96511,-2.979119,103.91722,-1.9010768,59.54999,-2.8730125,85.103874,-0.9832503,96.88821,-6.486425,66.06567,-4.2474575,53.944393,-3.7497628,64.68378,-6.016767,65.89722,-7.187651,72.77276,-2.5127835,41.377983,-4.0373755,65.983635,-3.4209433,60.47205
