chroma_stft_mean,chroma_stft_var,rms_mean,rms_var,spectral_centroid_mean,spectral_centroid_var,spectral_bandwidth_mean,spectral_bandwidth_var,rolloff_mean,rolloff_var,zero_crossing_rate_mean,zero_crossing_rate_var,harmony_mean,harmony_var,perceptr_mean,perceptr_var,tempo,mfcc1_mean,mfcc1_var,mfcc2_mean,mfcc2_var,mfcc3_mean,mfcc3_var,mfcc4_mean,mfcc4_var,mfcc5_mean,mfcc5_var,mfcc6_mean,mfcc6_var,mfcc7_mean,mfcc7_var,mfcc8_mean,mfcc8_var,mfcc9_mean,mfcc9_var,mfcc10_mean,mfcc10_var,mfcc11_mean,mfcc11_var,mfcc12_mean,mfcc12_var,mfcc13_mean,mfcc13_var,mfcc14_mean,mfcc14_var,mfcc15_mean,mfcc15_var,mfcc16_mean,mfcc16_var,mfcc17_mean,mfcc17_var,mfcc18_mean,mfcc18_var,mfcc19_mean,mfcc19_var,mfcc20_mean,mfcc20_var
0.2213738,0.086170636,0.07958206,0.0021662815,1240.7101460307977,336590.6068898896,1997.01199708467,285495.37260080257,2413.3841176044084,3640645.845509408,0.0428343121616396,0.0002306508875935565,-8.21632e-07,0.007497693,4.9506325e-05,0.00019389781,161.4990234375,-277.10757,3851.7273,128.25293,883.39966,42.425163,286.7009,37.693504,99.732056,12.766559,122.02734,9.593897,104.30225,-5.988017,103.103874,-7.539555,75.30908,-8.03414,87.72457,-4.942542,89.69906,-6.532016,105.37974,-3.6276443,118.71955,-7.2275634,115.55607,-7.4517097,77.36923,-1.5754973,88.47333,1.3886027,118.12616,3.0774214,95.76072,2.512724,62.505295,-1.051027,78.64684,-2.747677,85.49089
