chroma_stft_mean,chroma_stft_var,rms_mean,rms_var,spectral_centroid_mean,spectral_centroid_var,spectral_bandwidth_mean,spectral_bandwidth_var,rolloff_mean,rolloff_var,zero_crossing_rate_mean,zero_crossing_rate_var,harmony_mean,harmony_var,perceptr_mean,perceptr_var,tempo,mfcc1_mean,mfcc1_var,mfcc2_mean,mfcc2_var,mfcc3_mean,mfcc3_var,mfcc4_mean,mfcc4_var,mfcc5_mean,mfcc5_var,mfcc6_mean,mfcc6_var,mfcc7_mean,mfcc7_var,mfcc8_mean,mfcc8_var,mfcc9_mean,mfcc9_var,mfcc10_mean,mfcc10_var,mfcc11_mean,mfcc11_var,mfcc12_mean,mfcc12_var,mfcc13_mean,mfcc13_var,mfcc14_mean,mfcc14_var,mfcc15_mean,mfcc15_var,mfcc16_mean,mfcc16_var,mfcc17_mean,mfcc17_var,mfcc18_mean,mfcc18_var,mfcc19_mean,mfcc19_var,mfcc20_mean,mfcc20_var
0.35365322,0.083761066,0.15261815,0.0027222505,1622.8096134803375,233993.92882812046,1963.3073228704855,129836.92419103478,3527.1653177566704,1474649.6452394025,0.06605051841647332,0.0006933067932736209,7.5527964e-07,0.016264256,-3.6114383e-05,0.0039662556,103.359375,-121.959,3047.7937,123.24601,477.44427,-8.496771,516.23413,51.599007,221.00049,-0.106691256,181.82208,20.418156,147.61255,-11.878725,127.89868,16.262135,88.416664,-11.5288105,117.479774,11.832639,115.01474,-8.090614,88.47941,9.130125,56.04949,-8.650755,76.10077,5.554146,67.40345,-5.71355,72.51757,3.9488196,74.39398,-5.4610395,75.07006,4.971839,46.696354,-3.0476742,68.20655,-3.32546,49.79607
