chroma_stft_mean,chroma_stft_var,rms_mean,rms_var,spectral_centroid_mean,spectral_centroid_var,spectral_bandwidth_mean,spectral_bandwidth_var,rolloff_mean,rolloff_var,zero_crossing_rate_mean,zero_crossing_rate_var,harmony_mean,harmony_var,perceptr_mean,perceptr_var,tempo,mfcc1_mean,mfcc1_var,mfcc2_mean,mfcc2_var,mfcc3_mean,mfcc3_var,mfcc4_mean,mfcc4_var,mfcc5_mean,mfcc5_var,mfcc6_mean,mfcc6_var,mfcc7_mean,mfcc7_var,mfcc8_mean,mfcc8_var,mfcc9_mean,mfcc9_var,mfcc10_mean,mfcc10_var,mfcc11_mean,mfcc11_var,mfcc12_mean,mfcc12_var,mfcc13_mean,mfcc13_var,mfcc14_mean,mfcc14_var,mfcc15_mean,mfcc15_var,mfcc16_mean,mfcc16_var,mfcc17_mean,mfcc17_var,mfcc18_mean,mfcc18_var,mfcc19_mean,mfcc19_var,mfcc20_mean,mfcc20_var
0.37187585,0.084580205,0.17967275,0.002891158,2187.1340254846773,152070.0526304714,2241.9570925418125,43123.37282024802,4840.865571980134,621826.0454935032,0.11371855060904873,0.0014991972129052478,-1.6308547e-06,0.019277357,-5.2729033e-06,0.0064803516,95.703125,-60.918243,1585.5259,105.47954,299.0218,-16.908377,154.60591,40.71572,124.14803,-15.026839,64.63394,36.03335,65.427666,-12.812083,68.127686,17.487259,57.181614,-16.74124,58.562344,11.76303,57.292164,-10.137154,54.965824,13.196802,48.09998,-12.209422,54.687572,2.3499122,47.260624,-12.192258,70.27876,6.4409456,51.77568,-1.7899203,56.758278,6.3283567,42.347595,-1.331766,71.32767,-2.7994835,63.425934
