chroma_stft_mean,chroma_stft_var,rms_mean,rms_var,spectral_centroid_mean,spectral_centroid_var,spectral_bandwidth_mean,spectral_bandwidth_var,rolloff_mean,rolloff_var,zero_crossing_rate_mean,zero_crossing_rate_var,harmony_mean,harmony_var,perceptr_mean,perceptr_var,tempo,mfcc1_mean,mfcc1_var,mfcc2_mean,mfcc2_var,mfcc3_mean,mfcc3_var,mfcc4_mean,mfcc4_var,mfcc5_mean,mfcc5_var,mfcc6_mean,mfcc6_var,mfcc7_mean,mfcc7_var,mfcc8_mean,mfcc8_var,mfcc9_mean,mfcc9_var,mfcc10_mean,mfcc10_var,mfcc11_mean,mfcc11_var,mfcc12_mean,mfcc12_var,mfcc13_mean,mfcc13_var,mfcc14_mean,mfcc14_var,mfcc15_mean,mfcc15_var,mfcc16_mean,mfcc16_var,mfcc17_mean,mfcc17_var,mfcc18_mean,mfcc18_var,mfcc19_mean,mfcc19_var,mfcc20_mean,mfcc20_var
0.3721949,0.08788389,0.13355477,0.001738133,1879.437181005724,280446.50856885256,2085.362339170809,116354.7727258815,4031.4303015334976,1395700.5854162776,0.07828473934164733,0.000904625846388053,3.1077914e-06,0.0090000555,-5.5530265e-05,0.0049304757,117.45383522727273,-122.42892,3964.8994,111.49043,716.88763,-13.700005,396.8503,53.85051,277.1261,-2.6792428,222.3608,19.700176,194.59755,-14.1241455,169.56166,13.753135,125.24721,-14.02773,112.49253,14.631097,97.527664,-13.9932375,83.06414,9.227839,80.36703,-10.554295,74.51219,3.0150752,80.866005,-8.303682,59.04791,5.0866604,65.28312,-9.635658,71.74542,4.3253803,66.62953,-5.6813617,76.88311,-1.6600158,69.89791
