chroma_stft_mean,chroma_stft_var,rms_mean,rms_var,spectral_centroid_mean,spectral_centroid_var,spectral_bandwidth_mean,spectral_bandwidth_var,rolloff_mean,rolloff_var,zero_crossing_rate_mean,zero_crossing_rate_var,harmony_mean,harmony_var,perceptr_mean,perceptr_var,tempo,mfcc1_mean,mfcc1_var,mfcc2_mean,mfcc2_var,mfcc3_mean,mfcc3_var,mfcc4_mean,mfcc4_var,mfcc5_mean,mfcc5_var,mfcc6_mean,mfcc6_var,mfcc7_mean,mfcc7_var,mfcc8_mean,mfcc8_var,mfcc9_mean,mfcc9_var,mfcc10_mean,mfcc10_var,mfcc11_mean,mfcc11_var,mfcc12_mean,mfcc12_var,mfcc13_mean,mfcc13_var,mfcc14_mean,mfcc14_var,mfcc15_mean,mfcc15_var,mfcc16_mean,mfcc16_var,mfcc17_mean,mfcc17_var,mfcc18_mean,mfcc18_var,mfcc19_mean,mfcc19_var,mfcc20_mean,mfcc20_var
0.36810398,0.086336106,0.08002811,0.0011110163,2811.872177544087,523050.28629356506,2841.7562730726136,175336.74491524982,6061.51341130728,2829913.5172841595,0.1295221716695669,0.002385935603463771,8.364288e-07,0.0037839157,-6.5591953e-06,0.001941187,129.19921875,-126.20302,2081.9126,77.6602,538.23425,3.157835,348.95322,19.944595,106.410866,10.8167715,173.2336,0.7296955,103.827705,5.22846,91.06558,-0.49303123,78.56534,-0.995941,77.96459,5.39514,87.11325,-3.7251055,54.677048,-3.493331,46.21104,-5.336726,49.77351,0.28801116,48.68753,-2.0074854,44.859276,0.8424076,57.20634,0.3352385,69.2675,-1.1135596,57.48805,-4.39304,57.295593,-2.6176634,92.074776
