chroma_stft_mean,chroma_stft_var,rms_mean,rms_var,spectral_centroid_mean,spectral_centroid_var,spectral_bandwidth_mean,spectral_bandwidth_var,rolloff_mean,rolloff_var,zero_crossing_rate_mean,zero_crossing_rate_var,harmony_mean,harmony_var,perceptr_mean,perceptr_var,tempo,mfcc1_mean,mfcc1_var,mfcc2_mean,mfcc2_var,mfcc3_mean,mfcc3_var,mfcc4_mean,mfcc4_var,mfcc5_mean,mfcc5_var,mfcc6_mean,mfcc6_var,mfcc7_mean,mfcc7_var,mfcc8_mean,mfcc8_var,mfcc9_mean,mfcc9_var,mfcc10_mean,mfcc10_var,mfcc11_mean,mfcc11_var,mfcc12_mean,mfcc12_var,mfcc13_mean,mfcc13_var,mfcc14_mean,mfcc14_var,mfcc15_mean,mfcc15_var,mfcc16_mean,mfcc16_var,mfcc17_mean,mfcc17_var,mfcc18_mean,mfcc18_var,mfcc19_mean,mfcc19_var,mfcc20_mean,mfcc20_var
0.3373224,0.08274239,0.13141257,0.00164043,1513.070955011675,93521.01232196022,1558.0992064311192,63112.97174421685,2922.4536869199537,472814.5392947658,0.08782189554331013,0.0005251275934470929,-1.1425361e-06,0.011997237,-2.1529395e-05,0.002628414,92.28515625,-118.21476,1632.1373,152.9557,462.9476,-46.51243,247.71553,31.121635,132.93759,-17.298687,154.029,6.282562,121.10339,-3.6962414,143.92528,13.058594,90.53445,-13.142221,82.123886,15.704863,79.58546,-13.088502,78.12544,5.7085404,62.490532,-10.694908,52.418182,1.0137243,64.74485,-6.701207,53.066017,2.588542,50.438816,-9.805691,63.10289,0.15127996,58.444714,-3.4621062,45.693893,-7.415149,46.841167
