chroma_stft_mean,chroma_stft_var,rms_mean,rms_var,spectral_centroid_mean,spectral_centroid_var,spectral_bandwidth_mean,spectral_bandwidth_var,rolloff_mean,rolloff_var,zero_crossing_rate_mean,zero_crossing_rate_var,harmony_mean,harmony_var,perceptr_mean,perceptr_var,tempo,mfcc1_mean,mfcc1_var,mfcc2_mean,mfcc2_var,mfcc3_mean,mfcc3_var,mfcc4_mean,mfcc4_var,mfcc5_mean,mfcc5_var,mfcc6_mean,mfcc6_var,mfcc7_mean,mfcc7_var,mfcc8_mean,mfcc8_var,mfcc9_mean,mfcc9_var,mfcc10_mean,mfcc10_var,mfcc11_mean,mfcc11_var,mfcc12_mean,mfcc12_var,mfcc13_mean,mfcc13_var,mfcc14_mean,mfcc14_var,mfcc15_mean,mfcc15_var,mfcc16_mean,mfcc16_var,mfcc17_mean,mfcc17_var,mfcc18_mean,mfcc18_var,mfcc19_mean,mfcc19_var,mfcc20_mean,mfcc20_var
0.31345084,0.081903666,0.100796506,0.0012384675,2053.1842219986365,516926.93890856515,2187.743333767352,207999.8416778476,4094.547733740574,2032175.0612000637,0.09532511298820573,0.002442687414681044,-0.00030648804,0.008322097,-0.0007325783,0.0012449203,112.34714673913044,-130.48167,2163.7178,104.1242,840.40344,-19.271059,308.69394,34.147877,144.68779,5.397541,143.7326,-2.171723,89.70546,-0.7280454,111.41695,-2.9078915,100.06664,-5.462085,67.56337,4.0693655,83.27357,-4.4698324,58.901077,3.5257306,67.95232,2.1481223,59.185562,0.19073826,60.83102,2.678066,53.727226,-3.0912168,42.250412,-3.1905007,40.426746,1.667638,42.905235,-0.6860094,47.653175,-4.3751063,61.259533
