chroma_stft_mean,chroma_stft_var,rms_mean,rms_var,spectral_centroid_mean,spectral_centroid_var,spectral_bandwidth_mean,spectral_bandwidth_var,rolloff_mean,rolloff_var,zero_crossing_rate_mean,zero_crossing_rate_var,harmony_mean,harmony_var,perceptr_mean,perceptr_var,tempo,mfcc1_mean,mfcc1_var,mfcc2_mean,mfcc2_var,mfcc3_mean,mfcc3_var,mfcc4_mean,mfcc4_var,mfcc5_mean,mfcc5_var,mfcc6_mean,mfcc6_var,mfcc7_mean,mfcc7_var,mfcc8_mean,mfcc8_var,mfcc9_mean,mfcc9_var,mfcc10_mean,mfcc10_var,mfcc11_mean,mfcc11_var,mfcc12_mean,mfcc12_var,mfcc13_mean,mfcc13_var,mfcc14_mean,mfcc14_var,mfcc15_mean,mfcc15_var,mfcc16_mean,mfcc16_var,mfcc17_mean,mfcc17_var,mfcc18_mean,mfcc18_var,mfcc19_mean,mfcc19_var,mfcc20_mean,mfcc20_var
0.39030823,0.08654057,0.13012476,0.0014431805,2166.6058738727033,283523.42864818766,2277.452693095105,70546.80661639242,4793.95216656395,1090606.3013688459,0.10233551757057231,0.0015463645224876698,1.8820941e-06,0.008776486,0.000248501,0.0040087732,89.10290948275862,-94.15291,1609.9694,109.18758,369.86368,-11.85467,201.81378,41.572716,206.36452,-19.4826,113.02854,23.833261,104.30054,-19.930464,84.538994,20.372795,61.204685,-17.291353,74.56932,16.565329,77.21734,-10.201443,78.2219,9.387508,44.286015,-10.049828,73.789764,7.7985744,51.50715,-15.087501,46.14851,3.2730055,44.045982,-10.460255,47.122215,7.5392814,57.75035,-5.544066,51.669,2.2245808,66.69357
