chroma_stft_mean,chroma_stft_var,rms_mean,rms_var,spectral_centroid_mean,spectral_centroid_var,spectral_bandwidth_mean,spectral_bandwidth_var,rolloff_mean,rolloff_var,zero_crossing_rate_mean,zero_crossing_rate_var,harmony_mean,harmony_var,perceptr_mean,perceptr_var,tempo,mfcc1_mean,mfcc1_var,mfcc2_mean,mfcc2_var,mfcc3_mean,mfcc3_var,mfcc4_mean,mfcc4_var,mfcc5_mean,mfcc5_var,mfcc6_mean,mfcc6_var,mfcc7_mean,mfcc7_var,mfcc8_mean,mfcc8_var,mfcc9_mean,mfcc9_var,mfcc10_mean,mfcc10_var,mfcc11_mean,mfcc11_var,mfcc12_mean,mfcc12_var,mfcc13_mean,mfcc13_var,mfcc14_mean,mfcc14_var,mfcc15_mean,mfcc15_var,mfcc16_mean,mfcc16_var,mfcc17_mean,mfcc17_var,mfcc18_mean,mfcc18_var,mfcc19_mean,mfcc19_var,mfcc20_mean,mfcc20_var
0.3769877,0.08378951,0.2042707,0.0019195367,2174.1604935047117,570461.9655463778,2281.058760714112,206870.9963100941,4348.07370779315,2578226.800647368,0.1025643835864938,0.002366501392879316,-0.00015524251,0.02958724,-0.0013248281,0.005626561,161.4990234375,-57.75979,1337.1653,95.76648,823.8119,-10.109319,414.27032,40.979637,193.22061,13.979035,133.6319,-0.9898583,171.42763,-0.18847127,107.00304,7.4250774,100.90501,-3.633337,103.60408,9.545139,80.60195,-2.9410644,74.62041,2.4362512,80.11866,1.9947803,53.288246,-1.2870497,85.47224,1.3565392,51.67783,4.4236846,61.05912,-6.5204806,63.730507,-0.03459857,47.372093,-1.4115794,41.114132,-3.0789084,51.755867
