chroma_stft_mean,chroma_stft_var,rms_mean,rms_var,spectral_centroid_mean,spectral_centroid_var,spectral_bandwidth_mean,spectral_bandwidth_var,rolloff_mean,rolloff_var,zero_crossing_rate_mean,zero_crossing_rate_var,harmony_mean,harmony_var,perceptr_mean,perceptr_var,tempo,mfcc1_mean,mfcc1_var,mfcc2_mean,mfcc2_var,mfcc3_mean,mfcc3_var,mfcc4_mean,mfcc4_var,mfcc5_mean,mfcc5_var,mfcc6_mean,mfcc6_var,mfcc7_mean,mfcc7_var,mfcc8_mean,mfcc8_var,mfcc9_mean,mfcc9_var,mfcc10_mean,mfcc10_var,mfcc11_mean,mfcc11_var,mfcc12_mean,mfcc12_var,mfcc13_mean,mfcc13_var,mfcc14_mean,mfcc14_var,mfcc15_mean,mfcc15_var,mfcc16_mean,mfcc16_var,mfcc17_mean,mfcc17_var,mfcc18_mean,mfcc18_var,mfcc19_mean,mfcc19_var,mfcc20_mean,mfcc20_var
0.3217143,0.09041467,0.07508869,0.0010249027,1719.4714520311265,176065.97869293767,2142.376265771634,107442.98121134387,3449.9672024543215,1174287.5725780157,0.06805726749806651,0.0006831665929801746,-3.9615202e-08,0.00393917,-1.6867922e-05,0.0011479638,95.703125,-195.07317,3124.9397,114.25745,439.83188,0.041475397,446.80927,38.20062,252.78877,11.286058,285.80267,-6.0460644,230.18849,1.2285591,161.25125,0.014777306,90.64967,-15.4136305,153.47789,-3.5779057,97.30667,-6.1284695,91.88203,-4.5047817,88.728355,-0.12425658,64.1423,-4.3938026,70.28077,-9.421525,66.86688,-10.715926,61.068356,-6.5454497,42.851192,-10.0430355,46.803288,-7.268236,46.76453,-4.016517,44.54858
