chroma_stft_mean,chroma_stft_var,rms_mean,rms_var,spectral_centroid_mean,spectral_centroid_var,spectral_bandwidth_mean,spectral_bandwidth_var,rolloff_mean,rolloff_var,zero_crossing_rate_mean,zero_crossing_rate_var,harmony_mean,harmony_var,perceptr_mean,perceptr_var,tempo,mfcc1_mean,mfcc1_var,mfcc2_mean,mfcc2_var,mfcc3_mean,mfcc3_var,mfcc4_mean,mfcc4_var,mfcc5_mean,mfcc5_var,mfcc6_mean,mfcc6_var,mfcc7_mean,mfcc7_var,mfcc8_mean,mfcc8_var,mfcc9_mean,mfcc9_var,mfcc10_mean,mfcc10_var,mfcc11_mean,mfcc11_var,mfcc12_mean,mfcc12_var,mfcc13_mean,mfcc13_var,mfcc14_mean,mfcc14_var,mfcc15_mean,mfcc15_var,mfcc16_mean,mfcc16_var,mfcc17_mean,mfcc17_var,mfcc18_mean,mfcc18_var,mfcc19_mean,mfcc19_var,mfcc20_mean,mfcc20_var
0.2914594,0.09194001,0.074670546,0.0011191191,1861.4546090166984,557437.4540797758,2127.2426522755313,137274.69417119343,3769.3680553037993,2002495.720888631,0.07654006851798144,0.0024411488005628705,6.8963703e-07,0.004969683,-5.1896623e-06,0.0006761019,123.046875,-197.70265,4250.8955,106.49648,936.3929,-4.43353,577.778,37.656395,319.43765,-0.8653605,298.9679,-0.9621034,161.23958,-3.4531171,145.65048,-0.049805537,90.263664,-9.302802,152.0744,-5.177724,154.31148,-4.2500987,98.60631,-3.5460408,95.369514,-1.3531576,75.19184,-7.124852,51.43031,-1.6266911,52.90203,-2.4774737,47.94272,-5.0505986,61.20959,0.29088068,35.744476,1.0706692,42.22362,-1.6446807,47.217
