chroma_stft_mean,chroma_stft_var,rms_mean,rms_var,spectral_centroid_mean,spectral_centroid_var,spectral_bandwidth_mean,spectral_bandwidth_var,rolloff_mean,rolloff_var,zero_crossing_rate_mean,zero_crossing_rate_var,harmony_mean,harmony_var,perceptr_mean,perceptr_var,tempo,mfcc1_mean,mfcc1_var,mfcc2_mean,mfcc2_var,mfcc3_mean,mfcc3_var,mfcc4_mean,mfcc4_var,mfcc5_mean,mfcc5_var,mfcc6_mean,mfcc6_var,mfcc7_mean,mfcc7_var,mfcc8_mean,mfcc8_var,mfcc9_mean,mfcc9_var,mfcc10_mean,mfcc10_var,mfcc11_mean,mfcc11_var,mfcc12_mean,mfcc12_var,mfcc13_mean,mfcc13_var,mfcc14_mean,mfcc14_var,mfcc15_mean,mfcc15_var,mfcc16_mean,mfcc16_var,mfcc17_mean,mfcc17_var,mfcc18_mean,mfcc18_var,mfcc19_mean,mfcc19_var,mfcc20_mean,mfcc20_var
0.36986184,0.082602695,0.09675965,0.0010110672,2068.869796587892,342351.242656249,2370.15807218592,143857.0988882087,4098.677845399507,2054621.4639789052,0.09558907941802011,0.0016270848204279586,-6.7273177e-06,0.0062678247,-3.1983943e-06,0.001650282,86.1328125,-131.1577,1982.2456,102.98625,535.50055,-11.529913,333.18207,17.738117,163.18576,16.948603,160.5243,4.4418244,139.50258,1.2972013,118.58127,3.4134758,79.28474,-1.5013237,65.80229,1.6068558,89.79305,-7.989871,56.75509,-0.82989687,67.197014,-8.8802805,56.1872,-3.843188,46.887283,-4.493553,44.957996,-8.938275,48.47312,-6.387143,42.363182,-1.5204931,36.897007,-5.404016,45.167454,-8.042571,42.896774
