chroma_stft_mean,chroma_stft_var,rms_mean,rms_var,spectral_centroid_mean,spectral_centroid_var,spectral_bandwidth_mean,spectral_bandwidth_var,rolloff_mean,rolloff_var,zero_crossing_rate_mean,zero_crossing_rate_var,harmony_mean,harmony_var,perceptr_mean,perceptr_var,tempo,mfcc1_mean,mfcc1_var,mfcc2_mean,mfcc2_var,mfcc3_mean,mfcc3_var,mfcc4_mean,mfcc4_var,mfcc5_mean,mfcc5_var,mfcc6_mean,mfcc6_var,mfcc7_mean,mfcc7_var,mfcc8_mean,mfcc8_var,mfcc9_mean,mfcc9_var,mfcc10_mean,mfcc10_var,mfcc11_mean,mfcc11_var,mfcc12_mean,mfcc12_var,mfcc13_mean,mfcc13_var,mfcc14_mean,mfcc14_var,mfcc15_mean,mfcc15_var,mfcc16_mean,mfcc16_var,mfcc17_mean,mfcc17_var,mfcc18_mean,mfcc18_var,mfcc19_mean,mfcc19_var,mfcc20_mean,mfcc20_var
0.3918148,0.08199237,0.11655147,0.0010271678,2011.7251476004385,181070.26389241777,2140.448308361406,168275.31606436928,3907.7517763921114,1103515.4614145407,0.09735036615429234,0.0009358761897691962,-1.6588424e-06,0.007815418,4.4726366e-05,0.002798721,92.28515625,-100.76679,1935.7324,106.98421,446.96713,-27.158413,572.08795,29.09983,236.04877,5.039681,221.80173,-5.423927,128.53587,3.2426603,118.05496,-5.179371,46.99041,-5.118583,69.17562,-0.8158502,58.821148,-3.8342147,44.84023,-2.705255,51.665386,-6.645411,42.617283,-4.6659985,33.174904,-5.697497,39.710213,-5.994116,38.005844,-10.221099,42.255535,-10.534869,40.982758,-5.7335424,37.12737,-7.296422,42.375088
