chroma_stft_mean,chroma_stft_var,rms_mean,rms_var,spectral_centroid_mean,spectral_centroid_var,spectral_bandwidth_mean,spectral_bandwidth_var,rolloff_mean,rolloff_var,zero_crossing_rate_mean,zero_crossing_rate_var,harmony_mean,harmony_var,perceptr_mean,perceptr_var,tempo,mfcc1_mean,mfcc1_var,mfcc2_mean,mfcc2_var,mfcc3_mean,mfcc3_var,mfcc4_mean,mfcc4_var,mfcc5_mean,mfcc5_var,mfcc6_mean,mfcc6_var,mfcc7_mean,mfcc7_var,mfcc8_mean,mfcc8_var,mfcc9_mean,mfcc9_var,mfcc10_mean,mfcc10_var,mfcc11_mean,mfcc11_var,mfcc12_mean,mfcc12_var,mfcc13_mean,mfcc13_var,mfcc14_mean,mfcc14_var,mfcc15_mean,mfcc15_var,mfcc16_mean,mfcc16_var,mfcc17_mean,mfcc17_var,mfcc18_mean,mfcc18_var,mfcc19_mean,mfcc19_var,mfcc20_mean,mfcc20_var
0.31846547,0.08457323,0.1310126,0.0018252884,1436.1116636001782,299333.0303375094,1729.5519563242785,159883.78448702444,2924.4271475311775,1654230.4215868118,0.059544633362335654,0.0008209676262804218,-3.7704258e-06,0.012141804,-1.8170784e-05,0.0028835628,143.5546875,-148.5371,3856.298,141.28717,730.80365,-15.904905,484.21558,44.664753,279.33014,0.9870617,236.23804,13.670253,111.313805,-13.241114,143.95999,12.6545315,88.29617,-11.708021,112.00765,12.162337,106.91194,-10.482789,105.55155,9.917888,72.37187,-5.0692515,64.3757,1.3543674,74.0208,-0.5595954,86.904816,2.8642507,68.47811,-8.09396,66.171555,2.1128888,47.73235,-2.4824815,46.00849,-4.4323597,54.31489
