chroma_stft_mean,chroma_stft_var,rms_mean,rms_var,spectral_centroid_mean,spectral_centroid_var,spectral_bandwidth_mean,spectral_bandwidth_var,rolloff_mean,rolloff_var,zero_crossing_rate_mean,zero_crossing_rate_var,harmony_mean,harmony_var,perceptr_mean,perceptr_var,tempo,mfcc1_mean,mfcc1_var,mfcc2_mean,mfcc2_var,mfcc3_mean,mfcc3_var,mfcc4_mean,mfcc4_var,mfcc5_mean,mfcc5_var,mfcc6_mean,mfcc6_var,mfcc7_mean,mfcc7_var,mfcc8_mean,mfcc8_var,mfcc9_mean,mfcc9_var,mfcc10_mean,mfcc10_var,mfcc11_mean,mfcc11_var,mfcc12_mean,mfcc12_var,mfcc13_mean,mfcc13_var,mfcc14_mean,mfcc14_var,mfcc15_mean,mfcc15_var,mfcc16_mean,mfcc16_var,mfcc17_mean,mfcc17_var,mfcc18_mean,mfcc18_var,mfcc19_mean,mfcc19_var,mfcc20_mean,mfcc20_var
0.26775163,0.08395011,0.08082792,0.0009922467,1064.7190883164446,161070.75278426995,1050.357873186476,62092.31982913027,1895.8628076964908,488545.2841675744,0.05785736296403712,0.0009271213764442144,1.2911555e-06,0.0063336915,5.7626846e-07,0.00041203835,107.666015625,-256.9818,6372.4526,175.33954,1215.9968,-44.815453,1082.3688,25.638649,404.80743,-4.25749,234.83125,-0.22635283,112.456314,-11.319777,94.202034,-9.186364,73.75255,-4.102288,86.01317,-8.307013,106.35197,-22.554071,99.03966,-7.60941,71.08261,-7.656197,57.587616,-11.744767,80.39366,-8.174172,70.179634,-7.5016193,39.93092,-12.296844,54.682243,-6.7680964,45.68299,-3.500232,41.433422,-8.648592,73.394966
