chroma_stft_mean,chroma_stft_var,rms_mean,rms_var,spectral_centroid_mean,spectral_centroid_var,spectral_bandwidth_mean,spectral_bandwidth_var,rolloff_mean,rolloff_var,zero_crossing_rate_mean,zero_crossing_rate_var,harmony_mean,harmony_var,perceptr_mean,perceptr_var,tempo,mfcc1_mean,mfcc1_var,mfcc2_mean,mfcc2_var,mfcc3_mean,mfcc3_var,mfcc4_mean,mfcc4_var,mfcc5_mean,mfcc5_var,mfcc6_mean,mfcc6_var,mfcc7_mean,mfcc7_var,mfcc8_mean,mfcc8_var,mfcc9_mean,mfcc9_var,mfcc10_mean,mfcc10_var,mfcc11_mean,mfcc11_var,mfcc12_mean,mfcc12_var,mfcc13_mean,mfcc13_var,mfcc14_mean,mfcc14_var,mfcc15_mean,mfcc15_var,mfcc16_mean,mfcc16_var,mfcc17_mean,mfcc17_var,mfcc18_mean,mfcc18_var,mfcc19_mean,mfcc19_var,mfcc20_mean,mfcc20_var
0.2660949,0.08901179,0.11916989,0.0043370365,2503.5410170407163,333288.0825844144,2598.597083896597,192455.39173171448,5155.861527515951,2302778.728197248,0.09586928412606342,0.001411412592127506,2.1598203e-06,0.013994381,-4.7762296e-05,0.0014810476,161.4990234375,-141.47614,3582.8008,70.87622,593.76605,-0.5249316,632.75415,33.563366,159.1411,1.4298356,126.04128,-9.165381,136.9344,0.7725242,62.96078,0.5435524,83.85571,-9.180862,100.43499,-2.5613809,66.48462,4.0683784,40.582615,-2.233298,62.61149,-0.69560075,40.612377,-0.82570773,47.993362,-6.47128,44.677803,-5.9753003,71.347885,-4.225409,82.60786,-3.2325714,67.56107,-4.078712,69.544655,-6.5743585,100.89093
