chroma_stft_mean,chroma_stft_var,rms_mean,rms_var,spectral_centroid_mean,spectral_centroid_var,spectral_bandwidth_mean,spectral_bandwidth_var,rolloff_mean,rolloff_var,zero_crossing_rate_mean,zero_crossing_rate_var,harmony_mean,harmony_var,perceptr_mean,perceptr_var,tempo,mfcc1_mean,mfcc1_var,mfcc2_mean,mfcc2_var,mfcc3_mean,mfcc3_var,mfcc4_mean,mfcc4_var,mfcc5_mean,mfcc5_var,mfcc6_mean,mfcc6_var,mfcc7_mean,mfcc7_var,mfcc8_mean,mfcc8_var,mfcc9_mean,mfcc9_var,mfcc10_mean,mfcc10_var,mfcc11_mean,mfcc11_var,mfcc12_mean,mfcc12_var,mfcc13_mean,mfcc13_var,mfcc14_mean,mfcc14_var,mfcc15_mean,mfcc15_var,mfcc16_mean,mfcc16_var,mfcc17_mean,mfcc17_var,mfcc18_mean,mfcc18_var,mfcc19_mean,mfcc19_var,mfcc20_mean,mfcc20_var
0.33224925,0.08937412,0.13313222,0.0032595615,2967.826756749952,360229.338523706,2921.8330539368476,156060.17063072624,6414.7878412304235,2045281.5663050432,0.12970003746133024,0.0018900340279280575,-2.769444e-06,0.013557479,-4.6175814e-05,0.0027836147,112.34714673913044,-84.05484,1931.5216,63.09341,297.19446,5.613019,462.4111,24.932241,98.122314,6.1947927,68.67248,-2.9102545,73.20075,-0.3693892,56.81329,-1.0819333,50.971046,-4.2484245,52.071526,-2.3233378,36.387,1.573951,35.47646,1.9415085,35.069675,1.5482017,42.81158,-4.4671926,27.706484,-5.3076186,33.093018,-2.9995692,51.740913,-2.895482,47.721226,-3.3243518,47.883503,0.3182771,51.80776,-3.970713,60.64405
