chroma_stft_mean,chroma_stft_var,rms_mean,rms_var,spectral_centroid_mean,spectral_centroid_var,spectral_bandwidth_mean,spectral_bandwidth_var,rolloff_mean,rolloff_var,zero_crossing_rate_mean,zero_crossing_rate_var,harmony_mean,harmony_var,perceptr_mean,perceptr_var,tempo,mfcc1_mean,mfcc1_var,mfcc2_mean,mfcc2_var,mfcc3_mean,mfcc3_var,mfcc4_mean,mfcc4_var,mfcc5_mean,mfcc5_var,mfcc6_mean,mfcc6_var,mfcc7_mean,mfcc7_var,mfcc8_mean,mfcc8_var,mfcc9_mean,mfcc9_var,mfcc10_mean,mfcc10_var,mfcc11_mean,mfcc11_var,mfcc12_mean,mfcc12_var,mfcc13_mean,mfcc13_var,mfcc14_mean,mfcc14_var,mfcc15_mean,mfcc15_var,mfcc16_mean,mfcc16_var,mfcc17_mean,mfcc17_var,mfcc18_mean,mfcc18_var,mfcc19_mean,mfcc19_var,mfcc20_mean,mfcc20_var
0.29490557,0.091640286,0.11266223,0.004927059,2415.076791967096,510631.49037121213,2552.8255059224193,275455.7282182755,5136.026999347448,2895260.106333293,0.09553696587393658,0.001834543061217377,-5.3120057e-06,0.013255249,-4.3651067e-05,0.0014012925,83.35433467741936,-149.20642,4072.1353,79.08024,753.37897,2.012954,819.10034,27.603146,125.98709,0.32049337,108.71333,1.7403431,73.01045,-3.6078987,84.369934,-0.16264427,46.554245,-5.0342765,42.710934,1.2452917,39.205063,1.1467863,40.12657,-0.61477983,35.578014,1.8223752,48.358192,-2.055651,33.00027,-6.004061,35.93653,-4.923563,50.931717,-3.9600585,68.520805,-3.5654557,63.932163,-0.861239,83.75641,-2.1855767,90.316956
