chroma_stft_mean,chroma_stft_var,rms_mean,rms_var,spectral_centroid_mean,spectral_centroid_var,spectral_bandwidth_mean,spectral_bandwidth_var,rolloff_mean,rolloff_var,zero_crossing_rate_mean,zero_crossing_rate_var,harmony_mean,harmony_var,perceptr_mean,perceptr_var,tempo,mfcc1_mean,mfcc1_var,mfcc2_mean,mfcc2_var,mfcc3_mean,mfcc3_var,mfcc4_mean,mfcc4_var,mfcc5_mean,mfcc5_var,mfcc6_mean,mfcc6_var,mfcc7_mean,mfcc7_var,mfcc8_mean,mfcc8_var,mfcc9_mean,mfcc9_var,mfcc10_mean,mfcc10_var,mfcc11_mean,mfcc11_var,mfcc12_mean,mfcc12_var,mfcc13_mean,mfcc13_var,mfcc14_mean,mfcc14_var,mfcc15_mean,mfcc15_var,mfcc16_mean,mfcc16_var,mfcc17_mean,mfcc17_var,mfcc18_mean,mfcc18_var,mfcc19_mean,mfcc19_var,mfcc20_mean,mfcc20_var
0.30321717,0.0870023,0.119098485,0.0030140383,1733.7356811346049,147170.27840402917,2068.2160498614826,174013.42692293602,3379.9718020410382,1247156.2926767692,0.06870037884280743,0.0007671543481619761,-3.5568696e-06,0.015180714,-4.291872e-05,0.0005258259,117.45383522727273,-154.33812,3352.72,110.678246,508.6015,-22.296112,748.81354,21.155048,174.93391,4.270861,110.087494,4.7511244,83.93895,-4.084911,71.745224,-1.0139267,51.57659,-6.4087467,89.806305,-9.243103,45.161804,-3.6306064,35.91748,-5.5059047,34.33932,0.5389927,42.3595,-0.50938636,36.350784,-4.8063927,29.60802,-11.206601,42.580338,-3.9367998,30.05136,-1.469241,47.13657,-4.4135075,44.562515,-10.5978565,46.885166
