chroma_stft_mean,chroma_stft_var,rms_mean,rms_var,spectral_centroid_mean,spectral_centroid_var,spectral_bandwidth_mean,spectral_bandwidth_var,rolloff_mean,rolloff_var,zero_crossing_rate_mean,zero_crossing_rate_var,harmony_mean,harmony_var,perceptr_mean,perceptr_var,tempo,mfcc1_mean,mfcc1_var,mfcc2_mean,mfcc2_var,mfcc3_mean,mfcc3_var,mfcc4_mean,mfcc4_var,mfcc5_mean,mfcc5_var,mfcc6_mean,mfcc6_var,mfcc7_mean,mfcc7_var,mfcc8_mean,mfcc8_var,mfcc9_mean,mfcc9_var,mfcc10_mean,mfcc10_var,mfcc11_mean,mfcc11_var,mfcc12_mean,mfcc12_var,mfcc13_mean,mfcc13_var,mfcc14_mean,mfcc14_var,mfcc15_mean,mfcc15_var,mfcc16_mean,mfcc16_var,mfcc17_mean,mfcc17_var,mfcc18_mean,mfcc18_var,mfcc19_mean,mfcc19_var,mfcc20_mean,mfcc20_var
0.37041935,0.084683254,0.23172186,0.0014521435,2455.008879715117,218345.15609172292,2656.8714376589696,84720.54863596946,5469.5079601460575,1307445.7617536276,0.09425926647640061,0.001129150682151886,-0.0002373895,0.03812136,-0.0020643855,0.005356405,172.265625,-23.793097,1401.183,82.98356,281.33304,2.3204927,234.24924,29.46328,95.59074,6.617261,50.83146,6.4766674,53.10217,-0.7065422,47.30557,6.221644,46.70608,-3.372559,44.7714,5.657924,43.431553,-0.36495146,37.367237,3.1989357,40.041214,-0.21585414,49.709923,0.37417924,51.441696,-1.5756851,42.066967,1.4696423,37.644623,-5.3551126,42.463646,-0.06495787,36.065586,-1.1610721,44.04088,-0.048919372,55.25757
