chroma_stft_mean,chroma_stft_var,rms_mean,rms_var,spectral_centroid_mean,spectral_centroid_var,spectral_bandwidth_mean,spectral_bandwidth_var,rolloff_mean,rolloff_var,zero_crossing_rate_mean,zero_crossing_rate_var,harmony_mean,harmony_var,perceptr_mean,perceptr_var,tempo,mfcc1_mean,mfcc1_var,mfcc2_mean,mfcc2_var,mfcc3_mean,mfcc3_var,mfcc4_mean,mfcc4_var,mfcc5_mean,mfcc5_var,mfcc6_mean,mfcc6_var,mfcc7_mean,mfcc7_var,mfcc8_mean,mfcc8_var,mfcc9_mean,mfcc9_var,mfcc10_mean,mfcc10_var,mfcc11_mean,mfcc11_var,mfcc12_mean,mfcc12_var,mfcc13_mean,mfcc13_var,mfcc14_mean,mfcc14_var,mfcc15_mean,mfcc15_var,mfcc16_mean,mfcc16_var,mfcc17_mean,mfcc17_var,mfcc18_mean,mfcc18_var,mfcc19_mean,mfcc19_var,mfcc20_mean,mfcc20_var
0.28927255,0.10385037,0.027113363,0.00027987044,1171.3366948620223,116656.25838247576,1678.1466293123651,81540.37599215283,2580.212317376015,856976.4163651002,0.03296332717034029,0.0005079188180391094,0.00011027673,0.00081611495,0.00023359046,7.022602e-05,107.666015625,-376.71182,3311.7803,119.157196,392.02716,-2.9485693,439.77896,48.497326,92.72437,13.156253,106.35552,21.246124,83.64067,0.022175588,88.06139,8.012308,53.031998,-0.405818,95.770584,2.3731847,49.67862,-0.034592796,64.50523,0.8998019,37.04111,1.6660528,56.396873,-0.13820341,74.86927,1.3468817,59.84528,-0.17857008,81.010414,1.9938895,108.6774,2.7277164,93.15769,1.7695868,68.20324,0.46250883,84.995155
