chroma_stft_mean,chroma_stft_var,rms_mean,rms_var,spectral_centroid_mean,spectral_centroid_var,spectral_bandwidth_mean,spectral_bandwidth_var,rolloff_mean,rolloff_var,zero_crossing_rate_mean,zero_crossing_rate_var,harmony_mean,harmony_var,perceptr_mean,perceptr_var,tempo,mfcc1_mean,mfcc1_var,mfcc2_mean,mfcc2_var,mfcc3_mean,mfcc3_var,mfcc4_mean,mfcc4_var,mfcc5_mean,mfcc5_var,mfcc6_mean,mfcc6_var,mfcc7_mean,mfcc7_var,mfcc8_mean,mfcc8_var,mfcc9_mean,mfcc9_var,mfcc10_mean,mfcc10_var,mfcc11_mean,mfcc11_var,mfcc12_mean,mfcc12_var,mfcc13_mean,mfcc13_var,mfcc14_mean,mfcc14_var,mfcc15_mean,mfcc15_var,mfcc16_mean,mfcc16_var,mfcc17_mean,mfcc17_var,mfcc18_mean,mfcc18_var,mfcc19_mean,mfcc19_var,mfcc20_mean,mfcc20_var
0.4416277,0.08792933,0.043226168,0.00024073361,3026.5185290322397,1033172.774208504,3302.3417210018733,179015.73264081698,7277.273396715487,2868613.8479877864,0.10012748936581593,0.0038576351376052843,-0.00013511268,0.0011869827,-0.0007354803,0.00044837175,117.45383522727273,-228.37268,2878.587,67.55174,579.9653,37.07074,316.66498,21.323814,118.981804,17.05992,59.603592,10.132071,43.51137,10.780065,44.90738,8.01709,43.7321,2.0439801,41.59026,0.283121,50.455418,2.485475,55.33124,3.8430884,40.022293,1.5900073,53.64558,2.8501706,66.24303,0.058940418,53.951572,-0.20794104,39.650826,2.2982326,57.550465,3.2906277,62.831345,4.05468,49.976612,-0.18576421,46.04139
