chroma_stft_mean,chroma_stft_var,rms_mean,rms_var,spectral_centroid_mean,spectral_centroid_var,spectral_bandwidth_mean,spectral_bandwidth_var,rolloff_mean,rolloff_var,zero_crossing_rate_mean,zero_crossing_rate_var,harmony_mean,harmony_var,perceptr_mean,perceptr_var,tempo,mfcc1_mean,mfcc1_var,mfcc2_mean,mfcc2_var,mfcc3_mean,mfcc3_var,mfcc4_mean,mfcc4_var,mfcc5_mean,mfcc5_var,mfcc6_mean,mfcc6_var,mfcc7_mean,mfcc7_var,mfcc8_mean,mfcc8_var,mfcc9_mean,mfcc9_var,mfcc10_mean,mfcc10_var,mfcc11_mean,mfcc11_var,mfcc12_mean,mfcc12_var,mfcc13_mean,mfcc13_var,mfcc14_mean,mfcc14_var,mfcc15_mean,mfcc15_var,mfcc16_mean,mfcc16_var,mfcc17_mean,mfcc17_var,mfcc18_mean,mfcc18_var,mfcc19_mean,mfcc19_var,mfcc20_mean,mfcc20_var
0.32803315,0.08655912,0.022786215,0.00023893478,1266.4884313587363,301890.4940707094,1691.2917034209945,217327.43581493644,2410.6862220852668,1779535.0154773328,0.059293884135730855,0.0010742266412839172,6.560887e-05,0.00042523822,0.00022205172,0.000108726,135.99917763157896,-345.75772,10113.175,146.97388,1288.6447,-0.50894165,521.9457,22.634275,134.67113,5.8155456,96.69115,10.363343,55.179623,-0.15792401,53.92851,-1.7160186,57.05857,-6.119844,46.948147,-0.522886,48.356506,1.0385454,52.09065,1.2205256,46.223938,-1.9355481,64.4804,-5.546963,62.344246,-4.404171,53.5801,-2.5870383,44.14142,-5.189254,43.25659,-5.428416,45.67901,-3.1186116,52.634304,-0.7985719,98.261055
