chroma_stft_mean,chroma_stft_var,rms_mean,rms_var,spectral_centroid_mean,spectral_centroid_var,spectral_bandwidth_mean,spectral_bandwidth_var,rolloff_mean,rolloff_var,zero_crossing_rate_mean,zero_crossing_rate_var,harmony_mean,harmony_var,perceptr_mean,perceptr_var,tempo,mfcc1_mean,mfcc1_var,mfcc2_mean,mfcc2_var,mfcc3_mean,mfcc3_var,mfcc4_mean,mfcc4_var,mfcc5_mean,mfcc5_var,mfcc6_mean,mfcc6_var,mfcc7_mean,mfcc7_var,mfcc8_mean,mfcc8_var,mfcc9_mean,mfcc9_var,mfcc10_mean,mfcc10_var,mfcc11_mean,mfcc11_var,mfcc12_mean,mfcc12_var,mfcc13_mean,mfcc13_var,mfcc14_mean,mfcc14_var,mfcc15_mean,mfcc15_var,mfcc16_mean,mfcc16_var,mfcc17_mean,mfcc17_var,mfcc18_mean,mfcc18_var,mfcc19_mean,mfcc19_var,mfcc20_mean,mfcc20_var
0.28261486,0.08714486,0.058648378,0.00039916116,1748.3486883454464,132278.32629453565,1947.9220004793153,68567.10425200601,3685.416874365574,778183.6183587309,0.07930246398878577,0.0006543605548130507,-0.0012893401,0.0027489513,-0.0009292901,0.0003859656,129.19921875,-204.78166,1650.203,117.437454,328.4434,-20.935831,139.05463,42.01605,81.233635,-10.355554,89.59743,19.221495,77.84983,-11.642017,65.85991,7.983561,42.171955,-20.268,48.262516,8.788082,52.66539,-11.700527,70.98743,5.1742787,80.873405,-11.235281,64.96342,6.0680923,100.24516,-5.1426425,109.649025,7.816154,92.99261,-1.2077183,75.93978,-1.0720739,82.02084,-3.160539,76.69001,-1.5368346,72.532364
