chroma_stft_mean,chroma_stft_var,rms_mean,rms_var,spectral_centroid_mean,spectral_centroid_var,spectral_bandwidth_mean,spectral_bandwidth_var,rolloff_mean,rolloff_var,zero_crossing_rate_mean,zero_crossing_rate_var,harmony_mean,harmony_var,perceptr_mean,perceptr_var,tempo,mfcc1_mean,mfcc1_var,mfcc2_mean,mfcc2_var,mfcc3_mean,mfcc3_var,mfcc4_mean,mfcc4_var,mfcc5_mean,mfcc5_var,mfcc6_mean,mfcc6_var,mfcc7_mean,mfcc7_var,mfcc8_mean,mfcc8_var,mfcc9_mean,mfcc9_var,mfcc10_mean,mfcc10_var,mfcc11_mean,mfcc11_var,mfcc12_mean,mfcc12_var,mfcc13_mean,mfcc13_var,mfcc14_mean,mfcc14_var,mfcc15_mean,mfcc15_var,mfcc16_mean,mfcc16_var,mfcc17_mean,mfcc17_var,mfcc18_mean,mfcc18_var,mfcc19_mean,mfcc19_var,mfcc20_mean,mfcc20_var
0.2669193,0.08975035,0.085318066,0.000738536,749.4465657215494,45832.97665899704,1211.2293162151411,87505.17636685759,1134.090358088022,230534.2383214093,0.03168654534029389,0.00013657724113224615,-5.055322e-06,0.007240996,-4.1559364e-05,0.00022142263,112.34714673913044,-296.7094,1304.4321,172.36177,402.67883,16.870981,241.6577,18.944475,103.822,1.3714188,97.860146,14.397394,86.21167,1.0102301,90.62646,9.526041,62.903385,-7.4072003,73.08348,3.5161073,48.96806,-7.660177,56.5429,-0.1054814,58.614582,-7.9482703,99.61025,-3.1879528,103.51709,-8.082698,78.55014,-4.0588837,91.01997,-0.8463891,88.98673,-3.867245,65.59715,-2.8241124,87.68126,-6.922983,63.050747
