chroma_stft_mean,chroma_stft_var,rms_mean,rms_var,spectral_centroid_mean,spectral_centroid_var,spectral_bandwidth_mean,spectral_bandwidth_var,rolloff_mean,rolloff_var,zero_crossing_rate_mean,zero_crossing_rate_var,harmony_mean,harmony_var,perceptr_mean,perceptr_var,tempo,mfcc1_mean,mfcc1_var,mfcc2_mean,mfcc2_var,mfcc3_mean,mfcc3_var,mfcc4_mean,mfcc4_var,mfcc5_mean,mfcc5_var,mfcc6_mean,mfcc6_var,mfcc7_mean,mfcc7_var,mfcc8_mean,mfcc8_var,mfcc9_mean,mfcc9_var,mfcc10_mean,mfcc10_var,mfcc11_mean,mfcc11_var,mfcc12_mean,mfcc12_var,mfcc13_mean,mfcc13_var,mfcc14_mean,mfcc14_var,mfcc15_mean,mfcc15_var,mfcc16_mean,mfcc16_var,mfcc17_mean,mfcc17_var,mfcc18_mean,mfcc18_var,mfcc19_mean,mfcc19_var,mfcc20_mean,mfcc20_var
0.2909686,0.095819466,0.091520354,0.0015024659,2428.058768410789,442260.79214417096,3007.019818392754,230585.53795553232,5925.969141984484,3763249.63079968,0.069027032579273,0.0010472418081284459,-6.283954e-05,0.008680665,-0.00013049891,0.00035775677,129.19921875,-192.53928,3036.4338,80.96841,449.81458,25.694563,460.50546,18.537584,113.92494,14.170472,79.532555,1.2607205,81.5488,4.087108,43.8935,-1.4164065,69.535355,2.6693683,83.571236,5.248078,72.59534,3.7233064,82.628975,0.29042122,138.38567,7.335002,144.4481,0.88382834,122.243744,-1.2182316,86.30514,-1.3406188,89.9005,1.1556469,58.0852,2.6758966,70.244705,3.225018,130.20036,-3.0074213,137.06126
