chroma_stft_mean,chroma_stft_var,rms_mean,rms_var,spectral_centroid_mean,spectral_centroid_var,spectral_bandwidth_mean,spectral_bandwidth_var,rolloff_mean,rolloff_var,zero_crossing_rate_mean,zero_crossing_rate_var,harmony_mean,harmony_var,perceptr_mean,perceptr_var,tempo,mfcc1_mean,mfcc1_var,mfcc2_mean,mfcc2_var,mfcc3_mean,mfcc3_var,mfcc4_mean,mfcc4_var,mfcc5_mean,mfcc5_var,mfcc6_mean,mfcc6_var,mfcc7_mean,mfcc7_var,mfcc8_mean,mfcc8_var,mfcc9_mean,mfcc9_var,mfcc10_mean,mfcc10_var,mfcc11_mean,mfcc11_var,mfcc12_mean,mfcc12_var,mfcc13_mean,mfcc13_var,mfcc14_mean,mfcc14_var,mfcc15_mean,mfcc15_var,mfcc16_mean,mfcc16_var,mfcc17_mean,mfcc17_var,mfcc18_mean,mfcc18_var,mfcc19_mean,mfcc19_var,mfcc20_mean,mfcc20_var
0.300457,0.08830557,0.07116314,0.0010230212,1825.7919934437014,130056.44467311268,2108.133619273554,99303.18410714998,4011.2377193300463,1186942.345617523,0.0768886250483372,0.0007207446968693945,1.9466803e-05,0.004362055,0.00012548092,0.0005908744,99.38401442307692,-192.50862,1729.111,113.1928,307.81927,-6.3497915,365.72116,39.581062,80.022026,-9.180212,47.384346,17.197966,49.87767,-19.102737,54.467552,12.200302,41.100075,-15.4702015,39.426792,9.694097,34.48878,-10.955244,34.670605,12.916771,47.162296,-7.2863307,38.465694,8.491094,31.92289,-4.1638837,37.126125,0.9719224,60.28742,-7.1346455,59.05659,1.189393,54.246433,-1.1828434,65.22001,-1.2998313,67.68112
