chroma_stft_mean,chroma_stft_var,rms_mean,rms_var,spectral_centroid_mean,spectral_centroid_var,spectral_bandwidth_mean,spectral_bandwidth_var,rolloff_mean,rolloff_var,zero_crossing_rate_mean,zero_crossing_rate_var,harmony_mean,harmony_var,perceptr_mean,perceptr_var,tempo,mfcc1_mean,mfcc1_var,mfcc2_mean,mfcc2_var,mfcc3_mean,mfcc3_var,mfcc4_mean,mfcc4_var,mfcc5_mean,mfcc5_var,mfcc6_mean,mfcc6_var,mfcc7_mean,mfcc7_var,mfcc8_mean,mfcc8_var,mfcc9_mean,mfcc9_var,mfcc10_mean,mfcc10_var,mfcc11_mean,mfcc11_var,mfcc12_mean,mfcc12_var,mfcc13_mean,mfcc13_var,mfcc14_mean,mfcc14_var,mfcc15_mean,mfcc15_var,mfcc16_mean,mfcc16_var,mfcc17_mean,mfcc17_var,mfcc18_mean,mfcc18_var,mfcc19_mean,mfcc19_var,mfcc20_mean,mfcc20_var
0.24765107,0.090189256,0.0822344,0.0015969966,1311.144563027034,144885.91000934094,1446.212827423749,37165.273158374504,2723.742024361949,712305.9498315665,0.07648568916763342,0.0011431602800037863,-0.00016226244,0.0058468077,-0.0010580587,0.00094630226,99.38401442307692,-237.3255,5125.2183,146.8242,240.66241,-24.415499,550.88245,64.26624,197.7105,-10.813705,330.75876,3.2741916,147.8824,-1.3289616,211.68639,2.707299,176.94984,5.1439767,80.029724,0.40130156,113.2167,9.623003,136.8075,2.5155437,155.48073,3.119005,94.05398,7.749035,74.62127,-1.5282729,112.95519,1.7393163,95.25182,0.7831881,92.97495,-2.4423103,95.445335,4.0167513,76.90656,-1.9916267,91.24287
