chroma_stft_mean,chroma_stft_var,rms_mean,rms_var,spectral_centroid_mean,spectral_centroid_var,spectral_bandwidth_mean,spectral_bandwidth_var,rolloff_mean,rolloff_var,zero_crossing_rate_mean,zero_crossing_rate_var,harmony_mean,harmony_var,perceptr_mean,perceptr_var,tempo,mfcc1_mean,mfcc1_var,mfcc2_mean,mfcc2_var,mfcc3_mean,mfcc3_var,mfcc4_mean,mfcc4_var,mfcc5_mean,mfcc5_var,mfcc6_mean,mfcc6_var,mfcc7_mean,mfcc7_var,mfcc8_mean,mfcc8_var,mfcc9_mean,mfcc9_var,mfcc10_mean,mfcc10_var,mfcc11_mean,mfcc11_var,mfcc12_mean,mfcc12_var,mfcc13_mean,mfcc13_var,mfcc14_mean,mfcc14_var,mfcc15_mean,mfcc15_var,mfcc16_mean,mfcc16_var,mfcc17_mean,mfcc17_var,mfcc18_mean,mfcc18_var,mfcc19_mean,mfcc19_var,mfcc20_mean,mfcc20_var
0.28051287,0.09727387,0.045032978,0.00081280846,1787.7638893804722,464681.9769122591,2485.50184386976,150026.53275209648,3905.2287444714325,2993894.4950853805,0.06275188212973705,0.0033828964965398178,-2.6149659e-05,0.0026868598,-0.00016115754,2.9977076e-05,117.45383522727273,-322.4348,2505.06,90.67423,614.42755,27.020731,276.8053,37.843822,160.92213,19.696075,62.715717,4.6111484,75.04328,3.0710328,67.261795,7.9741745,63.51402,1.9310689,75.91697,2.0824645,59.000225,0.44003138,80.72531,4.8904376,51.34247,13.061074,87.63922,0.40732214,142.1942,-0.72353923,105.53326,4.714577,88.06116,1.2368989,71.74985,-3.7502081,82.897964,1.6869793,81.693436,0.39352882,81.91887
