chroma_stft_mean,chroma_stft_var,rms_mean,rms_var,spectral_centroid_mean,spectral_centroid_var,spectral_bandwidth_mean,spectral_bandwidth_var,rolloff_mean,rolloff_var,zero_crossing_rate_mean,zero_crossing_rate_var,harmony_mean,harmony_var,perceptr_mean,perceptr_var,tempo,mfcc1_mean,mfcc1_var,mfcc2_mean,mfcc2_var,mfcc3_mean,mfcc3_var,mfcc4_mean,mfcc4_var,mfcc5_mean,mfcc5_var,mfcc6_mean,mfcc6_var,mfcc7_mean,mfcc7_var,mfcc8_mean,mfcc8_var,mfcc9_mean,mfcc9_var,mfcc10_mean,mfcc10_var,mfcc11_mean,mfcc11_var,mfcc12_mean,mfcc12_var,mfcc13_mean,mfcc13_var,mfcc14_mean,mfcc14_var,mfcc15_mean,mfcc15_var,mfcc16_mean,mfcc16_var,mfcc17_mean,mfcc17_var,mfcc18_mean,mfcc18_var,mfcc19_mean,mfcc19_var,mfcc20_mean,mfcc20_var
0.28520375,0.09072506,0.09949384,0.0039381767,1382.8810942210137,186901.92005886007,1643.4574817138032,37149.75581294016,2833.0734075913574,1091450.7912907891,0.06120433645108275,0.0008585861971075529,-0.0010294686,0.00903826,-0.0006771892,0.0016338845,129.19921875,-204.40417,4915.2056,138.56189,692.2209,-10.771317,443.95184,46.531643,124.354454,-22.296581,146.1654,9.674001,90.3221,-11.094681,69.2653,-17.79282,104.94312,-7.5867662,60.456764,-1.6089342,40.944733,-7.6591063,34.877403,-1.0280541,30.819092,-9.978247,44.71433,-6.6651998,48.19603,-3.8621953,45.702564,-5.0645194,53.611633,-2.032324,74.08404,-0.26289272,61.968895,-3.186623,101.99516,-2.4351888,101.25674
