chroma_stft_mean,chroma_stft_var,rms_mean,rms_var,spectral_centroid_mean,spectral_centroid_var,spectral_bandwidth_mean,spectral_bandwidth_var,rolloff_mean,rolloff_var,zero_crossing_rate_mean,zero_crossing_rate_var,harmony_mean,harmony_var,perceptr_mean,perceptr_var,tempo,mfcc1_mean,mfcc1_var,mfcc2_mean,mfcc2_var,mfcc3_mean,mfcc3_var,mfcc4_mean,mfcc4_var,mfcc5_mean,mfcc5_var,mfcc6_mean,mfcc6_var,mfcc7_mean,mfcc7_var,mfcc8_mean,mfcc8_var,mfcc9_mean,mfcc9_var,mfcc10_mean,mfcc10_var,mfcc11_mean,mfcc11_var,mfcc12_mean,mfcc12_var,mfcc13_mean,mfcc13_var,mfcc14_mean,mfcc14_var,mfcc15_mean,mfcc15_var,mfcc16_mean,mfcc16_var,mfcc17_mean,mfcc17_var,mfcc18_mean,mfcc18_var,mfcc19_mean,mfcc19_var,mfcc20_mean,mfcc20_var
0.2988261,0.09320505,0.044383854,0.00046189438,1873.8376247337094,514416.00010535074,2083.7564324906316,178162.95462105083,4008.739667923434,2663951.6733801393,0.07771677723801237,0.002114606703982812,-6.523535e-08,0.0019681966,-3.0632862e-05,0.00016420655,135.99917763157896,-277.2662,4328.376,95.78777,907.483,-2.9489675,515.3319,43.91847,221.712,1.9368116,160.32664,22.255892,79.771996,-6.1426473,116.802795,22.457829,65.855934,-12.839392,95.09547,10.77821,67.24579,-7.5335217,97.60816,3.594645,67.419914,-5.0788703,45.14215,6.760825,57.77282,3.6342125,95.74892,6.721114,166.9835,1.7767836,101.37926,-2.1216643,47.93289,-5.3743963,141.98398,-5.3303504,129.32062
