chroma_stft_mean,chroma_stft_var,rms_mean,rms_var,spectral_centroid_mean,spectral_centroid_var,spectral_bandwidth_mean,spectral_bandwidth_var,rolloff_mean,rolloff_var,zero_crossing_rate_mean,zero_crossing_rate_var,harmony_mean,harmony_var,perceptr_mean,perceptr_var,tempo,mfcc1_mean,mfcc1_var,mfcc2_mean,mfcc2_var,mfcc3_mean,mfcc3_var,mfcc4_mean,mfcc4_var,mfcc5_mean,mfcc5_var,mfcc6_mean,mfcc6_var,mfcc7_mean,mfcc7_var,mfcc8_mean,mfcc8_var,mfcc9_mean,mfcc9_var,mfcc10_mean,mfcc10_var,mfcc11_mean,mfcc11_var,mfcc12_mean,mfcc12_var,mfcc13_mean,mfcc13_var,mfcc14_mean,mfcc14_var,mfcc15_mean,mfcc15_var,mfcc16_mean,mfcc16_var,mfcc17_mean,mfcc17_var,mfcc18_mean,mfcc18_var,mfcc19_mean,mfcc19_var,mfcc20_mean,mfcc20_var
0.30428433,0.09124722,0.03632046,0.00017280251,2235.2480118461262,164732.95515819424,2259.068865089602,67277.53509050261,4683.488333363544,927939.8718143734,0.09937373114849188,0.0010211578117019298,-6.0088564e-06,0.00070045376,-4.728238e-05,0.00031522382,112.34714673913044,-232.95944,1298.6578,93.831406,334.4533,-16.192348,272.7967,49.591522,101.67335,-13.951524,86.00032,13.50087,69.66378,-11.832385,45.352318,13.296763,34.203102,-25.825914,45.620605,17.382801,32.738113,-13.31809,24.473055,9.286802,36.62068,-5.4947696,45.486427,1.928136,50.86492,-14.406503,47.97882,2.5930336,39.245872,-11.4844055,48.935604,-1.2346402,84.01326,-5.207077,71.637505,-3.8731632,75.12071
