chroma_stft_mean,chroma_stft_var,rms_mean,rms_var,spectral_centroid_mean,spectral_centroid_var,spectral_bandwidth_mean,spectral_bandwidth_var,rolloff_mean,rolloff_var,zero_crossing_rate_mean,zero_crossing_rate_var,harmony_mean,harmony_var,perceptr_mean,perceptr_var,tempo,mfcc1_mean,mfcc1_var,mfcc2_mean,mfcc2_var,mfcc3_mean,mfcc3_var,mfcc4_mean,mfcc4_var,mfcc5_mean,mfcc5_var,mfcc6_mean,mfcc6_var,mfcc7_mean,mfcc7_var,mfcc8_mean,mfcc8_var,mfcc9_mean,mfcc9_var,mfcc10_mean,mfcc10_var,mfcc11_mean,mfcc11_var,mfcc12_mean,mfcc12_var,mfcc13_mean,mfcc13_var,mfcc14_mean,mfcc14_var,mfcc15_mean,mfcc15_var,mfcc16_mean,mfcc16_var,mfcc17_mean,mfcc17_var,mfcc18_mean,mfcc18_var,mfcc19_mean,mfcc19_var,mfcc20_mean,mfcc20_var
0.23510405,0.08958502,0.029581375,0.00017571154,1687.9309171434163,258573.8943887147,1762.9877729056168,59397.87665527116,3354.8497317285382,902221.553705528,0.08464938913863108,0.0028370838445353364,-2.1270291e-06,0.00093647075,-2.9036177e-05,3.2334876e-05,117.45383522727273,-319.02478,2530.5928,115.672615,846.27203,-23.037462,543.5265,52.595093,163.47076,-12.8111315,144.20302,14.634927,68.49141,-8.212764,69.69925,0.3054488,59.463245,-23.86931,83.013,10.836662,68.70083,-9.588442,60.582016,7.4765005,87.518234,-4.249779,86.301544,2.9903617,75.4216,-4.4033146,106.9662,-1.0478277,93.7304,-5.3929143,138.14136,-5.510073,102.30166,-6.9689856,59.705494,-1.7196769,105.21678
