chroma_stft_mean,chroma_stft_var,rms_mean,rms_var,spectral_centroid_mean,spectral_centroid_var,spectral_bandwidth_mean,spectral_bandwidth_var,rolloff_mean,rolloff_var,zero_crossing_rate_mean,zero_crossing_rate_var,harmony_mean,harmony_var,perceptr_mean,perceptr_var,tempo,mfcc1_mean,mfcc1_var,mfcc2_mean,mfcc2_var,mfcc3_mean,mfcc3_var,mfcc4_mean,mfcc4_var,mfcc5_mean,mfcc5_var,mfcc6_mean,mfcc6_var,mfcc7_mean,mfcc7_var,mfcc8_mean,mfcc8_var,mfcc9_mean,mfcc9_var,mfcc10_mean,mfcc10_var,mfcc11_mean,mfcc11_var,mfcc12_mean,mfcc12_var,mfcc13_mean,mfcc13_var,mfcc14_mean,mfcc14_var,mfcc15_mean,mfcc15_var,mfcc16_mean,mfcc16_var,mfcc17_mean,mfcc17_var,mfcc18_mean,mfcc18_var,mfcc19_mean,mfcc19_var,mfcc20_mean,mfcc20_var
0.23734923,0.09282822,0.03976792,0.00040921682,1077.268000729875,231560.12579770887,1539.2702937086303,214122.48318781026,2111.702776065835,1977850.1022297512,0.04150088517498066,0.0003842385444919004,-2.9581695e-06,0.0017692336,-2.4586636e-05,7.264484e-05,123.046875,-366.40802,3652.0166,131.7068,731.5408,16.492437,482.0096,36.311737,123.175995,5.05857,140.24635,14.669265,123.4922,-6.169326,108.57026,4.7203755,94.23046,-9.589378,87.22876,-1.2988945,71.91494,-2.697992,80.93837,1.5731221,95.75297,-2.2846935,82.57255,-0.19031337,111.88723,-3.2673085,129.34967,-4.686543,97.29611,-3.5690515,131.79198,-3.9660823,121.761055,-1.8257625,103.03767,-0.9271128,142.80049
