chroma_stft_mean,chroma_stft_var,rms_mean,rms_var,spectral_centroid_mean,spectral_centroid_var,spectral_bandwidth_mean,spectral_bandwidth_var,rolloff_mean,rolloff_var,zero_crossing_rate_mean,zero_crossing_rate_var,harmony_mean,harmony_var,perceptr_mean,perceptr_var,tempo,mfcc1_mean,mfcc1_var,mfcc2_mean,mfcc2_var,mfcc3_mean,mfcc3_var,mfcc4_mean,mfcc4_var,mfcc5_mean,mfcc5_var,mfcc6_mean,mfcc6_var,mfcc7_mean,mfcc7_var,mfcc8_mean,mfcc8_var,mfcc9_mean,mfcc9_var,mfcc10_mean,mfcc10_var,mfcc11_mean,mfcc11_var,mfcc12_mean,mfcc12_var,mfcc13_mean,mfcc13_var,mfcc14_mean,mfcc14_var,mfcc15_mean,mfcc15_var,mfcc16_mean,mfcc16_var,mfcc17_mean,mfcc17_var,mfcc18_mean,mfcc18_var,mfcc19_mean,mfcc19_var,mfcc20_mean,mfcc20_var
0.25775722,0.0845029,0.17286155,0.0015484396,1579.597166735635,119052.00280756809,1854.2680441845785,55039.763204733106,2967.9326156897046,567967.6549746771,0.0883246111723543,0.0009838070014747636,-0.0003410959,0.025832191,-0.0010991234,0.0015431788,129.19921875,-118.444305,1570.2837,122.29463,726.76746,-12.950322,217.09972,26.842342,61.688694,4.370559,78.84083,6.8966103,74.06818,-6.817066,43.28258,-0.3957851,54.71181,-8.276584,75.04546,-5.0274334,90.48187,-4.3593554,101.35165,0.33117357,131.18501,-4.525175,109.89609,2.841595,91.59368,-5.1669016,139.93225,5.3363433,202.91516,-1.2348735,129.45404,3.5798876,146.32866,-0.5133126,135.3561,0.31711367,156.16571
