chroma_stft_mean,chroma_stft_var,rms_mean,rms_var,spectral_centroid_mean,spectral_centroid_var,spectral_bandwidth_mean,spectral_bandwidth_var,rolloff_mean,rolloff_var,zero_crossing_rate_mean,zero_crossing_rate_var,harmony_mean,harmony_var,perceptr_mean,perceptr_var,tempo,mfcc1_mean,mfcc1_var,mfcc2_mean,mfcc2_var,mfcc3_mean,mfcc3_var,mfcc4_mean,mfcc4_var,mfcc5_mean,mfcc5_var,mfcc6_mean,mfcc6_var,mfcc7_mean,mfcc7_var,mfcc8_mean,mfcc8_var,mfcc9_mean,mfcc9_var,mfcc10_mean,mfcc10_var,mfcc11_mean,mfcc11_var,mfcc12_mean,mfcc12_var,mfcc13_mean,mfcc13_var,mfcc14_mean,mfcc14_var,mfcc15_mean,mfcc15_var,mfcc16_mean,mfcc16_var,mfcc17_mean,mfcc17_var,mfcc18_mean,mfcc18_var,mfcc19_mean,mfcc19_var,mfcc20_mean,mfcc20_var
0.32517004,0.09521193,0.04059417,0.00025090703,1769.4282675269487,106231.67628836869,2113.3603976094173,75922.39523664922,3966.4393307714618,674618.0010487569,0.06268088686678268,0.0006750044028758599,-9.4077876e-07,0.001319301,-5.7003806e-05,0.0001758114,143.5546875,-262.10797,1959.5503,108.99054,227.99382,-6.340923,404.1706,55.173943,56.83865,-10.668641,54.92678,18.520815,56.591084,-4.25078,41.26634,18.553394,29.679052,-19.70442,67.71144,17.577572,32.96856,-10.98687,34.909634,11.923827,33.736164,-3.4338589,38.759716,7.191704,39.671406,-8.850467,39.647957,4.982307,38.040627,-4.036402,66.73527,-0.1110627,108.95925,-0.8182105,105.22235,-0.6121905,80.69683
