chroma_stft_mean,chroma_stft_var,rms_mean,rms_var,spectral_centroid_mean,spectral_centroid_var,spectral_bandwidth_mean,spectral_bandwidth_var,rolloff_mean,rolloff_var,zero_crossing_rate_mean,zero_crossing_rate_var,harmony_mean,harmony_var,perceptr_mean,perceptr_var,tempo,mfcc1_mean,mfcc1_var,mfcc2_mean,mfcc2_var,mfcc3_mean,mfcc3_var,mfcc4_mean,mfcc4_var,mfcc5_mean,mfcc5_var,mfcc6_mean,mfcc6_var,mfcc7_mean,mfcc7_var,mfcc8_mean,mfcc8_var,mfcc9_mean,mfcc9_var,mfcc10_mean,mfcc10_var,mfcc11_mean,mfcc11_var,mfcc12_mean,mfcc12_var,mfcc13_mean,mfcc13_var,mfcc14_mean,mfcc14_var,mfcc15_mean,mfcc15_var,mfcc16_mean,mfcc16_var,mfcc17_mean,mfcc17_var,mfcc18_mean,mfcc18_var,mfcc19_mean,mfcc19_var,mfcc20_mean,mfcc20_var
0.28082547,0.099417895,0.040505677,0.00056919875,1522.089431119844,327091.20851047477,1909.705793787319,184821.2844021552,3252.079896860499,2366846.1503078323,0.061381069339713844,0.001162461703100764,-2.0135944e-06,0.0013025576,-3.8665105e-05,0.0004493755,129.19921875,-305.4654,3648.5413,121.930756,737.356,2.6112542,187.6212,36.931583,85.276474,-8.555872,76.812706,17.913818,70.21452,-9.265583,72.698524,10.559932,55.510273,-9.93475,61.367992,2.3150373,54.613194,-12.682137,69.794395,0.3106361,42.874485,-8.614856,93.36684,2.594071,70.81155,-6.972399,117.09276,-2.9206765,99.89994,-4.648791,105.11717,-3.2457757,125.645386,-4.4447026,137.32053,-3.9541612,95.28036
