chroma_stft_mean,chroma_stft_var,rms_mean,rms_var,spectral_centroid_mean,spectral_centroid_var,spectral_bandwidth_mean,spectral_bandwidth_var,rolloff_mean,rolloff_var,zero_crossing_rate_mean,zero_crossing_rate_var,harmony_mean,harmony_var,perceptr_mean,perceptr_var,tempo,mfcc1_mean,mfcc1_var,mfcc2_mean,mfcc2_var,mfcc3_mean,mfcc3_var,mfcc4_mean,mfcc4_var,mfcc5_mean,mfcc5_var,mfcc6_mean,mfcc6_var,mfcc7_mean,mfcc7_var,mfcc8_mean,mfcc8_var,mfcc9_mean,mfcc9_var,mfcc10_mean,mfcc10_var,mfcc11_mean,mfcc11_var,mfcc12_mean,mfcc12_var,mfcc13_mean,mfcc13_var,mfcc14_mean,mfcc14_var,mfcc15_mean,mfcc15_var,mfcc16_mean,mfcc16_var,mfcc17_mean,mfcc17_var,mfcc18_mean,mfcc18_var,mfcc19_mean,mfcc19_var,mfcc20_mean,mfcc20_var
0.3111123,0.093661696,0.043577813,0.0001686129,1752.7248668089467,91549.21678942734,1990.315447100089,51495.5184571887,3733.795803273637,496164.62059217907,0.07237627187258314,0.0009019905167029886,-0.0009971609,0.0012381745,-0.000945007,0.00027238077,112.34714673913044,-237.51991,1571.7795,115.94363,288.4214,-15.43163,460.77817,47.1034,84.65039,-13.503622,44.574837,18.200197,41.432,-13.963652,39.08331,15.332401,26.733294,-17.526098,29.686258,13.422289,28.643162,-6.228496,41.177742,8.632212,58.928123,-7.2494073,40.368786,4.78334,47.261406,-4.4008846,58.29945,4.501258,114.39054,-4.273334,82.67748,2.3218331,88.21102,-9.921097,110.68961,-4.3268046,81.92211
