chroma_stft_mean,chroma_stft_var,rms_mean,rms_var,spectral_centroid_mean,spectral_centroid_var,spectral_bandwidth_mean,spectral_bandwidth_var,rolloff_mean,rolloff_var,zero_crossing_rate_mean,zero_crossing_rate_var,harmony_mean,harmony_var,perceptr_mean,perceptr_var,tempo,mfcc1_mean,mfcc1_var,mfcc2_mean,mfcc2_var,mfcc3_mean,mfcc3_var,mfcc4_mean,mfcc4_var,mfcc5_mean,mfcc5_var,mfcc6_mean,mfcc6_var,mfcc7_mean,mfcc7_var,mfcc8_mean,mfcc8_var,mfcc9_mean,mfcc9_var,mfcc10_mean,mfcc10_var,mfcc11_mean,mfcc11_var,mfcc12_mean,mfcc12_var,mfcc13_mean,mfcc13_var,mfcc14_mean,mfcc14_var,mfcc15_mean,mfcc15_var,mfcc16_mean,mfcc16_var,mfcc17_mean,mfcc17_var,mfcc18_mean,mfcc18_var,mfcc19_mean,mfcc19_var,mfcc20_mean,mfcc20_var
0.19718057,0.091720045,0.093775615,0.0022389982,1169.7729218908696,119971.53913212579,1355.2739051651308,60304.350374236805,1958.322419699826,696216.8183202661,0.06482660539926527,0.00070711567449989,-1.7793043e-06,0.009692292,-1.2424252e-05,0.000514027,99.38401442307692,-291.9705,2538.1265,137.69984,910.25336,2.6473358,588.48474,35.658165,147.44246,-12.313128,120.367615,15.604982,84.97864,-6.7887726,93.78824,-2.845075,64.141266,-3.7737763,63.19472,-3.4614394,130.07785,-1.7078487,176.64517,10.411185,254.75319,8.302555,197.42505,5.2136855,279.05795,0.32289383,426.2803,0.390247,393.00574,-1.4703425,188.0285,-0.7686428,215.57579,-6.323998,230.8408,-5.503818,210.65468
