chroma_stft_mean,chroma_stft_var,rms_mean,rms_var,spectral_centroid_mean,spectral_centroid_var,spectral_bandwidth_mean,spectral_bandwidth_var,rolloff_mean,rolloff_var,zero_crossing_rate_mean,zero_crossing_rate_var,harmony_mean,harmony_var,perceptr_mean,perceptr_var,tempo,mfcc1_mean,mfcc1_var,mfcc2_mean,mfcc2_var,mfcc3_mean,mfcc3_var,mfcc4_mean,mfcc4_var,mfcc5_mean,mfcc5_var,mfcc6_mean,mfcc6_var,mfcc7_mean,mfcc7_var,mfcc8_mean,mfcc8_var,mfcc9_mean,mfcc9_var,mfcc10_mean,mfcc10_var,mfcc11_mean,mfcc11_var,mfcc12_mean,mfcc12_var,mfcc13_mean,mfcc13_var,mfcc14_mean,mfcc14_var,mfcc15_mean,mfcc15_var,mfcc16_mean,mfcc16_var,mfcc17_mean,mfcc17_var,mfcc18_mean,mfcc18_var,mfcc19_mean,mfcc19_var,mfcc20_mean,mfcc20_var
0.27395102,0.097518615,0.069750376,0.0018634461,1193.6599936500752,134018.43521613895,1559.708376046556,51267.63832744441,2479.890572886456,819135.1643425301,0.042435530259087396,0.0004140296369492321,-0.00081397494,0.004862302,-0.0010161883,0.0006672231,95.703125,-260.92548,4982.7856,138.5347,447.53708,-16.334736,344.65598,49.145832,111.36261,-5.2526445,219.26506,19.349974,35.003826,2.2014174,117.78669,5.547832,49.687996,-7.8814015,90.91291,-0.20591298,34.492065,-1.6223301,47.38073,-1.7267847,27.775316,3.9365222,24.169685,0.22941414,27.802519,-0.43434495,28.443518,0.23078577,24.120298,1.5157399,35.148056,-2.2397757,30.977251,-1.4580462,37.5245,-5.1618705,69.80475
