chroma_stft_mean,chroma_stft_var,rms_mean,rms_var,spectral_centroid_mean,spectral_centroid_var,spectral_bandwidth_mean,spectral_bandwidth_var,rolloff_mean,rolloff_var,zero_crossing_rate_mean,zero_crossing_rate_var,harmony_mean,harmony_var,perceptr_mean,perceptr_var,tempo,mfcc1_mean,mfcc1_var,mfcc2_mean,mfcc2_var,mfcc3_mean,mfcc3_var,mfcc4_mean,mfcc4_var,mfcc5_mean,mfcc5_var,mfcc6_mean,mfcc6_var,mfcc7_mean,mfcc7_var,mfcc8_mean,mfcc8_var,mfcc9_mean,mfcc9_var,mfcc10_mean,mfcc10_var,mfcc11_mean,mfcc11_var,mfcc12_mean,mfcc12_var,mfcc13_mean,mfcc13_var,mfcc14_mean,mfcc14_var,mfcc15_mean,mfcc15_var,mfcc16_mean,mfcc16_var,mfcc17_mean,mfcc17_var,mfcc18_mean,mfcc18_var,mfcc19_mean,mfcc19_var,mfcc20_mean,mfcc20_var
0.2739362,0.09753519,0.06974877,0.0018634936,1169.4396755831438,132819.66573515153,1498.6352447669815,51756.38206172476,2443.793730060905,813139.7730114931,0.04233319134280743,0.00041780972731349957,-0.00081922853,0.004862727,-0.0010183809,0.00066681183,95.703125,-261.82486,4904.9287,139.53577,433.7819,-17.112345,374.26672,49.890068,116.41077,-5.8632746,241.28221,19.849518,37.079605,1.8529809,126.43255,5.7118235,48.857403,-7.836344,94.51545,-0.4240012,34.782272,-1.2595353,46.162457,-2.1943364,28.114374,4.4571304,24.450514,-0.32105994,28.19053,0.10199593,27.173111,-0.27949727,26.301365,1.9864297,33.875412,-2.6370404,32.56624,-1.1560912,38.23954,-5.3733764,69.4124
