chroma_stft_mean,chroma_stft_var,rms_mean,rms_var,spectral_centroid_mean,spectral_centroid_var,spectral_bandwidth_mean,spectral_bandwidth_var,rolloff_mean,rolloff_var,zero_crossing_rate_mean,zero_crossing_rate_var,harmony_mean,harmony_var,perceptr_mean,perceptr_var,tempo,mfcc1_mean,mfcc1_var,mfcc2_mean,mfcc2_var,mfcc3_mean,mfcc3_var,mfcc4_mean,mfcc4_var,mfcc5_mean,mfcc5_var,mfcc6_mean,mfcc6_var,mfcc7_mean,mfcc7_var,mfcc8_mean,mfcc8_var,mfcc9_mean,mfcc9_var,mfcc10_mean,mfcc10_var,mfcc11_mean,mfcc11_var,mfcc12_mean,mfcc12_var,mfcc13_mean,mfcc13_var,mfcc14_mean,mfcc14_var,mfcc15_mean,mfcc15_var,mfcc16_mean,mfcc16_var,mfcc17_mean,mfcc17_var,mfcc18_mean,mfcc18_var,mfcc19_mean,mfcc19_var,mfcc20_mean,mfcc20_var
0.32542807,0.08760048,0.07137948,0.0007944816,2860.6831509039876,318944.3156894927,2566.170784403403,101075.55424223293,5605.1610535092805,1295331.7128383303,0.14755912243812838,0.0022809831317015324,8.509641e-06,0.0039881626,0.00016178878,0.00066618534,161.4990234375,-131.90503,2065.4001,61.60795,514.66833,-12.67634,235.28958,35.07376,141.5939,-2.1412585,83.23409,-0.9574647,85.908195,-4.8419356,79.997284,-4.1117215,76.545906,-3.2795613,55.613205,2.5008755,57.51839,6.401213,48.930702,3.4144213,58.858513,-2.8996136,58.382595,3.227199,61.213894,-1.3388274,34.234165,0.87550634,35.815422,3.6792715,42.251823,0.6484343,41.915348,-0.3537156,61.51491,6.3210807,100.53017
