chroma_stft_mean,chroma_stft_var,rms_mean,rms_var,spectral_centroid_mean,spectral_centroid_var,spectral_bandwidth_mean,spectral_bandwidth_var,rolloff_mean,rolloff_var,zero_crossing_rate_mean,zero_crossing_rate_var,harmony_mean,harmony_var,perceptr_mean,perceptr_var,tempo,mfcc1_mean,mfcc1_var,mfcc2_mean,mfcc2_var,mfcc3_mean,mfcc3_var,mfcc4_mean,mfcc4_var,mfcc5_mean,mfcc5_var,mfcc6_mean,mfcc6_var,mfcc7_mean,mfcc7_var,mfcc8_mean,mfcc8_var,mfcc9_mean,mfcc9_var,mfcc10_mean,mfcc10_var,mfcc11_mean,mfcc11_var,mfcc12_mean,mfcc12_var,mfcc13_mean,mfcc13_var,mfcc14_mean,mfcc14_var,mfcc15_mean,mfcc15_var,mfcc16_mean,mfcc16_var,mfcc17_mean,mfcc17_var,mfcc18_mean,mfcc18_var,mfcc19_mean,mfcc19_var,mfcc20_mean,mfcc20_var
0.2341313,0.092633754,0.07809878,0.0022838314,1378.6753716271073,168283.0386646677,1773.7599612811105,86900.66717468128,2584.991922400667,889577.3225466497,0.06185877682714617,0.0013251448717308172,-0.004341486,0.007560026,-0.00059908605,0.00021404616,95.703125,-248.04065,3240.4233,125.96372,401.7354,-12.62705,496.15372,30.244604,143.26653,-1.0868206,102.8523,-2.2237859,80.28687,1.9342353,54.20952,0.2369827,52.077297,2.699163,74.9094,-4.4125104,57.670227,-6.465382,95.41851,-6.510919,53.708767,-3.995319,69.994446,2.336354,57.210205,0.35796306,60.416595,-4.059645,49.089466,-1.5115315,72.8666,-3.5222228,94.406006,-6.1832404,113.69543,-7.3376203,90.912445
