chroma_stft_mean,chroma_stft_var,rms_mean,rms_var,spectral_centroid_mean,spectral_centroid_var,spectral_bandwidth_mean,spectral_bandwidth_var,rolloff_mean,rolloff_var,zero_crossing_rate_mean,zero_crossing_rate_var,harmony_mean,harmony_var,perceptr_mean,perceptr_var,tempo,mfcc1_mean,mfcc1_var,mfcc2_mean,mfcc2_var,mfcc3_mean,mfcc3_var,mfcc4_mean,mfcc4_var,mfcc5_mean,mfcc5_var,mfcc6_mean,mfcc6_var,mfcc7_mean,mfcc7_var,mfcc8_mean,mfcc8_var,mfcc9_mean,mfcc9_var,mfcc10_mean,mfcc10_var,mfcc11_mean,mfcc11_var,mfcc12_mean,mfcc12_var,mfcc13_mean,mfcc13_var,mfcc14_mean,mfcc14_var,mfcc15_mean,mfcc15_var,mfcc16_mean,mfcc16_var,mfcc17_mean,mfcc17_var,mfcc18_mean,mfcc18_var,mfcc19_mean,mfcc19_var,mfcc20_mean,mfcc20_var
0.2765514,0.08756012,0.048747774,0.0006089651,1854.1337840481792,111478.59472415214,2096.2569960443575,98829.66975578619,4031.4136478574537,1024785.4649771479,0.07490491166376644,0.0005657209402702073,-1.5728203e-07,0.001957175,-3.7089743e-05,0.00034279062,99.38401442307692,-233.78688,2072.1174,108.448845,258.93744,-10.692217,458.04758,38.697773,148.39635,-10.757062,56.643036,14.163576,78.12646,-16.255836,38.4125,10.371212,34.490593,-20.810993,34.527294,10.070446,38.889683,-12.022905,54.93356,7.7604136,56.66789,-12.027533,61.820404,3.3738859,62.910976,-6.360835,105.61149,3.977286,114.35015,-1.2831222,95.994354,-3.8242989,117.0436,-6.2250133,112.878914,-4.9512777,96.15327
