chroma_stft_mean,chroma_stft_var,rms_mean,rms_var,spectral_centroid_mean,spectral_centroid_var,spectral_bandwidth_mean,spectral_bandwidth_var,rolloff_mean,rolloff_var,zero_crossing_rate_mean,zero_crossing_rate_var,harmony_mean,harmony_var,perceptr_mean,perceptr_var,tempo,mfcc1_mean,mfcc1_var,mfcc2_mean,mfcc2_var,mfcc3_mean,mfcc3_var,mfcc4_mean,mfcc4_var,mfcc5_mean,mfcc5_var,mfcc6_mean,mfcc6_var,mfcc7_mean,mfcc7_var,mfcc8_mean,mfcc8_var,mfcc9_mean,mfcc9_var,mfcc10_mean,mfcc10_var,mfcc11_mean,mfcc11_var,mfcc12_mean,mfcc12_var,mfcc13_mean,mfcc13_var,mfcc14_mean,mfcc14_var,mfcc15_mean,mfcc15_var,mfcc16_mean,mfcc16_var,mfcc17_mean,mfcc17_var,mfcc18_mean,mfcc18_var,mfcc19_mean,mfcc19_var,mfcc20_mean,mfcc20_var
0.2848902,0.09221866,0.10659271,0.002071613,1276.6513099117199,123817.98497431503,1570.6844362523136,103029.26975440375,2468.549419500435,943813.4103569972,0.05150064348897912,0.00041510432418636586,-0.0039753057,0.010793541,-0.0018116244,0.00077489566,95.703125,-198.47012,2131.7717,140.68791,438.9155,-18.40507,448.24265,30.508652,225.45229,-6.6951494,77.95195,15.7164755,79.944534,-0.7360027,61.956543,7.2920203,65.10693,-6.588791,61.56987,6.0721865,62.40277,-5.131031,48.33885,3.4454892,52.500156,-2.8457658,67.68467,7.180843,61.548676,-0.3087261,70.73309,-2.0184624,90.3632,3.12484,89.01832,0.8644916,87.86861,1.5182261,115.982155,-0.21826233,161.61777
