chroma_stft_mean,chroma_stft_var,rms_mean,rms_var,spectral_centroid_mean,spectral_centroid_var,spectral_bandwidth_mean,spectral_bandwidth_var,rolloff_mean,rolloff_var,zero_crossing_rate_mean,zero_crossing_rate_var,harmony_mean,harmony_var,perceptr_mean,perceptr_var,tempo,mfcc1_mean,mfcc1_var,mfcc2_mean,mfcc2_var,mfcc3_mean,mfcc3_var,mfcc4_mean,mfcc4_var,mfcc5_mean,mfcc5_var,mfcc6_mean,mfcc6_var,mfcc7_mean,mfcc7_var,mfcc8_mean,mfcc8_var,mfcc9_mean,mfcc9_var,mfcc10_mean,mfcc10_var,mfcc11_mean,mfcc11_var,mfcc12_mean,mfcc12_var,mfcc13_mean,mfcc13_var,mfcc14_mean,mfcc14_var,mfcc15_mean,mfcc15_var,mfcc16_mean,mfcc16_var,mfcc17_mean,mfcc17_var,mfcc18_mean,mfcc18_var,mfcc19_mean,mfcc19_var,mfcc20_mean,mfcc20_var
0.2211334,0.092152625,0.08778412,0.00088742963,1988.7524361987278,219025.18040320274,2100.288833446233,71941.85350492455,4317.182401935905,1098959.0463577546,0.08013779123163187,0.0009324232908637791,2.7743203e-05,0.00675502,0.0003406265,0.00086220447,161.4990234375,-188.1169,1627.6034,98.61235,540.4157,-11.277219,174.87909,47.221462,88.42697,-20.341473,64.50969,18.78427,34.41722,-15.795817,50.516422,13.686597,49.82144,-15.463714,59.958187,17.43076,62.41335,1.0079583,96.001144,18.28063,98.1123,4.641811,116.968094,9.832654,174.79707,-5.4958715,128.5023,2.131497,77.831505,-6.2481694,65.25072,-3.419977,41.57951,-2.9975047,83.6468,2.2162683,119.12941
