chroma_stft_mean,chroma_stft_var,rms_mean,rms_var,spectral_centroid_mean,spectral_centroid_var,spectral_bandwidth_mean,spectral_bandwidth_var,rolloff_mean,rolloff_var,zero_crossing_rate_mean,zero_crossing_rate_var,harmony_mean,harmony_var,perceptr_mean,perceptr_var,tempo,mfcc1_mean,mfcc1_var,mfcc2_mean,mfcc2_var,mfcc3_mean,mfcc3_var,mfcc4_mean,mfcc4_var,mfcc5_mean,mfcc5_var,mfcc6_mean,mfcc6_var,mfcc7_mean,mfcc7_var,mfcc8_mean,mfcc8_var,mfcc9_mean,mfcc9_var,mfcc10_mean,mfcc10_var,mfcc11_mean,mfcc11_var,mfcc12_mean,mfcc12_var,mfcc13_mean,mfcc13_var,mfcc14_mean,mfcc14_var,mfcc15_mean,mfcc15_var,mfcc16_mean,mfcc16_var,mfcc17_mean,mfcc17_var,mfcc18_mean,mfcc18_var,mfcc19_mean,mfcc19_var,mfcc20_mean,mfcc20_var
0.38282418,0.08805287,0.16242883,0.001521639,2481.5395079724226,145639.54862341465,2688.38335845447,77189.87099802148,5553.985987672018,874731.3501352804,0.09874629682721713,0.0009700703959154699,-0.000119125354,0.015500888,-0.001538803,0.0043642307,123.046875,-50.615818,1054.1794,85.04832,222.07066,3.5498574,241.66528,22.806694,63.33454,-1.5829431,57.324818,6.1165333,33.11951,2.3547208,29.036852,3.6508038,30.26743,-1.8693411,32.030594,4.3229847,36.13153,1.0399419,37.2322,0.79456073,46.77914,-0.7855245,33.599163,0.3624489,29.309397,-3.3947306,34.748493,1.411323,45.290016,0.41223225,47.754612,3.6455507,55.79681,-1.3477824,46.595985,1.2258971,43.494343
