chroma_stft_mean,chroma_stft_var,rms_mean,rms_var,spectral_centroid_mean,spectral_centroid_var,spectral_bandwidth_mean,spectral_bandwidth_var,rolloff_mean,rolloff_var,zero_crossing_rate_mean,zero_crossing_rate_var,harmony_mean,harmony_var,perceptr_mean,perceptr_var,tempo,mfcc1_mean,mfcc1_var,mfcc2_mean,mfcc2_var,mfcc3_mean,mfcc3_var,mfcc4_mean,mfcc4_var,mfcc5_mean,mfcc5_var,mfcc6_mean,mfcc6_var,mfcc7_mean,mfcc7_var,mfcc8_mean,mfcc8_var,mfcc9_mean,mfcc9_var,mfcc10_mean,mfcc10_var,mfcc11_mean,mfcc11_var,mfcc12_mean,mfcc12_var,mfcc13_mean,mfcc13_var,mfcc14_mean,mfcc14_var,mfcc15_mean,mfcc15_var,mfcc16_mean,mfcc16_var,mfcc17_mean,mfcc17_var,mfcc18_mean,mfcc18_var,mfcc19_mean,mfcc19_var,mfcc20_mean,mfcc20_var
0.20158362,0.08706853,0.05047974,0.00073608797,1451.8621242970437,183985.4256886537,1920.2708432790441,124234.97968482233,3047.4311987927786,1842018.81289966,0.051224215124709975,0.0006286968604242439,8.4640815e-05,0.003078221,0.00027668048,5.991233e-05,129.19921875,-298.75613,1554.9755,112.07628,390.28247,6.4888177,320.89825,28.38917,105.76838,-6.7709866,101.059784,16.645588,61.902504,-11.807551,82.039276,12.744363,48.866817,-8.340971,47.399956,13.893223,64.28026,-4.237726,111.89061,2.317613,126.388306,-4.3295827,120.86395,1.4045446,112.61337,0.70848525,140.28407,13.46546,190.48845,9.408201,199.40819,6.9103813,223.79114,7.880008,185.1746,-1.7789848,153.64362
