chroma_stft_mean,chroma_stft_var,rms_mean,rms_var,spectral_centroid_mean,spectral_centroid_var,spectral_bandwidth_mean,spectral_bandwidth_var,rolloff_mean,rolloff_var,zero_crossing_rate_mean,zero_crossing_rate_var,harmony_mean,harmony_var,perceptr_mean,perceptr_var,tempo,mfcc1_mean,mfcc1_var,mfcc2_mean,mfcc2_var,mfcc3_mean,mfcc3_var,mfcc4_mean,mfcc4_var,mfcc5_mean,mfcc5_var,mfcc6_mean,mfcc6_var,mfcc7_mean,mfcc7_var,mfcc8_mean,mfcc8_var,mfcc9_mean,mfcc9_var,mfcc10_mean,mfcc10_var,mfcc11_mean,mfcc11_var,mfcc12_mean,mfcc12_var,mfcc13_mean,mfcc13_var,mfcc14_mean,mfcc14_var,mfcc15_mean,mfcc15_var,mfcc16_mean,mfcc16_var,mfcc17_mean,mfcc17_var,mfcc18_mean,mfcc18_var,mfcc19_mean,mfcc19_var,mfcc20_mean,mfcc20_var
0.3113647,0.09035553,0.06815121,0.0006964172,1854.6319159219006,214250.18031254303,2215.6086477855506,126255.32295709563,4282.218009081352,1762283.308951453,0.06336251691802011,0.0008457828957010639,-4.325945e-06,0.004430562,-3.168088e-05,0.00029271722,117.45383522727273,-219.79694,1628.6821,100.832466,419.17102,-1.4313542,450.69586,41.2765,101.22571,-0.943615,77.583015,23.37852,78.19953,-11.5095,60.101192,20.015314,53.87222,-15.975561,36.536617,13.942784,60.317665,-7.988526,44.17041,5.734379,47.420895,-6.879345,34.681118,6.2036996,61.66216,-5.812427,73.17417,0.95248365,92.21023,-5.162219,76.0791,3.0562449,89.06751,2.0919516,91.75511,0.9577215,97.202095
