chroma_stft_mean,chroma_stft_var,rms_mean,rms_var,spectral_centroid_mean,spectral_centroid_var,spectral_bandwidth_mean,spectral_bandwidth_var,rolloff_mean,rolloff_var,zero_crossing_rate_mean,zero_crossing_rate_var,harmony_mean,harmony_var,perceptr_mean,perceptr_var,tempo,mfcc1_mean,mfcc1_var,mfcc2_mean,mfcc2_var,mfcc3_mean,mfcc3_var,mfcc4_mean,mfcc4_var,mfcc5_mean,mfcc5_var,mfcc6_mean,mfcc6_var,mfcc7_mean,mfcc7_var,mfcc8_mean,mfcc8_var,mfcc9_mean,mfcc9_var,mfcc10_mean,mfcc10_var,mfcc11_mean,mfcc11_var,mfcc12_mean,mfcc12_var,mfcc13_mean,mfcc13_var,mfcc14_mean,mfcc14_var,mfcc15_mean,mfcc15_var,mfcc16_mean,mfcc16_var,mfcc17_mean,mfcc17_var,mfcc18_mean,mfcc18_var,mfcc19_mean,mfcc19_var,mfcc20_mean,mfcc20_var
0.33839837,0.084587865,0.06982318,0.00038671953,2634.043115077565,360894.52681845846,2728.2919813424173,118634.44159940194,5561.861495794664,1656678.0422816605,0.1078452031370843,0.0013800207847372943,5.5680607e-07,0.0033775317,-3.738944e-05,0.00070350023,107.666015625,-163.56102,955.0963,65.98095,502.31766,5.354575,180.53337,41.90309,118.04311,7.0279517,71.45567,5.4982114,58.590252,8.927303,64.75391,2.6824658,49.357475,-0.17861624,63.983322,5.1627207,43.050053,10.484863,73.62656,3.3343596,86.62286,3.836848,95.251366,2.5440438,73.33894,5.696213,82.52969,-1.086054,95.85204,-1.7644418,98.39839,-5.1855516,61.14842,-5.6506305,68.68528,-9.772131,93.647675
