chroma_stft_mean,chroma_stft_var,rms_mean,rms_var,spectral_centroid_mean,spectral_centroid_var,spectral_bandwidth_mean,spectral_bandwidth_var,rolloff_mean,rolloff_var,zero_crossing_rate_mean,zero_crossing_rate_var,harmony_mean,harmony_var,perceptr_mean,perceptr_var,tempo,mfcc1_mean,mfcc1_var,mfcc2_mean,mfcc2_var,mfcc3_mean,mfcc3_var,mfcc4_mean,mfcc4_var,mfcc5_mean,mfcc5_var,mfcc6_mean,mfcc6_var,mfcc7_mean,mfcc7_var,mfcc8_mean,mfcc8_var,mfcc9_mean,mfcc9_var,mfcc10_mean,mfcc10_var,mfcc11_mean,mfcc11_var,mfcc12_mean,mfcc12_var,mfcc13_mean,mfcc13_var,mfcc14_mean,mfcc14_var,mfcc15_mean,mfcc15_var,mfcc16_mean,mfcc16_var,mfcc17_mean,mfcc17_var,mfcc18_mean,mfcc18_var,mfcc19_mean,mfcc19_var,mfcc20_mean,mfcc20_var
0.42919457,0.081313856,0.07430314,0.00055227254,3393.080458875416,569324.3031032007,3147.319911313142,105781.76395938457,7233.19944306482,1549787.0092508097,0.14964517473897912,0.003715480163030329,3.8121487e-07,0.0037132204,-8.783517e-06,0.00089731865,107.666015625,-125.98232,1968.9563,56.631195,484.9972,23.469534,455.11902,23.709396,94.34062,-0.29916167,64.68467,7.1543317,61.049232,0.18178771,62.934975,-0.8391556,47.08794,-4.152693,46.22132,-1.8885247,43.159954,2.527489,51.77413,0.5238576,35.338993,0.9215272,38.19947,0.040561568,37.9846,2.9164445,48.256004,0.12762144,43.083084,1.3210765,39.29442,0.37260786,39.168037,-6.1318226,39.83474,-4.9484305,40.064476
