chroma_stft_mean,chroma_stft_var,rms_mean,rms_var,spectral_centroid_mean,spectral_centroid_var,spectral_bandwidth_mean,spectral_bandwidth_var,rolloff_mean,rolloff_var,zero_crossing_rate_mean,zero_crossing_rate_var,harmony_mean,harmony_var,perceptr_mean,perceptr_var,tempo,mfcc1_mean,mfcc1_var,mfcc2_mean,mfcc2_var,mfcc3_mean,mfcc3_var,mfcc4_mean,mfcc4_var,mfcc5_mean,mfcc5_var,mfcc6_mean,mfcc6_var,mfcc7_mean,mfcc7_var,mfcc8_mean,mfcc8_var,mfcc9_mean,mfcc9_var,mfcc10_mean,mfcc10_var,mfcc11_mean,mfcc11_var,mfcc12_mean,mfcc12_var,mfcc13_mean,mfcc13_var,mfcc14_mean,mfcc14_var,mfcc15_mean,mfcc15_var,mfcc16_mean,mfcc16_var,mfcc17_mean,mfcc17_var,mfcc18_mean,mfcc18_var,mfcc19_mean,mfcc19_var,mfcc20_mean,mfcc20_var
0.23669656,0.095407665,0.13801351,0.0012992969,1317.0269708114579,182011.58925889034,1475.6012299441793,95085.90329244663,2778.8906725819315,1188854.9048545687,0.054847239341647334,0.0006019426732991472,-0.0026084185,0.015039633,-0.0015654193,0.0017391928,103.359375,-179.8,1254.766,147.75923,614.6404,-20.459309,507.60406,58.603146,388.2819,-23.800596,175.37405,2.462271,180.97696,-3.1939633,129.75166,-9.311168,87.77799,-5.76392,74.32501,-0.4222122,79.276115,-8.364213,65.667244,3.093961,77.30152,-6.8591566,71.1238,-4.385506,61.30555,-1.1783726,54.949753,-4.2639933,53.332184,-0.5543862,61.64402,-3.5837708,109.08766,1.4945905,155.76003,-0.6127522,166.65733
