chroma_stft_mean,chroma_stft_var,rms_mean,rms_var,spectral_centroid_mean,spectral_centroid_var,spectral_bandwidth_mean,spectral_bandwidth_var,rolloff_mean,rolloff_var,zero_crossing_rate_mean,zero_crossing_rate_var,harmony_mean,harmony_var,perceptr_mean,perceptr_var,tempo,mfcc1_mean,mfcc1_var,mfcc2_mean,mfcc2_var,mfcc3_mean,mfcc3_var,mfcc4_mean,mfcc4_var,mfcc5_mean,mfcc5_var,mfcc6_mean,mfcc6_var,mfcc7_mean,mfcc7_var,mfcc8_mean,mfcc8_var,mfcc9_mean,mfcc9_var,mfcc10_mean,mfcc10_var,mfcc11_mean,mfcc11_var,mfcc12_mean,mfcc12_var,mfcc13_mean,mfcc13_var,mfcc14_mean,mfcc14_var,mfcc15_mean,mfcc15_var,mfcc16_mean,mfcc16_var,mfcc17_mean,mfcc17_var,mfcc18_mean,mfcc18_var,mfcc19_mean,mfcc19_var,mfcc20_mean,mfcc20_var
0.29362923,0.086154945,0.14688885,0.004137442,2902.237371028965,335699.2079350095,2854.7296978197974,153066.94740722183,6196.799548651392,2075692.6458416723,0.12648901235015467,0.001975821200798806,-1.1796111e-05,0.019115986,-3.8439204e-05,0.0019863327,103.359375,-78.206566,1643.49,63.23094,286.28024,-1.6779568,410.688,21.02095,71.602516,4.4600124,76.72247,-3.5970638,52.431168,-1.5601112,44.19213,-3.0758893,56.767826,-6.0766597,37.46772,-1.953726,34.88666,1.7829208,34.85054,-1.2087538,43.404564,0.94777805,30.288137,-2.5644195,24.18764,-7.776581,32.21262,-5.946929,55.65594,-3.023343,58.262,-2.464011,43.529327,-1.0332462,77.097305,-5.1137567,93.54197
