chroma_stft_mean,chroma_stft_var,rms_mean,rms_var,spectral_centroid_mean,spectral_centroid_var,spectral_bandwidth_mean,spectral_bandwidth_var,rolloff_mean,rolloff_var,zero_crossing_rate_mean,zero_crossing_rate_var,harmony_mean,harmony_var,perceptr_mean,perceptr_var,tempo,mfcc1_mean,mfcc1_var,mfcc2_mean,mfcc2_var,mfcc3_mean,mfcc3_var,mfcc4_mean,mfcc4_var,mfcc5_mean,mfcc5_var,mfcc6_mean,mfcc6_var,mfcc7_mean,mfcc7_var,mfcc8_mean,mfcc8_var,mfcc9_mean,mfcc9_var,mfcc10_mean,mfcc10_var,mfcc11_mean,mfcc11_var,mfcc12_mean,mfcc12_var,mfcc13_mean,mfcc13_var,mfcc14_mean,mfcc14_var,mfcc15_mean,mfcc15_var,mfcc16_mean,mfcc16_var,mfcc17_mean,mfcc17_var,mfcc18_mean,mfcc18_var,mfcc19_mean,mfcc19_var,mfcc20_mean,mfcc20_var
0.23098567,0.08649135,0.040916957,0.0006369584,2959.1578862773017,1905259.7733575895,2832.7603174225164,124270.10166215288,6065.55192774797,4525635.666793265,0.15147972254447023,0.017018841723446542,-3.839254e-05,0.002104873,-0.00014931938,5.5176304e-05,117.45383522727273,-299.35794,3574.6907,60.76391,2488.5364,32.084476,173.5896,25.690987,149.20691,7.444089,95.89805,-1.2945149,77.92495,1.8584758,67.97295,5.254534,113.59595,-5.537015,131.92476,-3.092252,170.58707,3.6521976,87.82927,-2.3015044,90.82691,0.89002097,110.633484,3.3173156,109.95018,7.252861,109.2126,5.930814,90.36776,-8.256166,147.51532,-0.4634625,107.64868,1.9873985,97.58863,-7.0047293,213.59384
