chroma_stft_mean,chroma_stft_var,rms_mean,rms_var,spectral_centroid_mean,spectral_centroid_var,spectral_bandwidth_mean,spectral_bandwidth_var,rolloff_mean,rolloff_var,zero_crossing_rate_mean,zero_crossing_rate_var,harmony_mean,harmony_var,perceptr_mean,perceptr_var,tempo,mfcc1_mean,mfcc1_var,mfcc2_mean,mfcc2_var,mfcc3_mean,mfcc3_var,mfcc4_mean,mfcc4_var,mfcc5_mean,mfcc5_var,mfcc6_mean,mfcc6_var,mfcc7_mean,mfcc7_var,mfcc8_mean,mfcc8_var,mfcc9_mean,mfcc9_var,mfcc10_mean,mfcc10_var,mfcc11_mean,mfcc11_var,mfcc12_mean,mfcc12_var,mfcc13_mean,mfcc13_var,mfcc14_mean,mfcc14_var,mfcc15_mean,mfcc15_var,mfcc16_mean,mfcc16_var,mfcc17_mean,mfcc17_var,mfcc18_mean,mfcc18_var,mfcc19_mean,mfcc19_var,mfcc20_mean,mfcc20_var
0.36378703,0.08262457,0.037519317,0.00027371067,1650.9582872211786,119766.25613488113,2040.7208687666034,104936.05174213256,3658.879241589327,1200271.5098851975,0.06368954828886311,0.0004694094857186538,2.1036674e-05,0.00097034336,0.00012225,0.00027173824,112.34714673913044,-253.17776,2350.1929,122.69336,361.42145,-5.6654377,520.7896,40.575787,96.65491,-5.8344774,65.94886,18.414371,64.12754,-16.655174,49.533203,14.596437,55.479794,-15.156902,40.68593,8.209847,42.444855,-13.885359,39.65232,8.284788,51.54739,-7.303147,34.834995,5.4287305,42.165947,-6.3066473,44.217537,2.7849543,41.39169,-4.236989,31.428425,0.5380899,38.79533,-1.4865998,37.951077,-2.5326364,31.651247
