chroma_stft_mean,chroma_stft_var,rms_mean,rms_var,spectral_centroid_mean,spectral_centroid_var,spectral_bandwidth_mean,spectral_bandwidth_var,rolloff_mean,rolloff_var,zero_crossing_rate_mean,zero_crossing_rate_var,harmony_mean,harmony_var,perceptr_mean,perceptr_var,tempo,mfcc1_mean,mfcc1_var,mfcc2_mean,mfcc2_var,mfcc3_mean,mfcc3_var,mfcc4_mean,mfcc4_var,mfcc5_mean,mfcc5_var,mfcc6_mean,mfcc6_var,mfcc7_mean,mfcc7_var,mfcc8_mean,mfcc8_var,mfcc9_mean,mfcc9_var,mfcc10_mean,mfcc10_var,mfcc11_mean,mfcc11_var,mfcc12_mean,mfcc12_var,mfcc13_mean,mfcc13_var,mfcc14_mean,mfcc14_var,mfcc15_mean,mfcc15_var,mfcc16_mean,mfcc16_var,mfcc17_mean,mfcc17_var,mfcc18_mean,mfcc18_var,mfcc19_mean,mfcc19_var,mfcc20_mean,mfcc20_var
0.3278279,0.09111418,0.060133778,0.00045534145,1885.6190151488076,300197.8173157471,2230.5435545862933,106199.72677868762,4357.001341357309,1695098.3468274362,0.058131147887664346,0.0012414376906840765,-5.268831e-06,0.0030975263,-3.203155e-05,0.00032168557,161.4990234375,-222.99565,2176.6484,102.8713,461.07916,-1.664055,352.33688,45.21429,104.065544,-6.754359,82.82783,25.362495,55.09613,-14.371586,51.42272,24.249865,37.44325,-10.413199,44.51432,11.150229,55.330414,-9.152708,39.21915,6.6299033,40.67062,-7.8272076,37.18315,9.370801,31.224333,-3.43544,36.963936,2.6748655,36.04995,-6.210208,33.52548,0.86569303,40.679455,-3.4012895,57.16842,-0.38676226,62.487602
