chroma_stft_mean,chroma_stft_var,rms_mean,rms_var,spectral_centroid_mean,spectral_centroid_var,spectral_bandwidth_mean,spectral_bandwidth_var,rolloff_mean,rolloff_var,zero_crossing_rate_mean,zero_crossing_rate_var,harmony_mean,harmony_var,perceptr_mean,perceptr_var,tempo,mfcc1_mean,mfcc1_var,mfcc2_mean,mfcc2_var,mfcc3_mean,mfcc3_var,mfcc4_mean,mfcc4_var,mfcc5_mean,mfcc5_var,mfcc6_mean,mfcc6_var,mfcc7_mean,mfcc7_var,mfcc8_mean,mfcc8_var,mfcc9_mean,mfcc9_var,mfcc10_mean,mfcc10_var,mfcc11_mean,mfcc11_var,mfcc12_mean,mfcc12_var,mfcc13_mean,mfcc13_var,mfcc14_mean,mfcc14_var,mfcc15_mean,mfcc15_var,mfcc16_mean,mfcc16_var,mfcc17_mean,mfcc17_var,mfcc18_mean,mfcc18_var,mfcc19_mean,mfcc19_var,mfcc20_mean,mfcc20_var
0.33296824,0.09087317,0.062371545,0.0006229577,1782.220467473971,101427.57213824181,2061.769257168728,90496.51710681105,3811.801621864124,948076.6396552209,0.07355637930201082,0.0006413494143441121,1.05042445e-05,0.002597109,0.00013035827,0.00068067503,117.45383522727273,-200.0005,1825.545,117.24072,327.39667,-12.38803,481.3822,39.11275,94.94916,-6.3558517,58.192093,16.529463,57.79704,-17.309965,63.390152,13.630981,50.67081,-17.660389,36.379524,14.04195,51.51528,-10.207223,38.19109,12.181232,46.83656,-6.7178407,35.521465,7.7457767,44.97524,-8.082754,42.260532,2.6350367,58.32253,-6.6503,84.4059,4.8658733,96.99096,0.6930489,72.82183,0.4651803,80.46872
