chroma_stft_mean,chroma_stft_var,rms_mean,rms_var,spectral_centroid_mean,spectral_centroid_var,spectral_bandwidth_mean,spectral_bandwidth_var,rolloff_mean,rolloff_var,zero_crossing_rate_mean,zero_crossing_rate_var,harmony_mean,harmony_var,perceptr_mean,perceptr_var,tempo,mfcc1_mean,mfcc1_var,mfcc2_mean,mfcc2_var,mfcc3_mean,mfcc3_var,mfcc4_mean,mfcc4_var,mfcc5_mean,mfcc5_var,mfcc6_mean,mfcc6_var,mfcc7_mean,mfcc7_var,mfcc8_mean,mfcc8_var,mfcc9_mean,mfcc9_var,mfcc10_mean,mfcc10_var,mfcc11_mean,mfcc11_var,mfcc12_mean,mfcc12_var,mfcc13_mean,mfcc13_var,mfcc14_mean,mfcc14_var,mfcc15_mean,mfcc15_var,mfcc16_mean,mfcc16_var,mfcc17_mean,mfcc17_var,mfcc18_mean,mfcc18_var,mfcc19_mean,mfcc19_var,mfcc20_mean,mfcc20_var
0.28566775,0.08831729,0.0977495,0.0011425903,1554.348779839451,78727.81370753923,1774.8728276480142,61395.61479326554,3216.3660885839618,489120.88568786834,0.06639416569992267,0.0005647059674501437,-0.00073700707,0.008017054,-0.0011212709,0.00083618256,151.99908088235293,-179.60382,2773.331,124.33756,300.98294,-29.747345,531.7346,45.366802,248.2375,-10.197358,84.91217,17.786072,74.85261,-8.814063,48.363884,12.764595,61.102608,-10.758047,48.65282,8.61604,44.245953,-12.397632,41.727757,3.39003,47.473156,-12.025345,42.430725,6.519901,75.34383,-9.862468,53.266792,-2.8076355,39.234264,-5.118481,52.745487,-1.1995834,53.973137,-1.881097,45.84374,-5.6317697,50.443203
