chroma_stft_mean,chroma_stft_var,rms_mean,rms_var,spectral_centroid_mean,spectral_centroid_var,spectral_bandwidth_mean,spectral_bandwidth_var,rolloff_mean,rolloff_var,zero_crossing_rate_mean,zero_crossing_rate_var,harmony_mean,harmony_var,perceptr_mean,perceptr_var,tempo,mfcc1_mean,mfcc1_var,mfcc2_mean,mfcc2_var,mfcc3_mean,mfcc3_var,mfcc4_mean,mfcc4_var,mfcc5_mean,mfcc5_var,mfcc6_mean,mfcc6_var,mfcc7_mean,mfcc7_var,mfcc8_mean,mfcc8_var,mfcc9_mean,mfcc9_var,mfcc10_mean,mfcc10_var,mfcc11_mean,mfcc11_var,mfcc12_mean,mfcc12_var,mfcc13_mean,mfcc13_var,mfcc14_mean,mfcc14_var,mfcc15_mean,mfcc15_var,mfcc16_mean,mfcc16_var,mfcc17_mean,mfcc17_var,mfcc18_mean,mfcc18_var,mfcc19_mean,mfcc19_var,mfcc20_mean,mfcc20_var
0.37984046,0.08216684,0.2119892,0.0020857507,1574.959956587146,72494.5357258417,2069.6779972005947,94549.8033611735,3339.64492550029,688861.5639097469,0.055842305926140756,0.00021962641930684516,-0.0002612716,0.0301648,-0.0020814887,0.0055338624,103.359375,-69.57057,1539.7289,125.992775,308.99594,-5.150374,333.62064,30.77484,62.6103,8.313545,43.67504,5.0850725,33.343143,-3.913447,31.842596,5.374507,32.530712,-10.77791,29.122862,9.031306,26.480423,-8.259541,32.195633,4.7895656,32.89572,-5.1246743,37.007557,2.2080061,35.996845,-4.77972,31.312105,0.62322795,23.685455,0.03530249,25.815502,1.236187,35.97156,4.0338793,34.257675,5.085235,32.371353
