chroma_stft_mean,chroma_stft_var,rms_mean,rms_var,spectral_centroid_mean,spectral_centroid_var,spectral_bandwidth_mean,spectral_bandwidth_var,rolloff_mean,rolloff_var,zero_crossing_rate_mean,zero_crossing_rate_var,harmony_mean,harmony_var,perceptr_mean,perceptr_var,tempo,mfcc1_mean,mfcc1_var,mfcc2_mean,mfcc2_var,mfcc3_mean,mfcc3_var,mfcc4_mean,mfcc4_var,mfcc5_mean,mfcc5_var,mfcc6_mean,mfcc6_var,mfcc7_mean,mfcc7_var,mfcc8_mean,mfcc8_var,mfcc9_mean,mfcc9_var,mfcc10_mean,mfcc10_var,mfcc11_mean,mfcc11_var,mfcc12_mean,mfcc12_var,mfcc13_mean,mfcc13_var,mfcc14_mean,mfcc14_var,mfcc15_mean,mfcc15_var,mfcc16_mean,mfcc16_var,mfcc17_mean,mfcc17_var,mfcc18_mean,mfcc18_var,mfcc19_mean,mfcc19_var,mfcc20_mean,mfcc20_var
0.250429,0.090448216,0.11046993,0.0034929535,1336.3546002724486,80079.90246099635,1554.5636044977155,37191.66187169374,2751.88673687645,486693.8428771333,0.058720635150812064,0.00041484255373522966,-0.000860462,0.008700708,-0.001121604,0.0028025378,107.666015625,-202.82185,4151.078,145.7447,283.02634,-23.561142,465.44315,47.848927,105.61018,-14.353488,124.07995,1.6448873,157.95978,-7.065911,82.114395,-11.128286,58.45092,-4.6043057,76.7601,-3.6093202,72.38373,-3.7902675,56.29285,2.0428383,54.65656,0.8476412,105.51072,-2.0243816,91.658966,-1.0348779,112.2166,-1.4529269,114.942116,0.7815991,65.167694,-0.39567873,65.67156,-2.3374593,74.88541,-2.0137327,70.759834
