chroma_stft_mean,chroma_stft_var,rms_mean,rms_var,spectral_centroid_mean,spectral_centroid_var,spectral_bandwidth_mean,spectral_bandwidth_var,rolloff_mean,rolloff_var,zero_crossing_rate_mean,zero_crossing_rate_var,harmony_mean,harmony_var,perceptr_mean,perceptr_var,tempo,mfcc1_mean,mfcc1_var,mfcc2_mean,mfcc2_var,mfcc3_mean,mfcc3_var,mfcc4_mean,mfcc4_var,mfcc5_mean,mfcc5_var,mfcc6_mean,mfcc6_var,mfcc7_mean,mfcc7_var,mfcc8_mean,mfcc8_var,mfcc9_mean,mfcc9_var,mfcc10_mean,mfcc10_var,mfcc11_mean,mfcc11_var,mfcc12_mean,mfcc12_var,mfcc13_mean,mfcc13_var,mfcc14_mean,mfcc14_var,mfcc15_mean,mfcc15_var,mfcc16_mean,mfcc16_var,mfcc17_mean,mfcc17_var,mfcc18_mean,mfcc18_var,mfcc19_mean,mfcc19_var,mfcc20_mean,mfcc20_var
0.25424877,0.08902863,0.111734815,0.001437801,2011.3793005237949,183644.5046892262,2227.911724332324,139080.41961854266,3914.071846450841,1269420.6300216499,0.08750241686001546,0.0008451034534690611,-0.00043899575,0.010102149,-0.0008700261,0.0014026243,151.99908088235293,-159.17877,3108.8926,92.01376,526.61523,-16.731047,535.7506,27.372526,222.92075,6.108614,79.3221,3.2374399,99.27802,7.151189,88.53432,4.027298,96.40103,3.5904977,203.33942,3.537207,95.38407,-0.5802279,73.91689,-3.7204585,94.98579,-4.718692,88.522095,-2.5912669,86.84145,-3.2932932,70.312225,-3.5358465,45.100197,-0.8823037,68.28234,-2.3058138,128.9433,-0.94935775,146.18564,-5.4537783,125.24733
