chroma_stft_mean,chroma_stft_var,rms_mean,rms_var,spectral_centroid_mean,spectral_centroid_var,spectral_bandwidth_mean,spectral_bandwidth_var,rolloff_mean,rolloff_var,zero_crossing_rate_mean,zero_crossing_rate_var,harmony_mean,harmony_var,perceptr_mean,perceptr_var,tempo,mfcc1_mean,mfcc1_var,mfcc2_mean,mfcc2_var,mfcc3_mean,mfcc3_var,mfcc4_mean,mfcc4_var,mfcc5_mean,mfcc5_var,mfcc6_mean,mfcc6_var,mfcc7_mean,mfcc7_var,mfcc8_mean,mfcc8_var,mfcc9_mean,mfcc9_var,mfcc10_mean,mfcc10_var,mfcc11_mean,mfcc11_var,mfcc12_mean,mfcc12_var,mfcc13_mean,mfcc13_var,mfcc14_mean,mfcc14_var,mfcc15_mean,mfcc15_var,mfcc16_mean,mfcc16_var,mfcc17_mean,mfcc17_var,mfcc18_mean,mfcc18_var,mfcc19_mean,mfcc19_var,mfcc20_mean,mfcc20_var
0.22408497,0.09102203,0.021176668,0.00018390041,1176.326568022795,246070.93115602218,1753.3771368323373,186912.00885062342,2344.729338112674,2333097.7247809987,0.039907645736658934,0.00047457583980366674,-6.969965e-06,0.0005933457,-2.3992336e-05,7.670578e-06,112.34714673913044,-413.57648,2115.9836,118.27753,534.3688,31.093847,807.1953,40.150215,168.93146,13.0943165,148.42522,13.9397745,109.04816,-3.7187622,71.021805,4.747173,65.52866,-9.887995,45.40074,-3.0664463,66.64624,-6.288996,64.07226,-3.6193843,67.98704,-5.2701,86.10214,1.1225255,78.14984,2.8385715,106.17982,6.6013274,170.70456,7.957295,170.91942,5.0688186,135.95569,1.6041954,110.01564,-4.376444,103.39402
