chroma_stft_mean,chroma_stft_var,rms_mean,rms_var,spectral_centroid_mean,spectral_centroid_var,spectral_bandwidth_mean,spectral_bandwidth_var,rolloff_mean,rolloff_var,zero_crossing_rate_mean,zero_crossing_rate_var,harmony_mean,harmony_var,perceptr_mean,perceptr_var,tempo,mfcc1_mean,mfcc1_var,mfcc2_mean,mfcc2_var,mfcc3_mean,mfcc3_var,mfcc4_mean,mfcc4_var,mfcc5_mean,mfcc5_var,mfcc6_mean,mfcc6_var,mfcc7_mean,mfcc7_var,mfcc8_mean,mfcc8_var,mfcc9_mean,mfcc9_var,mfcc10_mean,mfcc10_var,mfcc11_mean,mfcc11_var,mfcc12_mean,mfcc12_var,mfcc13_mean,mfcc13_var,mfcc14_mean,mfcc14_var,mfcc15_mean,mfcc15_var,mfcc16_mean,mfcc16_var,mfcc17_mean,mfcc17_var,mfcc18_mean,mfcc18_var,mfcc19_mean,mfcc19_var,mfcc20_mean,mfcc20_var
0.3163279,0.10177757,0.18228659,0.0048970575,1391.5959542659566,352748.37433928915,2133.0459484799926,241356.61618783078,2913.9606228877096,3545531.6533391187,0.03801713930407464,0.0007262874419036438,-0.00017464344,0.03252346,-0.0013092117,0.0016765749,107.666015625,-179.79295,4183.6323,114.698,830.2643,28.397093,514.4346,36.0584,106.923515,11.13554,88.76766,12.761848,80.93094,3.7982714,69.009476,8.478696,69.306305,-0.06284399,112.18678,5.3882685,74.66681,1.0202452,69.1953,2.6880953,52.360462,-3.7270627,68.22872,-0.33525053,77.35976,-0.8353758,80.65852,2.4741313,74.76278,0.15115377,80.701546,1.5134331,77.77534,-1.294143,101.46966,1.3993748,92.71301
