chroma_stft_mean,chroma_stft_var,rms_mean,rms_var,spectral_centroid_mean,spectral_centroid_var,spectral_bandwidth_mean,spectral_bandwidth_var,rolloff_mean,rolloff_var,zero_crossing_rate_mean,zero_crossing_rate_var,harmony_mean,harmony_var,perceptr_mean,perceptr_var,tempo,mfcc1_mean,mfcc1_var,mfcc2_mean,mfcc2_var,mfcc3_mean,mfcc3_var,mfcc4_mean,mfcc4_var,mfcc5_mean,mfcc5_var,mfcc6_mean,mfcc6_var,mfcc7_mean,mfcc7_var,mfcc8_mean,mfcc8_var,mfcc9_mean,mfcc9_var,mfcc10_mean,mfcc10_var,mfcc11_mean,mfcc11_var,mfcc12_mean,mfcc12_var,mfcc13_mean,mfcc13_var,mfcc14_mean,mfcc14_var,mfcc15_mean,mfcc15_var,mfcc16_mean,mfcc16_var,mfcc17_mean,mfcc17_var,mfcc18_mean,mfcc18_var,mfcc19_mean,mfcc19_var,mfcc20_mean,mfcc20_var
0.24822338,0.08740002,0.050191432,0.0002720291,1352.8857477220752,88634.49139742741,1715.0484721550645,65502.88192460653,2713.250208454176,653285.4643045597,0.05545069907675947,0.0003888727088014561,3.407351e-05,0.0023862547,0.00029373448,0.00012692407,123.046875,-267.31512,1479.5963,129.0458,458.0852,-14.71859,367.21066,41.268223,131.351,-1.0152899,69.45541,22.954588,49.969868,-8.12934,32.99305,11.185736,41.979977,-9.07311,40.215244,11.3224125,38.576622,-5.502239,53.483784,13.576353,81.596695,-1.1756657,54.61933,1.8752247,75.69317,-2.7165394,82.796364,3.2803195,87.56141,-1.5964915,59.384365,0.26061428,83.04069,-0.611917,88.89331,4.514318,137.04247
