chroma_stft_mean,chroma_stft_var,rms_mean,rms_var,spectral_centroid_mean,spectral_centroid_var,spectral_bandwidth_mean,spectral_bandwidth_var,rolloff_mean,rolloff_var,zero_crossing_rate_mean,zero_crossing_rate_var,harmony_mean,harmony_var,perceptr_mean,perceptr_var,tempo,mfcc1_mean,mfcc1_var,mfcc2_mean,mfcc2_var,mfcc3_mean,mfcc3_var,mfcc4_mean,mfcc4_var,mfcc5_mean,mfcc5_var,mfcc6_mean,mfcc6_var,mfcc7_mean,mfcc7_var,mfcc8_mean,mfcc8_var,mfcc9_mean,mfcc9_var,mfcc10_mean,mfcc10_var,mfcc11_mean,mfcc11_var,mfcc12_mean,mfcc12_var,mfcc13_mean,mfcc13_var,mfcc14_mean,mfcc14_var,mfcc15_mean,mfcc15_var,mfcc16_mean,mfcc16_var,mfcc17_mean,mfcc17_var,mfcc18_mean,mfcc18_var,mfcc19_mean,mfcc19_var,mfcc20_mean,mfcc20_var
0.27044234,0.09499643,0.053534985,0.0013220223,2215.267218635689,1159202.5304685393,2795.00303259973,184367.25922121716,5026.545733033643,5424409.388055816,0.07547665011117556,0.006264892318930331,-2.5402855e-05,0.003913466,-0.00016800374,6.0961553e-05,117.45383522727273,-294.05438,2557.8538,84.63629,1520.6249,39.074047,132.2793,28.610287,124.68536,14.117953,119.22213,1.0143455,138.18796,7.343283,57.177834,5.2076173,76.29657,-3.7476375,108.25851,-5.045501,58.490887,2.2260773,45.413155,-0.57769674,100.07194,4.209762,85.634224,0.1236027,55.70136,0.837901,89.94184,-2.1389358,68.463196,-4.5021825,68.62823,-1.0983554,72.89447,7.2357097,82.43539,-0.25750977,88.00728
