chroma_stft_mean,chroma_stft_var,rms_mean,rms_var,spectral_centroid_mean,spectral_centroid_var,spectral_bandwidth_mean,spectral_bandwidth_var,rolloff_mean,rolloff_var,zero_crossing_rate_mean,zero_crossing_rate_var,harmony_mean,harmony_var,perceptr_mean,perceptr_var,tempo,mfcc1_mean,mfcc1_var,mfcc2_mean,mfcc2_var,mfcc3_mean,mfcc3_var,mfcc4_mean,mfcc4_var,mfcc5_mean,mfcc5_var,mfcc6_mean,mfcc6_var,mfcc7_mean,mfcc7_var,mfcc8_mean,mfcc8_var,mfcc9_mean,mfcc9_var,mfcc10_mean,mfcc10_var,mfcc11_mean,mfcc11_var,mfcc12_mean,mfcc12_var,mfcc13_mean,mfcc13_var,mfcc14_mean,mfcc14_var,mfcc15_mean,mfcc15_var,mfcc16_mean,mfcc16_var,mfcc17_mean,mfcc17_var,mfcc18_mean,mfcc18_var,mfcc19_mean,mfcc19_var,mfcc20_mean,mfcc20_var
0.28571206,0.08831177,0.09777056,0.0011424806,1725.6171874007612,109944.56954279628,2091.10623750538,103829.12444109969,3504.599586716937,742931.4060407,0.06751573980085074,0.0005776788451261377,-0.0007322019,0.008018015,-0.0011184857,0.00083801494,151.99908088235293,-168.13132,2929.1843,108.280045,352.1867,-14.153984,566.5141,30.439228,218.5998,3.8875537,71.741554,4.6804056,58.062946,3.1929495,44.439774,1.9267527,49.011467,-1.1429433,45.861458,0.23423406,35.425217,-5.2528405,38.434967,-2.556729,37.714165,-7.2262635,37.686974,2.7854698,77.765724,-7.1125894,46.44592,-4.67439,36.329174,-4.038205,54.675953,-1.6154608,50.400715,-2.0229168,45.99167,-5.0435376,49.568584
