chroma_stft_mean,chroma_stft_var,rms_mean,rms_var,spectral_centroid_mean,spectral_centroid_var,spectral_bandwidth_mean,spectral_bandwidth_var,rolloff_mean,rolloff_var,zero_crossing_rate_mean,zero_crossing_rate_var,harmony_mean,harmony_var,perceptr_mean,perceptr_var,tempo,mfcc1_mean,mfcc1_var,mfcc2_mean,mfcc2_var,mfcc3_mean,mfcc3_var,mfcc4_mean,mfcc4_var,mfcc5_mean,mfcc5_var,mfcc6_mean,mfcc6_var,mfcc7_mean,mfcc7_var,mfcc8_mean,mfcc8_var,mfcc9_mean,mfcc9_var,mfcc10_mean,mfcc10_var,mfcc11_mean,mfcc11_var,mfcc12_mean,mfcc12_var,mfcc13_mean,mfcc13_var,mfcc14_mean,mfcc14_var,mfcc15_mean,mfcc15_var,mfcc16_mean,mfcc16_var,mfcc17_mean,mfcc17_var,mfcc18_mean,mfcc18_var,mfcc19_mean,mfcc19_var,mfcc20_mean,mfcc20_var
0.4090573,0.09662679,0.15079027,0.0048969807,3109.7327645271375,1814313.5647381921,2852.71340462504,268493.6717743077,6393.12140869707,4786732.801460935,0.12158920630317092,0.010874821750821634,-5.8742163e-08,0.013436368,0.00010028856,0.009760545,143.5546875,-141.76859,8524.149,44.183735,2171.4883,21.72969,597.3374,43.29263,398.38733,21.732172,383.60403,11.185505,258.50967,3.5456066,206.44316,15.014226,107.0529,-1.7388556,116.53998,6.430995,99.14369,6.9139385,126.87821,0.70896715,112.71687,3.9630044,97.92423,1.4835523,91.52958,4.675473,84.987206,0.90502185,48.223866,2.2203119,45.94207,3.3768542,67.08693,-2.6697075,53.997597,0.5155598,52.50331
