chroma_stft_mean,chroma_stft_var,rms_mean,rms_var,spectral_centroid_mean,spectral_centroid_var,spectral_bandwidth_mean,spectral_bandwidth_var,rolloff_mean,rolloff_var,zero_crossing_rate_mean,zero_crossing_rate_var,harmony_mean,harmony_var,perceptr_mean,perceptr_var,tempo,mfcc1_mean,mfcc1_var,mfcc2_mean,mfcc2_var,mfcc3_mean,mfcc3_var,mfcc4_mean,mfcc4_var,mfcc5_mean,mfcc5_var,mfcc6_mean,mfcc6_var,mfcc7_mean,mfcc7_var,mfcc8_mean,mfcc8_var,mfcc9_mean,mfcc9_var,mfcc10_mean,mfcc10_var,mfcc11_mean,mfcc11_var,mfcc12_mean,mfcc12_var,mfcc13_mean,mfcc13_var,mfcc14_mean,mfcc14_var,mfcc15_mean,mfcc15_var,mfcc16_mean,mfcc16_var,mfcc17_mean,mfcc17_var,mfcc18_mean,mfcc18_var,mfcc19_mean,mfcc19_var,mfcc20_mean,mfcc20_var
0.45550504,0.08801012,0.18215874,0.002163683,2059.02477480452,243249.30073772778,2227.235016982022,97842.3699898618,4553.198298832656,1252341.14512628,0.07230036736272236,0.001275489511730128,-0.0011307867,0.022286037,-0.0031853905,0.0066772327,151.99908088235293,-91.45286,3065.0508,98.79366,471.74063,-23.196144,329.73038,46.873005,230.28587,-6.847095,111.7787,29.29433,124.971794,-9.957947,114.983864,25.666126,74.287834,-10.203301,71.64082,19.623264,91.91931,-8.207199,73.42334,13.411509,50.960888,-6.494058,66.42028,14.028286,43.775043,0.41578975,69.57931,12.579369,33.847458,0.35416144,52.41018,10.114628,37.85729,-0.42342567,48.018227,1.3024879,61.51884
