chroma_stft_mean,chroma_stft_var,rms_mean,rms_var,spectral_centroid_mean,spectral_centroid_var,spectral_bandwidth_mean,spectral_bandwidth_var,rolloff_mean,rolloff_var,zero_crossing_rate_mean,zero_crossing_rate_var,harmony_mean,harmony_var,perceptr_mean,perceptr_var,tempo,mfcc1_mean,mfcc1_var,mfcc2_mean,mfcc2_var,mfcc3_mean,mfcc3_var,mfcc4_mean,mfcc4_var,mfcc5_mean,mfcc5_var,mfcc6_mean,mfcc6_var,mfcc7_mean,mfcc7_var,mfcc8_mean,mfcc8_var,mfcc9_mean,mfcc9_var,mfcc10_mean,mfcc10_var,mfcc11_mean,mfcc11_var,mfcc12_mean,mfcc12_var,mfcc13_mean,mfcc13_var,mfcc14_mean,mfcc14_var,mfcc15_mean,mfcc15_var,mfcc16_mean,mfcc16_var,mfcc17_mean,mfcc17_var,mfcc18_mean,mfcc18_var,mfcc19_mean,mfcc19_var,mfcc20_mean,mfcc20_var
0.48743895,0.08535339,0.07284604,0.001760156,1640.7106468821476,794146.8416404987,1906.9991727325626,220661.02158711108,3497.346910799739,3126819.842355733,0.06780765117459396,0.00406605538556558,4.378543e-06,0.003167513,-3.2630958e-06,0.0022335816,151.99908088235293,-256.234,9053.897,104.23237,1175.1499,-7.2694902,982.47815,56.268616,259.86847,11.037997,685.0208,27.324654,186.9358,5.8307714,179.01157,17.782099,96.66425,-1.2737304,109.029015,14.674843,88.13939,-3.46669,74.60314,10.861863,52.419464,-2.4603555,66.827805,1.5587701,45.516464,-3.7233412,56.17768,-1.3720438,40.304382,-4.203585,39.0216,1.3940355,43.543476,-0.26970837,46.6485,-1.6015311,47.80545
