chroma_stft_mean,chroma_stft_var,rms_mean,rms_var,spectral_centroid_mean,spectral_centroid_var,spectral_bandwidth_mean,spectral_bandwidth_var,rolloff_mean,rolloff_var,zero_crossing_rate_mean,zero_crossing_rate_var,harmony_mean,harmony_var,perceptr_mean,perceptr_var,tempo,mfcc1_mean,mfcc1_var,mfcc2_mean,mfcc2_var,mfcc3_mean,mfcc3_var,mfcc4_mean,mfcc4_var,mfcc5_mean,mfcc5_var,mfcc6_mean,mfcc6_var,mfcc7_mean,mfcc7_var,mfcc8_mean,mfcc8_var,mfcc9_mean,mfcc9_var,mfcc10_mean,mfcc10_var,mfcc11_mean,mfcc11_var,mfcc12_mean,mfcc12_var,mfcc13_mean,mfcc13_var,mfcc14_mean,mfcc14_var,mfcc15_mean,mfcc15_var,mfcc16_mean,mfcc16_var,mfcc17_mean,mfcc17_var,mfcc18_mean,mfcc18_var,mfcc19_mean,mfcc19_var,mfcc20_mean,mfcc20_var
0.3225547,0.09111694,0.114172205,0.0012995724,1788.5211001813198,426492.9432073358,2121.4543942148002,140209.78806389138,3820.544801787268,1686829.674237914,0.07597437222061099,0.0015143900909598972,-0.0014282741,0.00796393,-0.0024403818,0.002678328,99.38401442307692,-150.91212,4205.6187,111.7623,838.4578,2.9338331,460.83914,42.72235,203.87534,-3.5816026,251.80632,15.140649,97.80567,3.4474072,125.26215,0.19413994,94.30143,-4.7153597,91.61473,3.853786,91.34115,-0.88617665,67.42572,-5.347799,60.647186,0.6896016,68.85584,-1.2224877,56.040627,-5.0502796,57.65232,-5.074945,52.09462,-8.567344,59.551514,-7.983551,50.897755,-5.3008566,54.14488,-1.4545455,67.29493
