chroma_stft_mean,chroma_stft_var,rms_mean,rms_var,spectral_centroid_mean,spectral_centroid_var,spectral_bandwidth_mean,spectral_bandwidth_var,rolloff_mean,rolloff_var,zero_crossing_rate_mean,zero_crossing_rate_var,harmony_mean,harmony_var,perceptr_mean,perceptr_var,tempo,mfcc1_mean,mfcc1_var,mfcc2_mean,mfcc2_var,mfcc3_mean,mfcc3_var,mfcc4_mean,mfcc4_var,mfcc5_mean,mfcc5_var,mfcc6_mean,mfcc6_var,mfcc7_mean,mfcc7_var,mfcc8_mean,mfcc8_var,mfcc9_mean,mfcc9_var,mfcc10_mean,mfcc10_var,mfcc11_mean,mfcc11_var,mfcc12_mean,mfcc12_var,mfcc13_mean,mfcc13_var,mfcc14_mean,mfcc14_var,mfcc15_mean,mfcc15_var,mfcc16_mean,mfcc16_var,mfcc17_mean,mfcc17_var,mfcc18_mean,mfcc18_var,mfcc19_mean,mfcc19_var,mfcc20_mean,mfcc20_var
0.46179655,0.08101579,0.1128844,0.0006622878,2525.5469562709054,1017046.6060496747,2839.8418168272824,252415.43002127841,5595.360365157338,4947926.868375008,0.08219627622293117,0.0029317131000975915,-0.00028461407,0.006690854,-0.0013580725,0.0038331104,129.19921875,-130.38496,4248.726,84.30336,1137.385,29.343412,696.17865,23.83001,317.18442,8.269281,144.19077,13.85476,74.44157,2.2300909,63.38927,2.928923,60.950695,2.5831263,46.85568,0.09725,56.1797,2.3351214,45.983444,2.7418041,31.668728,3.7526884,39.150623,3.78774,35.213703,2.1326084,54.63635,3.1365461,48.39679,0.16210853,46.16701,2.391267,48.75339,-4.123591,49.671288,-1.7652068,45.726753
