chroma_stft_mean,chroma_stft_var,rms_mean,rms_var,spectral_centroid_mean,spectral_centroid_var,spectral_bandwidth_mean,spectral_bandwidth_var,rolloff_mean,rolloff_var,zero_crossing_rate_mean,zero_crossing_rate_var,harmony_mean,harmony_var,perceptr_mean,perceptr_var,tempo,mfcc1_mean,mfcc1_var,mfcc2_mean,mfcc2_var,mfcc3_mean,mfcc3_var,mfcc4_mean,mfcc4_var,mfcc5_mean,mfcc5_var,mfcc6_mean,mfcc6_var,mfcc7_mean,mfcc7_var,mfcc8_mean,mfcc8_var,mfcc9_mean,mfcc9_var,mfcc10_mean,mfcc10_var,mfcc11_mean,mfcc11_var,mfcc12_mean,mfcc12_var,mfcc13_mean,mfcc13_var,mfcc14_mean,mfcc14_var,mfcc15_mean,mfcc15_var,mfcc16_mean,mfcc16_var,mfcc17_mean,mfcc17_var,mfcc18_mean,mfcc18_var,mfcc19_mean,mfcc19_var,mfcc20_mean,mfcc20_var
0.3731504,0.09515099,0.10329819,0.002297012,2169.6559456996456,1075868.059898434,2576.932481929306,432168.1851211376,4773.88448693083,5835734.684671933,0.07884288295146945,0.003270998927415654,-0.0050782044,0.0070471573,-0.0033784076,0.002663005,95.703125,-177.44118,6644.175,98.32117,1625.6984,14.729943,678.44556,21.141994,492.92435,14.945246,256.24658,10.197005,135.06287,4.9809175,153.39581,0.8440798,122.62645,4.833774,134.49149,6.8653493,110.70577,3.542343,69.8695,-0.35030088,79.437065,0.57976705,84.275345,1.3742537,92.79978,2.0125647,108.069435,-0.30766252,72.74542,-1.3686297,67.81372,2.8970482,84.251335,-0.98062426,80.86825,-0.52107495,102.03074
