chroma_stft_mean,chroma_stft_var,rms_mean,rms_var,spectral_centroid_mean,spectral_centroid_var,spectral_bandwidth_mean,spectral_bandwidth_var,rolloff_mean,rolloff_var,zero_crossing_rate_mean,zero_crossing_rate_var,harmony_mean,harmony_var,perceptr_mean,perceptr_var,tempo,mfcc1_mean,mfcc1_var,mfcc2_mean,mfcc2_var,mfcc3_mean,mfcc3_var,mfcc4_mean,mfcc4_var,mfcc5_mean,mfcc5_var,mfcc6_mean,mfcc6_var,mfcc7_mean,mfcc7_var,mfcc8_mean,mfcc8_var,mfcc9_mean,mfcc9_var,mfcc10_mean,mfcc10_var,mfcc11_mean,mfcc11_var,mfcc12_mean,mfcc12_var,mfcc13_mean,mfcc13_var,mfcc14_mean,mfcc14_var,mfcc15_mean,mfcc15_var,mfcc16_mean,mfcc16_var,mfcc17_mean,mfcc17_var,mfcc18_mean,mfcc18_var,mfcc19_mean,mfcc19_var,mfcc20_mean,mfcc20_var
0.47053483,0.08830859,0.08244713,0.0018587798,1291.4990686418096,473413.48006009136,1746.652266968622,288965.56610972405,2827.5527139827436,2979305.952300939,0.04460126341357309,0.0008094820670098506,4.3967298e-06,0.0038522924,-1.6839605e-05,0.0021154045,184.5703125,-238.91705,5878.538,132.3233,796.65393,-0.10172186,580.0376,41.223972,239.46646,2.4205303,250.77654,19.089252,240.20543,7.9586987,197.3829,19.93688,93.96237,-0.6286661,102.00151,11.0968075,124.400375,-1.7136846,75.364006,9.941104,72.955956,3.0233514,65.85494,2.2116444,91.503395,-7.841698,75.91303,-3.9808059,46.86199,-4.9157934,36.771805,-2.1511705,44.20775,-2.4144456,49.143604,0.051692765,50.724163
