chroma_stft_mean,chroma_stft_var,rms_mean,rms_var,spectral_centroid_mean,spectral_centroid_var,spectral_bandwidth_mean,spectral_bandwidth_var,rolloff_mean,rolloff_var,zero_crossing_rate_mean,zero_crossing_rate_var,harmony_mean,harmony_var,perceptr_mean,perceptr_var,tempo,mfcc1_mean,mfcc1_var,mfcc2_mean,mfcc2_var,mfcc3_mean,mfcc3_var,mfcc4_mean,mfcc4_var,mfcc5_mean,mfcc5_var,mfcc6_mean,mfcc6_var,mfcc7_mean,mfcc7_var,mfcc8_mean,mfcc8_var,mfcc9_mean,mfcc9_var,mfcc10_mean,mfcc10_var,mfcc11_mean,mfcc11_var,mfcc12_mean,mfcc12_var,mfcc13_mean,mfcc13_var,mfcc14_mean,mfcc14_var,mfcc15_mean,mfcc15_var,mfcc16_mean,mfcc16_var,mfcc17_mean,mfcc17_var,mfcc18_mean,mfcc18_var,mfcc19_mean,mfcc19_var,mfcc20_mean,mfcc20_var
0.39010614,0.09239303,0.1201583,0.0015474019,2673.223822306729,832374.010280629,2550.3652369896545,121790.9827171546,5608.450154527987,2022399.970786706,0.11116763038959783,0.005031957667921481,6.25446e-07,0.008961136,-2.1130534e-05,0.003098838,89.10290948275862,-123.69994,3872.061,66.21,1018.7416,8.186225,474.48685,49.73067,295.28757,8.53451,227.26292,25.871931,193.52267,-5.3876905,166.02135,12.882779,96.68538,-2.5431156,72.546524,6.808867,80.30039,-3.566336,74.65006,7.6386366,65.53815,-2.051774,54.36956,4.919917,58.678642,3.6664174,50.009003,4.1273646,50.903633,-2.0542843,50.997063,6.777917,43.24914,-2.834405,44.415207,-2.3827367,43.69978
