chroma_stft_mean,chroma_stft_var,rms_mean,rms_var,spectral_centroid_mean,spectral_centroid_var,spectral_bandwidth_mean,spectral_bandwidth_var,rolloff_mean,rolloff_var,zero_crossing_rate_mean,zero_crossing_rate_var,harmony_mean,harmony_var,perceptr_mean,perceptr_var,tempo,mfcc1_mean,mfcc1_var,mfcc2_mean,mfcc2_var,mfcc3_mean,mfcc3_var,mfcc4_mean,mfcc4_var,mfcc5_mean,mfcc5_var,mfcc6_mean,mfcc6_var,mfcc7_mean,mfcc7_var,mfcc8_mean,mfcc8_var,mfcc9_mean,mfcc9_var,mfcc10_mean,mfcc10_var,mfcc11_mean,mfcc11_var,mfcc12_mean,mfcc12_var,mfcc13_mean,mfcc13_var,mfcc14_mean,mfcc14_var,mfcc15_mean,mfcc15_var,mfcc16_mean,mfcc16_var,mfcc17_mean,mfcc17_var,mfcc18_mean,mfcc18_var,mfcc19_mean,mfcc19_var,mfcc20_mean,mfcc20_var
0.37048218,0.09319975,0.10047588,0.0024733506,2173.8734628702273,912159.2652864958,2460.470767071349,358655.39630136517,4658.516146135441,4677263.833200356,0.08315697807907967,0.003062288488425889,-0.0054243915,0.0070195072,-0.0026704539,0.0026940145,151.99908088235293,-162.50012,6074.8843,98.50553,1059.3834,-1.639287,563.6512,20.811337,363.2437,12.054913,317.6692,11.739406,187.8596,6.0876856,139.10368,4.9532595,102.786156,1.6935803,115.412834,3.045784,84.43924,-0.8581664,72.736595,4.114119,67.70163,3.4215343,67.65528,-1.3967791,62.04521,2.279808,66.79681,-3.7148106,79.69692,-6.494618,83.80647,2.5868888,94.9299,1.4093591,87.719345,2.230087,76.5082
