chroma_stft_mean,chroma_stft_var,rms_mean,rms_var,spectral_centroid_mean,spectral_centroid_var,spectral_bandwidth_mean,spectral_bandwidth_var,rolloff_mean,rolloff_var,zero_crossing_rate_mean,zero_crossing_rate_var,harmony_mean,harmony_var,perceptr_mean,perceptr_var,tempo,mfcc1_mean,mfcc1_var,mfcc2_mean,mfcc2_var,mfcc3_mean,mfcc3_var,mfcc4_mean,mfcc4_var,mfcc5_mean,mfcc5_var,mfcc6_mean,mfcc6_var,mfcc7_mean,mfcc7_var,mfcc8_mean,mfcc8_var,mfcc9_mean,mfcc9_var,mfcc10_mean,mfcc10_var,mfcc11_mean,mfcc11_var,mfcc12_mean,mfcc12_var,mfcc13_mean,mfcc13_var,mfcc14_mean,mfcc14_var,mfcc15_mean,mfcc15_var,mfcc16_mean,mfcc16_var,mfcc17_mean,mfcc17_var,mfcc18_mean,mfcc18_var,mfcc19_mean,mfcc19_var,mfcc20_mean,mfcc20_var
0.32666746,0.091457255,0.056750834,0.0010728346,1366.6849879747774,468794.5614112889,1737.1894705207098,185452.97675058054,2563.3254898673144,2600755.452697317,0.0711814367024362,0.002746899218491866,-0.002217519,0.0031615049,-0.0011569846,0.00037812136,129.19921875,-285.87192,7589.7603,138.68126,1418.8441,19.889305,1004.13257,35.23311,438.09985,-8.018051,338.19565,7.0739436,156.7334,5.4022317,260.30307,-3.2044294,81.9218,-1.1590017,101.57338,3.1945817,104.975555,1.4917814,126.88239,-4.045572,120.89182,-6.32349,148.77393,-0.92843753,120.26709,-4.3736997,135.4272,2.8759425,76.086945,1.242588,134.98782,1.9672704,140.78749,0.7787202,109.17302,-4.2754903,177.80748
