chroma_stft_mean,chroma_stft_var,rms_mean,rms_var,spectral_centroid_mean,spectral_centroid_var,spectral_bandwidth_mean,spectral_bandwidth_var,rolloff_mean,rolloff_var,zero_crossing_rate_mean,zero_crossing_rate_var,harmony_mean,harmony_var,perceptr_mean,perceptr_var,tempo,mfcc1_mean,mfcc1_var,mfcc2_mean,mfcc2_var,mfcc3_mean,mfcc3_var,mfcc4_mean,mfcc4_var,mfcc5_mean,mfcc5_var,mfcc6_mean,mfcc6_var,mfcc7_mean,mfcc7_var,mfcc8_mean,mfcc8_var,mfcc9_mean,mfcc9_var,mfcc10_mean,mfcc10_var,mfcc11_mean,mfcc11_var,mfcc12_mean,mfcc12_var,mfcc13_mean,mfcc13_var,mfcc14_mean,mfcc14_var,mfcc15_mean,mfcc15_var,mfcc16_mean,mfcc16_var,mfcc17_mean,mfcc17_var,mfcc18_mean,mfcc18_var,mfcc19_mean,mfcc19_var,mfcc20_mean,mfcc20_var
0.4018569,0.09301759,0.10105628,0.0027358164,2009.762594680229,491483.04772138875,2141.368199617865,179872.81937783884,4304.875335339327,2404953.7745202133,0.08445301926237432,0.0024182329798776176,6.936747e-07,0.0057486156,-2.7468446e-05,0.00409192,123.046875,-175.57849,7051.5044,104.87788,876.08844,-15.688772,558.79333,27.520798,376.06543,-8.110774,243.8181,24.028858,199.14296,-10.312878,256.59137,18.851536,186.96892,-8.380903,184.31381,11.850701,159.15877,-7.579116,134.79442,12.561645,126.183044,-6.039826,95.38337,2.497356,116.02603,1.9000844,84.76291,7.1328044,84.163994,-3.3741229,86.917076,12.438279,93.45705,-3.3470025,70.87394,0.74571353,89.50695
