chroma_stft_mean,chroma_stft_var,rms_mean,rms_var,spectral_centroid_mean,spectral_centroid_var,spectral_bandwidth_mean,spectral_bandwidth_var,rolloff_mean,rolloff_var,zero_crossing_rate_mean,zero_crossing_rate_var,harmony_mean,harmony_var,perceptr_mean,perceptr_var,tempo,mfcc1_mean,mfcc1_var,mfcc2_mean,mfcc2_var,mfcc3_mean,mfcc3_var,mfcc4_mean,mfcc4_var,mfcc5_mean,mfcc5_var,mfcc6_mean,mfcc6_var,mfcc7_mean,mfcc7_var,mfcc8_mean,mfcc8_var,mfcc9_mean,mfcc9_var,mfcc10_mean,mfcc10_var,mfcc11_mean,mfcc11_var,mfcc12_mean,mfcc12_var,mfcc13_mean,mfcc13_var,mfcc14_mean,mfcc14_var,mfcc15_mean,mfcc15_var,mfcc16_mean,mfcc16_var,mfcc17_mean,mfcc17_var,mfcc18_mean,mfcc18_var,mfcc19_mean,mfcc19_var,mfcc20_mean,mfcc20_var
0.43283853,0.08602017,0.14284647,0.004759556,3089.7484730911488,1311481.737444476,2973.7469946717697,271613.3921373889,6574.88795588022,4660051.196670187,0.13615569714327147,0.007493782058174148,-1.5980233e-06,0.008984863,-5.8677957e-05,0.009514201,112.34714673913044,-94.26048,6278.053,68.1341,1081.9824,4.029074,746.64105,7.6326213,506.45883,12.799715,393.13156,-3.1867485,209.09822,-3.9116669,189.064,3.8171222,141.50856,-6.116798,165.27667,-0.3535829,126.85767,0.32772845,154.57465,-4.678538,87.21975,-3.0110476,94.44281,-2.960545,80.244255,-3.1923532,86.053154,-4.9230623,106.42405,-5.0012655,74.777466,1.3880697,75.52548,-2.0980146,82.93795,-2.0955615,56.35005
