chroma_stft_mean,chroma_stft_var,rms_mean,rms_var,spectral_centroid_mean,spectral_centroid_var,spectral_bandwidth_mean,spectral_bandwidth_var,rolloff_mean,rolloff_var,zero_crossing_rate_mean,zero_crossing_rate_var,harmony_mean,harmony_var,perceptr_mean,perceptr_var,tempo,mfcc1_mean,mfcc1_var,mfcc2_mean,mfcc2_var,mfcc3_mean,mfcc3_var,mfcc4_mean,mfcc4_var,mfcc5_mean,mfcc5_var,mfcc6_mean,mfcc6_var,mfcc7_mean,mfcc7_var,mfcc8_mean,mfcc8_var,mfcc9_mean,mfcc9_var,mfcc10_mean,mfcc10_var,mfcc11_mean,mfcc11_var,mfcc12_mean,mfcc12_var,mfcc13_mean,mfcc13_var,mfcc14_mean,mfcc14_var,mfcc15_mean,mfcc15_var,mfcc16_mean,mfcc16_var,mfcc17_mean,mfcc17_var,mfcc18_mean,mfcc18_var,mfcc19_mean,mfcc19_var,mfcc20_mean,mfcc20_var
0.38971886,0.09072707,0.17089733,0.00663487,2481.5194522237502,433443.92713445134,2324.114186065556,182899.82303559387,4847.385486151392,2005939.8211009416,0.13501222024845322,0.003009969695321378,1.6261645e-05,0.018058937,0.00019132037,0.008176223,143.5546875,-63.820232,2767.479,88.242676,701.73267,-27.582493,572.9104,18.598444,258.01862,-3.5857682,410.95877,5.2034063,124.21333,0.9885983,117.8571,8.044875,124.39659,-4.4020996,88.836586,2.272666,74.04683,4.1477814,94.42628,-2.203778,56.74021,10.268399,70.867386,1.874224,75.96214,6.2849793,74.185455,4.6945333,53.72764,-7.755518,50.994926,4.597699,61.892548,-1.5859885,46.709015,0.628186,58.145187
