chroma_stft_mean,chroma_stft_var,rms_mean,rms_var,spectral_centroid_mean,spectral_centroid_var,spectral_bandwidth_mean,spectral_bandwidth_var,rolloff_mean,rolloff_var,zero_crossing_rate_mean,zero_crossing_rate_var,harmony_mean,harmony_var,perceptr_mean,perceptr_var,tempo,mfcc1_mean,mfcc1_var,mfcc2_mean,mfcc2_var,mfcc3_mean,mfcc3_var,mfcc4_mean,mfcc4_var,mfcc5_mean,mfcc5_var,mfcc6_mean,mfcc6_var,mfcc7_mean,mfcc7_var,mfcc8_mean,mfcc8_var,mfcc9_mean,mfcc9_var,mfcc10_mean,mfcc10_var,mfcc11_mean,mfcc11_var,mfcc12_mean,mfcc12_var,mfcc13_mean,mfcc13_var,mfcc14_mean,mfcc14_var,mfcc15_mean,mfcc15_var,mfcc16_mean,mfcc16_var,mfcc17_mean,mfcc17_var,mfcc18_mean,mfcc18_var,mfcc19_mean,mfcc19_var,mfcc20_mean,mfcc20_var
0.41636136,0.09524209,0.16210662,0.0050866473,1630.16101822981,511650.6575096121,1578.5100390936884,85120.83067980474,3183.699903023492,1426455.8329490882,0.0796547968629157,0.004149680185553324,-0.0016552907,0.02367609,-0.002707003,0.0037390827,89.10290948275862,-166.97626,6865.1494,116.626755,747.3122,-44.220535,903.61725,70.51435,229.92123,2.3173788,391.41205,16.009483,130.98735,12.503331,157.2719,4.093497,120.63433,5.321485,99.92427,4.5174103,84.20215,7.2984104,71.19962,7.585032,63.00927,2.9087095,58.305225,1.4827062,57.60746,1.1314708,47.22151,-3.1361449,41.716404,-1.9620519,36.928474,-1.0103896,39.3522,-4.652274,32.023285,-4.952445,36.025173
