chroma_stft_mean,chroma_stft_var,rms_mean,rms_var,spectral_centroid_mean,spectral_centroid_var,spectral_bandwidth_mean,spectral_bandwidth_var,rolloff_mean,rolloff_var,zero_crossing_rate_mean,zero_crossing_rate_var,harmony_mean,harmony_var,perceptr_mean,perceptr_var,tempo,mfcc1_mean,mfcc1_var,mfcc2_mean,mfcc2_var,mfcc3_mean,mfcc3_var,mfcc4_mean,mfcc4_var,mfcc5_mean,mfcc5_var,mfcc6_mean,mfcc6_var,mfcc7_mean,mfcc7_var,mfcc8_mean,mfcc8_var,mfcc9_mean,mfcc9_var,mfcc10_mean,mfcc10_var,mfcc11_mean,mfcc11_var,mfcc12_mean,mfcc12_var,mfcc13_mean,mfcc13_var,mfcc14_mean,mfcc14_var,mfcc15_mean,mfcc15_var,mfcc16_mean,mfcc16_var,mfcc17_mean,mfcc17_var,mfcc18_mean,mfcc18_var,mfcc19_mean,mfcc19_var,mfcc20_mean,mfcc20_var
0.37600246,0.09549101,0.29802984,0.014592725,2081.187059476721,881788.5583783732,2264.795100908743,439258.54370639846,4365.952692231003,4254060.679484888,0.08282126111755607,0.0027592706318387973,-0.00043104927,0.06222856,0.0002747202,0.020014942,89.10290948275862,-66.108925,6982.789,97.88381,1802.6968,-18.831675,568.8702,26.931944,306.42334,14.003508,249.78639,6.0077677,240.11026,9.442091,170.21315,10.566116,105.87471,-0.1422596,128.98903,8.125619,104.259544,10.533844,147.01106,8.000866,109.33756,3.8141556,64.50735,4.014894,61.827835,2.714371,51.45263,0.42208654,50.16025,-4.203364,45.116318,0.101320155,44.060566,0.1487321,43.968636,-3.1481547,37.748875
