chroma_stft_mean,chroma_stft_var,rms_mean,rms_var,spectral_centroid_mean,spectral_centroid_var,spectral_bandwidth_mean,spectral_bandwidth_var,rolloff_mean,rolloff_var,zero_crossing_rate_mean,zero_crossing_rate_var,harmony_mean,harmony_var,perceptr_mean,perceptr_var,tempo,mfcc1_mean,mfcc1_var,mfcc2_mean,mfcc2_var,mfcc3_mean,mfcc3_var,mfcc4_mean,mfcc4_var,mfcc5_mean,mfcc5_var,mfcc6_mean,mfcc6_var,mfcc7_mean,mfcc7_var,mfcc8_mean,mfcc8_var,mfcc9_mean,mfcc9_var,mfcc10_mean,mfcc10_var,mfcc11_mean,mfcc11_var,mfcc12_mean,mfcc12_var,mfcc13_mean,mfcc13_var,mfcc14_mean,mfcc14_var,mfcc15_mean,mfcc15_var,mfcc16_mean,mfcc16_var,mfcc17_mean,mfcc17_var,mfcc18_mean,mfcc18_var,mfcc19_mean,mfcc19_var,mfcc20_mean,mfcc20_var
0.32904342,0.09023888,0.094102465,0.001772746,2133.3521515473035,276306.83547726437,2289.5782061974546,130927.49852923043,4801.404686593677,1912275.8227036237,0.09779937342904099,0.0012805400865978477,-4.0118775e-06,0.0057159723,-1.502032e-05,0.0025094836,123.046875,-159.48033,3297.5417,104.85739,381.7963,-10.333498,492.37402,34.647846,282.18423,-4.978135,159.68233,26.803732,129.08443,-21.9402,135.85059,23.42468,106.25822,-14.025368,87.72036,19.575533,105.40109,-8.296038,98.28896,9.729553,113.265335,-10.074867,96.30491,1.4232851,61.869713,-6.48828,77.61213,1.0727451,67.187515,-9.200651,89.060265,3.2854667,75.36072,-0.7637778,86.511284,3.7562706,104.19731
