chroma_stft_mean,chroma_stft_var,rms_mean,rms_var,spectral_centroid_mean,spectral_centroid_var,spectral_bandwidth_mean,spectral_bandwidth_var,rolloff_mean,rolloff_var,zero_crossing_rate_mean,zero_crossing_rate_var,harmony_mean,harmony_var,perceptr_mean,perceptr_var,tempo,mfcc1_mean,mfcc1_var,mfcc2_mean,mfcc2_var,mfcc3_mean,mfcc3_var,mfcc4_mean,mfcc4_var,mfcc5_mean,mfcc5_var,mfcc6_mean,mfcc6_var,mfcc7_mean,mfcc7_var,mfcc8_mean,mfcc8_var,mfcc9_mean,mfcc9_var,mfcc10_mean,mfcc10_var,mfcc11_mean,mfcc11_var,mfcc12_mean,mfcc12_var,mfcc13_mean,mfcc13_var,mfcc14_mean,mfcc14_var,mfcc15_mean,mfcc15_var,mfcc16_mean,mfcc16_var,mfcc17_mean,mfcc17_var,mfcc18_mean,mfcc18_var,mfcc19_mean,mfcc19_var,mfcc20_mean,mfcc20_var
0.47341308,0.09289488,0.17930187,0.009920103,2566.857509437963,980710.7423857411,2629.631143825934,217305.0350362695,5313.696742223753,3138855.9240418794,0.09938166147041763,0.005637127541157583,-0.00013635162,0.023608515,-0.0012324001,0.007621291,99.38401442307692,-115.755066,6232.869,67.079124,968.14606,1.8834685,880.3861,29.096535,318.87393,4.006483,255.83382,12.040893,258.3198,14.014687,266.65805,14.933622,130.7653,2.3025777,113.616104,17.06946,167.40025,7.582193,125.72629,4.9902287,54.753494,8.53706,61.38979,8.276883,56.079884,7.8961053,71.84845,5.8674073,64.095184,3.1157613,45.09632,0.052201957,42.99611,-1.540165,71.984665,-1.2690055,76.873184
