chroma_stft_mean,chroma_stft_var,rms_mean,rms_var,spectral_centroid_mean,spectral_centroid_var,spectral_bandwidth_mean,spectral_bandwidth_var,rolloff_mean,rolloff_var,zero_crossing_rate_mean,zero_crossing_rate_var,harmony_mean,harmony_var,perceptr_mean,perceptr_var,tempo,mfcc1_mean,mfcc1_var,mfcc2_mean,mfcc2_var,mfcc3_mean,mfcc3_var,mfcc4_mean,mfcc4_var,mfcc5_mean,mfcc5_var,mfcc6_mean,mfcc6_var,mfcc7_mean,mfcc7_var,mfcc8_mean,mfcc8_var,mfcc9_mean,mfcc9_var,mfcc10_mean,mfcc10_var,mfcc11_mean,mfcc11_var,mfcc12_mean,mfcc12_var,mfcc13_mean,mfcc13_var,mfcc14_mean,mfcc14_var,mfcc15_mean,mfcc15_var,mfcc16_mean,mfcc16_var,mfcc17_mean,mfcc17_var,mfcc18_mean,mfcc18_var,mfcc19_mean,mfcc19_var,mfcc20_mean,mfcc20_var
0.36232552,0.09751376,0.11161461,0.0026038694,1608.5066742460235,635221.391835474,1975.3501475048533,305804.724424377,3436.710876323231,3788720.646955812,0.07061687330819799,0.0035151029452983734,-3.202688e-06,0.006140825,-1.6062082e-05,0.004986529,123.046875,-206.51552,6437.5903,122.598175,928.2232,-0.57659143,861.4127,29.354094,279.5722,10.233527,326.44254,28.23236,191.64651,-9.929435,244.74222,13.371487,153.41174,-8.455472,147.39925,11.285515,196.72932,-7.2900777,129.06725,7.073109,105.65896,-10.346017,116.395836,1.9420294,90.24689,-6.5417724,125.605644,-0.2063468,98.83873,-7.5571437,97.24857,0.40679076,80.89892,-1.6579525,93.7431,-0.17593367,121.739296
