chroma_stft_mean,chroma_stft_var,rms_mean,rms_var,spectral_centroid_mean,spectral_centroid_var,spectral_bandwidth_mean,spectral_bandwidth_var,rolloff_mean,rolloff_var,zero_crossing_rate_mean,zero_crossing_rate_var,harmony_mean,harmony_var,perceptr_mean,perceptr_var,tempo,mfcc1_mean,mfcc1_var,mfcc2_mean,mfcc2_var,mfcc3_mean,mfcc3_var,mfcc4_mean,mfcc4_var,mfcc5_mean,mfcc5_var,mfcc6_mean,mfcc6_var,mfcc7_mean,mfcc7_var,mfcc8_mean,mfcc8_var,mfcc9_mean,mfcc9_var,mfcc10_mean,mfcc10_var,mfcc11_mean,mfcc11_var,mfcc12_mean,mfcc12_var,mfcc13_mean,mfcc13_var,mfcc14_mean,mfcc14_var,mfcc15_mean,mfcc15_var,mfcc16_mean,mfcc16_var,mfcc17_mean,mfcc17_var,mfcc18_mean,mfcc18_var,mfcc19_mean,mfcc19_var,mfcc20_mean,mfcc20_var
0.43461853,0.09363721,0.079960585,0.0031735515,1811.1579026505945,654160.9625131282,2166.3985648744238,182375.87341703317,4119.003657011311,2870171.685144845,0.0592051400570379,0.0020214878501676717,-1.9582226e-06,0.0038263116,-1.9052759e-05,0.0033274784,86.1328125,-236.64937,5499.0103,91.689575,704.7492,1.8816684,606.5518,45.46816,194.91505,1.2822024,265.0419,32.26184,228.0495,9.05218,295.60544,19.610588,198.12512,-5.0543056,111.9022,10.958242,159.03096,-4.0026364,89.17671,7.5312138,102.07149,-0.33062664,112.26794,5.804759,76.61116,-1.8248243,77.46537,5.374858,69.902596,0.28224126,82.503746,5.014909,57.175,-0.3337091,74.16324,-0.851287,63.457676
