chroma_stft_mean,chroma_stft_var,rms_mean,rms_var,spectral_centroid_mean,spectral_centroid_var,spectral_bandwidth_mean,spectral_bandwidth_var,rolloff_mean,rolloff_var,zero_crossing_rate_mean,zero_crossing_rate_var,harmony_mean,harmony_var,perceptr_mean,perceptr_var,tempo,mfcc1_mean,mfcc1_var,mfcc2_mean,mfcc2_var,mfcc3_mean,mfcc3_var,mfcc4_mean,mfcc4_var,mfcc5_mean,mfcc5_var,mfcc6_mean,mfcc6_var,mfcc7_mean,mfcc7_var,mfcc8_mean,mfcc8_var,mfcc9_mean,mfcc9_var,mfcc10_mean,mfcc10_var,mfcc11_mean,mfcc11_var,mfcc12_mean,mfcc12_var,mfcc13_mean,mfcc13_var,mfcc14_mean,mfcc14_var,mfcc15_mean,mfcc15_var,mfcc16_mean,mfcc16_var,mfcc17_mean,mfcc17_var,mfcc18_mean,mfcc18_var,mfcc19_mean,mfcc19_var,mfcc20_mean,mfcc20_var
0.3425007,0.0920463,0.10504522,0.0025844541,1417.957488637926,545839.3617798607,1704.483861760768,246702.5740671191,2880.3365402044665,2606602.3567445576,0.06082141519238206,0.002600486988111461,-3.897874e-06,0.008386133,-2.0256599e-05,0.002339675,151.99908088235293,-207.39706,5176.4556,134.70505,1106.835,-9.09317,724.676,38.44704,426.86514,6.303592,398.00027,22.595772,184.76607,-8.299389,313.5552,16.295506,151.78954,-8.471838,121.4577,4.1403346,140.50357,-4.3538995,110.90538,6.340493,92.323654,-6.9138722,87.77866,0.95296204,63.202625,-0.9485604,67.40392,-2.5315037,65.26544,-6.0917125,65.90374,2.485305,65.2189,-6.1715727,73.29872,-4.5784636,42.24613
