chroma_stft_mean,chroma_stft_var,rms_mean,rms_var,spectral_centroid_mean,spectral_centroid_var,spectral_bandwidth_mean,spectral_bandwidth_var,rolloff_mean,rolloff_var,zero_crossing_rate_mean,zero_crossing_rate_var,harmony_mean,harmony_var,perceptr_mean,perceptr_var,tempo,mfcc1_mean,mfcc1_var,mfcc2_mean,mfcc2_var,mfcc3_mean,mfcc3_var,mfcc4_mean,mfcc4_var,mfcc5_mean,mfcc5_var,mfcc6_mean,mfcc6_var,mfcc7_mean,mfcc7_var,mfcc8_mean,mfcc8_var,mfcc9_mean,mfcc9_var,mfcc10_mean,mfcc10_var,mfcc11_mean,mfcc11_var,mfcc12_mean,mfcc12_var,mfcc13_mean,mfcc13_var,mfcc14_mean,mfcc14_var,mfcc15_mean,mfcc15_var,mfcc16_mean,mfcc16_var,mfcc17_mean,mfcc17_var,mfcc18_mean,mfcc18_var,mfcc19_mean,mfcc19_var,mfcc20_mean,mfcc20_var
0.46993375,0.086830616,0.14421864,0.008269872,2868.345135224565,1353542.031045142,2676.2080951154044,225444.66078620864,5797.136304107454,3569696.2639627024,0.13065696297370458,0.009764953409464011,1.2900466e-06,0.013576179,4.8910322e-05,0.00981779,151.99908088235293,-127.3255,4946.6226,65.99195,1286.9791,4.4411926,867.6023,30.03376,266.86246,16.642286,186.87993,16.512138,166.91864,-6.404064,146.21295,15.292219,99.49042,4.6115885,102.80791,5.086445,109.9756,5.585365,77.64886,-0.78358966,57.25772,6.055245,60.136517,3.7891238,66.39256,-2.1804898,84.58012,1.9998138,69.514984,-5.570261,90.37099,7.774162,123.54184,-1.5178828,96.35328,5.006795,67.50742
