chroma_stft_mean,chroma_stft_var,rms_mean,rms_var,spectral_centroid_mean,spectral_centroid_var,spectral_bandwidth_mean,spectral_bandwidth_var,rolloff_mean,rolloff_var,zero_crossing_rate_mean,zero_crossing_rate_var,harmony_mean,harmony_var,perceptr_mean,perceptr_var,tempo,mfcc1_mean,mfcc1_var,mfcc2_mean,mfcc2_var,mfcc3_mean,mfcc3_var,mfcc4_mean,mfcc4_var,mfcc5_mean,mfcc5_var,mfcc6_mean,mfcc6_var,mfcc7_mean,mfcc7_var,mfcc8_mean,mfcc8_var,mfcc9_mean,mfcc9_var,mfcc10_mean,mfcc10_var,mfcc11_mean,mfcc11_var,mfcc12_mean,mfcc12_var,mfcc13_mean,mfcc13_var,mfcc14_mean,mfcc14_var,mfcc15_mean,mfcc15_var,mfcc16_mean,mfcc16_var,mfcc17_mean,mfcc17_var,mfcc18_mean,mfcc18_var,mfcc19_mean,mfcc19_var,mfcc20_mean,mfcc20_var
0.39144024,0.09363031,0.09414366,0.002153874,1923.603059591631,689114.1177964984,2108.0590439675548,304129.44767508045,4154.2594891966355,3801417.4825427798,0.08490731341840681,0.004026367678214316,-7.167324e-06,0.007408181,-3.2023156e-05,0.0018727076,151.99908088235293,-201.19154,5462.2646,104.146736,1126.7136,-15.439406,764.55084,30.81282,314.42862,14.260963,299.36008,31.42331,218.1308,-7.8610983,225.18484,17.967077,189.50212,-4.053848,114.952644,16.94223,100.261604,-11.208057,103.98529,12.122964,94.12901,-5.282073,92.42592,-0.68414795,110.851074,-1.3796266,79.23744,3.9347281,78.74535,-5.8556094,67.49579,1.0446371,67.74258,-2.9770885,77.7159,-1.3649515,95.670265
