chroma_stft_mean,chroma_stft_var,rms_mean,rms_var,spectral_centroid_mean,spectral_centroid_var,spectral_bandwidth_mean,spectral_bandwidth_var,rolloff_mean,rolloff_var,zero_crossing_rate_mean,zero_crossing_rate_var,harmony_mean,harmony_var,perceptr_mean,perceptr_var,tempo,mfcc1_mean,mfcc1_var,mfcc2_mean,mfcc2_var,mfcc3_mean,mfcc3_var,mfcc4_mean,mfcc4_var,mfcc5_mean,mfcc5_var,mfcc6_mean,mfcc6_var,mfcc7_mean,mfcc7_var,mfcc8_mean,mfcc8_var,mfcc9_mean,mfcc9_var,mfcc10_mean,mfcc10_var,mfcc11_mean,mfcc11_var,mfcc12_mean,mfcc12_var,mfcc13_mean,mfcc13_var,mfcc14_mean,mfcc14_var,mfcc15_mean,mfcc15_var,mfcc16_mean,mfcc16_var,mfcc17_mean,mfcc17_var,mfcc18_mean,mfcc18_var,mfcc19_mean,mfcc19_var,mfcc20_mean,mfcc20_var
0.4406299,0.09434175,0.21068963,0.006633016,2456.3701094702765,1479335.156443954,2559.8386037814166,313421.29627495236,5054.457294083527,5357642.643636439,0.08823842626160093,0.005826599170967664,-2.3141178e-05,0.030430667,-0.00036194,0.012782963,161.4990234375,-105.702126,9069.5,76.071304,1814.1152,19.506235,735.54614,36.742977,298.4908,3.7592542,238.532,11.673694,185.94775,0.07490076,122.04994,7.1031666,119.585365,7.6822886,139.05782,10.456471,125.93506,0.98060775,122.71761,-2.1891124,74.94371,-1.5151197,87.80579,2.6442406,69.660286,2.130348,64.66662,1.4316971,53.078476,3.8514447,50.923157,5.685645,41.207027,-0.14512089,49.03569,-1.5354147,50.932007
