chroma_stft_mean,chroma_stft_var,rms_mean,rms_var,spectral_centroid_mean,spectral_centroid_var,spectral_bandwidth_mean,spectral_bandwidth_var,rolloff_mean,rolloff_var,zero_crossing_rate_mean,zero_crossing_rate_var,harmony_mean,harmony_var,perceptr_mean,perceptr_var,tempo,mfcc1_mean,mfcc1_var,mfcc2_mean,mfcc2_var,mfcc3_mean,mfcc3_var,mfcc4_mean,mfcc4_var,mfcc5_mean,mfcc5_var,mfcc6_mean,mfcc6_var,mfcc7_mean,mfcc7_var,mfcc8_mean,mfcc8_var,mfcc9_mean,mfcc9_var,mfcc10_mean,mfcc10_var,mfcc11_mean,mfcc11_var,mfcc12_mean,mfcc12_var,mfcc13_mean,mfcc13_var,mfcc14_mean,mfcc14_var,mfcc15_mean,mfcc15_var,mfcc16_mean,mfcc16_var,mfcc17_mean,mfcc17_var,mfcc18_mean,mfcc18_var,mfcc19_mean,mfcc19_var,mfcc20_mean,mfcc20_var
0.40394077,0.09997673,0.12778883,0.0051422887,2086.391662520049,829894.9356880252,2318.0279857939604,242158.98598756435,4678.8586114232885,3568234.090558858,0.08734909730278423,0.005643097748452149,-0.0031287952,0.007612375,-0.0021341408,0.009012592,135.99917763157896,-177.5211,6933.3877,89.96064,1013.87897,4.589545,742.55316,40.16102,536.0336,0.16618758,312.90817,23.184372,194.99997,-9.90655,232.32835,12.780389,148.93626,-7.307859,142.39465,18.747253,133.02538,-5.7444153,128.12288,6.1223145,117.41701,-9.91866,102.575264,0.28640756,102.44945,-8.233047,87.7142,3.8865967,82.79801,-6.8602557,80.808586,2.1814337,53.744152,-2.3666983,83.04768,1.8254805,61.586292
