chroma_stft_mean,chroma_stft_var,rms_mean,rms_var,spectral_centroid_mean,spectral_centroid_var,spectral_bandwidth_mean,spectral_bandwidth_var,rolloff_mean,rolloff_var,zero_crossing_rate_mean,zero_crossing_rate_var,harmony_mean,harmony_var,perceptr_mean,perceptr_var,tempo,mfcc1_mean,mfcc1_var,mfcc2_mean,mfcc2_var,mfcc3_mean,mfcc3_var,mfcc4_mean,mfcc4_var,mfcc5_mean,mfcc5_var,mfcc6_mean,mfcc6_var,mfcc7_mean,mfcc7_var,mfcc8_mean,mfcc8_var,mfcc9_mean,mfcc9_var,mfcc10_mean,mfcc10_var,mfcc11_mean,mfcc11_var,mfcc12_mean,mfcc12_var,mfcc13_mean,mfcc13_var,mfcc14_mean,mfcc14_var,mfcc15_mean,mfcc15_var,mfcc16_mean,mfcc16_var,mfcc17_mean,mfcc17_var,mfcc18_mean,mfcc18_var,mfcc19_mean,mfcc19_var,mfcc20_mean,mfcc20_var
0.27205926,0.08701598,0.1106856,0.0026050631,2007.0624463203942,305266.8553600228,2111.0783107529746,118575.66546784596,4137.222778603538,1091326.7335187625,0.09398639912026295,0.001726295246414254,-0.005097927,0.0102986405,-0.0010907545,0.0016538888,161.4990234375,-142.80992,4060.3828,103.12614,412.71597,-15.227189,534.4005,38.256912,312.20737,-13.002163,143.05594,2.750306,156.60976,-1.6656563,195.87126,-3.4389293,85.83799,-4.4527035,88.07713,-9.288576,86.29756,-10.127065,67.994644,-2.1181872,67.45271,-4.4648905,58.185883,-7.9071503,71.37061,-3.7399898,43.60146,0.5155088,62.15335,-5.030152,52.649796,0.30930105,74.11891,1.5792602,118.93862,1.2140526,111.24844
