chroma_stft_mean,chroma_stft_var,rms_mean,rms_var,spectral_centroid_mean,spectral_centroid_var,spectral_bandwidth_mean,spectral_bandwidth_var,rolloff_mean,rolloff_var,zero_crossing_rate_mean,zero_crossing_rate_var,harmony_mean,harmony_var,perceptr_mean,perceptr_var,tempo,mfcc1_mean,mfcc1_var,mfcc2_mean,mfcc2_var,mfcc3_mean,mfcc3_var,mfcc4_mean,mfcc4_var,mfcc5_mean,mfcc5_var,mfcc6_mean,mfcc6_var,mfcc7_mean,mfcc7_var,mfcc8_mean,mfcc8_var,mfcc9_mean,mfcc9_var,mfcc10_mean,mfcc10_var,mfcc11_mean,mfcc11_var,mfcc12_mean,mfcc12_var,mfcc13_mean,mfcc13_var,mfcc14_mean,mfcc14_var,mfcc15_mean,mfcc15_var,mfcc16_mean,mfcc16_var,mfcc17_mean,mfcc17_var,mfcc18_mean,mfcc18_var,mfcc19_mean,mfcc19_var,mfcc20_mean,mfcc20_var
0.36970553,0.09572591,0.15137124,0.003954636,1052.543425045613,296332.09922364913,1401.6280934476538,132395.82513955823,2055.8963076421114,1335287.4617118568,0.038035334493426144,0.0007049810790343887,-2.82283e-07,0.014170066,2.1666445e-05,0.005592913,151.99908088235293,-194.36122,8224.266,157.1069,1515.9054,-14.131716,776.1862,44.067635,435.7849,3.4900806,183.12924,17.45554,84.51147,2.9821825,97.97875,5.8288302,46.759262,3.0098605,59.05409,1.0710149,47.088486,2.5813632,55.66853,0.79855055,30.029133,0.65093654,31.781673,-2.4939814,32.439205,0.836758,49.611713,1.3856661,42.416267,-4.2752357,37.69876,-0.5335202,58.520313,-1.9648013,57.118534,-1.341188,44.681015
