chroma_stft_mean,chroma_stft_var,rms_mean,rms_var,spectral_centroid_mean,spectral_centroid_var,spectral_bandwidth_mean,spectral_bandwidth_var,rolloff_mean,rolloff_var,zero_crossing_rate_mean,zero_crossing_rate_var,harmony_mean,harmony_var,perceptr_mean,perceptr_var,tempo,mfcc1_mean,mfcc1_var,mfcc2_mean,mfcc2_var,mfcc3_mean,mfcc3_var,mfcc4_mean,mfcc4_var,mfcc5_mean,mfcc5_var,mfcc6_mean,mfcc6_var,mfcc7_mean,mfcc7_var,mfcc8_mean,mfcc8_var,mfcc9_mean,mfcc9_var,mfcc10_mean,mfcc10_var,mfcc11_mean,mfcc11_var,mfcc12_mean,mfcc12_var,mfcc13_mean,mfcc13_var,mfcc14_mean,mfcc14_var,mfcc15_mean,mfcc15_var,mfcc16_mean,mfcc16_var,mfcc17_mean,mfcc17_var,mfcc18_mean,mfcc18_var,mfcc19_mean,mfcc19_var,mfcc20_mean,mfcc20_var
0.4763495,0.09107644,0.08061416,0.0026383603,3002.6481938382785,1086057.691997205,2214.1713261044288,102424.73742323498,5293.021203415024,1497827.7169365017,0.1863670968677494,0.012295008156186274,-2.827193e-07,0.0038447115,-6.4336506e-05,0.0036737067,151.99908088235293,-155.62473,4551.4897,57.045925,1924.5602,-35.298454,788.05505,33.2946,224.6233,-14.18707,157.33849,25.263502,242.88684,2.5250757,165.86667,4.250631,69.34961,8.485698,81.484024,4.5721593,53.683994,2.8271403,54.786514,2.5807753,71.325645,2.8258266,61.221603,3.6122477,29.721579,-2.8668766,31.860214,-7.4926376,31.190926,0.19845282,26.213106,-1.4506459,27.036842,-2.169953,24.78162,-0.065039165,21.579222
