chroma_stft_mean,chroma_stft_var,rms_mean,rms_var,spectral_centroid_mean,spectral_centroid_var,spectral_bandwidth_mean,spectral_bandwidth_var,rolloff_mean,rolloff_var,zero_crossing_rate_mean,zero_crossing_rate_var,harmony_mean,harmony_var,perceptr_mean,perceptr_var,tempo,mfcc1_mean,mfcc1_var,mfcc2_mean,mfcc2_var,mfcc3_mean,mfcc3_var,mfcc4_mean,mfcc4_var,mfcc5_mean,mfcc5_var,mfcc6_mean,mfcc6_var,mfcc7_mean,mfcc7_var,mfcc8_mean,mfcc8_var,mfcc9_mean,mfcc9_var,mfcc10_mean,mfcc10_var,mfcc11_mean,mfcc11_var,mfcc12_mean,mfcc12_var,mfcc13_mean,mfcc13_var,mfcc14_mean,mfcc14_var,mfcc15_mean,mfcc15_var,mfcc16_mean,mfcc16_var,mfcc17_mean,mfcc17_var,mfcc18_mean,mfcc18_var,mfcc19_mean,mfcc19_var,mfcc20_mean,mfcc20_var
0.37086093,0.094906,0.13923603,0.002823216,1637.6883378852463,574603.3429720147,2045.992577848253,208949.46322968244,3595.620253135876,3312540.884345627,0.056755803485112145,0.002293338365346642,-0.0032806187,0.014732767,-0.0032922064,0.0035326502,129.19921875,-177.70435,6031.3057,113.62593,827.0081,2.3215327,496.689,35.830685,336.60602,1.597782,261.26318,34.69096,152.66267,-8.738595,263.32806,16.286312,168.0461,-9.326431,180.00795,14.186765,125.42655,-2.0729208,150.79967,13.133845,131.49292,-7.250175,128.20831,3.5776117,90.52268,-0.58063626,75.39288,4.8304925,79.668335,-3.5832434,105.29596,3.7814693,55.920933,-4.2976723,89.8587,-1.1098703,62.63033
