chroma_stft_mean,chroma_stft_var,rms_mean,rms_var,spectral_centroid_mean,spectral_centroid_var,spectral_bandwidth_mean,spectral_bandwidth_var,rolloff_mean,rolloff_var,zero_crossing_rate_mean,zero_crossing_rate_var,harmony_mean,harmony_var,perceptr_mean,perceptr_var,tempo,mfcc1_mean,mfcc1_var,mfcc2_mean,mfcc2_var,mfcc3_mean,mfcc3_var,mfcc4_mean,mfcc4_var,mfcc5_mean,mfcc5_var,mfcc6_mean,mfcc6_var,mfcc7_mean,mfcc7_var,mfcc8_mean,mfcc8_var,mfcc9_mean,mfcc9_var,mfcc10_mean,mfcc10_var,mfcc11_mean,mfcc11_var,mfcc12_mean,mfcc12_var,mfcc13_mean,mfcc13_var,mfcc14_mean,mfcc14_var,mfcc15_mean,mfcc15_var,mfcc16_mean,mfcc16_var,mfcc17_mean,mfcc17_var,mfcc18_mean,mfcc18_var,mfcc19_mean,mfcc19_var,mfcc20_mean,mfcc20_var
0.39561212,0.090720914,0.116492204,0.001519587,1778.172233591523,330058.9992351238,2174.2035345645522,151541.97413621168,3821.7855006525524,1442119.6788976595,0.06088825647718484,0.0013174748787773349,5.1139746e-06,0.008639936,-1.649162e-05,0.0022903348,143.5546875,-151.81317,2670.7568,105.13033,749.8125,-6.160918,497.05573,47.94136,197.00075,11.341761,230.8981,15.082948,99.80346,11.639795,112.69402,6.6186438,107.200066,6.823285,59.61995,2.3987532,57.48034,-1.034365,47.227386,-0.2174554,42.393436,-0.63714784,45.51084,-4.0295815,54.123016,-1.7171474,50.153076,-0.6607663,37.027424,-6.971738,55.79554,-2.4294896,28.64452,-1.1792668,27.49197,-3.8082366,35.7663
