chroma_stft_mean,chroma_stft_var,rms_mean,rms_var,spectral_centroid_mean,spectral_centroid_var,spectral_bandwidth_mean,spectral_bandwidth_var,rolloff_mean,rolloff_var,zero_crossing_rate_mean,zero_crossing_rate_var,harmony_mean,harmony_var,perceptr_mean,perceptr_var,tempo,mfcc1_mean,mfcc1_var,mfcc2_mean,mfcc2_var,mfcc3_mean,mfcc3_var,mfcc4_mean,mfcc4_var,mfcc5_mean,mfcc5_var,mfcc6_mean,mfcc6_var,mfcc7_mean,mfcc7_var,mfcc8_mean,mfcc8_var,mfcc9_mean,mfcc9_var,mfcc10_mean,mfcc10_var,mfcc11_mean,mfcc11_var,mfcc12_mean,mfcc12_var,mfcc13_mean,mfcc13_var,mfcc14_mean,mfcc14_var,mfcc15_mean,mfcc15_var,mfcc16_mean,mfcc16_var,mfcc17_mean,mfcc17_var,mfcc18_mean,mfcc18_var,mfcc19_mean,mfcc19_var,mfcc20_mean,mfcc20_var
0.41851023,0.097850345,0.07837962,0.0018212432,1995.2769651140734,297018.1941325069,2295.6840965175948,130474.96521907432,4557.769732906758,1985831.8858999058,0.07027624709976799,0.001468733471192191,4.902708e-06,0.0030360296,-1.7517657e-05,0.0030802584,123.046875,-198.73212,4884.7964,102.408325,522.1035,-9.996929,629.7106,30.804916,311.5154,-3.2927675,246.28722,20.279371,146.3161,-5.631608,146.75214,28.096033,113.26933,-11.504986,92.45425,18.203848,86.23761,-7.3605947,77.45511,12.280453,78.25509,-4.3624167,68.72335,11.403808,66.968445,-3.4637327,71.13456,2.0180342,56.742107,-6.9836607,72.71275,1.1086012,64.03717,-1.4949187,77.43066,1.9502723,67.03276
