chroma_stft_mean,chroma_stft_var,rms_mean,rms_var,spectral_centroid_mean,spectral_centroid_var,spectral_bandwidth_mean,spectral_bandwidth_var,rolloff_mean,rolloff_var,zero_crossing_rate_mean,zero_crossing_rate_var,harmony_mean,harmony_var,perceptr_mean,perceptr_var,tempo,mfcc1_mean,mfcc1_var,mfcc2_mean,mfcc2_var,mfcc3_mean,mfcc3_var,mfcc4_mean,mfcc4_var,mfcc5_mean,mfcc5_var,mfcc6_mean,mfcc6_var,mfcc7_mean,mfcc7_var,mfcc8_mean,mfcc8_var,mfcc9_mean,mfcc9_var,mfcc10_mean,mfcc10_var,mfcc11_mean,mfcc11_var,mfcc12_mean,mfcc12_var,mfcc13_mean,mfcc13_var,mfcc14_mean,mfcc14_var,mfcc15_mean,mfcc15_var,mfcc16_mean,mfcc16_var,mfcc17_mean,mfcc17_var,mfcc18_mean,mfcc18_var,mfcc19_mean,mfcc19_var,mfcc20_mean,mfcc20_var
0.39593342,0.092700586,0.11949173,0.0035697445,1797.2434967059075,277323.1278523902,1649.801797528774,45601.54275074796,3439.675230659078,449211.4233250231,0.0993631573859242,0.0038465688744175456,-1.8568697e-05,0.008637426,-0.00027266896,0.0051960107,86.1328125,-175.1141,8097.907,116.63851,760.267,-55.121067,678.3643,59.895454,250.53072,1.9730686,344.09695,1.0933509,211.97012,14.589569,150.29123,-3.2228153,142.75783,2.7886481,101.58524,5.7000294,109.069435,-1.8436576,102.727196,7.875683,86.81033,0.40088838,70.01828,0.04429406,72.214424,-1.1628875,59.003826,-4.5109262,48.875748,-2.950208,39.46255,-3.6755366,40.124336,-2.5078502,37.619205,-7.057674,39.473248
