chroma_stft_mean,chroma_stft_var,rms_mean,rms_var,spectral_centroid_mean,spectral_centroid_var,spectral_bandwidth_mean,spectral_bandwidth_var,rolloff_mean,rolloff_var,zero_crossing_rate_mean,zero_crossing_rate_var,harmony_mean,harmony_var,perceptr_mean,perceptr_var,tempo,mfcc1_mean,mfcc1_var,mfcc2_mean,mfcc2_var,mfcc3_mean,mfcc3_var,mfcc4_mean,mfcc4_var,mfcc5_mean,mfcc5_var,mfcc6_mean,mfcc6_var,mfcc7_mean,mfcc7_var,mfcc8_mean,mfcc8_var,mfcc9_mean,mfcc9_var,mfcc10_mean,mfcc10_var,mfcc11_mean,mfcc11_var,mfcc12_mean,mfcc12_var,mfcc13_mean,mfcc13_var,mfcc14_mean,mfcc14_var,mfcc15_mean,mfcc15_var,mfcc16_mean,mfcc16_var,mfcc17_mean,mfcc17_var,mfcc18_mean,mfcc18_var,mfcc19_mean,mfcc19_var,mfcc20_mean,mfcc20_var
0.33474743,0.08533437,0.11060819,0.0017791479,1484.7799129182074,114489.8026982417,1644.2103910112346,51267.28767022736,2775.1852296621228,213222.4006421705,0.0760128909271075,0.0011335038664281008,2.8364996e-06,0.009363294,-1.3972944e-05,0.0021260243,151.99908088235293,-164.63869,3403.6133,142.70459,377.48978,-41.48605,323.96664,41.21754,102.853745,16.174034,245.24736,-5.580435,132.3319,7.6316433,65.25388,5.61357,72.755806,0.7995732,54.48696,-10.47463,76.42154,-2.3371587,76.33392,-0.4905388,55.055195,-3.068359,51.324245,-0.60010755,52.46365,1.1469202,56.16704,0.73501414,52.962624,1.0511471,48.333794,1.9861741,51.753696,3.4934142,53.81541,5.303734,59.11227
