chroma_stft_mean,chroma_stft_var,rms_mean,rms_var,spectral_centroid_mean,spectral_centroid_var,spectral_bandwidth_mean,spectral_bandwidth_var,rolloff_mean,rolloff_var,zero_crossing_rate_mean,zero_crossing_rate_var,harmony_mean,harmony_var,perceptr_mean,perceptr_var,tempo,mfcc1_mean,mfcc1_var,mfcc2_mean,mfcc2_var,mfcc3_mean,mfcc3_var,mfcc4_mean,mfcc4_var,mfcc5_mean,mfcc5_var,mfcc6_mean,mfcc6_var,mfcc7_mean,mfcc7_var,mfcc8_mean,mfcc8_var,mfcc9_mean,mfcc9_var,mfcc10_mean,mfcc10_var,mfcc11_mean,mfcc11_var,mfcc12_mean,mfcc12_var,mfcc13_mean,mfcc13_var,mfcc14_mean,mfcc14_var,mfcc15_mean,mfcc15_var,mfcc16_mean,mfcc16_var,mfcc17_mean,mfcc17_var,mfcc18_mean,mfcc18_var,mfcc19_mean,mfcc19_var,mfcc20_mean,mfcc20_var
0.36483973,0.09383856,0.10028513,0.0025026342,1798.3807585425816,394798.06945165526,1964.1726758648063,158855.88195696136,3796.5385277697214,1979434.7399203498,0.0730159845079273,0.0017269499442098073,-2.9753323e-06,0.0073032044,-1.7245891e-05,0.0025428915,151.99908088235293,-176.76518,5407.882,116.84068,809.3705,-21.308065,534.28625,38.76341,244.72385,-5.4505625,356.6385,26.620836,184.82956,-8.181732,186.90924,15.778048,104.749664,-10.484447,111.6411,11.044603,118.23441,-10.051371,83.684845,9.914849,84.646904,-3.2497032,87.25308,2.8190188,75.6906,-2.5326467,77.35389,-1.4109263,86.80758,-9.884334,88.644356,3.0734856,96.53249,-0.28175429,90.31621,1.9898896,81.66231
