chroma_stft_mean,chroma_stft_var,rms_mean,rms_var,spectral_centroid_mean,spectral_centroid_var,spectral_bandwidth_mean,spectral_bandwidth_var,rolloff_mean,rolloff_var,zero_crossing_rate_mean,zero_crossing_rate_var,harmony_mean,harmony_var,perceptr_mean,perceptr_var,tempo,mfcc1_mean,mfcc1_var,mfcc2_mean,mfcc2_var,mfcc3_mean,mfcc3_var,mfcc4_mean,mfcc4_var,mfcc5_mean,mfcc5_var,mfcc6_mean,mfcc6_var,mfcc7_mean,mfcc7_var,mfcc8_mean,mfcc8_var,mfcc9_mean,mfcc9_var,mfcc10_mean,mfcc10_var,mfcc11_mean,mfcc11_var,mfcc12_mean,mfcc12_var,mfcc13_mean,mfcc13_var,mfcc14_mean,mfcc14_var,mfcc15_mean,mfcc15_var,mfcc16_mean,mfcc16_var,mfcc17_mean,mfcc17_var,mfcc18_mean,mfcc18_var,mfcc19_mean,mfcc19_var,mfcc20_mean,mfcc20_var
0.47689047,0.09386326,0.19564289,0.010611641,2539.081379106247,876180.2894722156,2644.4142912968027,166273.9083093935,5260.713071889501,2788435.105523787,0.09429756984725444,0.004990525687576464,-0.00015417453,0.02765202,-0.0010669327,0.008858779,99.38401442307692,-103.16384,5829.178,67.2257,850.62683,2.226533,719.33295,28.500446,285.35306,4.1723447,219.53825,11.872512,225.87964,14.2471,246.70537,14.287374,121.54201,3.257277,107.13899,15.844996,145.39442,8.035183,127.21075,4.4601827,51.482357,8.673221,58.716694,8.064099,53.472607,7.9784765,70.771416,5.014976,63.213917,3.729425,44.314583,-0.33167392,42.79377,-0.93590194,66.89265,-1.0804808,76.82913
