chroma_stft_mean,chroma_stft_var,rms_mean,rms_var,spectral_centroid_mean,spectral_centroid_var,spectral_bandwidth_mean,spectral_bandwidth_var,rolloff_mean,rolloff_var,zero_crossing_rate_mean,zero_crossing_rate_var,harmony_mean,harmony_var,perceptr_mean,perceptr_var,tempo,mfcc1_mean,mfcc1_var,mfcc2_mean,mfcc2_var,mfcc3_mean,mfcc3_var,mfcc4_mean,mfcc4_var,mfcc5_mean,mfcc5_var,mfcc6_mean,mfcc6_var,mfcc7_mean,mfcc7_var,mfcc8_mean,mfcc8_var,mfcc9_mean,mfcc9_var,mfcc10_mean,mfcc10_var,mfcc11_mean,mfcc11_var,mfcc12_mean,mfcc12_var,mfcc13_mean,mfcc13_var,mfcc14_mean,mfcc14_var,mfcc15_mean,mfcc15_var,mfcc16_mean,mfcc16_var,mfcc17_mean,mfcc17_var,mfcc18_mean,mfcc18_var,mfcc19_mean,mfcc19_var,mfcc20_mean,mfcc20_var
0.56971246,0.073054865,0.117376834,0.003278292,4274.292786512983,2499320.823822093,2876.9961596890357,201652.1978077918,7674.580146099188,3498768.9984207596,0.27463082463263727,0.028718403889397448,0.00073290523,0.0023998367,0.0014298944,0.010220824,129.19921875,-154.95241,6071.395,-1.4715775,2526.165,22.345402,766.24817,30.435307,397.4917,2.1002307,185.32701,28.60331,103.24656,16.997475,130.26735,13.430588,142.79027,8.50513,68.70445,6.496805,92.44359,9.778131,59.74641,10.906737,58.083763,2.17726,65.32566,1.6434251,58.990265,6.3437076,82.67295,6.906904,63.01814,-7.79702,93.2399,4.6992683,50.472664,3.4090736,68.499,0.6717565,52.276623
