chroma_stft_mean,chroma_stft_var,rms_mean,rms_var,spectral_centroid_mean,spectral_centroid_var,spectral_bandwidth_mean,spectral_bandwidth_var,rolloff_mean,rolloff_var,zero_crossing_rate_mean,zero_crossing_rate_var,harmony_mean,harmony_var,perceptr_mean,perceptr_var,tempo,mfcc1_mean,mfcc1_var,mfcc2_mean,mfcc2_var,mfcc3_mean,mfcc3_var,mfcc4_mean,mfcc4_var,mfcc5_mean,mfcc5_var,mfcc6_mean,mfcc6_var,mfcc7_mean,mfcc7_var,mfcc8_mean,mfcc8_var,mfcc9_mean,mfcc9_var,mfcc10_mean,mfcc10_var,mfcc11_mean,mfcc11_var,mfcc12_mean,mfcc12_var,mfcc13_mean,mfcc13_var,mfcc14_mean,mfcc14_var,mfcc15_mean,mfcc15_var,mfcc16_mean,mfcc16_var,mfcc17_mean,mfcc17_var,mfcc18_mean,mfcc18_var,mfcc19_mean,mfcc19_var,mfcc20_mean,mfcc20_var
0.40282327,0.097510144,0.13430092,0.0035026637,1840.8628555568264,594395.6132178515,2054.397807746015,229733.5086276535,4007.2907981075987,2975909.072974364,0.07454389319895592,0.0022799402020634504,-0.001606684,0.010496481,-0.0023011453,0.0064310734,135.99917763157896,-171.62009,7370.5205,99.35643,923.0661,-8.280707,646.74084,49.61246,393.9043,1.082139,383.0047,31.125254,183.92471,-7.139069,222.36816,15.894791,136.997,-1.364951,182.68655,12.743275,150.00618,-5.194913,122.79179,11.808011,106.574356,-5.326039,101.53734,3.1729808,101.666725,-6.6866255,77.36589,0.034554996,71.318726,-7.726428,131.77248,6.697853,119.94108,-3.767648,90.65458,-1.7817515,100.06764
