chroma_stft_mean,chroma_stft_var,rms_mean,rms_var,spectral_centroid_mean,spectral_centroid_var,spectral_bandwidth_mean,spectral_bandwidth_var,rolloff_mean,rolloff_var,zero_crossing_rate_mean,zero_crossing_rate_var,harmony_mean,harmony_var,perceptr_mean,perceptr_var,tempo,mfcc1_mean,mfcc1_var,mfcc2_mean,mfcc2_var,mfcc3_mean,mfcc3_var,mfcc4_mean,mfcc4_var,mfcc5_mean,mfcc5_var,mfcc6_mean,mfcc6_var,mfcc7_mean,mfcc7_var,mfcc8_mean,mfcc8_var,mfcc9_mean,mfcc9_var,mfcc10_mean,mfcc10_var,mfcc11_mean,mfcc11_var,mfcc12_mean,mfcc12_var,mfcc13_mean,mfcc13_var,mfcc14_mean,mfcc14_var,mfcc15_mean,mfcc15_var,mfcc16_mean,mfcc16_var,mfcc17_mean,mfcc17_var,mfcc18_mean,mfcc18_var,mfcc19_mean,mfcc19_var,mfcc20_mean,mfcc20_var
0.39888984,0.09027383,0.09212244,0.0017067054,2170.387167840117,247064.126513596,2054.44001833899,111488.49597041057,4305.982804796258,1062387.026917165,0.11999294578982986,0.002202943285385513,-0.0019993356,0.0046863253,-0.0020124218,0.002664412,143.5546875,-138.14922,2623.7473,101.4922,605.691,-35.34274,516.5442,36.134857,260.99414,-9.498246,355.03873,14.763237,132.89243,-0.23156776,141.41872,11.520837,116.78998,-2.1008186,104.31117,3.4033105,80.66123,4.196897,95.6765,0.13718969,59.181904,9.018026,84.20764,2.7640355,80.03103,6.2419314,87.51985,5.7379947,62.37261,-7.942974,57.73341,5.1980762,71.10964,-1.4861057,55.774666,0.45936012,60.94977
