chroma_stft_mean,chroma_stft_var,rms_mean,rms_var,spectral_centroid_mean,spectral_centroid_var,spectral_bandwidth_mean,spectral_bandwidth_var,rolloff_mean,rolloff_var,zero_crossing_rate_mean,zero_crossing_rate_var,harmony_mean,harmony_var,perceptr_mean,perceptr_var,tempo,mfcc1_mean,mfcc1_var,mfcc2_mean,mfcc2_var,mfcc3_mean,mfcc3_var,mfcc4_mean,mfcc4_var,mfcc5_mean,mfcc5_var,mfcc6_mean,mfcc6_var,mfcc7_mean,mfcc7_var,mfcc8_mean,mfcc8_var,mfcc9_mean,mfcc9_var,mfcc10_mean,mfcc10_var,mfcc11_mean,mfcc11_var,mfcc12_mean,mfcc12_var,mfcc13_mean,mfcc13_var,mfcc14_mean,mfcc14_var,mfcc15_mean,mfcc15_var,mfcc16_mean,mfcc16_var,mfcc17_mean,mfcc17_var,mfcc18_mean,mfcc18_var,mfcc19_mean,mfcc19_var,mfcc20_mean,mfcc20_var
0.48684177,0.08435081,0.063883804,0.0015928805,1510.7924591573858,332232.5322404231,1850.5331677660092,222208.5274818617,3319.1775576421114,2056647.5940216444,0.06583149047757154,0.0014686408272258013,8.6102597e-07,0.0016101111,-1.4784546e-05,0.0023489553,151.99908088235293,-243.82346,4795.469,123.33697,766.33887,-15.560958,955.0041,38.889877,496.6547,6.4969873,317.08408,25.511036,163.25224,3.0384357,137.89946,17.18275,85.6522,-0.21878776,86.940254,8.984407,82.43007,-2.4903076,55.80719,6.765832,59.8238,-3.4475503,50.04322,3.2550476,43.510056,-3.4257836,36.132668,-0.4912268,42.0151,-2.5364206,31.106287,-1.8616748,34.08035,-4.9763436,25.533129,-2.7187378,27.408041
