chroma_stft_mean,chroma_stft_var,rms_mean,rms_var,spectral_centroid_mean,spectral_centroid_var,spectral_bandwidth_mean,spectral_bandwidth_var,rolloff_mean,rolloff_var,zero_crossing_rate_mean,zero_crossing_rate_var,harmony_mean,harmony_var,perceptr_mean,perceptr_var,tempo,mfcc1_mean,mfcc1_var,mfcc2_mean,mfcc2_var,mfcc3_mean,mfcc3_var,mfcc4_mean,mfcc4_var,mfcc5_mean,mfcc5_var,mfcc6_mean,mfcc6_var,mfcc7_mean,mfcc7_var,mfcc8_mean,mfcc8_var,mfcc9_mean,mfcc9_var,mfcc10_mean,mfcc10_var,mfcc11_mean,mfcc11_var,mfcc12_mean,mfcc12_var,mfcc13_mean,mfcc13_var,mfcc14_mean,mfcc14_var,mfcc15_mean,mfcc15_var,mfcc16_mean,mfcc16_var,mfcc17_mean,mfcc17_var,mfcc18_mean,mfcc18_var,mfcc19_mean,mfcc19_var,mfcc20_mean,mfcc20_var
0.36566654,0.08691783,0.13466951,0.0013122483,2022.4897300831608,545518.7952626079,2129.800378822572,184319.38010824958,3834.3673529038574,2390564.49643796,0.09561853489945862,0.002610566388172634,1.7795541e-07,0.0109129045,-0.00013804005,0.0036815796,129.19921875,-97.79847,2043.4917,108.82947,829.5197,-24.920456,339.01157,21.30602,188.91542,12.562689,111.98555,7.7732735,100.03684,-3.2863526,92.35495,3.5319328,71.62211,0.68951005,72.35784,4.1941905,53.04997,-9.668842,54.46869,4.2639046,42.33859,2.4580407,47.018215,-6.626148,37.0138,-3.1611323,37.799583,-1.1015102,48.051884,-4.8297143,41.267406,-0.117525674,45.3641,-7.432729,42.745316,-7.7036467,34.163227
