chroma_stft_mean,chroma_stft_var,rms_mean,rms_var,spectral_centroid_mean,spectral_centroid_var,spectral_bandwidth_mean,spectral_bandwidth_var,rolloff_mean,rolloff_var,zero_crossing_rate_mean,zero_crossing_rate_var,harmony_mean,harmony_var,perceptr_mean,perceptr_var,tempo,mfcc1_mean,mfcc1_var,mfcc2_mean,mfcc2_var,mfcc3_mean,mfcc3_var,mfcc4_mean,mfcc4_var,mfcc5_mean,mfcc5_var,mfcc6_mean,mfcc6_var,mfcc7_mean,mfcc7_var,mfcc8_mean,mfcc8_var,mfcc9_mean,mfcc9_var,mfcc10_mean,mfcc10_var,mfcc11_mean,mfcc11_var,mfcc12_mean,mfcc12_var,mfcc13_mean,mfcc13_var,mfcc14_mean,mfcc14_var,mfcc15_mean,mfcc15_var,mfcc16_mean,mfcc16_var,mfcc17_mean,mfcc17_var,mfcc18_mean,mfcc18_var,mfcc19_mean,mfcc19_var,mfcc20_mean,mfcc20_var
0.3424769,0.09406265,0.10924849,0.002130875,2478.0490603630687,622070.9882689521,2310.1002476731487,84862.5180769785,4759.937033243909,1268756.774017833,0.1149432188950116,0.004922208775349389,5.865566e-08,0.006730785,-3.745783e-06,0.0040061767,143.5546875,-140.33403,4127.593,69.64921,1094.5348,-9.967759,634.7887,52.151146,426.58566,3.2525928,319.68076,4.558453,150.03296,-3.4963846,183.80464,2.917758,156.73152,-6.5630164,145.90947,-2.6553156,131.09657,-1.7345277,100.1557,-6.9452724,96.05832,-5.833263,85.28806,-2.6944745,76.77583,2.5407543,53.353466,-1.808309,45.889183,-2.1584673,50.35866,-2.9405644,50.388977,-1.7915223,46.288193,-2.7142708,49.763187
