chroma_stft_mean,chroma_stft_var,rms_mean,rms_var,spectral_centroid_mean,spectral_centroid_var,spectral_bandwidth_mean,spectral_bandwidth_var,rolloff_mean,rolloff_var,zero_crossing_rate_mean,zero_crossing_rate_var,harmony_mean,harmony_var,perceptr_mean,perceptr_var,tempo,mfcc1_mean,mfcc1_var,mfcc2_mean,mfcc2_var,mfcc3_mean,mfcc3_var,mfcc4_mean,mfcc4_var,mfcc5_mean,mfcc5_var,mfcc6_mean,mfcc6_var,mfcc7_mean,mfcc7_var,mfcc8_mean,mfcc8_var,mfcc9_mean,mfcc9_var,mfcc10_mean,mfcc10_var,mfcc11_mean,mfcc11_var,mfcc12_mean,mfcc12_var,mfcc13_mean,mfcc13_var,mfcc14_mean,mfcc14_var,mfcc15_mean,mfcc15_var,mfcc16_mean,mfcc16_var,mfcc17_mean,mfcc17_var,mfcc18_mean,mfcc18_var,mfcc19_mean,mfcc19_var,mfcc20_mean,mfcc20_var
0.37377307,0.09196157,0.11991203,0.0009736812,1930.4048085685063,589303.949352804,2205.0965578199493,155248.77508501278,4120.219375362529,2124741.827740679,0.05900574910576179,0.001420406886316518,6.088186e-06,0.01109212,-4.5248594e-06,0.0015559322,143.5546875,-177.4196,4877.2188,89.655815,1031.2959,9.641184,730.8347,65.465866,303.0585,-0.997909,327.33847,15.532966,223.29585,8.030997,131.55074,16.351896,95.620094,0.27241856,89.29927,2.6379747,113.15339,2.8926406,92.1014,0.6466755,66.27972,2.585583,68.15159,2.8155916,77.16344,-0.45350328,51.89651,2.5316823,49.316948,-1.4034439,81.525375,-1.6494067,53.015903,1.2097186,56.80833,-1.8923705,54.318325
