chroma_stft_mean,chroma_stft_var,rms_mean,rms_var,spectral_centroid_mean,spectral_centroid_var,spectral_bandwidth_mean,spectral_bandwidth_var,rolloff_mean,rolloff_var,zero_crossing_rate_mean,zero_crossing_rate_var,harmony_mean,harmony_var,perceptr_mean,perceptr_var,tempo,mfcc1_mean,mfcc1_var,mfcc2_mean,mfcc2_var,mfcc3_mean,mfcc3_var,mfcc4_mean,mfcc4_var,mfcc5_mean,mfcc5_var,mfcc6_mean,mfcc6_var,mfcc7_mean,mfcc7_var,mfcc8_mean,mfcc8_var,mfcc9_mean,mfcc9_var,mfcc10_mean,mfcc10_var,mfcc11_mean,mfcc11_var,mfcc12_mean,mfcc12_var,mfcc13_mean,mfcc13_var,mfcc14_mean,mfcc14_var,mfcc15_mean,mfcc15_var,mfcc16_mean,mfcc16_var,mfcc17_mean,mfcc17_var,mfcc18_mean,mfcc18_var,mfcc19_mean,mfcc19_var,mfcc20_mean,mfcc20_var
0.5075825,0.093024924,0.10379727,0.0037386343,1312.5009449202737,540406.9313848292,2137.5473044185114,224529.6240865255,2648.3175255582946,5109165.146566354,0.025934796137857694,0.0003531277980995161,7.1682285e-07,0.007918528,-1.5535534e-05,0.0024879395,151.99908088235293,-300.45297,11901.798,99.25205,1087.0411,53.02273,2219.8723,43.22858,501.47534,18.889395,338.58105,24.840748,198.23007,-7.9489493,187.41911,22.167065,109.69307,1.7830725,71.146065,24.789507,86.27198,8.392867,79.43713,20.708576,80.06054,2.8050349,61.569958,9.553504,41.611214,1.1103799,74.38736,5.897248,51.475704,1.1153712,51.233643,4.1848874,28.042147,-2.208081,52.186768,-2.0193937,50.437378
