chroma_stft_mean,chroma_stft_var,rms_mean,rms_var,spectral_centroid_mean,spectral_centroid_var,spectral_bandwidth_mean,spectral_bandwidth_var,rolloff_mean,rolloff_var,zero_crossing_rate_mean,zero_crossing_rate_var,harmony_mean,harmony_var,perceptr_mean,perceptr_var,tempo,mfcc1_mean,mfcc1_var,mfcc2_mean,mfcc2_var,mfcc3_mean,mfcc3_var,mfcc4_mean,mfcc4_var,mfcc5_mean,mfcc5_var,mfcc6_mean,mfcc6_var,mfcc7_mean,mfcc7_var,mfcc8_mean,mfcc8_var,mfcc9_mean,mfcc9_var,mfcc10_mean,mfcc10_var,mfcc11_mean,mfcc11_var,mfcc12_mean,mfcc12_var,mfcc13_mean,mfcc13_var,mfcc14_mean,mfcc14_var,mfcc15_mean,mfcc15_var,mfcc16_mean,mfcc16_var,mfcc17_mean,mfcc17_var,mfcc18_mean,mfcc18_var,mfcc19_mean,mfcc19_var,mfcc20_mean,mfcc20_var
0.39627618,0.08993438,0.14006788,0.0019675768,1728.9380569839393,271541.65350237046,2362.327759720238,195629.57145241095,3519.6045488326567,1931706.127842449,0.06046832704949729,0.0010583056909080732,-0.00019044278,0.0140530225,-0.00042549538,0.0026787436,161.4990234375,-132.95634,2453.2227,117.10542,561.3454,-2.7939985,322.33478,22.53291,207.03273,25.91547,180.9206,0.28717512,128.48299,13.512288,107.224335,3.4034061,87.09066,4.527343,60.08929,0.5465051,70.56742,-0.06926855,60.820923,5.095456,46.415295,-0.15438725,48.463947,1.271234,38.522724,3.0638077,41.069477,1.3959585,46.12432,-0.5490679,39.651222,0.13847606,36.313484,-1.0477424,38.48023,-0.040538367,43.684807
