chroma_stft_mean,chroma_stft_var,rms_mean,rms_var,spectral_centroid_mean,spectral_centroid_var,spectral_bandwidth_mean,spectral_bandwidth_var,rolloff_mean,rolloff_var,zero_crossing_rate_mean,zero_crossing_rate_var,harmony_mean,harmony_var,perceptr_mean,perceptr_var,tempo,mfcc1_mean,mfcc1_var,mfcc2_mean,mfcc2_var,mfcc3_mean,mfcc3_var,mfcc4_mean,mfcc4_var,mfcc5_mean,mfcc5_var,mfcc6_mean,mfcc6_var,mfcc7_mean,mfcc7_var,mfcc8_mean,mfcc8_var,mfcc9_mean,mfcc9_var,mfcc10_mean,mfcc10_var,mfcc11_mean,mfcc11_var,mfcc12_mean,mfcc12_var,mfcc13_mean,mfcc13_var,mfcc14_mean,mfcc14_var,mfcc15_mean,mfcc15_var,mfcc16_mean,mfcc16_var,mfcc17_mean,mfcc17_var,mfcc18_mean,mfcc18_var,mfcc19_mean,mfcc19_var,mfcc20_mean,mfcc20_var
0.29922843,0.091756076,0.02582161,0.00034169044,2395.5102135646594,858961.2282831088,2300.637993099421,150422.79780977152,4791.645632431844,2211260.895003892,0.11850204526778808,0.006042025295986645,-0.0023246447,0.000753331,-0.00020169097,0.00010157532,112.34714673913044,-301.4973,5550.061,77.235374,1140.2501,-13.607269,526.7024,39.30776,443.8077,1.6184665,255.8608,16.896568,90.54872,-7.250595,219.02582,-3.603078,75.573074,1.1652856,80.56283,-3.2659786,64.66327,-8.429975,77.31272,-3.6008189,58.5036,-2.6064856,95.866455,-7.229345,64.02939,-2.4410472,59.614994,0.7654398,57.571224,-8.95251,97.933464,-2.6478438,44.26998,-5.494559,67.60193,-8.399517,68.02342
