chroma_stft_mean,chroma_stft_var,rms_mean,rms_var,spectral_centroid_mean,spectral_centroid_var,spectral_bandwidth_mean,spectral_bandwidth_var,rolloff_mean,rolloff_var,zero_crossing_rate_mean,zero_crossing_rate_var,harmony_mean,harmony_var,perceptr_mean,perceptr_var,tempo,mfcc1_mean,mfcc1_var,mfcc2_mean,mfcc2_var,mfcc3_mean,mfcc3_var,mfcc4_mean,mfcc4_var,mfcc5_mean,mfcc5_var,mfcc6_mean,mfcc6_var,mfcc7_mean,mfcc7_var,mfcc8_mean,mfcc8_var,mfcc9_mean,mfcc9_var,mfcc10_mean,mfcc10_var,mfcc11_mean,mfcc11_var,mfcc12_mean,mfcc12_var,mfcc13_mean,mfcc13_var,mfcc14_mean,mfcc14_var,mfcc15_mean,mfcc15_var,mfcc16_mean,mfcc16_var,mfcc17_mean,mfcc17_var,mfcc18_mean,mfcc18_var,mfcc19_mean,mfcc19_var,mfcc20_mean,mfcc20_var
0.41016173,0.08883793,0.13908009,0.002194772,2026.4167424052794,575230.662602116,2398.1727931725145,155393.88441102402,4462.868759969548,3048164.526725177,0.0648337804524362,0.0017150903579667804,3.2676253e-05,0.014049306,0.0006295274,0.003400775,123.046875,-134.61238,5054.6587,93.53314,516.4402,8.519339,316.28146,34.867107,209.38927,3.2853146,99.484695,15.506227,113.243645,4.967833,100.46481,8.540956,60.41661,-1.2959113,102.29332,2.727689,80.21006,5.071606,95.77121,11.859678,68.02087,4.4144607,41.42212,2.0595148,50.936268,1.3234589,56.196514,0.30013183,46.478935,-2.3372388,40.198093,0.38241607,50.871872,0.9180523,45.05467,-0.44053325,79.01444
