chroma_stft_mean,chroma_stft_var,rms_mean,rms_var,spectral_centroid_mean,spectral_centroid_var,spectral_bandwidth_mean,spectral_bandwidth_var,rolloff_mean,rolloff_var,zero_crossing_rate_mean,zero_crossing_rate_var,harmony_mean,harmony_var,perceptr_mean,perceptr_var,tempo,mfcc1_mean,mfcc1_var,mfcc2_mean,mfcc2_var,mfcc3_mean,mfcc3_var,mfcc4_mean,mfcc4_var,mfcc5_mean,mfcc5_var,mfcc6_mean,mfcc6_var,mfcc7_mean,mfcc7_var,mfcc8_mean,mfcc8_var,mfcc9_mean,mfcc9_var,mfcc10_mean,mfcc10_var,mfcc11_mean,mfcc11_var,mfcc12_mean,mfcc12_var,mfcc13_mean,mfcc13_var,mfcc14_mean,mfcc14_var,mfcc15_mean,mfcc15_var,mfcc16_mean,mfcc16_var,mfcc17_mean,mfcc17_var,mfcc18_mean,mfcc18_var,mfcc19_mean,mfcc19_var,mfcc20_mean,mfcc20_var
0.41679057,0.098598026,0.2676791,0.0073171626,3094.4494679187587,1053101.3962340388,3136.176151646428,198212.4366050733,6975.225674303944,3405056.0032981453,0.10086425403615623,0.007601506180055167,2.8269503e-06,0.06341056,2.9676894e-05,0.0072896923,172.265625,-70.077705,3141.3547,54.365875,813.78174,15.58782,748.7838,19.808746,272.3658,27.015232,202.9431,13.240907,170.9046,0.68964946,190.30724,10.069889,121.81192,6.68256,112.48608,-0.30866414,119.500916,2.969903,121.53144,6.0213785,66.75174,1.0961134,83.77747,3.1661172,77.431656,0.24375181,77.390854,3.0394015,49.867687,-5.6013856,56.951843,-1.3116503,54.822556,-1.9586649,70.07124,-8.71004,64.16227
