chroma_stft_mean,chroma_stft_var,rms_mean,rms_var,spectral_centroid_mean,spectral_centroid_var,spectral_bandwidth_mean,spectral_bandwidth_var,rolloff_mean,rolloff_var,zero_crossing_rate_mean,zero_crossing_rate_var,harmony_mean,harmony_var,perceptr_mean,perceptr_var,tempo,mfcc1_mean,mfcc1_var,mfcc2_mean,mfcc2_var,mfcc3_mean,mfcc3_var,mfcc4_mean,mfcc4_var,mfcc5_mean,mfcc5_var,mfcc6_mean,mfcc6_var,mfcc7_mean,mfcc7_var,mfcc8_mean,mfcc8_var,mfcc9_mean,mfcc9_var,mfcc10_mean,mfcc10_var,mfcc11_mean,mfcc11_var,mfcc12_mean,mfcc12_var,mfcc13_mean,mfcc13_var,mfcc14_mean,mfcc14_var,mfcc15_mean,mfcc15_var,mfcc16_mean,mfcc16_var,mfcc17_mean,mfcc17_var,mfcc18_mean,mfcc18_var,mfcc19_mean,mfcc19_var,mfcc20_mean,mfcc20_var
0.39783058,0.08932234,0.068813115,0.00093471294,2314.083798452271,312950.7007445794,2180.0911347258047,134367.6446289197,4559.834788736224,1254662.6558353235,0.12383575321442382,0.0023234530307344606,-4.7619912e-07,0.0026366757,-5.542771e-06,0.0014719971,143.5546875,-159.94904,2631.7393,92.831566,631.352,-28.738466,548.99744,31.430214,269.05807,-6.613219,369.95718,12.648388,124.82049,0.8581189,123.140114,10.94528,116.933945,-2.085535,95.65027,3.6626525,74.625755,3.568859,90.01833,0.32369545,55.228127,8.55835,75.22869,2.8465164,80.77342,6.7538686,78.252426,4.867257,56.458984,-7.0127416,51.46045,3.9646065,65.0188,-0.7536734,47.34285,-0.3213169,58.299786
