chroma_stft_mean,chroma_stft_var,rms_mean,rms_var,spectral_centroid_mean,spectral_centroid_var,spectral_bandwidth_mean,spectral_bandwidth_var,rolloff_mean,rolloff_var,zero_crossing_rate_mean,zero_crossing_rate_var,harmony_mean,harmony_var,perceptr_mean,perceptr_var,tempo,mfcc1_mean,mfcc1_var,mfcc2_mean,mfcc2_var,mfcc3_mean,mfcc3_var,mfcc4_mean,mfcc4_var,mfcc5_mean,mfcc5_var,mfcc6_mean,mfcc6_var,mfcc7_mean,mfcc7_var,mfcc8_mean,mfcc8_var,mfcc9_mean,mfcc9_var,mfcc10_mean,mfcc10_var,mfcc11_mean,mfcc11_var,mfcc12_mean,mfcc12_var,mfcc13_mean,mfcc13_var,mfcc14_mean,mfcc14_var,mfcc15_mean,mfcc15_var,mfcc16_mean,mfcc16_var,mfcc17_mean,mfcc17_var,mfcc18_mean,mfcc18_var,mfcc19_mean,mfcc19_var,mfcc20_mean,mfcc20_var
0.46031702,0.08367612,0.13098739,0.0040337606,2955.030353182864,1840428.0935977448,2690.2864436066775,281458.19896172866,5869.496526518997,5272983.149139548,0.12703658219740913,0.008714255347440856,-7.0136e-06,0.01132097,-1.4986708e-06,0.0050783292,95.703125,-104.97809,5378.348,66.42009,1922.7179,-2.3114858,435.51102,24.598465,330.12842,8.404793,186.91437,6.762863,198.81485,1.6792358,174.13985,5.1807957,158.01532,1.047926,141.75467,2.1903608,100.84517,2.9473705,81.2962,4.5740833,64.10921,4.200725,87.85505,3.0906835,61.136505,-1.4220932,59.255802,0.22744384,52.436268,1.0869112,75.54797,-2.333462,58.458477,-2.9005756,44.453056,-2.1903934,43.137756
