chroma_stft_mean,chroma_stft_var,rms_mean,rms_var,spectral_centroid_mean,spectral_centroid_var,spectral_bandwidth_mean,spectral_bandwidth_var,rolloff_mean,rolloff_var,zero_crossing_rate_mean,zero_crossing_rate_var,harmony_mean,harmony_var,perceptr_mean,perceptr_var,tempo,mfcc1_mean,mfcc1_var,mfcc2_mean,mfcc2_var,mfcc3_mean,mfcc3_var,mfcc4_mean,mfcc4_var,mfcc5_mean,mfcc5_var,mfcc6_mean,mfcc6_var,mfcc7_mean,mfcc7_var,mfcc8_mean,mfcc8_var,mfcc9_mean,mfcc9_var,mfcc10_mean,mfcc10_var,mfcc11_mean,mfcc11_var,mfcc12_mean,mfcc12_var,mfcc13_mean,mfcc13_var,mfcc14_mean,mfcc14_var,mfcc15_mean,mfcc15_var,mfcc16_mean,mfcc16_var,mfcc17_mean,mfcc17_var,mfcc18_mean,mfcc18_var,mfcc19_mean,mfcc19_var,mfcc20_mean,mfcc20_var
0.49022028,0.08300551,0.09194102,0.0018698253,1579.8511126280443,522803.1643989003,2022.4376723082414,258253.82297808194,3541.995416273927,3295978.6643775343,0.05865832547853828,0.001610744190354508,-2.67193e-06,0.00472809,-1.3577076e-05,0.0024576448,161.4990234375,-226.43794,8535.272,103.31865,655.8091,0.117670305,992.6628,43.95405,353.7968,10.618828,521.3489,35.184147,275.7904,8.423489,197.38496,21.13107,101.01101,-3.3074749,144.53514,15.531951,95.850555,-3.0139627,88.131096,11.09414,90.69075,1.7773502,64.17249,10.6192,50.532604,-5.7610936,68.862724,-0.9897627,73.86051,-4.133834,49.917385,0.65579486,50.30312,-3.7821567,41.038246,-0.5745814,35.576706
