chroma_stft_mean,chroma_stft_var,rms_mean,rms_var,spectral_centroid_mean,spectral_centroid_var,spectral_bandwidth_mean,spectral_bandwidth_var,rolloff_mean,rolloff_var,zero_crossing_rate_mean,zero_crossing_rate_var,harmony_mean,harmony_var,perceptr_mean,perceptr_var,tempo,mfcc1_mean,mfcc1_var,mfcc2_mean,mfcc2_var,mfcc3_mean,mfcc3_var,mfcc4_mean,mfcc4_var,mfcc5_mean,mfcc5_var,mfcc6_mean,mfcc6_var,mfcc7_mean,mfcc7_var,mfcc8_mean,mfcc8_var,mfcc9_mean,mfcc9_var,mfcc10_mean,mfcc10_var,mfcc11_mean,mfcc11_var,mfcc12_mean,mfcc12_var,mfcc13_mean,mfcc13_var,mfcc14_mean,mfcc14_var,mfcc15_mean,mfcc15_var,mfcc16_mean,mfcc16_var,mfcc17_mean,mfcc17_var,mfcc18_mean,mfcc18_var,mfcc19_mean,mfcc19_var,mfcc20_mean,mfcc20_var
0.36258048,0.08895338,0.12571119,0.0014978944,2460.5870773027177,949651.030709957,2682.994804583766,178988.82880702373,5286.859343278712,3089676.4729538877,0.08037456798627224,0.0031561929710392294,1.2171305e-06,0.012143,1.1708402e-05,0.002035362,143.5546875,-142.86499,4467.489,83.64267,992.9743,21.931343,629.2036,33.857204,296.41223,4.630733,291.64304,4.171854,187.22107,1.9529549,123.49357,21.814587,82.82326,-5.948423,83.59589,0.49807534,95.69132,17.418322,83.830345,-11.4282,68.78013,10.545863,71.90906,2.1926298,79.47963,1.4132136,52.4755,1.7556376,45.30756,-1.4000323,78.63729,2.0191333,49.89625,-1.8894254,55.256454,0.6318292,54.744663
