chroma_stft_mean,chroma_stft_var,rms_mean,rms_var,spectral_centroid_mean,spectral_centroid_var,spectral_bandwidth_mean,spectral_bandwidth_var,rolloff_mean,rolloff_var,zero_crossing_rate_mean,zero_crossing_rate_var,harmony_mean,harmony_var,perceptr_mean,perceptr_var,tempo,mfcc1_mean,mfcc1_var,mfcc2_mean,mfcc2_var,mfcc3_mean,mfcc3_var,mfcc4_mean,mfcc4_var,mfcc5_mean,mfcc5_var,mfcc6_mean,mfcc6_var,mfcc7_mean,mfcc7_var,mfcc8_mean,mfcc8_var,mfcc9_mean,mfcc9_var,mfcc10_mean,mfcc10_var,mfcc11_mean,mfcc11_var,mfcc12_mean,mfcc12_var,mfcc13_mean,mfcc13_var,mfcc14_mean,mfcc14_var,mfcc15_mean,mfcc15_var,mfcc16_mean,mfcc16_var,mfcc17_mean,mfcc17_var,mfcc18_mean,mfcc18_var,mfcc19_mean,mfcc19_var,mfcc20_mean,mfcc20_var
0.48783135,0.08390473,0.08045949,0.0013665177,1814.1339363070715,892389.2200142134,2188.1163325481007,290146.77189655753,4069.00099468895,4682870.111403263,0.07047110643851508,0.004832279852368873,-7.290962e-08,0.004044368,-1.4501621e-05,0.0016809198,151.99908088235293,-239.293,7839.934,98.96103,1208.2063,19.215805,958.918,50.779667,331.07852,2.8353832,470.4039,32.239788,125.13062,-1.4994842,226.255,16.72849,75.898575,-7.4477024,87.86564,16.716438,106.896706,1.5062195,56.353195,16.054792,89.36087,2.8095517,73.07025,5.939216,50.179554,-6.303266,48.17671,-1.0474817,82.736336,-6.3350163,37.526325,2.1471097,41.8009,-6.6357102,34.092014,-5.264952,40.297188
