chroma_stft_mean,chroma_stft_var,rms_mean,rms_var,spectral_centroid_mean,spectral_centroid_var,spectral_bandwidth_mean,spectral_bandwidth_var,rolloff_mean,rolloff_var,zero_crossing_rate_mean,zero_crossing_rate_var,harmony_mean,harmony_var,perceptr_mean,perceptr_var,tempo,mfcc1_mean,mfcc1_var,mfcc2_mean,mfcc2_var,mfcc3_mean,mfcc3_var,mfcc4_mean,mfcc4_var,mfcc5_mean,mfcc5_var,mfcc6_mean,mfcc6_var,mfcc7_mean,mfcc7_var,mfcc8_mean,mfcc8_var,mfcc9_mean,mfcc9_var,mfcc10_mean,mfcc10_var,mfcc11_mean,mfcc11_var,mfcc12_mean,mfcc12_var,mfcc13_mean,mfcc13_var,mfcc14_mean,mfcc14_var,mfcc15_mean,mfcc15_var,mfcc16_mean,mfcc16_var,mfcc17_mean,mfcc17_var,mfcc18_mean,mfcc18_var,mfcc19_mean,mfcc19_var,mfcc20_mean,mfcc20_var
0.3738839,0.104131706,0.07575557,0.0014184084,1701.0178296815602,523162.31499947584,2000.5718641876313,219570.7645647525,3693.693751359484,2821937.0052476814,0.06552258555684455,0.002625188288577246,3.9313807e-07,0.0044670324,-1.4407561e-05,0.0017686337,95.703125,-239.98526,8277.619,108.75726,656.89935,-8.204985,1170.2333,32.188335,242.54889,-8.809303,226.61266,18.63971,241.2719,-4.6758165,211.31651,15.522416,201.61829,-3.7181525,151.99118,14.518621,198.22119,-4.7976065,168.69098,6.4072766,200.2205,-2.9404187,125.579506,2.4388382,122.42382,-7.108378,92.84563,-0.16429242,83.68965,-3.1456106,62.744568,-1.5460185,60.877525,-3.7290435,72.18077,-0.8099784,99.54282
