chroma_stft_mean,chroma_stft_var,rms_mean,rms_var,spectral_centroid_mean,spectral_centroid_var,spectral_bandwidth_mean,spectral_bandwidth_var,rolloff_mean,rolloff_var,zero_crossing_rate_mean,zero_crossing_rate_var,harmony_mean,harmony_var,perceptr_mean,perceptr_var,tempo,mfcc1_mean,mfcc1_var,mfcc2_mean,mfcc2_var,mfcc3_mean,mfcc3_var,mfcc4_mean,mfcc4_var,mfcc5_mean,mfcc5_var,mfcc6_mean,mfcc6_var,mfcc7_mean,mfcc7_var,mfcc8_mean,mfcc8_var,mfcc9_mean,mfcc9_var,mfcc10_mean,mfcc10_var,mfcc11_mean,mfcc11_var,mfcc12_mean,mfcc12_var,mfcc13_mean,mfcc13_var,mfcc14_mean,mfcc14_var,mfcc15_mean,mfcc15_var,mfcc16_mean,mfcc16_var,mfcc17_mean,mfcc17_var,mfcc18_mean,mfcc18_var,mfcc19_mean,mfcc19_var,mfcc20_mean,mfcc20_var
0.39474428,0.09055949,0.10637723,0.0026879574,1907.6056942036873,753437.752810812,2124.6225269883566,253487.71633380407,4220.649368746374,3630688.3794517894,0.07740447360788863,0.0034156093616955078,-0.0034817532,0.007139606,-0.00263271,0.0034114195,151.99908088235293,-170.86713,5138.1074,107.73833,970.44257,-1.7606595,543.7793,46.446262,228.88206,-0.19452447,344.37805,24.93753,187.09152,-10.676095,199.75624,18.083887,119.63924,-10.79039,165.66162,11.160347,112.36196,-7.255222,117.11786,6.2078676,91.95107,-6.469771,98.40228,2.0512228,85.06995,-2.4364634,62.51994,2.562622,57.515522,-4.041815,48.49325,0.796783,51.574574,-3.7514188,60.018307,-1.6654915,39.964066
