chroma_stft_mean,chroma_stft_var,rms_mean,rms_var,spectral_centroid_mean,spectral_centroid_var,spectral_bandwidth_mean,spectral_bandwidth_var,rolloff_mean,rolloff_var,zero_crossing_rate_mean,zero_crossing_rate_var,harmony_mean,harmony_var,perceptr_mean,perceptr_var,tempo,mfcc1_mean,mfcc1_var,mfcc2_mean,mfcc2_var,mfcc3_mean,mfcc3_var,mfcc4_mean,mfcc4_var,mfcc5_mean,mfcc5_var,mfcc6_mean,mfcc6_var,mfcc7_mean,mfcc7_var,mfcc8_mean,mfcc8_var,mfcc9_mean,mfcc9_var,mfcc10_mean,mfcc10_var,mfcc11_mean,mfcc11_var,mfcc12_mean,mfcc12_var,mfcc13_mean,mfcc13_var,mfcc14_mean,mfcc14_var,mfcc15_mean,mfcc15_var,mfcc16_mean,mfcc16_var,mfcc17_mean,mfcc17_var,mfcc18_mean,mfcc18_var,mfcc19_mean,mfcc19_var,mfcc20_mean,mfcc20_var
0.4161064,0.089863986,0.097536266,0.002221033,1910.8838166956766,504191.17856329604,2115.3946331281586,340248.5487049712,3940.2847325442285,2730709.2086999277,0.08333522150522042,0.00222739222750988,-0.0021333417,0.0075000105,-0.001986287,0.001663496,92.28515625,-168.5893,4094.8145,109.539154,817.145,-20.654816,647.50574,38.94365,323.32208,7.9577327,232.76427,0.3369375,128.17265,6.0480947,104.09426,4.082806,77.75749,-1.3642375,85.15845,0.12043596,84.36196,0.24269424,62.11309,0.34731224,67.76436,5.3022566,68.32997,3.6820772,55.516617,2.8545508,45.47386,4.480499,42.992115,0.8107973,43.949234,3.0053957,43.320465,1.5195075,40.26457,2.451548,44.898926
