chroma_stft_mean,chroma_stft_var,rms_mean,rms_var,spectral_centroid_mean,spectral_centroid_var,spectral_bandwidth_mean,spectral_bandwidth_var,rolloff_mean,rolloff_var,zero_crossing_rate_mean,zero_crossing_rate_var,harmony_mean,harmony_var,perceptr_mean,perceptr_var,tempo,mfcc1_mean,mfcc1_var,mfcc2_mean,mfcc2_var,mfcc3_mean,mfcc3_var,mfcc4_mean,mfcc4_var,mfcc5_mean,mfcc5_var,mfcc6_mean,mfcc6_var,mfcc7_mean,mfcc7_var,mfcc8_mean,mfcc8_var,mfcc9_mean,mfcc9_var,mfcc10_mean,mfcc10_var,mfcc11_mean,mfcc11_var,mfcc12_mean,mfcc12_var,mfcc13_mean,mfcc13_var,mfcc14_mean,mfcc14_var,mfcc15_mean,mfcc15_var,mfcc16_mean,mfcc16_var,mfcc17_mean,mfcc17_var,mfcc18_mean,mfcc18_var,mfcc19_mean,mfcc19_var,mfcc20_mean,mfcc20_var
0.4288488,0.08874011,0.10382236,0.001831619,1585.361927340042,294787.0060774475,2127.1046577750276,133756.74691367685,3735.8608591031034,2235640.9370368808,0.04365755510440835,0.0005441458637761621,-1.966053e-06,0.006990743,-1.7512579e-05,0.0026568118,151.99908088235293,-202.04497,6025.0454,111.10007,402.75934,8.902879,963.0349,51.81522,133.56364,1.3010833,198.98485,30.039167,100.51632,-4.5082717,104.34789,22.444958,96.29615,-7.142242,72.45394,11.495427,94.4022,-4.753539,59.814034,10.595638,61.662064,-2.6359422,50.67305,9.010037,48.35209,-4.3553042,29.87619,-0.04049638,41.5083,-4.320838,35.220963,0.6513079,35.474304,-3.7421625,29.702055,-6.1934795,33.75326
