chroma_stft_mean,chroma_stft_var,rms_mean,rms_var,spectral_centroid_mean,spectral_centroid_var,spectral_bandwidth_mean,spectral_bandwidth_var,rolloff_mean,rolloff_var,zero_crossing_rate_mean,zero_crossing_rate_var,harmony_mean,harmony_var,perceptr_mean,perceptr_var,tempo,mfcc1_mean,mfcc1_var,mfcc2_mean,mfcc2_var,mfcc3_mean,mfcc3_var,mfcc4_mean,mfcc4_var,mfcc5_mean,mfcc5_var,mfcc6_mean,mfcc6_var,mfcc7_mean,mfcc7_var,mfcc8_mean,mfcc8_var,mfcc9_mean,mfcc9_var,mfcc10_mean,mfcc10_var,mfcc11_mean,mfcc11_var,mfcc12_mean,mfcc12_var,mfcc13_mean,mfcc13_var,mfcc14_mean,mfcc14_var,mfcc15_mean,mfcc15_var,mfcc16_mean,mfcc16_var,mfcc17_mean,mfcc17_var,mfcc18_mean,mfcc18_var,mfcc19_mean,mfcc19_var,mfcc20_mean,mfcc20_var
0.4692975,0.08927706,0.063029096,0.0018418191,2004.6584158276357,1514120.17472578,2297.795832802628,517139.3577784357,4159.813490157338,6640048.67124769,0.08975349538379737,0.0074938770463262895,6.483933e-06,0.0025247955,6.9630645e-05,0.0019318779,151.99908088235293,-251.33118,7625.5483,105.8357,1204.5206,2.1622968,1211.3474,32.47585,284.81012,16.535751,250.00073,8.277351,146.30331,10.350331,139.79723,5.496451,93.81022,0.86778474,100.23868,8.342783,73.281006,-0.62853783,88.28361,9.887255,69.65813,-1.8475658,63.51542,4.4188204,42.675488,1.8343394,44.939243,4.253503,36.852757,-0.18836156,32.499744,2.25564,27.763975,0.9455717,32.834717,1.3033653,38.062294
