chroma_stft_mean,chroma_stft_var,rms_mean,rms_var,spectral_centroid_mean,spectral_centroid_var,spectral_bandwidth_mean,spectral_bandwidth_var,rolloff_mean,rolloff_var,zero_crossing_rate_mean,zero_crossing_rate_var,harmony_mean,harmony_var,perceptr_mean,perceptr_var,tempo,mfcc1_mean,mfcc1_var,mfcc2_mean,mfcc2_var,mfcc3_mean,mfcc3_var,mfcc4_mean,mfcc4_var,mfcc5_mean,mfcc5_var,mfcc6_mean,mfcc6_var,mfcc7_mean,mfcc7_var,mfcc8_mean,mfcc8_var,mfcc9_mean,mfcc9_var,mfcc10_mean,mfcc10_var,mfcc11_mean,mfcc11_var,mfcc12_mean,mfcc12_var,mfcc13_mean,mfcc13_var,mfcc14_mean,mfcc14_var,mfcc15_mean,mfcc15_var,mfcc16_mean,mfcc16_var,mfcc17_mean,mfcc17_var,mfcc18_mean,mfcc18_var,mfcc19_mean,mfcc19_var,mfcc20_mean,mfcc20_var
0.28827715,0.09654413,0.1732646,0.0033394534,1507.1579850499309,413919.5153460501,2096.930874279644,246926.39381158169,3405.5518484447507,4181763.713716291,0.04541997474381284,0.0005739812926893613,-7.123672e-07,0.02648671,3.1843529e-06,0.0020961857,129.19921875,-171.79478,1940.7294,120.28173,693.2223,15.331755,269.14954,21.094315,146.52971,-5.3954434,175.6232,24.185543,119.22541,-24.130846,145.58356,18.545135,100.659134,-22.342924,139.44583,1.3107386,115.741684,-20.765268,68.06179,-4.991692,81.389626,-17.108126,86.59743,-7.874077,63.096027,-15.293675,43.64216,-9.349588,49.472374,-8.917147,42.933598,-8.521505,57.17301,-14.332619,57.08482,-19.928354,48.656532
