chroma_stft_mean,chroma_stft_var,rms_mean,rms_var,spectral_centroid_mean,spectral_centroid_var,spectral_bandwidth_mean,spectral_bandwidth_var,rolloff_mean,rolloff_var,zero_crossing_rate_mean,zero_crossing_rate_var,harmony_mean,harmony_var,perceptr_mean,perceptr_var,tempo,mfcc1_mean,mfcc1_var,mfcc2_mean,mfcc2_var,mfcc3_mean,mfcc3_var,mfcc4_mean,mfcc4_var,mfcc5_mean,mfcc5_var,mfcc6_mean,mfcc6_var,mfcc7_mean,mfcc7_var,mfcc8_mean,mfcc8_var,mfcc9_mean,mfcc9_var,mfcc10_mean,mfcc10_var,mfcc11_mean,mfcc11_var,mfcc12_mean,mfcc12_var,mfcc13_mean,mfcc13_var,mfcc14_mean,mfcc14_var,mfcc15_mean,mfcc15_var,mfcc16_mean,mfcc16_var,mfcc17_mean,mfcc17_var,mfcc18_mean,mfcc18_var,mfcc19_mean,mfcc19_var,mfcc20_mean,mfcc20_var
0.28052026,0.105663024,0.124684155,0.004813125,1648.8848322083286,712191.5514923945,2190.0464211359326,185210.71170193495,3760.300128697796,4159729.928493348,0.05289486961040216,0.0032474412544681052,8.1512115e-07,0.016771026,4.546336e-06,0.0013200147,129.19921875,-233.72897,3685.9968,101.19028,885.1662,17.647955,375.19736,23.734173,219.077,2.0825462,227.48593,25.936394,135.567,-16.956385,339.19638,15.084952,113.55068,-22.273954,98.33264,4.38161,122.683044,-23.201656,167.3735,-6.050581,81.708855,-5.067927,80.8433,1.0592694,99.96531,-5.7868643,88.8538,-8.313065,84.22727,-11.38215,98.362144,-6.724383,96.60229,-10.016952,73.97155,-14.028803,77.85361
