chroma_stft_mean,chroma_stft_var,rms_mean,rms_var,spectral_centroid_mean,spectral_centroid_var,spectral_bandwidth_mean,spectral_bandwidth_var,rolloff_mean,rolloff_var,zero_crossing_rate_mean,zero_crossing_rate_var,harmony_mean,harmony_var,perceptr_mean,perceptr_var,tempo,mfcc1_mean,mfcc1_var,mfcc2_mean,mfcc2_var,mfcc3_mean,mfcc3_var,mfcc4_mean,mfcc4_var,mfcc5_mean,mfcc5_var,mfcc6_mean,mfcc6_var,mfcc7_mean,mfcc7_var,mfcc8_mean,mfcc8_var,mfcc9_mean,mfcc9_var,mfcc10_mean,mfcc10_var,mfcc11_mean,mfcc11_var,mfcc12_mean,mfcc12_var,mfcc13_mean,mfcc13_var,mfcc14_mean,mfcc14_var,mfcc15_mean,mfcc15_var,mfcc16_mean,mfcc16_var,mfcc17_mean,mfcc17_var,mfcc18_mean,mfcc18_var,mfcc19_mean,mfcc19_var,mfcc20_mean,mfcc20_var
0.34863162,0.10260624,0.05275917,0.0017754495,798.6570144423736,198504.41166693173,1284.9100008729758,130692.77417098107,1456.1058380764212,1070696.091883005,0.025648171645398298,0.0004045652172918926,-7.600253e-06,0.0036323788,-0.00011121287,0.00033243606,107.666015625,-346.85635,5365.911,139.25108,1053.5845,24.052633,914.3359,22.281025,311.33527,18.663773,230.73389,11.662003,274.02383,9.016559,163.25421,6.970993,80.612335,-2.0330265,104.49435,5.4127927,72.88141,1.6503887,108.75106,-2.3577814,68.64338,3.2000823,58.210297,0.6987717,73.48713,-3.099908,54.621655,-2.1074765,39.15219,-2.210109,48.839996,-4.580332,46.543743,-4.7331815,48.67618,0.06721337,42.321453
