chroma_stft_mean,chroma_stft_var,rms_mean,rms_var,spectral_centroid_mean,spectral_centroid_var,spectral_bandwidth_mean,spectral_bandwidth_var,rolloff_mean,rolloff_var,zero_crossing_rate_mean,zero_crossing_rate_var,harmony_mean,harmony_var,perceptr_mean,perceptr_var,tempo,mfcc1_mean,mfcc1_var,mfcc2_mean,mfcc2_var,mfcc3_mean,mfcc3_var,mfcc4_mean,mfcc4_var,mfcc5_mean,mfcc5_var,mfcc6_mean,mfcc6_var,mfcc7_mean,mfcc7_var,mfcc8_mean,mfcc8_var,mfcc9_mean,mfcc9_var,mfcc10_mean,mfcc10_var,mfcc11_mean,mfcc11_var,mfcc12_mean,mfcc12_var,mfcc13_mean,mfcc13_var,mfcc14_mean,mfcc14_var,mfcc15_mean,mfcc15_var,mfcc16_mean,mfcc16_var,mfcc17_mean,mfcc17_var,mfcc18_mean,mfcc18_var,mfcc19_mean,mfcc19_var,mfcc20_mean,mfcc20_var
0.36715597,0.08537016,0.19693075,0.0042794826,2515.4635686314255,272557.1257584417,2531.2236880607325,66555.54050344118,5770.831822795823,998132.5238669816,0.12089020507057231,0.0016698406379629758,1.91793e-06,0.019950932,-3.0853855e-05,0.010132895,112.34714673913044,-56.0053,2864.8823,87.851326,358.02924,-1.6130452,288.0494,41.199356,165.72467,-5.6183295,140.08159,27.792627,108.56385,-23.99084,91.711945,21.776114,64.886246,-18.41947,85.358665,12.326554,65.81377,-13.7120495,65.615166,11.851395,70.8492,-3.9741166,58.631683,7.1018496,88.04909,-4.469164,57.190872,5.1157055,56.023083,-6.6473694,59.628536,5.8692484,53.89585,-3.7021832,67.68677,-1.9599464,69.04591
