chroma_stft_mean,chroma_stft_var,rms_mean,rms_var,spectral_centroid_mean,spectral_centroid_var,spectral_bandwidth_mean,spectral_bandwidth_var,rolloff_mean,rolloff_var,zero_crossing_rate_mean,zero_crossing_rate_var,harmony_mean,harmony_var,perceptr_mean,perceptr_var,tempo,mfcc1_mean,mfcc1_var,mfcc2_mean,mfcc2_var,mfcc3_mean,mfcc3_var,mfcc4_mean,mfcc4_var,mfcc5_mean,mfcc5_var,mfcc6_mean,mfcc6_var,mfcc7_mean,mfcc7_var,mfcc8_mean,mfcc8_var,mfcc9_mean,mfcc9_var,mfcc10_mean,mfcc10_var,mfcc11_mean,mfcc11_var,mfcc12_mean,mfcc12_var,mfcc13_mean,mfcc13_var,mfcc14_mean,mfcc14_var,mfcc15_mean,mfcc15_var,mfcc16_mean,mfcc16_var,mfcc17_mean,mfcc17_var,mfcc18_mean,mfcc18_var,mfcc19_mean,mfcc19_var,mfcc20_mean,mfcc20_var
0.30852598,0.08784315,0.09150122,0.002305285,1835.1285127725687,343249.4957463238,1748.4107584538044,88378.70447779536,3579.9574708164155,1572336.2989541132,0.10146053871809745,0.0019541247020998685,-1.845967e-05,0.0048144883,-9.545041e-06,0.0030943628,135.99917763157896,-160.35417,5199.1035,126.20948,853.27124,-35.581394,334.03235,22.139256,193.75323,-32.47355,336.42545,10.850701,134.86504,-23.35007,93.29354,0.4932492,124.73352,-11.796538,129.97537,1.2035192,99.71714,-13.084959,80.243164,-2.8104992,86.436485,-6.9344707,89.548325,-7.5538754,70.91569,-9.167669,75.75422,-4.515863,85.9952,-5.451786,75.27674,-0.91595227,53.633236,-4.4080176,62.882492,-11.704385,55.190254
