chroma_stft_mean,chroma_stft_var,rms_mean,rms_var,spectral_centroid_mean,spectral_centroid_var,spectral_bandwidth_mean,spectral_bandwidth_var,rolloff_mean,rolloff_var,zero_crossing_rate_mean,zero_crossing_rate_var,harmony_mean,harmony_var,perceptr_mean,perceptr_var,tempo,mfcc1_mean,mfcc1_var,mfcc2_mean,mfcc2_var,mfcc3_mean,mfcc3_var,mfcc4_mean,mfcc4_var,mfcc5_mean,mfcc5_var,mfcc6_mean,mfcc6_var,mfcc7_mean,mfcc7_var,mfcc8_mean,mfcc8_var,mfcc9_mean,mfcc9_var,mfcc10_mean,mfcc10_var,mfcc11_mean,mfcc11_var,mfcc12_mean,mfcc12_var,mfcc13_mean,mfcc13_var,mfcc14_mean,mfcc14_var,mfcc15_mean,mfcc15_var,mfcc16_mean,mfcc16_var,mfcc17_mean,mfcc17_var,mfcc18_mean,mfcc18_var,mfcc19_mean,mfcc19_var,mfcc20_mean,mfcc20_var
0.37472305,0.088798285,0.11043558,0.0007043871,2340.7341614757443,347467.921410914,2256.3917617942097,45429.41206759895,4972.721052059164,734172.734303554,0.12179161832946636,0.00399985368271014,3.8135704e-06,0.0055223973,-5.1039693e-05,0.0034514891,161.4990234375,-116.60201,1592.5149,97.43107,505.02853,-13.89173,291.4989,48.967636,154.69276,-22.596458,162.33765,27.759014,79.28347,-20.245163,186.11568,18.638863,65.97926,-14.6395855,74.01625,8.482747,51.36214,-16.644682,70.00743,11.017631,83.00224,-13.866874,74.47449,9.734925,76.13928,-5.1067657,75.978745,2.6361825,80.184,-9.879659,55.665314,6.151771,99.9892,-7.694128,90.45867,-4.8331757,76.36784
