chroma_stft_mean,chroma_stft_var,rms_mean,rms_var,spectral_centroid_mean,spectral_centroid_var,spectral_bandwidth_mean,spectral_bandwidth_var,rolloff_mean,rolloff_var,zero_crossing_rate_mean,zero_crossing_rate_var,harmony_mean,harmony_var,perceptr_mean,perceptr_var,tempo,mfcc1_mean,mfcc1_var,mfcc2_mean,mfcc2_var,mfcc3_mean,mfcc3_var,mfcc4_mean,mfcc4_var,mfcc5_mean,mfcc5_var,mfcc6_mean,mfcc6_var,mfcc7_mean,mfcc7_var,mfcc8_mean,mfcc8_var,mfcc9_mean,mfcc9_var,mfcc10_mean,mfcc10_var,mfcc11_mean,mfcc11_var,mfcc12_mean,mfcc12_var,mfcc13_mean,mfcc13_var,mfcc14_mean,mfcc14_var,mfcc15_mean,mfcc15_var,mfcc16_mean,mfcc16_var,mfcc17_mean,mfcc17_var,mfcc18_mean,mfcc18_var,mfcc19_mean,mfcc19_var,mfcc20_mean,mfcc20_var
0.34204182,0.08416539,0.2596437,0.0054843687,2094.7777929276835,108543.82159262714,2158.3618752626426,42064.50064277283,4482.603366081787,495610.0580419375,0.10054024374033256,0.000993991151988332,-7.023813e-06,0.038446758,-2.3900442e-05,0.013974295,99.38401442307692,-30.126768,1122.2214,103.738075,204.29929,-19.742796,185.54372,56.41043,173.3163,-12.707871,121.6278,20.187708,94.621796,-17.338875,90.20042,16.300972,64.64779,-18.438002,56.85981,8.925146,52.387844,-11.655669,53.729095,11.209243,39.441807,-8.847433,51.867466,9.09779,52.93919,-3.572931,37.690296,4.3794627,38.756035,-2.8248992,45.271076,4.7203135,44.10148,0.48877987,51.548252,1.4746345,69.965454
