chroma_stft_mean,chroma_stft_var,rms_mean,rms_var,spectral_centroid_mean,spectral_centroid_var,spectral_bandwidth_mean,spectral_bandwidth_var,rolloff_mean,rolloff_var,zero_crossing_rate_mean,zero_crossing_rate_var,harmony_mean,harmony_var,perceptr_mean,perceptr_var,tempo,mfcc1_mean,mfcc1_var,mfcc2_mean,mfcc2_var,mfcc3_mean,mfcc3_var,mfcc4_mean,mfcc4_var,mfcc5_mean,mfcc5_var,mfcc6_mean,mfcc6_var,mfcc7_mean,mfcc7_var,mfcc8_mean,mfcc8_var,mfcc9_mean,mfcc9_var,mfcc10_mean,mfcc10_var,mfcc11_mean,mfcc11_var,mfcc12_mean,mfcc12_var,mfcc13_mean,mfcc13_var,mfcc14_mean,mfcc14_var,mfcc15_mean,mfcc15_var,mfcc16_mean,mfcc16_var,mfcc17_mean,mfcc17_var,mfcc18_mean,mfcc18_var,mfcc19_mean,mfcc19_var,mfcc20_mean,mfcc20_var
0.2886825,0.094142154,0.09575479,0.0021936449,1392.0263572927074,200436.55212147895,1494.8775639502585,43463.631861920134,2811.740048578886,541255.423663085,0.07241441294470224,0.002545686800946762,-1.5609476e-05,0.0077454303,-9.109126e-05,0.0015261512,95.703125,-228.20984,2813.7803,130.32317,689.4209,-23.311424,927.2701,70.20095,397.6454,1.1310546,181.74109,7.584427,154.08311,0.9005108,100.34201,1.9828155,88.28393,-6.164415,61.857975,-9.382748,86.06395,-2.56378,107.833115,-4.5257525,58.995457,-0.26046443,67.79429,0.17552163,57.04276,-1.522912,79.448074,1.4664073,80.517586,-6.979135,65.05795,-8.328394,91.87449,4.2368064,119.66019,0.98863906,132.0011
