chroma_stft_mean,chroma_stft_var,rms_mean,rms_var,spectral_centroid_mean,spectral_centroid_var,spectral_bandwidth_mean,spectral_bandwidth_var,rolloff_mean,rolloff_var,zero_crossing_rate_mean,zero_crossing_rate_var,harmony_mean,harmony_var,perceptr_mean,perceptr_var,tempo,mfcc1_mean,mfcc1_var,mfcc2_mean,mfcc2_var,mfcc3_mean,mfcc3_var,mfcc4_mean,mfcc4_var,mfcc5_mean,mfcc5_var,mfcc6_mean,mfcc6_var,mfcc7_mean,mfcc7_var,mfcc8_mean,mfcc8_var,mfcc9_mean,mfcc9_var,mfcc10_mean,mfcc10_var,mfcc11_mean,mfcc11_var,mfcc12_mean,mfcc12_var,mfcc13_mean,mfcc13_var,mfcc14_mean,mfcc14_var,mfcc15_mean,mfcc15_var,mfcc16_mean,mfcc16_var,mfcc17_mean,mfcc17_var,mfcc18_mean,mfcc18_var,mfcc19_mean,mfcc19_var,mfcc20_mean,mfcc20_var
0.30737153,0.09285334,0.13176751,0.0055319313,1451.8594137957502,449601.6407278991,1577.567115762827,168197.59942733936,2955.3197165929523,1629557.4144231493,0.061442246108855375,0.0018488162723341102,1.8550025e-05,0.013231742,-4.8325477e-05,0.004836919,92.28515625,-179.3723,6573.5034,136.44833,1479.0457,-26.662588,591.20874,39.96545,353.4062,5.3108945,650.08966,10.919133,136.28798,-20.559534,163.69316,8.503361,151.2844,-11.349764,171.91977,-3.4705548,178.22743,-8.415842,147.5609,-6.957211,83.71853,-3.5460427,93.2653,-8.051758,57.423862,-8.964917,82.25947,-8.427482,70.46944,-10.5642805,52.018356,-10.785659,60.50718,-4.6954694,65.58108,-8.631641,56.386944
