chroma_stft_mean,chroma_stft_var,rms_mean,rms_var,spectral_centroid_mean,spectral_centroid_var,spectral_bandwidth_mean,spectral_bandwidth_var,rolloff_mean,rolloff_var,zero_crossing_rate_mean,zero_crossing_rate_var,harmony_mean,harmony_var,perceptr_mean,perceptr_var,tempo,mfcc1_mean,mfcc1_var,mfcc2_mean,mfcc2_var,mfcc3_mean,mfcc3_var,mfcc4_mean,mfcc4_var,mfcc5_mean,mfcc5_var,mfcc6_mean,mfcc6_var,mfcc7_mean,mfcc7_var,mfcc8_mean,mfcc8_var,mfcc9_mean,mfcc9_var,mfcc10_mean,mfcc10_var,mfcc11_mean,mfcc11_var,mfcc12_mean,mfcc12_var,mfcc13_mean,mfcc13_var,mfcc14_mean,mfcc14_var,mfcc15_mean,mfcc15_var,mfcc16_mean,mfcc16_var,mfcc17_mean,mfcc17_var,mfcc18_mean,mfcc18_var,mfcc19_mean,mfcc19_var,mfcc20_mean,mfcc20_var
0.38802338,0.095142886,0.10254586,0.0009460606,1913.013075046242,331727.6715931641,2361.665525153213,92614.06411310197,4777.714832420968,1289231.061203629,0.05845780162412993,0.0009074450402103902,-0.0031622434,0.0056158844,-0.0034580296,0.002589237,123.046875,-182.60481,2273.023,90.67421,451.29398,14.12465,267.2211,67.552986,173.46625,2.6751463,117.65267,38.430412,65.76744,-8.419177,147.03831,24.123713,72.18446,-13.794528,59.88192,4.8405757,58.736805,-16.67912,44.432747,5.8271174,42.44453,-5.1463914,49.541466,0.1929259,35.917686,-14.491466,40.213097,6.862848,30.484043,-4.4426827,40.142258,-2.9876118,26.153625,-4.8196287,35.666,5.403775,47.042995
