chroma_stft_mean,chroma_stft_var,rms_mean,rms_var,spectral_centroid_mean,spectral_centroid_var,spectral_bandwidth_mean,spectral_bandwidth_var,rolloff_mean,rolloff_var,zero_crossing_rate_mean,zero_crossing_rate_var,harmony_mean,harmony_var,perceptr_mean,perceptr_var,tempo,mfcc1_mean,mfcc1_var,mfcc2_mean,mfcc2_var,mfcc3_mean,mfcc3_var,mfcc4_mean,mfcc4_var,mfcc5_mean,mfcc5_var,mfcc6_mean,mfcc6_var,mfcc7_mean,mfcc7_var,mfcc8_mean,mfcc8_var,mfcc9_mean,mfcc9_var,mfcc10_mean,mfcc10_var,mfcc11_mean,mfcc11_var,mfcc12_mean,mfcc12_var,mfcc13_mean,mfcc13_var,mfcc14_mean,mfcc14_var,mfcc15_mean,mfcc15_var,mfcc16_mean,mfcc16_var,mfcc17_mean,mfcc17_var,mfcc18_mean,mfcc18_var,mfcc19_mean,mfcc19_var,mfcc20_mean,mfcc20_var
0.3326599,0.08039345,0.11737103,0.00054604106,2553.3610730069104,107874.46272756589,2280.187545125477,32825.23541235313,5148.284104915893,276458.18610405194,0.14683293153035576,0.001059015153491846,-1.44117985e-05,0.007764537,-0.00031954423,0.0028780962,151.99908088235293,-85.13846,889.097,88.807526,172.05463,-16.32557,190.40564,59.228165,130.02379,-35.98338,78.20517,14.397045,41.03355,-22.296473,51.305454,9.660773,53.484436,-14.823983,45.236996,11.181689,45.688698,-14.806866,42.160076,8.475102,36.53898,-19.587511,37.816113,6.415234,42.179497,-13.781307,40.455486,6.1189365,38.93814,-13.149333,44.34349,3.9346714,47.962437,-7.615674,43.322422,3.753453,40.893585
