chroma_stft_mean,chroma_stft_var,rms_mean,rms_var,spectral_centroid_mean,spectral_centroid_var,spectral_bandwidth_mean,spectral_bandwidth_var,rolloff_mean,rolloff_var,zero_crossing_rate_mean,zero_crossing_rate_var,harmony_mean,harmony_var,perceptr_mean,perceptr_var,tempo,mfcc1_mean,mfcc1_var,mfcc2_mean,mfcc2_var,mfcc3_mean,mfcc3_var,mfcc4_mean,mfcc4_var,mfcc5_mean,mfcc5_var,mfcc6_mean,mfcc6_var,mfcc7_mean,mfcc7_var,mfcc8_mean,mfcc8_var,mfcc9_mean,mfcc9_var,mfcc10_mean,mfcc10_var,mfcc11_mean,mfcc11_var,mfcc12_mean,mfcc12_var,mfcc13_mean,mfcc13_var,mfcc14_mean,mfcc14_var,mfcc15_mean,mfcc15_var,mfcc16_mean,mfcc16_var,mfcc17_mean,mfcc17_var,mfcc18_mean,mfcc18_var,mfcc19_mean,mfcc19_var,mfcc20_mean,mfcc20_var
0.2761858,0.097387545,0.10122466,0.003938625,1309.7746510229813,756135.7535826585,1883.25814994079,284221.8173842961,2765.2346582257833,4686832.922203278,0.03938839846771075,0.003158095633297049,-9.822445e-08,0.01285871,2.725738e-06,0.00044528866,123.046875,-288.7327,5319.0356,105.90115,829.6179,18.776207,433.78073,23.682646,342.53232,5.6820407,381.52658,25.54894,164.24428,-13.463248,228.21718,12.437668,125.63249,-11.963671,196.29906,1.5746145,132.29857,-15.640525,126.26147,-6.632071,81.745636,-11.693039,102.44064,-2.926763,105.24514,-7.375716,82.07757,-15.69388,54.50831,-10.976883,61.209698,-10.892728,44.982956,-18.505384,55.872993,-19.104548,75.34568
