chroma_stft_mean,chroma_stft_var,rms_mean,rms_var,spectral_centroid_mean,spectral_centroid_var,spectral_bandwidth_mean,spectral_bandwidth_var,rolloff_mean,rolloff_var,zero_crossing_rate_mean,zero_crossing_rate_var,harmony_mean,harmony_var,perceptr_mean,perceptr_var,tempo,mfcc1_mean,mfcc1_var,mfcc2_mean,mfcc2_var,mfcc3_mean,mfcc3_var,mfcc4_mean,mfcc4_var,mfcc5_mean,mfcc5_var,mfcc6_mean,mfcc6_var,mfcc7_mean,mfcc7_var,mfcc8_mean,mfcc8_var,mfcc9_mean,mfcc9_var,mfcc10_mean,mfcc10_var,mfcc11_mean,mfcc11_var,mfcc12_mean,mfcc12_var,mfcc13_mean,mfcc13_var,mfcc14_mean,mfcc14_var,mfcc15_mean,mfcc15_var,mfcc16_mean,mfcc16_var,mfcc17_mean,mfcc17_var,mfcc18_mean,mfcc18_var,mfcc19_mean,mfcc19_var,mfcc20_mean,mfcc20_var
0.26973152,0.09497305,0.0806058,0.0028306316,1420.4385714343975,199934.38273227043,1731.1768529678968,81312.1527401454,2930.239280470563,699900.4201592532,0.06370125495456304,0.0019409896600481654,-1.2730362e-05,0.004725014,-9.065945e-05,0.0023355319,99.38401442307692,-238.51962,4379.6255,120.10219,728.1788,-4.221948,978.79614,42.294594,383.18594,5.923822,298.72183,13.911398,117.38614,5.350524,119.63875,1.8952672,143.8792,-16.928087,89.818855,12.343145,76.23276,3.9388995,81.61115,-1.3966829,60.90996,0.013027772,60.566597,3.585257,89.513954,-4.500639,101.89453,-5.5398455,77.415665,-6.8845086,93.56862,-4.824554,65.70046,1.7439975,78.28548,-1.8783106,131.15253
