chroma_stft_mean,chroma_stft_var,rms_mean,rms_var,spectral_centroid_mean,spectral_centroid_var,spectral_bandwidth_mean,spectral_bandwidth_var,rolloff_mean,rolloff_var,zero_crossing_rate_mean,zero_crossing_rate_var,harmony_mean,harmony_var,perceptr_mean,perceptr_var,tempo,mfcc1_mean,mfcc1_var,mfcc2_mean,mfcc2_var,mfcc3_mean,mfcc3_var,mfcc4_mean,mfcc4_var,mfcc5_mean,mfcc5_var,mfcc6_mean,mfcc6_var,mfcc7_mean,mfcc7_var,mfcc8_mean,mfcc8_var,mfcc9_mean,mfcc9_var,mfcc10_mean,mfcc10_var,mfcc11_mean,mfcc11_var,mfcc12_mean,mfcc12_var,mfcc13_mean,mfcc13_var,mfcc14_mean,mfcc14_var,mfcc15_mean,mfcc15_var,mfcc16_mean,mfcc16_var,mfcc17_mean,mfcc17_var,mfcc18_mean,mfcc18_var,mfcc19_mean,mfcc19_var,mfcc20_mean,mfcc20_var
0.43084884,0.080378175,0.19617338,0.0034484908,1946.448570450021,124910.1517603313,1979.9041422588339,55766.82475993266,3955.7143633990718,639383.3366215251,0.09742287195475638,0.0013971267188710467,-1.0166439e-05,0.016944118,-5.5602686e-05,0.01153465,151.99908088235293,-67.761024,1612.4387,111.7113,307.75888,-34.646255,223.12851,61.319546,228.93216,0.04420201,175.38211,30.56148,113.36227,-12.693844,109.601265,21.164927,91.736336,-13.122509,55.812668,16.284252,73.353325,-6.337016,38.10535,12.300311,50.141617,-12.475308,40.450188,1.677715,40.88418,-5.1477866,36.88602,4.648344,39.39704,-6.9102273,33.27316,1.054118,46.633877,-4.730588,56.06096,-0.66058236,50.188393
