chroma_stft_mean,chroma_stft_var,rms_mean,rms_var,spectral_centroid_mean,spectral_centroid_var,spectral_bandwidth_mean,spectral_bandwidth_var,rolloff_mean,rolloff_var,zero_crossing_rate_mean,zero_crossing_rate_var,harmony_mean,harmony_var,perceptr_mean,perceptr_var,tempo,mfcc1_mean,mfcc1_var,mfcc2_mean,mfcc2_var,mfcc3_mean,mfcc3_var,mfcc4_mean,mfcc4_var,mfcc5_mean,mfcc5_var,mfcc6_mean,mfcc6_var,mfcc7_mean,mfcc7_var,mfcc8_mean,mfcc8_var,mfcc9_mean,mfcc9_var,mfcc10_mean,mfcc10_var,mfcc11_mean,mfcc11_var,mfcc12_mean,mfcc12_var,mfcc13_mean,mfcc13_var,mfcc14_mean,mfcc14_var,mfcc15_mean,mfcc15_var,mfcc16_mean,mfcc16_var,mfcc17_mean,mfcc17_var,mfcc18_mean,mfcc18_var,mfcc19_mean,mfcc19_var,mfcc20_mean,mfcc20_var
0.36353773,0.08525664,0.17547321,0.002750858,1552.8324814348227,156471.0109039441,1747.7540868495228,76295.4133981059,3042.4101154654873,784130.8743978116,0.07629120746326373,0.0010068290788351824,-1.8167239e-06,0.016344344,-2.0188574e-05,0.0074642007,161.4990234375,-90.757164,3317.887,140.44087,508.85614,-29.084547,412.06442,31.686693,143.95422,-13.976547,155.66135,25.753752,74.391716,-13.66499,106.84102,11.634442,106.52026,-11.778322,65.48225,9.714756,67.84235,-13.125314,57.67196,5.791247,64.49476,-8.901968,60.390575,-1.0801601,57.690224,-9.226245,36.514374,2.4483044,40.641678,-7.7248397,47.62965,-1.819024,52.393597,-3.4404576,46.6434,-2.2381277,30.65315
