chroma_stft_mean,chroma_stft_var,rms_mean,rms_var,spectral_centroid_mean,spectral_centroid_var,spectral_bandwidth_mean,spectral_bandwidth_var,rolloff_mean,rolloff_var,zero_crossing_rate_mean,zero_crossing_rate_var,harmony_mean,harmony_var,perceptr_mean,perceptr_var,tempo,mfcc1_mean,mfcc1_var,mfcc2_mean,mfcc2_var,mfcc3_mean,mfcc3_var,mfcc4_mean,mfcc4_var,mfcc5_mean,mfcc5_var,mfcc6_mean,mfcc6_var,mfcc7_mean,mfcc7_var,mfcc8_mean,mfcc8_var,mfcc9_mean,mfcc9_var,mfcc10_mean,mfcc10_var,mfcc11_mean,mfcc11_var,mfcc12_mean,mfcc12_var,mfcc13_mean,mfcc13_var,mfcc14_mean,mfcc14_var,mfcc15_mean,mfcc15_var,mfcc16_mean,mfcc16_var,mfcc17_mean,mfcc17_var,mfcc18_mean,mfcc18_var,mfcc19_mean,mfcc19_var,mfcc20_mean,mfcc20_var
0.23332669,0.094940506,0.19766894,0.0047199335,1247.5800479447862,263742.904849131,1907.8212456462707,194376.86139138587,2621.496780289298,3024858.104095273,0.03690734060808198,0.00034853728629918835,-5.441069e-06,0.03664941,3.988462e-06,0.0022887362,151.99908088235293,-200.18538,2875.0405,116.348595,484.66434,17.990738,199.02489,25.287695,291.50247,0.28717074,179.40805,24.193773,99.91042,-22.253931,306.8604,11.182934,95.03406,-26.854319,97.11793,-7.637254,110.53862,-24.876745,123.126884,-12.010829,98.73029,-17.024942,77.72668,-8.125703,84.42433,-11.95662,79.74183,-12.614474,95.7183,-14.187262,94.29265,-8.2080765,89.58156,-15.015217,65.70998,-10.310198,94.443375
