chroma_stft_mean,chroma_stft_var,rms_mean,rms_var,spectral_centroid_mean,spectral_centroid_var,spectral_bandwidth_mean,spectral_bandwidth_var,rolloff_mean,rolloff_var,zero_crossing_rate_mean,zero_crossing_rate_var,harmony_mean,harmony_var,perceptr_mean,perceptr_var,tempo,mfcc1_mean,mfcc1_var,mfcc2_mean,mfcc2_var,mfcc3_mean,mfcc3_var,mfcc4_mean,mfcc4_var,mfcc5_mean,mfcc5_var,mfcc6_mean,mfcc6_var,mfcc7_mean,mfcc7_var,mfcc8_mean,mfcc8_var,mfcc9_mean,mfcc9_var,mfcc10_mean,mfcc10_var,mfcc11_mean,mfcc11_var,mfcc12_mean,mfcc12_var,mfcc13_mean,mfcc13_var,mfcc14_mean,mfcc14_var,mfcc15_mean,mfcc15_var,mfcc16_mean,mfcc16_var,mfcc17_mean,mfcc17_var,mfcc18_mean,mfcc18_var,mfcc19_mean,mfcc19_var,mfcc20_mean,mfcc20_var
0.40891296,0.08650006,0.14232728,0.0015031187,1719.4633657271252,163308.4331688299,2031.8293659117528,105565.92425351423,3782.441190998405,1262984.5682501604,0.06402488761600927,0.0007314817438538322,-1.5161887e-06,0.012705841,-2.0980337e-05,0.003465587,83.35433467741936,-121.38979,2619.6743,122.49833,414.5375,-14.734729,341.22403,46.122135,193.91731,-8.179258,177.07607,20.172466,106.9469,-19.171894,57.659283,23.036839,77.1547,-11.832729,42.568737,21.154655,58.8517,-6.7227974,48.918488,6.989506,56.535206,-12.730549,61.94805,5.0585384,50.547115,-5.1858068,33.02635,-1.4536041,50.578175,-7.042629,28.90844,2.694213,36.896122,3.4095314,33.671597,-2.7137442,36.34232
