chroma_stft_mean,chroma_stft_var,rms_mean,rms_var,spectral_centroid_mean,spectral_centroid_var,spectral_bandwidth_mean,spectral_bandwidth_var,rolloff_mean,rolloff_var,zero_crossing_rate_mean,zero_crossing_rate_var,harmony_mean,harmony_var,perceptr_mean,perceptr_var,tempo,mfcc1_mean,mfcc1_var,mfcc2_mean,mfcc2_var,mfcc3_mean,mfcc3_var,mfcc4_mean,mfcc4_var,mfcc5_mean,mfcc5_var,mfcc6_mean,mfcc6_var,mfcc7_mean,mfcc7_var,mfcc8_mean,mfcc8_var,mfcc9_mean,mfcc9_var,mfcc10_mean,mfcc10_var,mfcc11_mean,mfcc11_var,mfcc12_mean,mfcc12_var,mfcc13_mean,mfcc13_var,mfcc14_mean,mfcc14_var,mfcc15_mean,mfcc15_var,mfcc16_mean,mfcc16_var,mfcc17_mean,mfcc17_var,mfcc18_mean,mfcc18_var,mfcc19_mean,mfcc19_var,mfcc20_mean,mfcc20_var
0.27396762,0.09231063,0.08128055,0.004346177,1817.2305900912734,298141.4244085744,1973.7920387617448,114140.14452080753,3943.8319655416185,1366784.3467715923,0.07917482356921887,0.0013776590528174816,-4.3618625e-06,0.007221093,-2.4223751e-05,0.0016771487,129.19921875,-213.26424,6132.9727,115.16476,798.2638,-11.69817,669.08453,39.015358,350.93396,-20.34833,531.99756,13.082702,278.2447,-9.1827,126.45182,9.017152,67.96417,-14.104312,110.09561,4.271254,92.602684,-6.0507803,84.85938,3.7858355,104.41364,0.22263552,76.34565,-5.106882,85.42631,-0.41015312,103.98576,-1.1793449,59.323406,-1.9147079,58.461433,-2.2936609,83.12304,2.8842604,77.04225,-4.2338796,91.44654
