chroma_stft_mean,chroma_stft_var,rms_mean,rms_var,spectral_centroid_mean,spectral_centroid_var,spectral_bandwidth_mean,spectral_bandwidth_var,rolloff_mean,rolloff_var,zero_crossing_rate_mean,zero_crossing_rate_var,harmony_mean,harmony_var,perceptr_mean,perceptr_var,tempo,mfcc1_mean,mfcc1_var,mfcc2_mean,mfcc2_var,mfcc3_mean,mfcc3_var,mfcc4_mean,mfcc4_var,mfcc5_mean,mfcc5_var,mfcc6_mean,mfcc6_var,mfcc7_mean,mfcc7_var,mfcc8_mean,mfcc8_var,mfcc9_mean,mfcc9_var,mfcc10_mean,mfcc10_var,mfcc11_mean,mfcc11_var,mfcc12_mean,mfcc12_var,mfcc13_mean,mfcc13_var,mfcc14_mean,mfcc14_var,mfcc15_mean,mfcc15_var,mfcc16_mean,mfcc16_var,mfcc17_mean,mfcc17_var,mfcc18_mean,mfcc18_var,mfcc19_mean,mfcc19_var,mfcc20_mean,mfcc20_var
0.30396983,0.09469686,0.14278811,0.009196652,1410.0234234402553,205639.17026442825,1512.3046546623143,145026.0608523797,2765.967419971723,1427723.4149127428,0.06295882576856149,0.0004415341143935523,-0.00010893132,0.02177115,8.626508e-05,0.0039730677,161.4990234375,-173.81046,8143.062,137.17355,1082.654,-23.72303,1028.9458,26.979677,495.41827,-16.67521,289.7898,4.1947308,160.0762,-12.571788,150.51718,5.851669,82.444984,-2.8769505,108.58822,-1.1783808,65.64737,-1.9682406,55.532143,1.8011796,57.92027,-3.0069504,93.64786,-1.8669492,40.125153,-0.7912434,49.736412,-3.0062358,62.993614,-0.43072957,57.057262,-1.9965144,55.609653,-0.750104,47.180058,-5.0069656,46.476055
