chroma_stft_mean,chroma_stft_var,rms_mean,rms_var,spectral_centroid_mean,spectral_centroid_var,spectral_bandwidth_mean,spectral_bandwidth_var,rolloff_mean,rolloff_var,zero_crossing_rate_mean,zero_crossing_rate_var,harmony_mean,harmony_var,perceptr_mean,perceptr_var,tempo,mfcc1_mean,mfcc1_var,mfcc2_mean,mfcc2_var,mfcc3_mean,mfcc3_var,mfcc4_mean,mfcc4_var,mfcc5_mean,mfcc5_var,mfcc6_mean,mfcc6_var,mfcc7_mean,mfcc7_var,mfcc8_mean,mfcc8_var,mfcc9_mean,mfcc9_var,mfcc10_mean,mfcc10_var,mfcc11_mean,mfcc11_var,mfcc12_mean,mfcc12_var,mfcc13_mean,mfcc13_var,mfcc14_mean,mfcc14_var,mfcc15_mean,mfcc15_var,mfcc16_mean,mfcc16_var,mfcc17_mean,mfcc17_var,mfcc18_mean,mfcc18_var,mfcc19_mean,mfcc19_var,mfcc20_mean,mfcc20_var
0.3501285,0.08877166,0.13018432,0.00282838,1784.1226412753101,129745.48441929805,2002.4124072733878,85834.41040579003,3805.7230301080335,901252.916706492,0.08304482066898686,0.0007669456545940504,-4.906634e-05,0.008172463,-1.0618483e-05,0.0057044374,123.046875,-113.59882,2569.3694,121.57067,295.8471,-19.162262,235.58444,42.363937,151.03874,-6.362266,167.99289,18.621931,89.17242,-13.699734,67.60309,15.339802,69.001495,-12.274304,82.21985,10.970944,63.346542,-8.326061,61.76499,8.802088,51.280754,-3.6699412,41.215897,5.744675,40.517525,-5.162783,49.784233,0.75170654,52.424534,-1.687854,36.535866,-0.4087299,41.60317,-2.3026767,55.053654,1.2224671,46.941353
