chroma_stft_mean,chroma_stft_var,rms_mean,rms_var,spectral_centroid_mean,spectral_centroid_var,spectral_bandwidth_mean,spectral_bandwidth_var,rolloff_mean,rolloff_var,zero_crossing_rate_mean,zero_crossing_rate_var,harmony_mean,harmony_var,perceptr_mean,perceptr_var,tempo,mfcc1_mean,mfcc1_var,mfcc2_mean,mfcc2_var,mfcc3_mean,mfcc3_var,mfcc4_mean,mfcc4_var,mfcc5_mean,mfcc5_var,mfcc6_mean,mfcc6_var,mfcc7_mean,mfcc7_var,mfcc8_mean,mfcc8_var,mfcc9_mean,mfcc9_var,mfcc10_mean,mfcc10_var,mfcc11_mean,mfcc11_var,mfcc12_mean,mfcc12_var,mfcc13_mean,mfcc13_var,mfcc14_mean,mfcc14_var,mfcc15_mean,mfcc15_var,mfcc16_mean,mfcc16_var,mfcc17_mean,mfcc17_var,mfcc18_mean,mfcc18_var,mfcc19_mean,mfcc19_var,mfcc20_mean,mfcc20_var
0.37769634,0.0924858,0.110940404,0.0005275183,2301.5769168965485,205130.5527401156,2367.5022763134966,47294.52720258968,5187.511838837732,563364.4814082641,0.09782391966357308,0.0018260240252338587,-0.0031246885,0.0084496,-0.003695581,0.0019649952,89.10290948275862,-159.5804,2438.8425,69.806015,240.75044,-4.402107,515.1101,76.845116,111.44869,3.9148974,118.83887,45.175884,40.97118,-4.860274,58.180298,32.20158,45.05411,-9.805074,68.408325,7.809358,66.92712,-21.826738,72.33281,9.69575,40.80174,-2.5847607,79.561035,3.310845,78.955055,-14.973028,67.092514,10.230251,81.903145,-4.087701,67.329796,-5.848176,95.971954,-2.4740317,164.174,6.654292,109.11346
