chroma_stft_mean,chroma_stft_var,rms_mean,rms_var,spectral_centroid_mean,spectral_centroid_var,spectral_bandwidth_mean,spectral_bandwidth_var,rolloff_mean,rolloff_var,zero_crossing_rate_mean,zero_crossing_rate_var,harmony_mean,harmony_var,perceptr_mean,perceptr_var,tempo,mfcc1_mean,mfcc1_var,mfcc2_mean,mfcc2_var,mfcc3_mean,mfcc3_var,mfcc4_mean,mfcc4_var,mfcc5_mean,mfcc5_var,mfcc6_mean,mfcc6_var,mfcc7_mean,mfcc7_var,mfcc8_mean,mfcc8_var,mfcc9_mean,mfcc9_var,mfcc10_mean,mfcc10_var,mfcc11_mean,mfcc11_var,mfcc12_mean,mfcc12_var,mfcc13_mean,mfcc13_var,mfcc14_mean,mfcc14_var,mfcc15_mean,mfcc15_var,mfcc16_mean,mfcc16_var,mfcc17_mean,mfcc17_var,mfcc18_mean,mfcc18_var,mfcc19_mean,mfcc19_var,mfcc20_mean,mfcc20_var
0.38016844,0.08072243,0.24811445,0.0054104947,2116.897366717261,94982.71239790335,1956.3558936997174,44953.725829397,4195.785430412558,437131.6591197036,0.127271093145785,0.0007276014478912704,-3.556567e-07,0.03307807,-4.5368775e-05,0.012657731,103.359375,-27.024073,4599.6016,107.31879,437.79205,-46.839245,200.71883,40.927616,239.5692,-21.476635,73.19649,24.832186,54.926296,-18.939482,81.061584,15.274643,70.4485,-15.052192,60.66546,12.273417,59.26516,-15.24018,41.462383,14.332184,68.89172,-13.839795,43.28837,7.561914,43.83539,-6.1833763,64.74842,0.34047797,40.57989,-6.831254,48.014496,0.97467643,43.682915,-7.566382,51.29443,2.924147,39.061344
