chroma_stft_mean,chroma_stft_var,rms_mean,rms_var,spectral_centroid_mean,spectral_centroid_var,spectral_bandwidth_mean,spectral_bandwidth_var,rolloff_mean,rolloff_var,zero_crossing_rate_mean,zero_crossing_rate_var,harmony_mean,harmony_var,perceptr_mean,perceptr_var,tempo,mfcc1_mean,mfcc1_var,mfcc2_mean,mfcc2_var,mfcc3_mean,mfcc3_var,mfcc4_mean,mfcc4_var,mfcc5_mean,mfcc5_var,mfcc6_mean,mfcc6_var,mfcc7_mean,mfcc7_var,mfcc8_mean,mfcc8_var,mfcc9_mean,mfcc9_var,mfcc10_mean,mfcc10_var,mfcc11_mean,mfcc11_var,mfcc12_mean,mfcc12_var,mfcc13_mean,mfcc13_var,mfcc14_mean,mfcc14_var,mfcc15_mean,mfcc15_var,mfcc16_mean,mfcc16_var,mfcc17_mean,mfcc17_var,mfcc18_mean,mfcc18_var,mfcc19_mean,mfcc19_var,mfcc20_mean,mfcc20_var
0.37785354,0.09277465,0.14199714,0.0034759932,1006.8718290855193,136249.2501895704,1530.6891910337363,150791.62889162765,2075.0064009026974,1014630.8776776,0.032053605955143075,0.00017479230697972387,-1.1810422e-06,0.016149318,-0.00011509597,0.0019034768,172.265625,-194.2843,3234.086,151.84703,567.3283,-1.1988219,204.8832,39.18811,127.93276,16.589046,180.94006,18.247795,96.74258,-1.3970139,119.82874,14.86903,52.521893,-11.620167,79.526794,2.4414866,90.05234,-5.0819397,73.99929,3.9376054,68.47112,-0.8988039,63.148067,0.63656205,38.977962,-8.35749,55.10296,-7.5180163,35.448273,-8.050082,44.11277,-5.4131174,38.906662,-2.5337298,42.45479,0.12855887,60.802155
