chroma_stft_mean,chroma_stft_var,rms_mean,rms_var,spectral_centroid_mean,spectral_centroid_var,spectral_bandwidth_mean,spectral_bandwidth_var,rolloff_mean,rolloff_var,zero_crossing_rate_mean,zero_crossing_rate_var,harmony_mean,harmony_var,perceptr_mean,perceptr_var,tempo,mfcc1_mean,mfcc1_var,mfcc2_mean,mfcc2_var,mfcc3_mean,mfcc3_var,mfcc4_mean,mfcc4_var,mfcc5_mean,mfcc5_var,mfcc6_mean,mfcc6_var,mfcc7_mean,mfcc7_var,mfcc8_mean,mfcc8_var,mfcc9_mean,mfcc9_var,mfcc10_mean,mfcc10_var,mfcc11_mean,mfcc11_var,mfcc12_mean,mfcc12_var,mfcc13_mean,mfcc13_var,mfcc14_mean,mfcc14_var,mfcc15_mean,mfcc15_var,mfcc16_mean,mfcc16_var,mfcc17_mean,mfcc17_var,mfcc18_mean,mfcc18_var,mfcc19_mean,mfcc19_var,mfcc20_mean,mfcc20_var
0.24866745,0.09798514,0.06915838,0.0022311027,1188.4732078138645,369609.13655430486,1683.0974006147,200320.1317030335,2339.8331573557134,2993475.5049751215,0.048163866130123745,0.001272015312079556,2.9822322e-06,0.0051578563,-1.9318757e-06,0.0007962069,123.046875,-328.56018,7473.8706,102.70981,631.448,19.872597,703.41345,26.714405,170.74292,7.1520658,252.62079,22.708387,248.45517,-6.9570885,208.76602,12.789707,154.86096,-10.729283,158.39136,-0.442599,83.60074,-12.386709,110.197044,-8.909131,110.96426,-9.215009,126.90648,-9.087684,133.78241,-8.995918,188.49074,-7.6505113,194.09161,-7.210644,158.5036,-9.389373,176.89981,-4.480266,142.5322,-3.6713595,175.98387
