chroma_stft_mean,chroma_stft_var,rms_mean,rms_var,spectral_centroid_mean,spectral_centroid_var,spectral_bandwidth_mean,spectral_bandwidth_var,rolloff_mean,rolloff_var,zero_crossing_rate_mean,zero_crossing_rate_var,harmony_mean,harmony_var,perceptr_mean,perceptr_var,tempo,mfcc1_mean,mfcc1_var,mfcc2_mean,mfcc2_var,mfcc3_mean,mfcc3_var,mfcc4_mean,mfcc4_var,mfcc5_mean,mfcc5_var,mfcc6_mean,mfcc6_var,mfcc7_mean,mfcc7_var,mfcc8_mean,mfcc8_var,mfcc9_mean,mfcc9_var,mfcc10_mean,mfcc10_var,mfcc11_mean,mfcc11_var,mfcc12_mean,mfcc12_var,mfcc13_mean,mfcc13_var,mfcc14_mean,mfcc14_var,mfcc15_mean,mfcc15_var,mfcc16_mean,mfcc16_var,mfcc17_mean,mfcc17_var,mfcc18_mean,mfcc18_var,mfcc19_mean,mfcc19_var,mfcc20_mean,mfcc20_var
0.33690158,0.09472053,0.1579406,0.0027224466,1441.6808065190858,387155.8031773637,1870.0213726733791,146843.0027165396,3082.603762597883,2195438.73072594,0.05086923880993813,0.00115507458739707,-4.538435e-07,0.018131465,-8.201918e-05,0.0035625682,172.265625,-155.5764,3077.212,125.66273,801.5849,1.5785836,493.36688,45.839695,353.977,0.9277813,262.42734,25.383114,157.61603,-10.812055,240.15941,15.559012,130.40485,-11.919289,161.72377,1.2735378,109.053535,-6.6728826,107.041954,-0.78441757,111.794106,-7.74382,74.173164,0.41913214,87.70038,-7.0246973,84.73291,4.0101056,61.66703,-6.263391,53.535805,0.9611182,64.10035,2.0125468,68.33922,-5.7310157,83.996
