chroma_stft_mean,chroma_stft_var,rms_mean,rms_var,spectral_centroid_mean,spectral_centroid_var,spectral_bandwidth_mean,spectral_bandwidth_var,rolloff_mean,rolloff_var,zero_crossing_rate_mean,zero_crossing_rate_var,harmony_mean,harmony_var,perceptr_mean,perceptr_var,tempo,mfcc1_mean,mfcc1_var,mfcc2_mean,mfcc2_var,mfcc3_mean,mfcc3_var,mfcc4_mean,mfcc4_var,mfcc5_mean,mfcc5_var,mfcc6_mean,mfcc6_var,mfcc7_mean,mfcc7_var,mfcc8_mean,mfcc8_var,mfcc9_mean,mfcc9_var,mfcc10_mean,mfcc10_var,mfcc11_mean,mfcc11_var,mfcc12_mean,mfcc12_var,mfcc13_mean,mfcc13_var,mfcc14_mean,mfcc14_var,mfcc15_mean,mfcc15_var,mfcc16_mean,mfcc16_var,mfcc17_mean,mfcc17_var,mfcc18_mean,mfcc18_var,mfcc19_mean,mfcc19_var,mfcc20_mean,mfcc20_var
0.30252188,0.087551296,0.103452876,0.0039811623,1832.0115969728529,1030483.8309546004,1729.5808044661662,201846.07399724107,3481.4676306917054,3274386.1962247384,0.09404153373936582,0.006233195614802252,2.1072694e-06,0.008084326,-2.761937e-05,0.0032444787,112.34714673913044,-177.80174,7307.454,118.20316,3195.2058,-17.57063,654.1079,30.760927,485.68982,-21.742554,433.27664,11.919263,266.4076,-20.734299,169.70601,3.1852882,133.70337,-8.580818,172.22574,-0.9328851,100.121,-11.772245,76.554756,-2.408764,78.802635,-9.348446,80.10772,-9.942636,47.534428,-3.9021835,60.0207,-5.574562,72.57674,-1.8393143,68.66612,-2.7893167,42.470524,-3.047805,39.803387,-8.109732,46.282936
