chroma_stft_mean,chroma_stft_var,rms_mean,rms_var,spectral_centroid_mean,spectral_centroid_var,spectral_bandwidth_mean,spectral_bandwidth_var,rolloff_mean,rolloff_var,zero_crossing_rate_mean,zero_crossing_rate_var,harmony_mean,harmony_var,perceptr_mean,perceptr_var,tempo,mfcc1_mean,mfcc1_var,mfcc2_mean,mfcc2_var,mfcc3_mean,mfcc3_var,mfcc4_mean,mfcc4_var,mfcc5_mean,mfcc5_var,mfcc6_mean,mfcc6_var,mfcc7_mean,mfcc7_var,mfcc8_mean,mfcc8_var,mfcc9_mean,mfcc9_var,mfcc10_mean,mfcc10_var,mfcc11_mean,mfcc11_var,mfcc12_mean,mfcc12_var,mfcc13_mean,mfcc13_var,mfcc14_mean,mfcc14_var,mfcc15_mean,mfcc15_var,mfcc16_mean,mfcc16_var,mfcc17_mean,mfcc17_var,mfcc18_mean,mfcc18_var,mfcc19_mean,mfcc19_var,mfcc20_mean,mfcc20_var
0.26584655,0.09705007,0.1680172,0.0039275982,1514.1569585845884,551885.8800011677,2140.992473926622,222436.56777347872,3451.7991068191704,4234008.140881984,0.044373172249613305,0.0020144301429024895,2.6992002e-06,0.027412435,1.5692958e-05,0.0013528225,129.19921875,-192.69032,3217.0422,111.157486,760.53217,21.351843,298.48038,26.396648,250.29945,-0.6495014,190.40549,23.48705,170.42644,-25.476696,120.31707,16.92198,142.0317,-16.971931,190.60272,5.785404,97.447754,-25.736197,85.9731,-5.053074,73.31195,-17.632252,81.101295,-7.9180593,57.716187,-15.15891,95.64357,-12.352484,66.22425,-17.237364,71.72385,-7.785286,67.17202,-13.0390215,75.83923,-17.93637,59.201923
