chroma_stft_mean,chroma_stft_var,rms_mean,rms_var,spectral_centroid_mean,spectral_centroid_var,spectral_bandwidth_mean,spectral_bandwidth_var,rolloff_mean,rolloff_var,zero_crossing_rate_mean,zero_crossing_rate_var,harmony_mean,harmony_var,perceptr_mean,perceptr_var,tempo,mfcc1_mean,mfcc1_var,mfcc2_mean,mfcc2_var,mfcc3_mean,mfcc3_var,mfcc4_mean,mfcc4_var,mfcc5_mean,mfcc5_var,mfcc6_mean,mfcc6_var,mfcc7_mean,mfcc7_var,mfcc8_mean,mfcc8_var,mfcc9_mean,mfcc9_var,mfcc10_mean,mfcc10_var,mfcc11_mean,mfcc11_var,mfcc12_mean,mfcc12_var,mfcc13_mean,mfcc13_var,mfcc14_mean,mfcc14_var,mfcc15_mean,mfcc15_var,mfcc16_mean,mfcc16_var,mfcc17_mean,mfcc17_var,mfcc18_mean,mfcc18_var,mfcc19_mean,mfcc19_var,mfcc20_mean,mfcc20_var
0.39618102,0.085216954,0.23508118,0.0071016764,2060.8418796735323,229431.43802543348,2084.9166130938656,81916.44138842596,4220.299641549449,1228898.144403692,0.11336735063805105,0.0015506072822180752,-1.3260848e-07,0.02907628,0.00049028295,0.016336769,112.34714673913044,-39.007614,3888.6172,112.05693,433.61273,-31.819199,178.26459,38.235607,86.94971,-6.3202114,143.87138,23.32046,60.856945,-18.772533,73.53555,23.93102,60.878952,-10.932699,47.91867,13.236961,40.974823,-14.371818,51.721096,13.3270645,44.561485,-10.916337,53.348778,9.787895,50.005768,-5.028812,88.023155,7.2118764,65.627625,-6.7411304,45.3778,2.6567485,55.71316,-4.386095,47.86785,0.4124085,61.181435
