chroma_stft_mean,chroma_stft_var,rms_mean,rms_var,spectral_centroid_mean,spectral_centroid_var,spectral_bandwidth_mean,spectral_bandwidth_var,rolloff_mean,rolloff_var,zero_crossing_rate_mean,zero_crossing_rate_var,harmony_mean,harmony_var,perceptr_mean,perceptr_var,tempo,mfcc1_mean,mfcc1_var,mfcc2_mean,mfcc2_var,mfcc3_mean,mfcc3_var,mfcc4_mean,mfcc4_var,mfcc5_mean,mfcc5_var,mfcc6_mean,mfcc6_var,mfcc7_mean,mfcc7_var,mfcc8_mean,mfcc8_var,mfcc9_mean,mfcc9_var,mfcc10_mean,mfcc10_var,mfcc11_mean,mfcc11_var,mfcc12_mean,mfcc12_var,mfcc13_mean,mfcc13_var,mfcc14_mean,mfcc14_var,mfcc15_mean,mfcc15_var,mfcc16_mean,mfcc16_var,mfcc17_mean,mfcc17_var,mfcc18_mean,mfcc18_var,mfcc19_mean,mfcc19_var,mfcc20_mean,mfcc20_var
0.37950882,0.08355866,0.123896696,0.00091980497,2148.129104035022,166461.31638706892,2204.0829869674467,80038.17914434844,4672.105545787413,822951.2202938269,0.09876687270398299,0.0013097469386016863,-0.0028267608,0.0075449063,-0.0038707186,0.0038977691,123.046875,-106.39663,1516.7443,102.66919,267.7005,-20.160875,370.71356,59.366917,123.92099,-9.960423,130.07983,33.70237,59.594765,-14.18707,117.78866,23.524563,93.71704,-13.328021,62.01877,16.005512,79.067696,-18.926495,61.93205,7.8249483,68.96399,-7.797836,50.624645,4.040653,53.882565,-11.352146,37.236,2.0696394,46.954056,-5.7369723,32.207054,0.4691813,65.75539,-1.9118739,65.25658,-3.1344132,46.584003
