chroma_stft_mean,chroma_stft_var,rms_mean,rms_var,spectral_centroid_mean,spectral_centroid_var,spectral_bandwidth_mean,spectral_bandwidth_var,rolloff_mean,rolloff_var,zero_crossing_rate_mean,zero_crossing_rate_var,harmony_mean,harmony_var,perceptr_mean,perceptr_var,tempo,mfcc1_mean,mfcc1_var,mfcc2_mean,mfcc2_var,mfcc3_mean,mfcc3_var,mfcc4_mean,mfcc4_var,mfcc5_mean,mfcc5_var,mfcc6_mean,mfcc6_var,mfcc7_mean,mfcc7_var,mfcc8_mean,mfcc8_var,mfcc9_mean,mfcc9_var,mfcc10_mean,mfcc10_var,mfcc11_mean,mfcc11_var,mfcc12_mean,mfcc12_var,mfcc13_mean,mfcc13_var,mfcc14_mean,mfcc14_var,mfcc15_mean,mfcc15_var,mfcc16_mean,mfcc16_var,mfcc17_mean,mfcc17_var,mfcc18_mean,mfcc18_var,mfcc19_mean,mfcc19_var,mfcc20_mean,mfcc20_var
0.30222705,0.0934117,0.09327623,0.0021507663,1089.0053435041514,231672.8914171367,1411.0016368511904,69763.9270021539,2135.41761075261,1081577.235108431,0.048326248912412995,0.0008451654661521953,-1.1602923e-05,0.006779913,-7.695272e-05,0.0015226189,161.4990234375,-245.68724,5196.257,140.48125,800.1619,-2.7912185,795.82556,60.404514,360.887,18.903513,235.44035,9.828394,99.82424,3.563824,118.55097,0.52286255,93.30116,-16.378489,129.11522,6.6293526,105.23015,7.2584243,96.81719,-4.021235,71.328354,1.601125,72.963554,5.8965745,78.655426,-3.0172145,56.011353,-4.775693,58.363327,-3.0362885,65.715126,-1.9979147,64.9101,-0.049571756,62.9335,-3.9618294,64.81745
