chroma_stft_mean,chroma_stft_var,rms_mean,rms_var,spectral_centroid_mean,spectral_centroid_var,spectral_bandwidth_mean,spectral_bandwidth_var,rolloff_mean,rolloff_var,zero_crossing_rate_mean,zero_crossing_rate_var,harmony_mean,harmony_var,perceptr_mean,perceptr_var,tempo,mfcc1_mean,mfcc1_var,mfcc2_mean,mfcc2_var,mfcc3_mean,mfcc3_var,mfcc4_mean,mfcc4_var,mfcc5_mean,mfcc5_var,mfcc6_mean,mfcc6_var,mfcc7_mean,mfcc7_var,mfcc8_mean,mfcc8_var,mfcc9_mean,mfcc9_var,mfcc10_mean,mfcc10_var,mfcc11_mean,mfcc11_var,mfcc12_mean,mfcc12_var,mfcc13_mean,mfcc13_var,mfcc14_mean,mfcc14_var,mfcc15_mean,mfcc15_var,mfcc16_mean,mfcc16_var,mfcc17_mean,mfcc17_var,mfcc18_mean,mfcc18_var,mfcc19_mean,mfcc19_var,mfcc20_mean,mfcc20_var
0.44319093,0.07833075,0.12535533,0.0017047083,2310.352908011415,191361.3362198747,2206.409153660281,62263.81249528727,4829.0914230169665,618378.344650693,0.12843231885634185,0.0024321440446712994,1.46498705e-05,0.007862109,0.0007535443,0.0041581783,123.046875,-90.67999,2588.4517,100.10962,298.68594,-23.938423,450.7381,52.602547,120.506454,-20.93744,109.60393,31.501324,61.360413,-11.228661,113.38315,20.089375,77.55769,-10.902471,49.902485,17.561745,50.49387,-14.096043,68.74473,12.994767,59.504116,-11.434561,61.065823,2.9265368,64.18584,-12.022622,35.67215,4.8139405,44.805195,-11.1611185,36.137356,1.1606071,45.37569,-3.9241164,60.057026,3.2413106,44.59082
