chroma_stft_mean,chroma_stft_var,rms_mean,rms_var,spectral_centroid_mean,spectral_centroid_var,spectral_bandwidth_mean,spectral_bandwidth_var,rolloff_mean,rolloff_var,zero_crossing_rate_mean,zero_crossing_rate_var,harmony_mean,harmony_var,perceptr_mean,perceptr_var,tempo,mfcc1_mean,mfcc1_var,mfcc2_mean,mfcc2_var,mfcc3_mean,mfcc3_var,mfcc4_mean,mfcc4_var,mfcc5_mean,mfcc5_var,mfcc6_mean,mfcc6_var,mfcc7_mean,mfcc7_var,mfcc8_mean,mfcc8_var,mfcc9_mean,mfcc9_var,mfcc10_mean,mfcc10_var,mfcc11_mean,mfcc11_var,mfcc12_mean,mfcc12_var,mfcc13_mean,mfcc13_var,mfcc14_mean,mfcc14_var,mfcc15_mean,mfcc15_var,mfcc16_mean,mfcc16_var,mfcc17_mean,mfcc17_var,mfcc18_mean,mfcc18_var,mfcc19_mean,mfcc19_var,mfcc20_mean,mfcc20_var
0.45287964,0.0794148,0.20083979,0.0035658428,2030.617038436817,220858.3646628784,1987.1997406909852,73937.0371862503,4063.222169101653,847619.9736796903,0.10339893597737819,0.0019149243979982205,1.3860287e-06,0.016655367,-4.482488e-05,0.0123716425,92.28515625,-57.94168,1749.596,109.0066,452.2612,-36.21867,304.0944,64.044914,150.55829,1.4201571,179.70105,26.318415,87.41293,-17.484892,150.62215,20.42565,60.34726,-9.550732,58.454647,18.168364,63.42252,-6.064984,61.46452,13.87447,63.644516,-11.29574,42.675922,4.6680374,59.14605,-6.4108768,37.881554,3.2184381,42.362976,-8.080516,33.424423,-1.7162848,43.28154,-5.4286165,35.17288,-2.57979,38.410805
