chroma_stft_mean,chroma_stft_var,rms_mean,rms_var,spectral_centroid_mean,spectral_centroid_var,spectral_bandwidth_mean,spectral_bandwidth_var,rolloff_mean,rolloff_var,zero_crossing_rate_mean,zero_crossing_rate_var,harmony_mean,harmony_var,perceptr_mean,perceptr_var,tempo,mfcc1_mean,mfcc1_var,mfcc2_mean,mfcc2_var,mfcc3_mean,mfcc3_var,mfcc4_mean,mfcc4_var,mfcc5_mean,mfcc5_var,mfcc6_mean,mfcc6_var,mfcc7_mean,mfcc7_var,mfcc8_mean,mfcc8_var,mfcc9_mean,mfcc9_var,mfcc10_mean,mfcc10_var,mfcc11_mean,mfcc11_var,mfcc12_mean,mfcc12_var,mfcc13_mean,mfcc13_var,mfcc14_mean,mfcc14_var,mfcc15_mean,mfcc15_var,mfcc16_mean,mfcc16_var,mfcc17_mean,mfcc17_var,mfcc18_mean,mfcc18_var,mfcc19_mean,mfcc19_var,mfcc20_mean,mfcc20_var
0.3051655,0.08006665,0.12049756,0.0003269429,2429.004094087016,97744.04657656723,2286.767131983224,25016.95474399241,5065.090666237674,232002.8801022843,0.13464138328982986,0.0014292187567062592,-1.1232588e-05,0.008874803,-0.00037856304,0.0023908527,143.5546875,-89.39791,694.5907,93.79924,192.50113,-14.558413,133.71312,54.38949,99.205246,-33.50723,64.58908,19.428232,41.679012,-19.761513,46.925266,13.029956,46.16585,-13.86451,52.396427,14.617379,51.479355,-14.972617,60.13639,10.598986,35.43481,-18.020245,34.390312,6.659175,55.031662,-10.210894,54.227547,6.53537,39.77693,-10.852218,36.393036,3.325134,41.15927,-6.1847982,42.492855,3.0092962,40.244335
