chroma_stft_mean,chroma_stft_var,rms_mean,rms_var,spectral_centroid_mean,spectral_centroid_var,spectral_bandwidth_mean,spectral_bandwidth_var,rolloff_mean,rolloff_var,zero_crossing_rate_mean,zero_crossing_rate_var,harmony_mean,harmony_var,perceptr_mean,perceptr_var,tempo,mfcc1_mean,mfcc1_var,mfcc2_mean,mfcc2_var,mfcc3_mean,mfcc3_var,mfcc4_mean,mfcc4_var,mfcc5_mean,mfcc5_var,mfcc6_mean,mfcc6_var,mfcc7_mean,mfcc7_var,mfcc8_mean,mfcc8_var,mfcc9_mean,mfcc9_var,mfcc10_mean,mfcc10_var,mfcc11_mean,mfcc11_var,mfcc12_mean,mfcc12_var,mfcc13_mean,mfcc13_var,mfcc14_mean,mfcc14_var,mfcc15_mean,mfcc15_var,mfcc16_mean,mfcc16_var,mfcc17_mean,mfcc17_var,mfcc18_mean,mfcc18_var,mfcc19_mean,mfcc19_var,mfcc20_mean,mfcc20_var
0.43304598,0.08771367,0.15766303,0.0043066265,2031.9933849222396,190930.35702141307,1976.354122455005,79079.31442434304,4023.536459088602,772116.5945189357,0.11311924485208817,0.0025288062349315557,-1.5944637e-06,0.0099422205,-1.4255203e-05,0.010516993,135.99917763157896,-98.7711,3338.7346,104.79962,339.65692,-35.097168,349.19427,60.695198,284.488,-2.8405917,154.94589,22.22947,125.7887,-7.831078,108.20958,19.035414,104.4004,-11.572287,51.382214,17.017876,105.08026,-5.3780265,57.89823,12.197646,67.92558,-9.955082,58.173283,0.35537416,55.37697,-4.2638063,43.364864,6.1363654,44.28576,-4.8236184,56.980083,1.4952294,43.50407,-1.4962364,69.89786,3.5054739,40.3069
