chroma_stft_mean,chroma_stft_var,rms_mean,rms_var,spectral_centroid_mean,spectral_centroid_var,spectral_bandwidth_mean,spectral_bandwidth_var,rolloff_mean,rolloff_var,zero_crossing_rate_mean,zero_crossing_rate_var,harmony_mean,harmony_var,perceptr_mean,perceptr_var,tempo,mfcc1_mean,mfcc1_var,mfcc2_mean,mfcc2_var,mfcc3_mean,mfcc3_var,mfcc4_mean,mfcc4_var,mfcc5_mean,mfcc5_var,mfcc6_mean,mfcc6_var,mfcc7_mean,mfcc7_var,mfcc8_mean,mfcc8_var,mfcc9_mean,mfcc9_var,mfcc10_mean,mfcc10_var,mfcc11_mean,mfcc11_var,mfcc12_mean,mfcc12_var,mfcc13_mean,mfcc13_var,mfcc14_mean,mfcc14_var,mfcc15_mean,mfcc15_var,mfcc16_mean,mfcc16_var,mfcc17_mean,mfcc17_var,mfcc18_mean,mfcc18_var,mfcc19_mean,mfcc19_var,mfcc20_mean,mfcc20_var
0.29205313,0.08678043,0.11649022,0.00096674514,2371.3090530621967,236750.9617961746,2209.900826389145,43101.24150112778,5005.187393507105,485874.7857622289,0.12512877332269914,0.0025021753415951087,-9.9932564e-05,0.00859494,-0.00026028298,0.00251759,123.046875,-121.47392,1182.4144,96.09719,436.45776,-19.590857,272.33472,48.038452,131.02328,-38.784626,200.09311,24.768978,103.46194,-32.94141,132.1605,8.102541,101.19304,-17.818922,68.949776,6.1178603,74.08991,-19.995438,42.907158,6.80034,64.269005,-19.33321,87.267006,-0.10917249,66.24715,-12.253941,60.685524,-4.9236603,60.144848,-10.414173,59.10895,-2.0453281,115.316956,-1.7603426,104.79031,-3.9544346,77.13548
