chroma_stft_mean,chroma_stft_var,rms_mean,rms_var,spectral_centroid_mean,spectral_centroid_var,spectral_bandwidth_mean,spectral_bandwidth_var,rolloff_mean,rolloff_var,zero_crossing_rate_mean,zero_crossing_rate_var,harmony_mean,harmony_var,perceptr_mean,perceptr_var,tempo,mfcc1_mean,mfcc1_var,mfcc2_mean,mfcc2_var,mfcc3_mean,mfcc3_var,mfcc4_mean,mfcc4_var,mfcc5_mean,mfcc5_var,mfcc6_mean,mfcc6_var,mfcc7_mean,mfcc7_var,mfcc8_mean,mfcc8_var,mfcc9_mean,mfcc9_var,mfcc10_mean,mfcc10_var,mfcc11_mean,mfcc11_var,mfcc12_mean,mfcc12_var,mfcc13_mean,mfcc13_var,mfcc14_mean,mfcc14_var,mfcc15_mean,mfcc15_var,mfcc16_mean,mfcc16_var,mfcc17_mean,mfcc17_var,mfcc18_mean,mfcc18_var,mfcc19_mean,mfcc19_var,mfcc20_mean,mfcc20_var
0.29142597,0.09398485,0.14175196,0.008782076,1459.4696908114731,438024.99880254443,1389.068445556609,185156.32122885666,2795.910729498985,1621507.809656879,0.07305223740815932,0.0019091706678011008,-1.174952e-05,0.016931476,-2.0181797e-05,0.005955405,123.046875,-190.0688,9653.348,130.27023,1933.7037,-36.362114,1307.0305,33.036213,480.1932,11.093892,1082.9683,-0.5918819,280.1115,-20.890266,151.6834,0.27844232,102.85332,-6.496385,131.09853,-5.5127354,153.40236,-7.847404,87.5064,-3.1243007,64.21006,-6.6028214,79.14685,-9.95,63.038452,-6.5426884,86.344986,-10.072228,83.25455,-10.918623,56.950497,-6.9652433,38.267097,-3.4394317,48.163647,-6.484499,70.213455
