chroma_stft_mean,chroma_stft_var,rms_mean,rms_var,spectral_centroid_mean,spectral_centroid_var,spectral_bandwidth_mean,spectral_bandwidth_var,rolloff_mean,rolloff_var,zero_crossing_rate_mean,zero_crossing_rate_var,harmony_mean,harmony_var,perceptr_mean,perceptr_var,tempo,mfcc1_mean,mfcc1_var,mfcc2_mean,mfcc2_var,mfcc3_mean,mfcc3_var,mfcc4_mean,mfcc4_var,mfcc5_mean,mfcc5_var,mfcc6_mean,mfcc6_var,mfcc7_mean,mfcc7_var,mfcc8_mean,mfcc8_var,mfcc9_mean,mfcc9_var,mfcc10_mean,mfcc10_var,mfcc11_mean,mfcc11_var,mfcc12_mean,mfcc12_var,mfcc13_mean,mfcc13_var,mfcc14_mean,mfcc14_var,mfcc15_mean,mfcc15_var,mfcc16_mean,mfcc16_var,mfcc17_mean,mfcc17_var,mfcc18_mean,mfcc18_var,mfcc19_mean,mfcc19_var,mfcc20_mean,mfcc20_var
0.2574455,0.096038796,0.09761591,0.0025772466,1195.4981309471507,249540.78288138905,1481.0226384301282,46878.311811810076,2235.6144526718385,1207900.6401911664,0.05888603900812065,0.001798326376787047,-2.6448686e-05,0.006597353,-0.00016505922,0.0025794532,123.046875,-236.67947,5576.6396,138.4056,536.2844,-4.9304795,1166.9213,47.6545,311.2415,5.1578503,466.2876,8.887806,91.67842,0.48740575,98.060455,-3.788342,159.00235,-14.984867,77.34832,10.428946,104.50035,-0.34138432,134.52066,0.7833589,80.4702,1.7809838,77.91053,4.2295594,73.61766,-0.47476926,63.299763,-6.104543,80.723236,-5.394643,95.50786,-1.3449988,92.612816,-3.725463,72.52175,-4.37371,66.93198
