chroma_stft_mean,chroma_stft_var,rms_mean,rms_var,spectral_centroid_mean,spectral_centroid_var,spectral_bandwidth_mean,spectral_bandwidth_var,rolloff_mean,rolloff_var,zero_crossing_rate_mean,zero_crossing_rate_var,harmony_mean,harmony_var,perceptr_mean,perceptr_var,tempo,mfcc1_mean,mfcc1_var,mfcc2_mean,mfcc2_var,mfcc3_mean,mfcc3_var,mfcc4_mean,mfcc4_var,mfcc5_mean,mfcc5_var,mfcc6_mean,mfcc6_var,mfcc7_mean,mfcc7_var,mfcc8_mean,mfcc8_var,mfcc9_mean,mfcc9_var,mfcc10_mean,mfcc10_var,mfcc11_mean,mfcc11_var,mfcc12_mean,mfcc12_var,mfcc13_mean,mfcc13_var,mfcc14_mean,mfcc14_var,mfcc15_mean,mfcc15_var,mfcc16_mean,mfcc16_var,mfcc17_mean,mfcc17_var,mfcc18_mean,mfcc18_var,mfcc19_mean,mfcc19_var,mfcc20_mean,mfcc20_var
0.26060256,0.091833375,0.051363207,0.00085569324,1132.1718112407837,319090.3052740251,1582.7004629114113,151283.17639996271,2065.0724831424013,1737932.3010493645,0.04829301708720031,0.0012659801791965047,-2.5506673e-05,0.0028156065,-0.00012448129,0.00025160564,123.046875,-314.57837,5275.276,139.9112,680.04614,11.903931,529.1257,30.14179,489.2028,-7.5424266,264.43097,14.91705,214.53714,-2.7015827,174.48874,6.727816,115.13559,-6.366219,134.22626,2.8079295,86.21344,-11.728743,139.85812,2.077973,147.45703,-11.439269,85.303894,-9.500207,82.842255,-15.178787,94.72692,-9.341353,169.02856,-5.677902,149.41002,1.5691389,165.2822,0.8925369,176.8158,-7.957678,138.06316
