chroma_stft_mean,chroma_stft_var,rms_mean,rms_var,spectral_centroid_mean,spectral_centroid_var,spectral_bandwidth_mean,spectral_bandwidth_var,rolloff_mean,rolloff_var,zero_crossing_rate_mean,zero_crossing_rate_var,harmony_mean,harmony_var,perceptr_mean,perceptr_var,tempo,mfcc1_mean,mfcc1_var,mfcc2_mean,mfcc2_var,mfcc3_mean,mfcc3_var,mfcc4_mean,mfcc4_var,mfcc5_mean,mfcc5_var,mfcc6_mean,mfcc6_var,mfcc7_mean,mfcc7_var,mfcc8_mean,mfcc8_var,mfcc9_mean,mfcc9_var,mfcc10_mean,mfcc10_var,mfcc11_mean,mfcc11_var,mfcc12_mean,mfcc12_var,mfcc13_mean,mfcc13_var,mfcc14_mean,mfcc14_var,mfcc15_mean,mfcc15_var,mfcc16_mean,mfcc16_var,mfcc17_mean,mfcc17_var,mfcc18_mean,mfcc18_var,mfcc19_mean,mfcc19_var,mfcc20_mean,mfcc20_var
0.42442203,0.085151926,0.17591807,0.003568296,1886.957781353486,253389.31846929362,1913.241048733102,123436.92675659865,3828.2471269576567,1247015.7715712755,0.08993966913186388,0.0015348868328816851,-2.658993e-07,0.014279321,-3.3493994e-05,0.010402275,92.28515625,-92.73328,3131.9705,115.323425,522.344,-35.068226,408.58557,57.875343,331.2538,1.8522313,301.6893,26.613142,152.54677,-14.536868,149.01703,22.12833,109.92516,-8.207463,72.0036,11.016058,103.81337,-5.6494255,79.72065,7.2786427,70.31647,-10.204165,56.593018,1.3267535,67.24511,-4.1071086,69.16039,0.97499365,48.08975,-6.5528083,35.689774,-0.6891602,46.26974,-2.1258135,47.5024,-1.5101185,50.21563
