chroma_stft_mean,chroma_stft_var,rms_mean,rms_var,spectral_centroid_mean,spectral_centroid_var,spectral_bandwidth_mean,spectral_bandwidth_var,rolloff_mean,rolloff_var,zero_crossing_rate_mean,zero_crossing_rate_var,harmony_mean,harmony_var,perceptr_mean,perceptr_var,tempo,mfcc1_mean,mfcc1_var,mfcc2_mean,mfcc2_var,mfcc3_mean,mfcc3_var,mfcc4_mean,mfcc4_var,mfcc5_mean,mfcc5_var,mfcc6_mean,mfcc6_var,mfcc7_mean,mfcc7_var,mfcc8_mean,mfcc8_var,mfcc9_mean,mfcc9_var,mfcc10_mean,mfcc10_var,mfcc11_mean,mfcc11_var,mfcc12_mean,mfcc12_var,mfcc13_mean,mfcc13_var,mfcc14_mean,mfcc14_var,mfcc15_mean,mfcc15_var,mfcc16_mean,mfcc16_var,mfcc17_mean,mfcc17_var,mfcc18_mean,mfcc18_var,mfcc19_mean,mfcc19_var,mfcc20_mean,mfcc20_var
0.2700689,0.09770418,0.07967066,0.0029557564,1537.4913865266897,193154.1727400831,2053.965411394372,145508.3895737989,3495.331815998405,1828303.2046714216,0.056141769987432324,0.0017222051542408522,-3.908892e-05,0.0069280434,-0.0001973146,0.0010559137,83.35433467741936,-252.48178,2874.1829,104.94516,604.0597,15.296445,661.94025,42.68784,162.72173,6.770452,92.87257,21.611765,117.26866,-1.3111783,73.47131,5.681745,100.52636,-16.636873,125.60383,12.169351,123.66207,-1.9619533,52.164986,1.9602653,64.75909,-0.8982278,48.760345,7.7623606,71.51196,2.3758616,102.00458,1.7791142,93.04836,1.3305405,132.01836,3.6150513,182.26514,4.9065995,151.66873,-2.6610513,96.47257
