chroma_stft_mean,chroma_stft_var,rms_mean,rms_var,spectral_centroid_mean,spectral_centroid_var,spectral_bandwidth_mean,spectral_bandwidth_var,rolloff_mean,rolloff_var,zero_crossing_rate_mean,zero_crossing_rate_var,harmony_mean,harmony_var,perceptr_mean,perceptr_var,tempo,mfcc1_mean,mfcc1_var,mfcc2_mean,mfcc2_var,mfcc3_mean,mfcc3_var,mfcc4_mean,mfcc4_var,mfcc5_mean,mfcc5_var,mfcc6_mean,mfcc6_var,mfcc7_mean,mfcc7_var,mfcc8_mean,mfcc8_var,mfcc9_mean,mfcc9_var,mfcc10_mean,mfcc10_var,mfcc11_mean,mfcc11_var,mfcc12_mean,mfcc12_var,mfcc13_mean,mfcc13_var,mfcc14_mean,mfcc14_var,mfcc15_mean,mfcc15_var,mfcc16_mean,mfcc16_var,mfcc17_mean,mfcc17_var,mfcc18_mean,mfcc18_var,mfcc19_mean,mfcc19_var,mfcc20_mean,mfcc20_var
0.26217148,0.09905109,0.13590334,0.003225207,1537.076161948368,341041.8686413203,2157.2970666776923,160985.2781802715,3602.40662612384,3714496.0696090115,0.04570244525812065,0.0006911724510794357,-6.193887e-07,0.016845131,2.8180666e-06,0.001755029,129.19921875,-217.18364,3599.9531,105.78522,533.9498,15.602848,358.40976,25.24884,219.3241,-1.4500508,215.97491,30.19327,117.47158,-17.716621,223.58751,17.319042,126.524956,-27.213608,112.21848,4.338282,177.22545,-20.0573,115.21863,-10.700286,70.82691,-14.228785,105.00273,-5.1557755,83.000084,-3.4822617,101.27908,-6.1949677,66.54191,-15.323166,116.034874,-6.8316145,93.672966,-9.825101,90.79377,-13.942627,92.79743
