chroma_stft_mean,chroma_stft_var,rms_mean,rms_var,spectral_centroid_mean,spectral_centroid_var,spectral_bandwidth_mean,spectral_bandwidth_var,rolloff_mean,rolloff_var,zero_crossing_rate_mean,zero_crossing_rate_var,harmony_mean,harmony_var,perceptr_mean,perceptr_var,tempo,mfcc1_mean,mfcc1_var,mfcc2_mean,mfcc2_var,mfcc3_mean,mfcc3_var,mfcc4_mean,mfcc4_var,mfcc5_mean,mfcc5_var,mfcc6_mean,mfcc6_var,mfcc7_mean,mfcc7_var,mfcc8_mean,mfcc8_var,mfcc9_mean,mfcc9_var,mfcc10_mean,mfcc10_var,mfcc11_mean,mfcc11_var,mfcc12_mean,mfcc12_var,mfcc13_mean,mfcc13_var,mfcc14_mean,mfcc14_var,mfcc15_mean,mfcc15_var,mfcc16_mean,mfcc16_var,mfcc17_mean,mfcc17_var,mfcc18_mean,mfcc18_var,mfcc19_mean,mfcc19_var,mfcc20_mean,mfcc20_var
0.37784892,0.095280215,0.13184513,0.0021371827,1612.6456368857398,781495.8512180651,1971.6995942121728,244991.49193162817,3468.7358953560033,3612084.2407490234,0.05819685626933488,0.002686404427147652,-2.0678012e-06,0.012878787,-0.00010601784,0.0023243246,143.5546875,-177.56758,4502.785,115.369,1385.511,9.970585,681.9322,54.043877,320.77292,7.624312,330.54514,28.312319,180.94827,-9.054929,181.69342,20.04951,112.120964,-15.044513,150.55998,6.2095737,107.55004,-5.692567,109.24429,1.3833519,134.79707,-5.8288145,84.93274,5.0139456,102.60085,-0.75125515,73.9893,5.0595355,73.270775,-5.0850735,79.34864,-2.8075428,66.85071,2.42445,68.80809,-5.37811,64.35921
