chroma_stft_mean,chroma_stft_var,rms_mean,rms_var,spectral_centroid_mean,spectral_centroid_var,spectral_bandwidth_mean,spectral_bandwidth_var,rolloff_mean,rolloff_var,zero_crossing_rate_mean,zero_crossing_rate_var,harmony_mean,harmony_var,perceptr_mean,perceptr_var,tempo,mfcc1_mean,mfcc1_var,mfcc2_mean,mfcc2_var,mfcc3_mean,mfcc3_var,mfcc4_mean,mfcc4_var,mfcc5_mean,mfcc5_var,mfcc6_mean,mfcc6_var,mfcc7_mean,mfcc7_var,mfcc8_mean,mfcc8_var,mfcc9_mean,mfcc9_var,mfcc10_mean,mfcc10_var,mfcc11_mean,mfcc11_var,mfcc12_mean,mfcc12_var,mfcc13_mean,mfcc13_var,mfcc14_mean,mfcc14_var,mfcc15_mean,mfcc15_var,mfcc16_mean,mfcc16_var,mfcc17_mean,mfcc17_var,mfcc18_mean,mfcc18_var,mfcc19_mean,mfcc19_var,mfcc20_mean,mfcc20_var
0.41244242,0.08583299,0.1682386,0.003675618,2171.3957422720478,169933.47088343906,1954.254740024489,84853.07442867871,4237.303044790458,745843.4212609519,0.1328151434406419,0.002348147700226341,-1.911163e-06,0.012285064,-4.039499e-05,0.009736574,103.359375,-76.74658,2904.6755,105.751114,432.7131,-43.19778,390.6787,60.959892,407.48145,-8.785327,203.7447,21.246374,121.033356,-12.868538,165.5035,18.610828,148.79478,-11.409451,57.129345,14.548588,78.48998,-6.0564647,68.89861,12.733198,64.49301,-9.375089,54.816517,1.3552765,64.21386,-3.620528,57.089237,7.000211,44.64562,-4.065216,60.540035,-0.27187517,52.581707,-3.706461,54.530525,-0.49440092,56.806168
