chroma_stft_mean,chroma_stft_var,rms_mean,rms_var,spectral_centroid_mean,spectral_centroid_var,spectral_bandwidth_mean,spectral_bandwidth_var,rolloff_mean,rolloff_var,zero_crossing_rate_mean,zero_crossing_rate_var,harmony_mean,harmony_var,perceptr_mean,perceptr_var,tempo,mfcc1_mean,mfcc1_var,mfcc2_mean,mfcc2_var,mfcc3_mean,mfcc3_var,mfcc4_mean,mfcc4_var,mfcc5_mean,mfcc5_var,mfcc6_mean,mfcc6_var,mfcc7_mean,mfcc7_var,mfcc8_mean,mfcc8_var,mfcc9_mean,mfcc9_var,mfcc10_mean,mfcc10_var,mfcc11_mean,mfcc11_var,mfcc12_mean,mfcc12_var,mfcc13_mean,mfcc13_var,mfcc14_mean,mfcc14_var,mfcc15_mean,mfcc15_var,mfcc16_mean,mfcc16_var,mfcc17_mean,mfcc17_var,mfcc18_mean,mfcc18_var,mfcc19_mean,mfcc19_var,mfcc20_mean,mfcc20_var
0.396407,0.07771277,0.10098885,0.0023165573,2078.0554239577727,1216425.6000285842,2334.0444993022584,694624.8729530217,4496.092843677494,6648740.0835121935,0.09133351761890951,0.0029176165924991435,0.00056270463,0.00691982,0.0018251932,0.0018904506,112.34714673913044,-142.40489,9883.046,116.13788,2134.828,2.2472296,453.56375,31.061197,188.60883,6.1861997,139.8743,0.12031545,83.00716,0.319969,60.81419,7.791392,56.37196,3.2471306,52.790253,-3.015229,74.2918,1.7092857,49.88829,0.73611957,48.273983,0.14306971,44.698128,-4.420224,38.09136,-4.4710884,52.01195,0.5091486,35.96575,1.2237266,33.590923,-0.15977225,34.806156,-2.6168976,36.06242,-4.4432063,41.57289
