chroma_stft_mean,chroma_stft_var,rms_mean,rms_var,spectral_centroid_mean,spectral_centroid_var,spectral_bandwidth_mean,spectral_bandwidth_var,rolloff_mean,rolloff_var,zero_crossing_rate_mean,zero_crossing_rate_var,harmony_mean,harmony_var,perceptr_mean,perceptr_var,tempo,mfcc1_mean,mfcc1_var,mfcc2_mean,mfcc2_var,mfcc3_mean,mfcc3_var,mfcc4_mean,mfcc4_var,mfcc5_mean,mfcc5_var,mfcc6_mean,mfcc6_var,mfcc7_mean,mfcc7_var,mfcc8_mean,mfcc8_var,mfcc9_mean,mfcc9_var,mfcc10_mean,mfcc10_var,mfcc11_mean,mfcc11_var,mfcc12_mean,mfcc12_var,mfcc13_mean,mfcc13_var,mfcc14_mean,mfcc14_var,mfcc15_mean,mfcc15_var,mfcc16_mean,mfcc16_var,mfcc17_mean,mfcc17_var,mfcc18_mean,mfcc18_var,mfcc19_mean,mfcc19_var,mfcc20_mean,mfcc20_var
0.40824467,0.089073166,0.08952018,0.0014766175,2590.7815235555627,305869.91365469294,2078.7219895694097,77103.63091526968,4889.452671838747,948280.2083346399,0.16172267739752513,0.0036490372948284355,-0.0017650267,0.0040007047,-0.0012710328,0.0026988136,92.28515625,-117.97405,4444.8066,84.0584,716.958,-50.26788,331.00186,46.04964,230.4593,-17.698416,86.90336,20.855793,88.586914,-21.641117,110.059,16.67161,66.8942,-12.952743,83.92179,12.837912,67.58811,-13.080166,68.21537,11.31062,51.9568,-12.596915,68.82454,4.381586,45.49743,-12.073298,52.291256,0.66986907,49.067665,-6.7976227,68.30372,4.458886,89.48445,0.24022475,94.9397,0.44193247,106.11543
