chroma_stft_mean,chroma_stft_var,rms_mean,rms_var,spectral_centroid_mean,spectral_centroid_var,spectral_bandwidth_mean,spectral_bandwidth_var,rolloff_mean,rolloff_var,zero_crossing_rate_mean,zero_crossing_rate_var,harmony_mean,harmony_var,perceptr_mean,perceptr_var,tempo,mfcc1_mean,mfcc1_var,mfcc2_mean,mfcc2_var,mfcc3_mean,mfcc3_var,mfcc4_mean,mfcc4_var,mfcc5_mean,mfcc5_var,mfcc6_mean,mfcc6_var,mfcc7_mean,mfcc7_var,mfcc8_mean,mfcc8_var,mfcc9_mean,mfcc9_var,mfcc10_mean,mfcc10_var,mfcc11_mean,mfcc11_var,mfcc12_mean,mfcc12_var,mfcc13_mean,mfcc13_var,mfcc14_mean,mfcc14_var,mfcc15_mean,mfcc15_var,mfcc16_mean,mfcc16_var,mfcc17_mean,mfcc17_var,mfcc18_mean,mfcc18_var,mfcc19_mean,mfcc19_var,mfcc20_mean,mfcc20_var
0.34662277,0.08651615,0.06544933,0.00063629454,2632.272033619275,958880.8954230445,2550.143997140187,201000.70054987445,5309.982972465922,3290821.691471998,0.13240314433488012,0.0072983240984107675,0.0019105922,0.0034399524,0.0007053215,0.00060351205,107.666015625,-156.28606,2346.6936,75.62815,993.72516,-16.517864,274.5362,16.340904,229.21146,5.8017077,125.86869,6.009819,95.58671,-4.145812,76.22608,-3.7635734,96.87169,-6.16873,86.82413,-8.928001,91.87106,-4.1010723,70.06304,-2.2070172,91.655785,-4.6508574,85.2744,-5.4203176,82.14749,-4.6888046,53.791286,-7.0807443,66.47136,-3.8854387,38.87725,1.3862368,56.44968,-2.0016851,80.30966,-4.7174654,48.17477
