chroma_stft_mean,chroma_stft_var,rms_mean,rms_var,spectral_centroid_mean,spectral_centroid_var,spectral_bandwidth_mean,spectral_bandwidth_var,rolloff_mean,rolloff_var,zero_crossing_rate_mean,zero_crossing_rate_var,harmony_mean,harmony_var,perceptr_mean,perceptr_var,tempo,mfcc1_mean,mfcc1_var,mfcc2_mean,mfcc2_var,mfcc3_mean,mfcc3_var,mfcc4_mean,mfcc4_var,mfcc5_mean,mfcc5_var,mfcc6_mean,mfcc6_var,mfcc7_mean,mfcc7_var,mfcc8_mean,mfcc8_var,mfcc9_mean,mfcc9_var,mfcc10_mean,mfcc10_var,mfcc11_mean,mfcc11_var,mfcc12_mean,mfcc12_var,mfcc13_mean,mfcc13_var,mfcc14_mean,mfcc14_var,mfcc15_mean,mfcc15_var,mfcc16_mean,mfcc16_var,mfcc17_mean,mfcc17_var,mfcc18_mean,mfcc18_var,mfcc19_mean,mfcc19_var,mfcc20_mean,mfcc20_var
0.44263646,0.07272733,0.14428338,0.0014750538,2559.166384767367,237199.77151861516,2731.0133210486592,93885.31211410454,5447.017745794664,1851536.7723948073,0.12275949523878577,0.0013836326493271935,3.2840637e-07,0.012441202,-4.6060422e-06,0.0037915206,143.5546875,-50.849358,1274.4817,86.40166,349.87598,-14.42425,214.13017,12.829985,80.71945,21.69184,134.90695,4.2353654,59.13218,1.7406832,51.872787,3.7037308,36.59787,4.6833963,37.319267,-1.8644677,31.190496,-1.195588,21.39833,-0.017734867,21.800207,-4.127094,29.32399,-5.76508,36.513958,-1.0674845,26.334282,2.2959766,18.05742,-1.5759252,17.21397,-3.8568509,19.390165,-6.1447306,18.558167,-5.379481,17.193031
