chroma_stft_mean,chroma_stft_var,rms_mean,rms_var,spectral_centroid_mean,spectral_centroid_var,spectral_bandwidth_mean,spectral_bandwidth_var,rolloff_mean,rolloff_var,zero_crossing_rate_mean,zero_crossing_rate_var,harmony_mean,harmony_var,perceptr_mean,perceptr_var,tempo,mfcc1_mean,mfcc1_var,mfcc2_mean,mfcc2_var,mfcc3_mean,mfcc3_var,mfcc4_mean,mfcc4_var,mfcc5_mean,mfcc5_var,mfcc6_mean,mfcc6_var,mfcc7_mean,mfcc7_var,mfcc8_mean,mfcc8_var,mfcc9_mean,mfcc9_var,mfcc10_mean,mfcc10_var,mfcc11_mean,mfcc11_var,mfcc12_mean,mfcc12_var,mfcc13_mean,mfcc13_var,mfcc14_mean,mfcc14_var,mfcc15_mean,mfcc15_var,mfcc16_mean,mfcc16_var,mfcc17_mean,mfcc17_var,mfcc18_mean,mfcc18_var,mfcc19_mean,mfcc19_var,mfcc20_mean,mfcc20_var
0.3742859,0.08474811,0.10706775,0.0016517637,2181.338268438534,155618.1305491878,2181.05627133164,75702.09980708995,4689.725135042054,980975.7662377702,0.10636978562451663,0.0014719640506469644,-0.0010819669,0.006416298,-0.0014895236,0.0028729353,151.99908088235293,-118.8025,3026.8667,104.436676,304.1564,-29.188753,412.80814,42.102615,123.746704,-13.299715,155.29797,29.062935,122.926575,-20.86632,81.44788,21.608942,48.893166,-24.331242,66.478455,10.7288265,60.726643,-15.099055,55.06125,5.9375844,46.871914,-11.788948,43.50864,-0.9074686,41.616505,-11.01456,60.82108,-0.19940795,43.305607,-6.906149,40.473186,-1.2978159,47.76032,-6.3202825,33.13725,-2.6999989,33.244213
