chroma_stft_mean,chroma_stft_var,rms_mean,rms_var,spectral_centroid_mean,spectral_centroid_var,spectral_bandwidth_mean,spectral_bandwidth_var,rolloff_mean,rolloff_var,zero_crossing_rate_mean,zero_crossing_rate_var,harmony_mean,harmony_var,perceptr_mean,perceptr_var,tempo,mfcc1_mean,mfcc1_var,mfcc2_mean,mfcc2_var,mfcc3_mean,mfcc3_var,mfcc4_mean,mfcc4_var,mfcc5_mean,mfcc5_var,mfcc6_mean,mfcc6_var,mfcc7_mean,mfcc7_var,mfcc8_mean,mfcc8_var,mfcc9_mean,mfcc9_var,mfcc10_mean,mfcc10_var,mfcc11_mean,mfcc11_var,mfcc12_mean,mfcc12_var,mfcc13_mean,mfcc13_var,mfcc14_mean,mfcc14_var,mfcc15_mean,mfcc15_var,mfcc16_mean,mfcc16_var,mfcc17_mean,mfcc17_var,mfcc18_mean,mfcc18_var,mfcc19_mean,mfcc19_var,mfcc20_mean,mfcc20_var
0.37182295,0.08869457,0.20865633,0.0018219758,1345.841383418405,476337.6453362308,1841.8263952475788,166537.42375837453,2939.1573239921695,2551452.043820146,0.04107944520978345,0.001326453826093628,6.8680015e-06,0.031458493,4.8484388e-05,0.004252049,103.359375,-127.970406,3183.7078,134.44084,828.5696,1.0205101,451.04453,54.43924,154.66487,-0.4544707,161.37944,35.814583,102.64516,-10.856743,133.12305,16.386305,43.617428,-10.0327215,113.01953,6.5924654,87.64447,-6.6975994,66.396484,11.041861,67.328285,-8.380609,65.61362,2.1077473,52.527565,-6.3462076,39.32939,0.9917485,37.74223,-5.323316,46.32642,-0.8430055,43.06578,-4.661474,27.124546,-4.788684,27.636402
