chroma_stft_mean,chroma_stft_var,rms_mean,rms_var,spectral_centroid_mean,spectral_centroid_var,spectral_bandwidth_mean,spectral_bandwidth_var,rolloff_mean,rolloff_var,zero_crossing_rate_mean,zero_crossing_rate_var,harmony_mean,harmony_var,perceptr_mean,perceptr_var,tempo,mfcc1_mean,mfcc1_var,mfcc2_mean,mfcc2_var,mfcc3_mean,mfcc3_var,mfcc4_mean,mfcc4_var,mfcc5_mean,mfcc5_var,mfcc6_mean,mfcc6_var,mfcc7_mean,mfcc7_var,mfcc8_mean,mfcc8_var,mfcc9_mean,mfcc9_var,mfcc10_mean,mfcc10_var,mfcc11_mean,mfcc11_var,mfcc12_mean,mfcc12_var,mfcc13_mean,mfcc13_var,mfcc14_mean,mfcc14_var,mfcc15_mean,mfcc15_var,mfcc16_mean,mfcc16_var,mfcc17_mean,mfcc17_var,mfcc18_mean,mfcc18_var,mfcc19_mean,mfcc19_var,mfcc20_mean,mfcc20_var
0.37873957,0.081306666,0.10167808,0.00051880383,2116.1456021561394,189325.4029556231,2245.3914351809317,61759.559291744226,4689.983267020737,822959.2046382226,0.09278892050947408,0.0008113164267283047,-4.853304e-06,0.006301731,-2.042416e-05,0.0017418094,123.046875,-119.15098,1387.3734,107.44224,274.37424,-10.973197,197.3134,58.55536,58.634026,-12.933258,81.560745,26.83433,57.323544,-17.646807,51.148693,19.371737,50.563976,-15.605269,43.71809,13.570684,54.009727,-16.671041,45.862026,11.870044,33.895554,-12.196166,34.98076,5.2358336,41.767056,-6.174647,40.85459,4.25262,39.652317,-8.040415,42.60161,3.5265963,34.121834,-7.685807,51.023903,-1.3395649,43.84403
