chroma_stft_mean,chroma_stft_var,rms_mean,rms_var,spectral_centroid_mean,spectral_centroid_var,spectral_bandwidth_mean,spectral_bandwidth_var,rolloff_mean,rolloff_var,zero_crossing_rate_mean,zero_crossing_rate_var,harmony_mean,harmony_var,perceptr_mean,perceptr_var,tempo,mfcc1_mean,mfcc1_var,mfcc2_mean,mfcc2_var,mfcc3_mean,mfcc3_var,mfcc4_mean,mfcc4_var,mfcc5_mean,mfcc5_var,mfcc6_mean,mfcc6_var,mfcc7_mean,mfcc7_var,mfcc8_mean,mfcc8_var,mfcc9_mean,mfcc9_var,mfcc10_mean,mfcc10_var,mfcc11_mean,mfcc11_var,mfcc12_mean,mfcc12_var,mfcc13_mean,mfcc13_var,mfcc14_mean,mfcc14_var,mfcc15_mean,mfcc15_var,mfcc16_mean,mfcc16_var,mfcc17_mean,mfcc17_var,mfcc18_mean,mfcc18_var,mfcc19_mean,mfcc19_var,mfcc20_mean,mfcc20_var
0.34342152,0.0818708,0.10572245,0.00048124706,1939.722261206454,158728.58172863873,1881.5632771390865,91094.00330423734,3748.5176528966067,857851.8589514678,0.09832088650425368,0.000685167853076819,-3.1979812e-07,0.008202985,-1.4171175e-05,0.0013350951,103.359375,-114.78572,1002.0634,119.293335,478.12424,-50.734497,217.32397,42.62416,135.26738,-6.7016063,92.62552,19.707987,85.70173,-16.883589,58.45682,19.394009,45.69526,-17.410425,51.354057,17.302908,66.611465,-10.872791,43.126545,6.657837,35.504726,-15.7666645,44.72474,3.5462644,51.682556,-7.7657857,45.242485,3.3836036,32.51225,-7.6936946,32.9088,1.611691,34.6458,-10.708937,49.238617,-0.54198456,43.252216
