chroma_stft_mean,chroma_stft_var,rms_mean,rms_var,spectral_centroid_mean,spectral_centroid_var,spectral_bandwidth_mean,spectral_bandwidth_var,rolloff_mean,rolloff_var,zero_crossing_rate_mean,zero_crossing_rate_var,harmony_mean,harmony_var,perceptr_mean,perceptr_var,tempo,mfcc1_mean,mfcc1_var,mfcc2_mean,mfcc2_var,mfcc3_mean,mfcc3_var,mfcc4_mean,mfcc4_var,mfcc5_mean,mfcc5_var,mfcc6_mean,mfcc6_var,mfcc7_mean,mfcc7_var,mfcc8_mean,mfcc8_var,mfcc9_mean,mfcc9_var,mfcc10_mean,mfcc10_var,mfcc11_mean,mfcc11_var,mfcc12_mean,mfcc12_var,mfcc13_mean,mfcc13_var,mfcc14_mean,mfcc14_var,mfcc15_mean,mfcc15_var,mfcc16_mean,mfcc16_var,mfcc17_mean,mfcc17_var,mfcc18_mean,mfcc18_var,mfcc19_mean,mfcc19_var,mfcc20_mean,mfcc20_var
0.36006948,0.08396277,0.11665953,0.000789222,2148.4009185393675,253628.7120908648,2107.109041240904,72172.17071498747,4479.280957710992,978693.8271027373,0.10910574668890177,0.001541895882962208,-1.7453422e-06,0.007485069,-1.7155162e-05,0.0026950235,123.046875,-91.39275,1777.9014,112.11608,397.7009,-27.345358,247.86543,47.97841,92.269684,-19.601683,83.50456,27.71872,61.41548,-18.550968,73.17319,17.433367,39.768127,-13.161514,70.4088,14.41955,51.300003,-15.218308,46.18548,11.52615,43.100716,-12.587086,35.962715,0.904855,41.93811,-10.441168,39.906094,-0.6118629,36.866947,-13.481615,50.88189,3.3057272,47.737335,-3.7086513,56.824356,1.0857345,54.19875
