chroma_stft_mean,chroma_stft_var,rms_mean,rms_var,spectral_centroid_mean,spectral_centroid_var,spectral_bandwidth_mean,spectral_bandwidth_var,rolloff_mean,rolloff_var,zero_crossing_rate_mean,zero_crossing_rate_var,harmony_mean,harmony_var,perceptr_mean,perceptr_var,tempo,mfcc1_mean,mfcc1_var,mfcc2_mean,mfcc2_var,mfcc3_mean,mfcc3_var,mfcc4_mean,mfcc4_var,mfcc5_mean,mfcc5_var,mfcc6_mean,mfcc6_var,mfcc7_mean,mfcc7_var,mfcc8_mean,mfcc8_var,mfcc9_mean,mfcc9_var,mfcc10_mean,mfcc10_var,mfcc11_mean,mfcc11_var,mfcc12_mean,mfcc12_var,mfcc13_mean,mfcc13_var,mfcc14_mean,mfcc14_var,mfcc15_mean,mfcc15_var,mfcc16_mean,mfcc16_var,mfcc17_mean,mfcc17_var,mfcc18_mean,mfcc18_var,mfcc19_mean,mfcc19_var,mfcc20_mean,mfcc20_var
0.35912555,0.08772954,0.1570209,0.0036368535,1282.1973339054578,299724.6612056712,1729.3657925950802,172002.74258935908,2675.912666763341,1623590.754085009,0.047179750942575406,0.001039512994052671,2.5385216e-07,0.017116548,-4.351333e-05,0.0040027364,89.10290948275862,-140.46417,2934.91,149.30049,557.28143,-10.073525,273.601,38.784744,136.99059,1.5350952,162.65771,20.120266,71.56868,-11.34188,90.33153,16.292198,67.227135,-13.255261,146.00278,10.183559,92.77045,-9.257683,86.35761,4.6997657,50.890213,-8.370977,51.05137,2.2718363,45.687813,-6.509604,48.041992,-1.6324772,50.387997,-6.4886813,53.07728,-4.709777,49.610233,-2.5701594,34.243237,-1.7915926,28.876339
