chroma_stft_mean,chroma_stft_var,rms_mean,rms_var,spectral_centroid_mean,spectral_centroid_var,spectral_bandwidth_mean,spectral_bandwidth_var,rolloff_mean,rolloff_var,zero_crossing_rate_mean,zero_crossing_rate_var,harmony_mean,harmony_var,perceptr_mean,perceptr_var,tempo,mfcc1_mean,mfcc1_var,mfcc2_mean,mfcc2_var,mfcc3_mean,mfcc3_var,mfcc4_mean,mfcc4_var,mfcc5_mean,mfcc5_var,mfcc6_mean,mfcc6_var,mfcc7_mean,mfcc7_var,mfcc8_mean,mfcc8_var,mfcc9_mean,mfcc9_var,mfcc10_mean,mfcc10_var,mfcc11_mean,mfcc11_var,mfcc12_mean,mfcc12_var,mfcc13_mean,mfcc13_var,mfcc14_mean,mfcc14_var,mfcc15_mean,mfcc15_var,mfcc16_mean,mfcc16_var,mfcc17_mean,mfcc17_var,mfcc18_mean,mfcc18_var,mfcc19_mean,mfcc19_var,mfcc20_mean,mfcc20_var
0.40218621,0.07997704,0.16064425,0.0020506256,2806.872615958848,435555.88380526914,2688.101798907577,118216.41800571245,5677.17987556192,1852293.4181650453,0.14835555334010053,0.003308363798247909,-2.4998878e-06,0.012993658,-1.5433718e-05,0.0062905382,117.45383522727273,-35.399956,1418.6278,73.69067,495.7268,-20.220224,274.71417,17.177567,195.7111,14.948895,124.642815,10.214969,66.76674,7.60081,75.4838,1.5895824,53.47647,4.1754875,40.746822,0.74550146,39.863743,-0.3865785,43.204067,-1.3119748,32.930023,-2.0403228,33.50188,2.528831,37.62348,3.6107922,51.325405,-3.543384,30.73236,-4.7971244,23.366886,-2.5028183,32.218464,-3.9775624,39.33586,-0.82422954,36.34444
