chroma_stft_mean,chroma_stft_var,rms_mean,rms_var,spectral_centroid_mean,spectral_centroid_var,spectral_bandwidth_mean,spectral_bandwidth_var,rolloff_mean,rolloff_var,zero_crossing_rate_mean,zero_crossing_rate_var,harmony_mean,harmony_var,perceptr_mean,perceptr_var,tempo,mfcc1_mean,mfcc1_var,mfcc2_mean,mfcc2_var,mfcc3_mean,mfcc3_var,mfcc4_mean,mfcc4_var,mfcc5_mean,mfcc5_var,mfcc6_mean,mfcc6_var,mfcc7_mean,mfcc7_var,mfcc8_mean,mfcc8_var,mfcc9_mean,mfcc9_var,mfcc10_mean,mfcc10_var,mfcc11_mean,mfcc11_var,mfcc12_mean,mfcc12_var,mfcc13_mean,mfcc13_var,mfcc14_mean,mfcc14_var,mfcc15_mean,mfcc15_var,mfcc16_mean,mfcc16_var,mfcc17_mean,mfcc17_var,mfcc18_mean,mfcc18_var,mfcc19_mean,mfcc19_var,mfcc20_mean,mfcc20_var
0.39435104,0.08496725,0.15379857,0.0019675067,2140.28308737102,202250.1325208925,2245.902488299258,57956.72347537508,4831.456245015226,647977.8860320285,0.09114092408642692,0.001020668929610226,-0.0009786764,0.014222431,-0.00022098182,0.005405439,112.34714673913044,-83.36812,2062.8435,103.90498,295.40887,-13.954147,181.9137,56.912594,93.8726,-14.43371,64.267105,32.197018,51.31515,-14.136274,71.11579,19.167461,42.703148,-9.342845,82.17836,13.166685,51.026115,-11.730691,45.90628,8.401819,43.741947,-9.400615,41.631554,10.225259,33.064934,-4.21358,36.488613,5.6282663,37.233288,-6.3784084,38.075405,1.8044477,34.564213,-5.576438,34.16034,-0.44022372,33.557858
