chroma_stft_mean,chroma_stft_var,rms_mean,rms_var,spectral_centroid_mean,spectral_centroid_var,spectral_bandwidth_mean,spectral_bandwidth_var,rolloff_mean,rolloff_var,zero_crossing_rate_mean,zero_crossing_rate_var,harmony_mean,harmony_var,perceptr_mean,perceptr_var,tempo,mfcc1_mean,mfcc1_var,mfcc2_mean,mfcc2_var,mfcc3_mean,mfcc3_var,mfcc4_mean,mfcc4_var,mfcc5_mean,mfcc5_var,mfcc6_mean,mfcc6_var,mfcc7_mean,mfcc7_var,mfcc8_mean,mfcc8_var,mfcc9_mean,mfcc9_var,mfcc10_mean,mfcc10_var,mfcc11_mean,mfcc11_var,mfcc12_mean,mfcc12_var,mfcc13_mean,mfcc13_var,mfcc14_mean,mfcc14_var,mfcc15_mean,mfcc15_var,mfcc16_mean,mfcc16_var,mfcc17_mean,mfcc17_var,mfcc18_mean,mfcc18_var,mfcc19_mean,mfcc19_var,mfcc20_mean,mfcc20_var
0.43198025,0.075220674,0.08159775,0.0003222887,2077.5658221710514,231716.29114849487,1927.228012636788,74753.37361731108,4031.530223589762,804488.853660842,0.12182258434841454,0.0016968198977234162,2.1090843e-06,0.0038272338,-1.27900585e-05,0.0011279582,129.19921875,-124.989655,1683.0377,115.18234,475.29163,-47.985886,290.23425,52.820343,113.748276,-13.493603,76.998184,21.751259,80.87142,-12.41766,59.96461,20.127153,41.682285,-18.373243,44.59521,10.1236315,81.849754,-16.045313,43.331944,10.47731,42.92706,-17.955708,44.22891,1.2151546,37.24492,-11.5279045,39.42979,1.8380665,33.591026,-12.851801,36.294914,3.4456992,35.95489,-12.589926,42.507107,-2.104325,29.860994
