chroma_stft_mean,chroma_stft_var,rms_mean,rms_var,spectral_centroid_mean,spectral_centroid_var,spectral_bandwidth_mean,spectral_bandwidth_var,rolloff_mean,rolloff_var,zero_crossing_rate_mean,zero_crossing_rate_var,harmony_mean,harmony_var,perceptr_mean,perceptr_var,tempo,mfcc1_mean,mfcc1_var,mfcc2_mean,mfcc2_var,mfcc3_mean,mfcc3_var,mfcc4_mean,mfcc4_var,mfcc5_mean,mfcc5_var,mfcc6_mean,mfcc6_var,mfcc7_mean,mfcc7_var,mfcc8_mean,mfcc8_var,mfcc9_mean,mfcc9_var,mfcc10_mean,mfcc10_var,mfcc11_mean,mfcc11_var,mfcc12_mean,mfcc12_var,mfcc13_mean,mfcc13_var,mfcc14_mean,mfcc14_var,mfcc15_mean,mfcc15_var,mfcc16_mean,mfcc16_var,mfcc17_mean,mfcc17_var,mfcc18_mean,mfcc18_var,mfcc19_mean,mfcc19_var,mfcc20_mean,mfcc20_var
0.44025162,0.09267544,0.13366963,0.001955305,1597.5180157344764,704726.7791471119,2238.099095052252,276442.51181778783,3826.665027733469,4554303.288870289,0.04610991275135344,0.0014795850367416506,-2.0316551e-05,0.010176726,-3.592172e-05,0.0041816705,123.046875,-211.21675,4662.6055,95.75193,857.46326,40.583527,751.49866,68.280975,274.2995,5.304847,162.75044,30.969952,144.86623,-5.2771754,117.15884,22.821358,118.596,-1.6232678,148.08434,17.491806,79.57539,-11.495021,60.38224,8.730979,61.1359,-10.45692,54.242012,5.7192817,55.05292,-7.8945274,47.81393,3.7230732,41.525833,-6.6363835,81.413345,-1.2775115,97.17778,2.7818987,106.33911,6.266782,77.18732
