chroma_stft_mean,chroma_stft_var,rms_mean,rms_var,spectral_centroid_mean,spectral_centroid_var,spectral_bandwidth_mean,spectral_bandwidth_var,rolloff_mean,rolloff_var,zero_crossing_rate_mean,zero_crossing_rate_var,harmony_mean,harmony_var,perceptr_mean,perceptr_var,tempo,mfcc1_mean,mfcc1_var,mfcc2_mean,mfcc2_var,mfcc3_mean,mfcc3_var,mfcc4_mean,mfcc4_var,mfcc5_mean,mfcc5_var,mfcc6_mean,mfcc6_var,mfcc7_mean,mfcc7_var,mfcc8_mean,mfcc8_var,mfcc9_mean,mfcc9_var,mfcc10_mean,mfcc10_var,mfcc11_mean,mfcc11_var,mfcc12_mean,mfcc12_var,mfcc13_mean,mfcc13_var,mfcc14_mean,mfcc14_var,mfcc15_mean,mfcc15_var,mfcc16_mean,mfcc16_var,mfcc17_mean,mfcc17_var,mfcc18_mean,mfcc18_var,mfcc19_mean,mfcc19_var,mfcc20_mean,mfcc20_var
0.408864,0.08201305,0.26079375,0.0009211135,1717.0993092104313,47189.978279675044,1842.273126503125,32570.20244265541,3362.1523686738688,433918.97800956847,0.08495074137180975,0.00031028019509660225,1.3737041e-06,0.04081574,2.0730752e-06,0.008650135,123.046875,-14.946681,586.031,138.44057,193.81851,-41.902412,71.186485,22.075436,97.14126,-18.676533,57.090965,32.004406,36.984715,-20.370274,40.541683,15.703648,44.05971,-17.348824,50.446545,14.874468,19.228134,-8.903126,25.562645,12.260918,36.83089,-5.8288655,35.157726,9.972276,29.988373,-3.1722856,25.010906,1.9803573,21.618004,-6.9255514,26.145452,3.12534,20.053642,-2.9862368,18.841654,-6.6731334,32.080765
