chroma_stft_mean,chroma_stft_var,rms_mean,rms_var,spectral_centroid_mean,spectral_centroid_var,spectral_bandwidth_mean,spectral_bandwidth_var,rolloff_mean,rolloff_var,zero_crossing_rate_mean,zero_crossing_rate_var,harmony_mean,harmony_var,perceptr_mean,perceptr_var,tempo,mfcc1_mean,mfcc1_var,mfcc2_mean,mfcc2_var,mfcc3_mean,mfcc3_var,mfcc4_mean,mfcc4_var,mfcc5_mean,mfcc5_var,mfcc6_mean,mfcc6_var,mfcc7_mean,mfcc7_var,mfcc8_mean,mfcc8_var,mfcc9_mean,mfcc9_var,mfcc10_mean,mfcc10_var,mfcc11_mean,mfcc11_var,mfcc12_mean,mfcc12_var,mfcc13_mean,mfcc13_var,mfcc14_mean,mfcc14_var,mfcc15_mean,mfcc15_var,mfcc16_mean,mfcc16_var,mfcc17_mean,mfcc17_var,mfcc18_mean,mfcc18_var,mfcc19_mean,mfcc19_var,mfcc20_mean,mfcc20_var
0.44281673,0.0797024,0.13878995,0.00088019733,2046.8578301908997,353716.29242193315,2070.164481073298,184833.26282814378,4095.472012761021,1612013.781562015,0.10197110039636505,0.0013508897310199578,-0.0020812748,0.011357212,-0.0032831638,0.004076063,135.99917763157896,-92.63433,2623.1455,101.83766,754.77637,-33.491867,378.50204,48.725113,210.26276,12.398135,116.86943,20.81383,66.87119,8.697565,60.58455,9.275422,56.75804,2.77349,64.015114,5.233724,74.08123,-9.328545,49.991547,-3.4863636,44.587215,-4.3603806,36.374767,-4.656358,25.771328,-3.9698186,38.829197,-3.1298952,36.154636,-7.00119,30.497087,-0.39545798,27.799044,-1.1422417,35.936985,-6.003614,34.775486
