chroma_stft_mean,chroma_stft_var,rms_mean,rms_var,spectral_centroid_mean,spectral_centroid_var,spectral_bandwidth_mean,spectral_bandwidth_var,rolloff_mean,rolloff_var,zero_crossing_rate_mean,zero_crossing_rate_var,harmony_mean,harmony_var,perceptr_mean,perceptr_var,tempo,mfcc1_mean,mfcc1_var,mfcc2_mean,mfcc2_var,mfcc3_mean,mfcc3_var,mfcc4_mean,mfcc4_var,mfcc5_mean,mfcc5_var,mfcc6_mean,mfcc6_var,mfcc7_mean,mfcc7_var,mfcc8_mean,mfcc8_var,mfcc9_mean,mfcc9_var,mfcc10_mean,mfcc10_var,mfcc11_mean,mfcc11_var,mfcc12_mean,mfcc12_var,mfcc13_mean,mfcc13_var,mfcc14_mean,mfcc14_var,mfcc15_mean,mfcc15_var,mfcc16_mean,mfcc16_var,mfcc17_mean,mfcc17_var,mfcc18_mean,mfcc18_var,mfcc19_mean,mfcc19_var,mfcc20_mean,mfcc20_var
0.40513226,0.075897746,0.15654169,0.001613346,2320.3950808692307,118499.23827646238,2044.9183639654277,45874.13938659451,4466.440973481003,482877.92116078065,0.14343044578982986,0.002008805656088223,-0.0001652809,0.013863303,-0.0008716403,0.004412003,151.99908088235293,-52.480682,1093.1815,99.70796,376.6466,-47.386406,434.04138,47.01759,186.19792,-21.017344,147.65253,22.883759,113.92976,-18.278618,47.420666,13.886501,54.3919,-23.446274,65.08657,13.51214,63.351936,-18.663303,46.22916,5.705186,43.972435,-12.890456,41.44737,1.1912118,39.010002,-12.4083605,32.04821,0.38663417,38.33491,-9.139816,29.729967,1.5921024,29.976326,-4.1251187,31.20739,0.3087658,35.249844
