chroma_stft_mean,chroma_stft_var,rms_mean,rms_var,spectral_centroid_mean,spectral_centroid_var,spectral_bandwidth_mean,spectral_bandwidth_var,rolloff_mean,rolloff_var,zero_crossing_rate_mean,zero_crossing_rate_var,harmony_mean,harmony_var,perceptr_mean,perceptr_var,tempo,mfcc1_mean,mfcc1_var,mfcc2_mean,mfcc2_var,mfcc3_mean,mfcc3_var,mfcc4_mean,mfcc4_var,mfcc5_mean,mfcc5_var,mfcc6_mean,mfcc6_var,mfcc7_mean,mfcc7_var,mfcc8_mean,mfcc8_var,mfcc9_mean,mfcc9_var,mfcc10_mean,mfcc10_var,mfcc11_mean,mfcc11_var,mfcc12_mean,mfcc12_var,mfcc13_mean,mfcc13_var,mfcc14_mean,mfcc14_var,mfcc15_mean,mfcc15_var,mfcc16_mean,mfcc16_var,mfcc17_mean,mfcc17_var,mfcc18_mean,mfcc18_var,mfcc19_mean,mfcc19_var,mfcc20_mean,mfcc20_var
0.45539778,0.07747451,0.12868471,0.0019120233,2187.9366584276518,238422.04345741906,2350.7821994610763,86259.78271627103,4993.8046059309745,1269376.7401871448,0.10623761359242073,0.0017391199021864017,-0.0013513502,0.008521064,0.00023104242,0.004842135,107.666015625,-103.96426,2905.3186,101.90469,350.71405,-10.340273,426.72583,43.67058,158.00528,-11.510563,135.13852,26.94337,84.46242,-9.995867,105.65729,25.0187,49.89996,-14.213517,51.310337,19.713219,58.932873,-10.531307,48.217175,12.673636,48.73196,-12.690149,45.787632,6.8567877,50.369614,-6.0864043,36.745197,5.4609747,50.694763,-6.2438927,47.222195,-1.4577036,57.157055,-8.2451515,39.779335,-3.2739832,31.323515
