chroma_stft_mean,chroma_stft_var,rms_mean,rms_var,spectral_centroid_mean,spectral_centroid_var,spectral_bandwidth_mean,spectral_bandwidth_var,rolloff_mean,rolloff_var,zero_crossing_rate_mean,zero_crossing_rate_var,harmony_mean,harmony_var,perceptr_mean,perceptr_var,tempo,mfcc1_mean,mfcc1_var,mfcc2_mean,mfcc2_var,mfcc3_mean,mfcc3_var,mfcc4_mean,mfcc4_var,mfcc5_mean,mfcc5_var,mfcc6_mean,mfcc6_var,mfcc7_mean,mfcc7_var,mfcc8_mean,mfcc8_var,mfcc9_mean,mfcc9_var,mfcc10_mean,mfcc10_var,mfcc11_mean,mfcc11_var,mfcc12_mean,mfcc12_var,mfcc13_mean,mfcc13_var,mfcc14_mean,mfcc14_var,mfcc15_mean,mfcc15_var,mfcc16_mean,mfcc16_var,mfcc17_mean,mfcc17_var,mfcc18_mean,mfcc18_var,mfcc19_mean,mfcc19_var,mfcc20_mean,mfcc20_var
0.36796013,0.087712176,0.05409475,0.00064627547,2511.714306230509,392918.1417604518,2245.075054231402,88032.60981960269,5129.615334070476,1145831.1137165138,0.13911899410286155,0.0036092785120732393,-0.0022746818,0.0018224368,-0.00065053836,0.00089494186,112.34714673913044,-202.22343,3479.598,75.23143,568.0148,-14.236297,538.7199,66.306335,256.65073,-8.287852,194.64772,24.383793,135.1091,-16.236677,142.80399,17.128633,86.54789,-21.286032,94.76096,3.9629781,132.54077,-19.76039,76.82032,0.48267353,64.99537,-4.509064,78.60993,-5.366474,68.93865,-8.966871,95.53315,-0.041333783,55.67705,-8.02467,75.26217,-0.5166388,39.047405,-6.7963386,56.170437,-8.444971,47.538708
