chroma_stft_mean,chroma_stft_var,rms_mean,rms_var,spectral_centroid_mean,spectral_centroid_var,spectral_bandwidth_mean,spectral_bandwidth_var,rolloff_mean,rolloff_var,zero_crossing_rate_mean,zero_crossing_rate_var,harmony_mean,harmony_var,perceptr_mean,perceptr_var,tempo,mfcc1_mean,mfcc1_var,mfcc2_mean,mfcc2_var,mfcc3_mean,mfcc3_var,mfcc4_mean,mfcc4_var,mfcc5_mean,mfcc5_var,mfcc6_mean,mfcc6_var,mfcc7_mean,mfcc7_var,mfcc8_mean,mfcc8_var,mfcc9_mean,mfcc9_var,mfcc10_mean,mfcc10_var,mfcc11_mean,mfcc11_var,mfcc12_mean,mfcc12_var,mfcc13_mean,mfcc13_var,mfcc14_mean,mfcc14_var,mfcc15_mean,mfcc15_var,mfcc16_mean,mfcc16_var,mfcc17_mean,mfcc17_var,mfcc18_mean,mfcc18_var,mfcc19_mean,mfcc19_var,mfcc20_mean,mfcc20_var
0.43678042,0.086584084,0.14856811,0.0065527745,1875.1802164622393,469233.6654373554,1983.7706907125023,168373.77298169115,3929.4931504676624,2040711.4239224833,0.07680441258217324,0.0022585211558165167,8.061724e-06,0.010543614,-3.650296e-05,0.009816977,107.666015625,-120.445526,8091.653,117.5898,855.7237,-27.635336,548.95874,42.838066,194.111,-6.757944,296.3208,21.642138,155.98851,-12.10304,113.92699,17.95223,59.674183,-10.473286,118.46771,12.275668,61.06342,-6.5690446,92.33621,13.523022,44.695625,-2.420074,65.171936,6.712717,47.136436,-3.1554117,73.76782,5.4701724,32.84723,-2.2356622,45.98354,1.061179,48.137146,-1.6544237,32.438793,-0.035615157,31.247316
