chroma_stft_mean,chroma_stft_var,rms_mean,rms_var,spectral_centroid_mean,spectral_centroid_var,spectral_bandwidth_mean,spectral_bandwidth_var,rolloff_mean,rolloff_var,zero_crossing_rate_mean,zero_crossing_rate_var,harmony_mean,harmony_var,perceptr_mean,perceptr_var,tempo,mfcc1_mean,mfcc1_var,mfcc2_mean,mfcc2_var,mfcc3_mean,mfcc3_var,mfcc4_mean,mfcc4_var,mfcc5_mean,mfcc5_var,mfcc6_mean,mfcc6_var,mfcc7_mean,mfcc7_var,mfcc8_mean,mfcc8_var,mfcc9_mean,mfcc9_var,mfcc10_mean,mfcc10_var,mfcc11_mean,mfcc11_var,mfcc12_mean,mfcc12_var,mfcc13_mean,mfcc13_var,mfcc14_mean,mfcc14_var,mfcc15_mean,mfcc15_var,mfcc16_mean,mfcc16_var,mfcc17_mean,mfcc17_var,mfcc18_mean,mfcc18_var,mfcc19_mean,mfcc19_var,mfcc20_mean,mfcc20_var
0.36540443,0.092093,0.1803724,0.004919634,1529.2908080956652,226835.07072820456,1845.370439693341,118117.52927875945,3271.448122099768,1361527.2334883937,0.05495977438611756,0.0008505703507633726,1.5607359e-06,0.024932494,-2.396892e-05,0.004523108,151.99908088235293,-111.25285,3154.2026,134.15211,745.4454,-24.65805,318.48376,41.54234,203.56879,-3.0750806,131.25163,28.475191,73.57225,-10.59955,146.6741,14.917008,53.902203,-14.410271,118.97467,8.844091,49.57464,-4.5479774,71.35295,9.940146,62.030167,-4.680241,54.027027,3.6218278,34.821846,-5.555472,49.379974,3.3616462,28.226122,-4.9562955,38.255936,-1.4779109,38.036705,0.089315675,31.705431,-5.348198,37.67895
