chroma_stft_mean,chroma_stft_var,rms_mean,rms_var,spectral_centroid_mean,spectral_centroid_var,spectral_bandwidth_mean,spectral_bandwidth_var,rolloff_mean,rolloff_var,zero_crossing_rate_mean,zero_crossing_rate_var,harmony_mean,harmony_var,perceptr_mean,perceptr_var,tempo,mfcc1_mean,mfcc1_var,mfcc2_mean,mfcc2_var,mfcc3_mean,mfcc3_var,mfcc4_mean,mfcc4_var,mfcc5_mean,mfcc5_var,mfcc6_mean,mfcc6_var,mfcc7_mean,mfcc7_var,mfcc8_mean,mfcc8_var,mfcc9_mean,mfcc9_var,mfcc10_mean,mfcc10_var,mfcc11_mean,mfcc11_var,mfcc12_mean,mfcc12_var,mfcc13_mean,mfcc13_var,mfcc14_mean,mfcc14_var,mfcc15_mean,mfcc15_var,mfcc16_mean,mfcc16_var,mfcc17_mean,mfcc17_var,mfcc18_mean,mfcc18_var,mfcc19_mean,mfcc19_var,mfcc20_mean,mfcc20_var
0.36128634,0.08261493,0.09696267,0.0008177754,1561.4111067130552,90460.52713065295,1568.9524725207466,11146.734316094584,3243.286755909223,282282.427188027,0.07895466272718484,0.0008125600145595518,-1.1597926e-06,0.0072929487,-8.723604e-06,0.0007739864,151.99908088235293,-172.66568,3892.5774,142.76349,212.16432,-55.773094,401.18964,79.31552,105.948425,-1.8741938,121.66569,4.793415,67.250626,0.24512397,53.830643,-11.501139,41.91161,-0.2671954,30.366251,-9.363408,45.261505,-7.680029,29.080082,-11.2667055,27.602154,-5.683593,25.57325,-11.291878,24.238226,-7.6921525,23.25129,-4.286482,26.066542,-11.2813635,17.76383,-7.8397284,20.088213,-7.7233353,20.819244,-8.150021,21.54053
