chroma_stft_mean,chroma_stft_var,rms_mean,rms_var,spectral_centroid_mean,spectral_centroid_var,spectral_bandwidth_mean,spectral_bandwidth_var,rolloff_mean,rolloff_var,zero_crossing_rate_mean,zero_crossing_rate_var,harmony_mean,harmony_var,perceptr_mean,perceptr_var,tempo,mfcc1_mean,mfcc1_var,mfcc2_mean,mfcc2_var,mfcc3_mean,mfcc3_var,mfcc4_mean,mfcc4_var,mfcc5_mean,mfcc5_var,mfcc6_mean,mfcc6_var,mfcc7_mean,mfcc7_var,mfcc8_mean,mfcc8_var,mfcc9_mean,mfcc9_var,mfcc10_mean,mfcc10_var,mfcc11_mean,mfcc11_var,mfcc12_mean,mfcc12_var,mfcc13_mean,mfcc13_var,mfcc14_mean,mfcc14_var,mfcc15_mean,mfcc15_var,mfcc16_mean,mfcc16_var,mfcc17_mean,mfcc17_var,mfcc18_mean,mfcc18_var,mfcc19_mean,mfcc19_var,mfcc20_mean,mfcc20_var
0.41512856,0.079821214,0.1491075,0.0015399338,2510.07314252411,144290.2608470262,2115.277506076207,54353.01260555134,4735.123055938225,703645.2678008555,0.15782813406322505,0.0019227859858536396,-8.222377e-05,0.010921228,-0.000990716,0.004639866,103.359375,-47.04379,573.7742,95.77822,261.07626,-43.917877,252.27315,52.071087,269.10162,-22.550802,125.02847,20.861921,86.317535,-18.675611,73.73017,19.246445,49.139053,-21.253605,50.38867,21.88196,85.05444,-19.21261,36.051086,9.452245,47.40847,-12.584075,83.87986,3.8894029,36.941967,-8.495849,41.16097,6.268981,32.695,-9.12195,35.896698,2.6897984,30.179258,-2.4425328,28.228394,-1.879325,24.177595
