chroma_stft_mean,chroma_stft_var,rms_mean,rms_var,spectral_centroid_mean,spectral_centroid_var,spectral_bandwidth_mean,spectral_bandwidth_var,rolloff_mean,rolloff_var,zero_crossing_rate_mean,zero_crossing_rate_var,harmony_mean,harmony_var,perceptr_mean,perceptr_var,tempo,mfcc1_mean,mfcc1_var,mfcc2_mean,mfcc2_var,mfcc3_mean,mfcc3_var,mfcc4_mean,mfcc4_var,mfcc5_mean,mfcc5_var,mfcc6_mean,mfcc6_var,mfcc7_mean,mfcc7_var,mfcc8_mean,mfcc8_var,mfcc9_mean,mfcc9_var,mfcc10_mean,mfcc10_var,mfcc11_mean,mfcc11_var,mfcc12_mean,mfcc12_var,mfcc13_mean,mfcc13_var,mfcc14_mean,mfcc14_var,mfcc15_mean,mfcc15_var,mfcc16_mean,mfcc16_var,mfcc17_mean,mfcc17_var,mfcc18_mean,mfcc18_var,mfcc19_mean,mfcc19_var,mfcc20_mean,mfcc20_var
0.34330356,0.08884028,0.1233552,0.00094543863,1537.4684493421887,491539.22296786366,2037.1769457658406,173045.46518047576,3416.651523528132,2377117.450731083,0.05433025787896365,0.0016077067950221369,-9.247875e-07,0.010690525,-4.4488956e-05,0.0019037484,117.45383522727273,-169.68312,2896.3472,119.105644,617.5293,7.161805,400.07285,53.429665,216.10742,4.125313,139.71024,23.133099,126.45973,-5.7213445,91.2242,24.986755,71.53943,-9.328979,68.60609,13.474868,60.211983,-14.278746,55.12234,5.959376,52.21284,-13.598075,47.23446,0.75341773,63.775127,-10.45835,51.210884,0.084026694,56.023914,-4.3706894,71.07629,1.172074,96.77215,0.4874755,79.97406,-5.8290653,75.67757
