chroma_stft_mean,chroma_stft_var,rms_mean,rms_var,spectral_centroid_mean,spectral_centroid_var,spectral_bandwidth_mean,spectral_bandwidth_var,rolloff_mean,rolloff_var,zero_crossing_rate_mean,zero_crossing_rate_var,harmony_mean,harmony_var,perceptr_mean,perceptr_var,tempo,mfcc1_mean,mfcc1_var,mfcc2_mean,mfcc2_var,mfcc3_mean,mfcc3_var,mfcc4_mean,mfcc4_var,mfcc5_mean,mfcc5_var,mfcc6_mean,mfcc6_var,mfcc7_mean,mfcc7_var,mfcc8_mean,mfcc8_var,mfcc9_mean,mfcc9_var,mfcc10_mean,mfcc10_var,mfcc11_mean,mfcc11_var,mfcc12_mean,mfcc12_var,mfcc13_mean,mfcc13_var,mfcc14_mean,mfcc14_var,mfcc15_mean,mfcc15_var,mfcc16_mean,mfcc16_var,mfcc17_mean,mfcc17_var,mfcc18_mean,mfcc18_var,mfcc19_mean,mfcc19_var,mfcc20_mean,mfcc20_var
0.3626352,0.09153154,0.083802395,0.0012068073,1398.6495042529389,240406.20697820757,1818.1651244963796,109151.26374299644,3015.5976970345127,1332917.967695876,0.048724275546210366,0.0008075376512072434,2.893195e-07,0.006074637,-1.452912e-05,0.00065390323,112.34714673913044,-225.03336,10766.062,123.657265,493.22577,-9.745124,604.33435,56.613846,189.84511,10.42182,156.24466,20.64321,211.07886,-10.258778,106.95553,15.571303,103.16438,-8.240351,69.72546,12.808757,92.62053,-9.006475,63.90717,7.6886315,75.4123,-10.0838,56.674496,-0.2522786,42.604523,-5.282494,46.753723,-2.8108969,46.314507,-4.421513,43.6206,1.5583625,34.335716,-5.0460777,47.172318,-3.587599,41.29636
