chroma_stft_mean,chroma_stft_var,rms_mean,rms_var,spectral_centroid_mean,spectral_centroid_var,spectral_bandwidth_mean,spectral_bandwidth_var,rolloff_mean,rolloff_var,zero_crossing_rate_mean,zero_crossing_rate_var,harmony_mean,harmony_var,perceptr_mean,perceptr_var,tempo,mfcc1_mean,mfcc1_var,mfcc2_mean,mfcc2_var,mfcc3_mean,mfcc3_var,mfcc4_mean,mfcc4_var,mfcc5_mean,mfcc5_var,mfcc6_mean,mfcc6_var,mfcc7_mean,mfcc7_var,mfcc8_mean,mfcc8_var,mfcc9_mean,mfcc9_var,mfcc10_mean,mfcc10_var,mfcc11_mean,mfcc11_var,mfcc12_mean,mfcc12_var,mfcc13_mean,mfcc13_var,mfcc14_mean,mfcc14_var,mfcc15_mean,mfcc15_var,mfcc16_mean,mfcc16_var,mfcc17_mean,mfcc17_var,mfcc18_mean,mfcc18_var,mfcc19_mean,mfcc19_var,mfcc20_mean,mfcc20_var
0.32182315,0.088630125,0.062991194,0.00087694824,2255.8673982367045,532014.6141429566,2058.003300913,105688.0503139158,4508.88286687935,1476403.5136728324,0.12097706097737819,0.003726848437716483,-3.0186222e-06,0.0033186143,-2.057051e-05,0.00057904853,95.703125,-185.50003,3981.3452,98.92578,869.9495,-36.44288,330.2436,44.42754,237.30779,-17.75983,230.25247,21.28436,188.56303,-20.293684,149.87178,13.771661,123.738365,-15.498616,132.49403,11.033225,140.5122,-16.78776,128.5359,2.334639,100.57472,-12.634642,91.90706,0.1508142,77.651695,-4.400121,81.448616,-2.4655702,93.186066,-8.966495,120.812355,6.8722253,134.12196,-6.697356,83.95149,-1.2077816,121.983894
