chroma_stft_mean,chroma_stft_var,rms_mean,rms_var,spectral_centroid_mean,spectral_centroid_var,spectral_bandwidth_mean,spectral_bandwidth_var,rolloff_mean,rolloff_var,zero_crossing_rate_mean,zero_crossing_rate_var,harmony_mean,harmony_var,perceptr_mean,perceptr_var,tempo,mfcc1_mean,mfcc1_var,mfcc2_mean,mfcc2_var,mfcc3_mean,mfcc3_var,mfcc4_mean,mfcc4_var,mfcc5_mean,mfcc5_var,mfcc6_mean,mfcc6_var,mfcc7_mean,mfcc7_var,mfcc8_mean,mfcc8_var,mfcc9_mean,mfcc9_var,mfcc10_mean,mfcc10_var,mfcc11_mean,mfcc11_var,mfcc12_mean,mfcc12_var,mfcc13_mean,mfcc13_var,mfcc14_mean,mfcc14_var,mfcc15_mean,mfcc15_var,mfcc16_mean,mfcc16_var,mfcc17_mean,mfcc17_var,mfcc18_mean,mfcc18_var,mfcc19_mean,mfcc19_var,mfcc20_mean,mfcc20_var
0.416132,0.0877849,0.1428521,0.003147719,3010.0558252943074,435101.5428624439,2778.074620528377,135531.8871296527,6131.283987093968,1788475.819904585,0.14475178847641146,0.0034656322249357547,7.3469795e-07,0.011479137,1.4740584e-07,0.0055782977,112.34714673913044,-65.91231,2672.374,61.28031,454.24246,-1.9368678,342.85394,35.309376,267.8158,9.313,96.96968,7.5558777,120.41502,3.409661,109.589584,2.977946,62.864536,4.6069074,62.1253,2.9099398,46.690037,1.7725732,53.953293,-0.39182523,44.771492,-5.7581487,39.341732,-3.492569,43.46411,-3.6852615,56.005222,-5.7201214,42.2549,-3.9549906,48.748104,-3.094724,49.51011,-2.7348807,58.169495,-0.9138486,63.153175
