chroma_stft_mean,chroma_stft_var,rms_mean,rms_var,spectral_centroid_mean,spectral_centroid_var,spectral_bandwidth_mean,spectral_bandwidth_var,rolloff_mean,rolloff_var,zero_crossing_rate_mean,zero_crossing_rate_var,harmony_mean,harmony_var,perceptr_mean,perceptr_var,tempo,mfcc1_mean,mfcc1_var,mfcc2_mean,mfcc2_var,mfcc3_mean,mfcc3_var,mfcc4_mean,mfcc4_var,mfcc5_mean,mfcc5_var,mfcc6_mean,mfcc6_var,mfcc7_mean,mfcc7_var,mfcc8_mean,mfcc8_var,mfcc9_mean,mfcc9_var,mfcc10_mean,mfcc10_var,mfcc11_mean,mfcc11_var,mfcc12_mean,mfcc12_var,mfcc13_mean,mfcc13_var,mfcc14_mean,mfcc14_var,mfcc15_mean,mfcc15_var,mfcc16_mean,mfcc16_var,mfcc17_mean,mfcc17_var,mfcc18_mean,mfcc18_var,mfcc19_mean,mfcc19_var,mfcc20_mean,mfcc20_var
0.39104795,0.087328486,0.07624123,0.00229222,2521.225623798723,590990.3318176573,2133.4848391691207,105831.63714129782,4830.540292832801,1558569.8306586957,0.14628158533932714,0.005608476780554009,-0.0009327992,0.0033104676,-0.00093575334,0.0022542381,129.19921875,-160.15704,10935.491,88.74145,943.3727,-35.476883,813.85187,47.4943,396.51776,-12.60362,184.4654,17.301561,143.46103,-19.144144,138.12927,14.59507,90.43876,-20.387825,138.17368,11.093687,105.71507,-11.144935,77.96857,7.69911,71.75535,-9.863814,63.072155,6.9854503,78.06017,-10.1388,52.623478,3.0738516,49.314034,-7.9530306,44.4354,0.69746596,73.11961,-4.9263062,45.306458,-2.6083064,59.734436
