chroma_stft_mean,chroma_stft_var,rms_mean,rms_var,spectral_centroid_mean,spectral_centroid_var,spectral_bandwidth_mean,spectral_bandwidth_var,rolloff_mean,rolloff_var,zero_crossing_rate_mean,zero_crossing_rate_var,harmony_mean,harmony_var,perceptr_mean,perceptr_var,tempo,mfcc1_mean,mfcc1_var,mfcc2_mean,mfcc2_var,mfcc3_mean,mfcc3_var,mfcc4_mean,mfcc4_var,mfcc5_mean,mfcc5_var,mfcc6_mean,mfcc6_var,mfcc7_mean,mfcc7_var,mfcc8_mean,mfcc8_var,mfcc9_mean,mfcc9_var,mfcc10_mean,mfcc10_var,mfcc11_mean,mfcc11_var,mfcc12_mean,mfcc12_var,mfcc13_mean,mfcc13_var,mfcc14_mean,mfcc14_var,mfcc15_mean,mfcc15_var,mfcc16_mean,mfcc16_var,mfcc17_mean,mfcc17_var,mfcc18_mean,mfcc18_var,mfcc19_mean,mfcc19_var,mfcc20_mean,mfcc20_var
0.31963512,0.09188178,0.060456336,0.00079167035,2946.6326071058666,1008866.1522669423,3203.143085072344,207827.6457343598,6983.236092481148,3244568.981510439,0.10852154630703789,0.004503730980195873,-0.0012631174,0.0023232866,-0.0012354153,0.0012026582,123.046875,-212.2839,4089.5005,65.78227,798.83435,45.207645,731.97876,19.728804,315.91467,11.81109,230.31354,8.058759,133.3038,4.425894,121.355644,4.2154007,56.282013,-2.3198674,63.588566,-2.2011733,69.84462,-1.635112,59.05926,-4.6608105,35.548466,-3.7225633,46.08182,-6.775609,55.56714,-2.9975386,42.79228,-6.5122967,51.381004,-10.916957,73.29629,-3.3977473,87.57095,-1.2068572,109.74338,-3.110246,115.79924
