chroma_stft_mean,chroma_stft_var,rms_mean,rms_var,spectral_centroid_mean,spectral_centroid_var,spectral_bandwidth_mean,spectral_bandwidth_var,rolloff_mean,rolloff_var,zero_crossing_rate_mean,zero_crossing_rate_var,harmony_mean,harmony_var,perceptr_mean,perceptr_var,tempo,mfcc1_mean,mfcc1_var,mfcc2_mean,mfcc2_var,mfcc3_mean,mfcc3_var,mfcc4_mean,mfcc4_var,mfcc5_mean,mfcc5_var,mfcc6_mean,mfcc6_var,mfcc7_mean,mfcc7_var,mfcc8_mean,mfcc8_var,mfcc9_mean,mfcc9_var,mfcc10_mean,mfcc10_var,mfcc11_mean,mfcc11_var,mfcc12_mean,mfcc12_var,mfcc13_mean,mfcc13_var,mfcc14_mean,mfcc14_var,mfcc15_mean,mfcc15_var,mfcc16_mean,mfcc16_var,mfcc17_mean,mfcc17_var,mfcc18_mean,mfcc18_var,mfcc19_mean,mfcc19_var,mfcc20_mean,mfcc20_var
0.32963905,0.09369634,0.053076725,0.0003653333,1711.1692946901107,1534117.1087640189,2309.187256287416,690442.0336972441,3491.7013146207946,8308336.347161512,0.05584948097931168,0.002803697488167925,-0.001680639,0.0026171913,-0.001141091,0.00018832437,123.046875,-302.8243,7840.9434,116.21838,2550.7195,44.6891,716.5582,25.962639,531.14355,18.715103,294.01685,7.5668535,180.13333,7.3339343,148.60832,4.0336523,95.5446,-4.1819897,144.84308,0.8796674,134.49562,0.95483494,178.00981,2.8209014,96.25039,1.4063514,127.16215,-3.4743688,105.81403,-0.8914467,111.01101,0.5921215,63.619007,-0.8123584,97.731834,-2.380754,86.85463,0.36877888,75.31689,-1.8517039,125.85586
