chroma_stft_mean,chroma_stft_var,rms_mean,rms_var,spectral_centroid_mean,spectral_centroid_var,spectral_bandwidth_mean,spectral_bandwidth_var,rolloff_mean,rolloff_var,zero_crossing_rate_mean,zero_crossing_rate_var,harmony_mean,harmony_var,perceptr_mean,perceptr_var,tempo,mfcc1_mean,mfcc1_var,mfcc2_mean,mfcc2_var,mfcc3_mean,mfcc3_var,mfcc4_mean,mfcc4_var,mfcc5_mean,mfcc5_var,mfcc6_mean,mfcc6_var,mfcc7_mean,mfcc7_var,mfcc8_mean,mfcc8_var,mfcc9_mean,mfcc9_var,mfcc10_mean,mfcc10_var,mfcc11_mean,mfcc11_var,mfcc12_mean,mfcc12_var,mfcc13_mean,mfcc13_var,mfcc14_mean,mfcc14_var,mfcc15_mean,mfcc15_var,mfcc16_mean,mfcc16_var,mfcc17_mean,mfcc17_var,mfcc18_mean,mfcc18_var,mfcc19_mean,mfcc19_var,mfcc20_mean,mfcc20_var
0.40552753,0.08145084,0.1032749,0.00059981475,2796.584436106161,627648.0019559889,2891.159884914648,229176.77147198838,6203.061330843968,3543033.7293528803,0.13464402673047177,0.002611599095974347,-0.001057979,0.0051109204,-0.0021695255,0.0026148013,89.10290948275862,-82.69719,1410.3275,83.51688,528.43555,-0.5975726,225.71597,10.497101,232.92073,10.424636,76.83299,7.0697875,68.67776,5.07857,90.68461,0.07893475,68.44983,-0.2058568,58.742424,-0.9349144,46.133312,-0.09674311,46.96073,-1.7009898,45.655544,-1.0193595,43.128937,0.17545809,53.454937,2.3960109,57.692375,-0.4493687,49.11549,0.85133255,67.18792,-1.857309,63.245686,-4.5129642,50.312363,-3.1955388,41.01671
