chroma_stft_mean,chroma_stft_var,rms_mean,rms_var,spectral_centroid_mean,spectral_centroid_var,spectral_bandwidth_mean,spectral_bandwidth_var,rolloff_mean,rolloff_var,zero_crossing_rate_mean,zero_crossing_rate_var,harmony_mean,harmony_var,perceptr_mean,perceptr_var,tempo,mfcc1_mean,mfcc1_var,mfcc2_mean,mfcc2_var,mfcc3_mean,mfcc3_var,mfcc4_mean,mfcc4_var,mfcc5_mean,mfcc5_var,mfcc6_mean,mfcc6_var,mfcc7_mean,mfcc7_var,mfcc8_mean,mfcc8_var,mfcc9_mean,mfcc9_var,mfcc10_mean,mfcc10_var,mfcc11_mean,mfcc11_var,mfcc12_mean,mfcc12_var,mfcc13_mean,mfcc13_var,mfcc14_mean,mfcc14_var,mfcc15_mean,mfcc15_var,mfcc16_mean,mfcc16_var,mfcc17_mean,mfcc17_var,mfcc18_mean,mfcc18_var,mfcc19_mean,mfcc19_var,mfcc20_mean,mfcc20_var
0.3929944,0.0763977,0.16573809,0.0010295698,2334.5190611030093,113049.89785691602,2208.0601552256217,44237.83929597671,4819.107544228538,706278.8742001909,0.12855316185711524,0.0007913492263565582,-0.00023772012,0.016274685,-0.0017210821,0.0047213724,129.19921875,-42.662823,770.21735,102.988686,165.50061,-36.8779,166.22334,44.5166,81.47267,-11.9962015,93.224335,25.576914,65.399315,-22.668953,51.150826,28.336857,37.084045,-19.271856,31.519716,21.482964,38.18266,-15.258891,35.391766,11.748107,31.61184,-11.575924,24.600233,4.7860646,31.50818,-13.024809,28.989157,4.361161,31.320784,-11.952075,24.097263,0.89715636,45.982723,-0.47479376,54.53342,1.299921,38.834114
