chroma_stft_mean,chroma_stft_var,rms_mean,rms_var,spectral_centroid_mean,spectral_centroid_var,spectral_bandwidth_mean,spectral_bandwidth_var,rolloff_mean,rolloff_var,zero_crossing_rate_mean,zero_crossing_rate_var,harmony_mean,harmony_var,perceptr_mean,perceptr_var,tempo,mfcc1_mean,mfcc1_var,mfcc2_mean,mfcc2_var,mfcc3_mean,mfcc3_var,mfcc4_mean,mfcc4_var,mfcc5_mean,mfcc5_var,mfcc6_mean,mfcc6_var,mfcc7_mean,mfcc7_var,mfcc8_mean,mfcc8_var,mfcc9_mean,mfcc9_var,mfcc10_mean,mfcc10_var,mfcc11_mean,mfcc11_var,mfcc12_mean,mfcc12_var,mfcc13_mean,mfcc13_var,mfcc14_mean,mfcc14_var,mfcc15_mean,mfcc15_var,mfcc16_mean,mfcc16_var,mfcc17_mean,mfcc17_var,mfcc18_mean,mfcc18_var,mfcc19_mean,mfcc19_var,mfcc20_mean,mfcc20_var
0.45448428,0.07846687,0.16095097,0.0025117525,2025.0641305486586,218833.26901935771,2215.1627775406264,71460.43807582674,4570.99275168576,1008339.166451667,0.09080369658739366,0.0012385431229758213,-0.0014524795,0.010409006,0.0004989644,0.008340821,112.34714673913044,-79.81995,3290.91,109.9367,360.19016,-17.13555,252.8134,47.21409,222.81366,-11.933718,129.27356,33.32855,87.94218,-11.712043,90.2595,23.636423,61.814735,-13.6773205,90.437546,18.445545,67.98677,-6.9493895,63.916546,13.0382805,42.793327,-11.589943,42.33169,9.098724,42.857716,-5.9574623,28.274363,4.9145265,40.22916,-8.714125,50.218163,3.7107124,40.904648,-5.1020746,65.0396,2.6278586,57.362915
