chroma_stft_mean,chroma_stft_var,rms_mean,rms_var,spectral_centroid_mean,spectral_centroid_var,spectral_bandwidth_mean,spectral_bandwidth_var,rolloff_mean,rolloff_var,zero_crossing_rate_mean,zero_crossing_rate_var,harmony_mean,harmony_var,perceptr_mean,perceptr_var,tempo,mfcc1_mean,mfcc1_var,mfcc2_mean,mfcc2_var,mfcc3_mean,mfcc3_var,mfcc4_mean,mfcc4_var,mfcc5_mean,mfcc5_var,mfcc6_mean,mfcc6_var,mfcc7_mean,mfcc7_var,mfcc8_mean,mfcc8_var,mfcc9_mean,mfcc9_var,mfcc10_mean,mfcc10_var,mfcc11_mean,mfcc11_var,mfcc12_mean,mfcc12_var,mfcc13_mean,mfcc13_var,mfcc14_mean,mfcc14_var,mfcc15_mean,mfcc15_var,mfcc16_mean,mfcc16_var,mfcc17_mean,mfcc17_var,mfcc18_mean,mfcc18_var,mfcc19_mean,mfcc19_var,mfcc20_mean,mfcc20_var
0.37620473,0.092475414,0.1281802,0.0037958606,1181.326607089661,275338.31738467247,1607.70136056013,259362.38349924886,2367.3450301805397,2083130.780484415,0.04253295992846094,0.00038905118978240107,-7.562102e-07,0.013697725,-7.3335075e-05,0.0030512284,151.99908088235293,-178.60347,4753.15,154.00502,885.8791,-4.958517,456.54056,21.928644,201.19951,-2.0540266,136.18881,23.674204,76.299576,-1.284849,128.36229,11.562133,71.51964,-6.027086,110.39528,4.947251,68.50321,-2.940482,62.627193,5.409077,37.261837,-4.123982,63.24452,2.9835277,51.947952,-5.321567,49.810738,-8.830944,57.607018,-11.077199,40.246956,-3.2063417,29.992115,3.858218,32.904152,3.5543106,32.467808
