chroma_stft_mean,chroma_stft_var,rms_mean,rms_var,spectral_centroid_mean,spectral_centroid_var,spectral_bandwidth_mean,spectral_bandwidth_var,rolloff_mean,rolloff_var,zero_crossing_rate_mean,zero_crossing_rate_var,harmony_mean,harmony_var,perceptr_mean,perceptr_var,tempo,mfcc1_mean,mfcc1_var,mfcc2_mean,mfcc2_var,mfcc3_mean,mfcc3_var,mfcc4_mean,mfcc4_var,mfcc5_mean,mfcc5_var,mfcc6_mean,mfcc6_var,mfcc7_mean,mfcc7_var,mfcc8_mean,mfcc8_var,mfcc9_mean,mfcc9_var,mfcc10_mean,mfcc10_var,mfcc11_mean,mfcc11_var,mfcc12_mean,mfcc12_var,mfcc13_mean,mfcc13_var,mfcc14_mean,mfcc14_var,mfcc15_mean,mfcc15_var,mfcc16_mean,mfcc16_var,mfcc17_mean,mfcc17_var,mfcc18_mean,mfcc18_var,mfcc19_mean,mfcc19_var,mfcc20_mean,mfcc20_var
0.3692198,0.087509915,0.12614734,0.0030830374,2639.1039096273103,606951.679482264,2512.6868986501595,237348.92940076083,5302.99675536543,2600158.4225373506,0.1324454393851508,0.003145667683973978,-0.0017133805,0.007359526,-0.0016133686,0.0063990937,117.45383522727273,-89.08187,4752.8213,81.389336,892.21155,-12.564247,623.4786,22.778366,192.7659,-7.0668626,151.60162,-0.49518743,154.18248,2.7513537,151.57343,-3.4457023,80.937164,-7.7104874,76.62858,-0.84374905,85.88556,-4.8830285,63.38097,-2.6869318,77.06782,-5.2926173,63.061466,-4.595775,47.8216,-2.9711185,59.45666,-2.2105966,48.14464,-3.5639029,40.738506,-1.0050803,62.34636,-0.49868187,69.218445,-0.97403556,69.53815
