chroma_stft_mean,chroma_stft_var,rms_mean,rms_var,spectral_centroid_mean,spectral_centroid_var,spectral_bandwidth_mean,spectral_bandwidth_var,rolloff_mean,rolloff_var,zero_crossing_rate_mean,zero_crossing_rate_var,harmony_mean,harmony_var,perceptr_mean,perceptr_var,tempo,mfcc1_mean,mfcc1_var,mfcc2_mean,mfcc2_var,mfcc3_mean,mfcc3_var,mfcc4_mean,mfcc4_var,mfcc5_mean,mfcc5_var,mfcc6_mean,mfcc6_var,mfcc7_mean,mfcc7_var,mfcc8_mean,mfcc8_var,mfcc9_mean,mfcc9_var,mfcc10_mean,mfcc10_var,mfcc11_mean,mfcc11_var,mfcc12_mean,mfcc12_var,mfcc13_mean,mfcc13_var,mfcc14_mean,mfcc14_var,mfcc15_mean,mfcc15_var,mfcc16_mean,mfcc16_var,mfcc17_mean,mfcc17_var,mfcc18_mean,mfcc18_var,mfcc19_mean,mfcc19_var,mfcc20_mean,mfcc20_var
0.4202275,0.08820721,0.13980499,0.0033981963,2739.501165243808,408642.9563142946,2541.9440543276173,168155.65172690246,5326.7365705662705,1986257.1240366525,0.14395686811194897,0.0026607509363414266,1.8719808e-06,0.008889056,-5.364988e-06,0.00725169,89.10290948275862,-62.13462,4700.259,75.87379,527.25195,-26.72933,425.70148,18.281229,205.15181,2.45904,81.21573,5.8335547,73.0828,11.579477,113.16734,0.010207033,71.406334,8.693243,81.697914,5.5156765,58.24729,-0.24614884,38.887535,2.398875,53.281456,-1.7415357,51.363026,-3.1665978,56.97736,2.002597,51.65857,-1.4131923,39.987522,-5.528636,52.81407,-2.5277913,55.65326,0.6214495,45.64651,-1.4029925,54.191658
