chroma_stft_mean,chroma_stft_var,rms_mean,rms_var,spectral_centroid_mean,spectral_centroid_var,spectral_bandwidth_mean,spectral_bandwidth_var,rolloff_mean,rolloff_var,zero_crossing_rate_mean,zero_crossing_rate_var,harmony_mean,harmony_var,perceptr_mean,perceptr_var,tempo,mfcc1_mean,mfcc1_var,mfcc2_mean,mfcc2_var,mfcc3_mean,mfcc3_var,mfcc4_mean,mfcc4_var,mfcc5_mean,mfcc5_var,mfcc6_mean,mfcc6_var,mfcc7_mean,mfcc7_var,mfcc8_mean,mfcc8_var,mfcc9_mean,mfcc9_var,mfcc10_mean,mfcc10_var,mfcc11_mean,mfcc11_var,mfcc12_mean,mfcc12_var,mfcc13_mean,mfcc13_var,mfcc14_mean,mfcc14_var,mfcc15_mean,mfcc15_var,mfcc16_mean,mfcc16_var,mfcc17_mean,mfcc17_var,mfcc18_mean,mfcc18_var,mfcc19_mean,mfcc19_var,mfcc20_mean,mfcc20_var
0.38332304,0.08043397,0.15266521,0.001178072,2263.2031093260816,231109.9749304575,2150.226328920084,57601.34650173136,4603.001117042489,934485.9183216651,0.12290601737722351,0.0021532998742007196,-4.5479755e-05,0.013161714,-0.0010336192,0.004257314,112.34714673913044,-58.981987,951.8757,106.57721,382.3376,-31.803864,182.6668,47.910946,124.65966,-17.425423,123.44834,27.75524,87.7381,-14.010047,100.47048,22.419035,46.00246,-20.54954,53.643997,19.562534,65.551704,-14.581267,41.71588,10.176432,35.24581,-10.946365,48.209206,4.524342,33.65688,-9.725236,52.114147,4.615562,43.033257,-10.112679,29.886997,1.4581627,31.47116,-3.0046,33.180477,-0.62048066,32.00525
