chroma_stft_mean,chroma_stft_var,rms_mean,rms_var,spectral_centroid_mean,spectral_centroid_var,spectral_bandwidth_mean,spectral_bandwidth_var,rolloff_mean,rolloff_var,zero_crossing_rate_mean,zero_crossing_rate_var,harmony_mean,harmony_var,perceptr_mean,perceptr_var,tempo,mfcc1_mean,mfcc1_var,mfcc2_mean,mfcc2_var,mfcc3_mean,mfcc3_var,mfcc4_mean,mfcc4_var,mfcc5_mean,mfcc5_var,mfcc6_mean,mfcc6_var,mfcc7_mean,mfcc7_var,mfcc8_mean,mfcc8_var,mfcc9_mean,mfcc9_var,mfcc10_mean,mfcc10_var,mfcc11_mean,mfcc11_var,mfcc12_mean,mfcc12_var,mfcc13_mean,mfcc13_var,mfcc14_mean,mfcc14_var,mfcc15_mean,mfcc15_var,mfcc16_mean,mfcc16_var,mfcc17_mean,mfcc17_var,mfcc18_mean,mfcc18_var,mfcc19_mean,mfcc19_var,mfcc20_mean,mfcc20_var
0.40252107,0.08867974,0.07916758,0.0002482251,2669.3593345236,459574.82937339105,2440.4637806887617,84924.46985577693,5445.8670695868805,1368321.2646247721,0.13342209570917182,0.004557295710476564,0.00063515274,0.004010371,0.0012992346,0.00095577736,151.99908088235293,-123.34534,2638.291,74.88168,637.5639,-17.058035,273.49777,31.609985,200.48418,2.5446815,108.10187,17.32831,89.28474,-3.8152325,101.97509,9.7234535,61.39626,-7.237524,65.99234,11.2586565,46.9783,0.38198882,44.053905,3.4685218,48.984657,1.663686,70.568634,-3.1594355,49.43048,-1.0820168,44.15233,0.3157254,43.701283,-5.9876003,50.225594,-0.31926423,72.70314,-2.3376036,65.23295,-4.321616,50.450195
