chroma_stft_mean,chroma_stft_var,rms_mean,rms_var,spectral_centroid_mean,spectral_centroid_var,spectral_bandwidth_mean,spectral_bandwidth_var,rolloff_mean,rolloff_var,zero_crossing_rate_mean,zero_crossing_rate_var,harmony_mean,harmony_var,perceptr_mean,perceptr_var,tempo,mfcc1_mean,mfcc1_var,mfcc2_mean,mfcc2_var,mfcc3_mean,mfcc3_var,mfcc4_mean,mfcc4_var,mfcc5_mean,mfcc5_var,mfcc6_mean,mfcc6_var,mfcc7_mean,mfcc7_var,mfcc8_mean,mfcc8_var,mfcc9_mean,mfcc9_var,mfcc10_mean,mfcc10_var,mfcc11_mean,mfcc11_var,mfcc12_mean,mfcc12_var,mfcc13_mean,mfcc13_var,mfcc14_mean,mfcc14_var,mfcc15_mean,mfcc15_var,mfcc16_mean,mfcc16_var,mfcc17_mean,mfcc17_var,mfcc18_mean,mfcc18_var,mfcc19_mean,mfcc19_var,mfcc20_mean,mfcc20_var
0.3929219,0.07989615,0.16144805,0.0025404857,2158.1594853409792,249351.91201699327,2060.651234509196,61847.45414897691,4245.813073248985,924481.4924985582,0.121568436412413,0.00287810113160439,-6.33477e-05,0.012854741,-0.0010254654,0.0059099942,129.19921875,-55.33593,1250.0803,114.42697,420.3429,-34.03885,272.69794,37.9975,158.64417,-22.330322,184.83379,18.537243,113.25945,-18.15919,109.2835,13.812106,59.18038,-27.804724,98.93144,18.16542,69.27639,-14.628684,49.030746,6.551334,57.451996,-8.264944,49.37761,-2.2530942,51.234013,-11.602567,37.20732,2.495975,40.120647,-10.939674,43.63394,0.71032476,45.851677,-0.6814992,39.167572,-0.06265691,44.91288
