chroma_stft_mean,chroma_stft_var,rms_mean,rms_var,spectral_centroid_mean,spectral_centroid_var,spectral_bandwidth_mean,spectral_bandwidth_var,rolloff_mean,rolloff_var,zero_crossing_rate_mean,zero_crossing_rate_var,harmony_mean,harmony_var,perceptr_mean,perceptr_var,tempo,mfcc1_mean,mfcc1_var,mfcc2_mean,mfcc2_var,mfcc3_mean,mfcc3_var,mfcc4_mean,mfcc4_var,mfcc5_mean,mfcc5_var,mfcc6_mean,mfcc6_var,mfcc7_mean,mfcc7_var,mfcc8_mean,mfcc8_var,mfcc9_mean,mfcc9_var,mfcc10_mean,mfcc10_var,mfcc11_mean,mfcc11_var,mfcc12_mean,mfcc12_var,mfcc13_mean,mfcc13_var,mfcc14_mean,mfcc14_var,mfcc15_mean,mfcc15_var,mfcc16_mean,mfcc16_var,mfcc17_mean,mfcc17_var,mfcc18_mean,mfcc18_var,mfcc19_mean,mfcc19_var,mfcc20_mean,mfcc20_var
0.3010271,0.085813515,0.087437816,0.0002007268,2438.175192954676,1006086.9880719887,2790.3360618213183,230014.14381146725,5499.360249601218,4198705.838683631,0.09895493462393658,0.004250416949414565,-0.001666301,0.005471274,-0.0016196256,0.0008022826,123.046875,-142.00829,1280.1829,96.975395,864.4258,23.25415,323.60287,10.455744,145.65475,6.2936463,107.467155,4.9634185,81.10451,1.0708207,77.8237,1.1035849,55.052227,-4.8490777,64.908226,0.8722024,62.5048,-3.44915,57.388714,-2.0109098,61.618324,-5.9014354,54.536472,-6.031104,49.11586,-2.1139178,58.153614,-6.1682496,60.275352,-0.30380738,75.176476,5.0942173,107.86712,0.12770632,97.76854,1.6715821,94.25695
