chroma_stft_mean,chroma_stft_var,rms_mean,rms_var,spectral_centroid_mean,spectral_centroid_var,spectral_bandwidth_mean,spectral_bandwidth_var,rolloff_mean,rolloff_var,zero_crossing_rate_mean,zero_crossing_rate_var,harmony_mean,harmony_var,perceptr_mean,perceptr_var,tempo,mfcc1_mean,mfcc1_var,mfcc2_mean,mfcc2_var,mfcc3_mean,mfcc3_var,mfcc4_mean,mfcc4_var,mfcc5_mean,mfcc5_var,mfcc6_mean,mfcc6_var,mfcc7_mean,mfcc7_var,mfcc8_mean,mfcc8_var,mfcc9_mean,mfcc9_var,mfcc10_mean,mfcc10_var,mfcc11_mean,mfcc11_var,mfcc12_mean,mfcc12_var,mfcc13_mean,mfcc13_var,mfcc14_mean,mfcc14_var,mfcc15_mean,mfcc15_var,mfcc16_mean,mfcc16_var,mfcc17_mean,mfcc17_var,mfcc18_mean,mfcc18_var,mfcc19_mean,mfcc19_var,mfcc20_mean,mfcc20_var
0.45177335,0.073094755,0.11334493,0.0009830364,2626.8195142103973,407054.3750784724,2442.645410854308,148733.59568819488,5047.29621338457,1849781.5459419484,0.14627101157675948,0.002434224210761945,-0.0026147284,0.0052860742,-0.0028989594,0.0041181045,129.19921875,-71.13559,1828.0012,79.458374,489.19827,-20.803537,355.93732,30.648138,232.47679,5.5313945,87.6017,3.7041204,74.35818,4.7037277,72.91216,7.2695193,47.696,-5.4862065,68.53649,2.504747,53.543148,0.8459367,42.68113,-0.57976204,40.079266,-1.8930234,35.110775,-4.7903395,28.540356,-3.0437052,35.782154,-3.866341,34.680637,-6.895356,32.33062,-3.7750762,40.622902,-4.796012,35.086567,-4.7957544,31.447502
