chroma_stft_mean,chroma_stft_var,rms_mean,rms_var,spectral_centroid_mean,spectral_centroid_var,spectral_bandwidth_mean,spectral_bandwidth_var,rolloff_mean,rolloff_var,zero_crossing_rate_mean,zero_crossing_rate_var,harmony_mean,harmony_var,perceptr_mean,perceptr_var,tempo,mfcc1_mean,mfcc1_var,mfcc2_mean,mfcc2_var,mfcc3_mean,mfcc3_var,mfcc4_mean,mfcc4_var,mfcc5_mean,mfcc5_var,mfcc6_mean,mfcc6_var,mfcc7_mean,mfcc7_var,mfcc8_mean,mfcc8_var,mfcc9_mean,mfcc9_var,mfcc10_mean,mfcc10_var,mfcc11_mean,mfcc11_var,mfcc12_mean,mfcc12_var,mfcc13_mean,mfcc13_var,mfcc14_mean,mfcc14_var,mfcc15_mean,mfcc15_var,mfcc16_mean,mfcc16_var,mfcc17_mean,mfcc17_var,mfcc18_mean,mfcc18_var,mfcc19_mean,mfcc19_var,mfcc20_mean,mfcc20_var
0.33951104,0.08291649,0.05117929,0.00018354466,2424.519698838249,1144723.1335689805,2927.3422261650103,328270.7160671956,5644.713534113979,6155466.253626461,0.08653680575696056,0.0026817618926204025,-0.0012579781,0.0018850904,-0.0014150584,0.00037884628,117.45383522727273,-219.1163,2118.145,94.37081,1076.8016,42.78751,427.05347,16.115028,290.09705,9.503607,132.86673,12.890873,94.687515,7.7313557,60.36445,2.3898096,50.960484,-1.0204222,61.90029,-1.953544,51.347816,-1.9855666,46.4556,3.1467826,52.362965,-0.8825265,34.742004,-6.855735,52.54906,-5.073762,52.66254,-4.0232706,53.837986,-5.60394,44.89638,-4.995075,103.91506,-2.5028174,98.27908,-4.27858,64.76819
