chroma_stft_mean,chroma_stft_var,rms_mean,rms_var,spectral_centroid_mean,spectral_centroid_var,spectral_bandwidth_mean,spectral_bandwidth_var,rolloff_mean,rolloff_var,zero_crossing_rate_mean,zero_crossing_rate_var,harmony_mean,harmony_var,perceptr_mean,perceptr_var,tempo,mfcc1_mean,mfcc1_var,mfcc2_mean,mfcc2_var,mfcc3_mean,mfcc3_var,mfcc4_mean,mfcc4_var,mfcc5_mean,mfcc5_var,mfcc6_mean,mfcc6_var,mfcc7_mean,mfcc7_var,mfcc8_mean,mfcc8_var,mfcc9_mean,mfcc9_var,mfcc10_mean,mfcc10_var,mfcc11_mean,mfcc11_var,mfcc12_mean,mfcc12_var,mfcc13_mean,mfcc13_var,mfcc14_mean,mfcc14_var,mfcc15_mean,mfcc15_var,mfcc16_mean,mfcc16_var,mfcc17_mean,mfcc17_var,mfcc18_mean,mfcc18_var,mfcc19_mean,mfcc19_var,mfcc20_mean,mfcc20_var
0.31147423,0.08318597,0.14430736,0.0012344437,1651.7562246177304,252110.0511475748,2103.973963881226,316666.0151784923,3455.7460280416185,2381383.0321916216,0.06890203560034802,0.0005114312630844836,2.2745728e-07,0.016877687,-7.0438077e-06,0.0020367694,92.28515625,-118.39433,2392.0813,130.25537,964.48926,-3.0893328,469.25586,15.728805,243.29677,3.9465373,118.54878,10.665425,61.84105,6.837985,46.137474,3.3979802,39.8483,0.76980966,45.914295,-2.5344229,33.147526,-3.1066284,47.984962,-2.8668935,82.86183,-1.6236913,42.506104,-0.20019814,79.235115,0.7412355,72.99862,2.0260448,61.3173,2.0829566,58.869938,4.144146,61.72519,3.1539614,74.198204,2.2534523,64.42416
