chroma_stft_mean,chroma_stft_var,rms_mean,rms_var,spectral_centroid_mean,spectral_centroid_var,spectral_bandwidth_mean,spectral_bandwidth_var,rolloff_mean,rolloff_var,zero_crossing_rate_mean,zero_crossing_rate_var,harmony_mean,harmony_var,perceptr_mean,perceptr_var,tempo,mfcc1_mean,mfcc1_var,mfcc2_mean,mfcc2_var,mfcc3_mean,mfcc3_var,mfcc4_mean,mfcc4_var,mfcc5_mean,mfcc5_var,mfcc6_mean,mfcc6_var,mfcc7_mean,mfcc7_var,mfcc8_mean,mfcc8_var,mfcc9_mean,mfcc9_var,mfcc10_mean,mfcc10_var,mfcc11_mean,mfcc11_var,mfcc12_mean,mfcc12_var,mfcc13_mean,mfcc13_var,mfcc14_mean,mfcc14_var,mfcc15_mean,mfcc15_var,mfcc16_mean,mfcc16_var,mfcc17_mean,mfcc17_var,mfcc18_mean,mfcc18_var,mfcc19_mean,mfcc19_var,mfcc20_mean,mfcc20_var
0.31147614,0.08819713,0.046997484,0.00027291157,2568.395445802274,604457.6980593955,2344.894327861815,104708.19119640857,5364.140726961282,1641529.604852106,0.13763375809648104,0.004209777401967429,-0.0022094673,0.0014269296,-0.0007041967,0.00042307726,172.265625,-203.34494,2001.4716,85.4117,831.31146,-11.576987,297.17157,54.754364,145.7437,-11.617434,111.268585,20.56847,141.90054,-27.760782,141.80746,18.873287,67.78323,-31.642633,172.113,10.700183,104.295135,-11.927795,82.77911,4.1321464,82.84096,-3.9985473,102.45242,1.7360578,65.47437,-7.907964,81.29253,4.3033795,73.946236,-11.239041,60.688564,-1.1848902,55.864227,-5.0327396,60.186214,-2.3639996,49.78458
