chroma_stft_mean,chroma_stft_var,rms_mean,rms_var,spectral_centroid_mean,spectral_centroid_var,spectral_bandwidth_mean,spectral_bandwidth_var,rolloff_mean,rolloff_var,zero_crossing_rate_mean,zero_crossing_rate_var,harmony_mean,harmony_var,perceptr_mean,perceptr_var,tempo,mfcc1_mean,mfcc1_var,mfcc2_mean,mfcc2_var,mfcc3_mean,mfcc3_var,mfcc4_mean,mfcc4_var,mfcc5_mean,mfcc5_var,mfcc6_mean,mfcc6_var,mfcc7_mean,mfcc7_var,mfcc8_mean,mfcc8_var,mfcc9_mean,mfcc9_var,mfcc10_mean,mfcc10_var,mfcc11_mean,mfcc11_var,mfcc12_mean,mfcc12_var,mfcc13_mean,mfcc13_var,mfcc14_mean,mfcc14_var,mfcc15_mean,mfcc15_var,mfcc16_mean,mfcc16_var,mfcc17_mean,mfcc17_var,mfcc18_mean,mfcc18_var,mfcc19_mean,mfcc19_var,mfcc20_mean,mfcc20_var
0.29978907,0.08569216,0.08831079,0.00044200028,2072.154517807153,801022.0234693919,2739.7629398430363,238558.8981680782,4688.517743528857,5383718.671384813,0.06905497752320186,0.002358579284890683,-0.0013087871,0.0054493225,-0.0018356998,0.0008804441,123.046875,-193.64023,4446.556,98.43583,848.9793,44.057926,681.8493,23.775482,217.64061,12.580539,141.84036,8.4607725,83.8337,2.1690934,82.045265,-0.3445762,56.580082,-8.183044,62.960915,-9.117337,50.650333,-5.2378254,63.078102,-4.8426147,46.43174,-1.3743817,46.226036,-1.2646358,94.25615,3.216643,79.45167,3.6884453,72.57322,1.3845587,88.673485,2.7153342,141.49123,1.7022024,63.799225,-1.791089,84.507866
