chroma_stft_mean,chroma_stft_var,rms_mean,rms_var,spectral_centroid_mean,spectral_centroid_var,spectral_bandwidth_mean,spectral_bandwidth_var,rolloff_mean,rolloff_var,zero_crossing_rate_mean,zero_crossing_rate_var,harmony_mean,harmony_var,perceptr_mean,perceptr_var,tempo,mfcc1_mean,mfcc1_var,mfcc2_mean,mfcc2_var,mfcc3_mean,mfcc3_var,mfcc4_mean,mfcc4_var,mfcc5_mean,mfcc5_var,mfcc6_mean,mfcc6_var,mfcc7_mean,mfcc7_var,mfcc8_mean,mfcc8_var,mfcc9_mean,mfcc9_var,mfcc10_mean,mfcc10_var,mfcc11_mean,mfcc11_var,mfcc12_mean,mfcc12_var,mfcc13_mean,mfcc13_var,mfcc14_mean,mfcc14_var,mfcc15_mean,mfcc15_var,mfcc16_mean,mfcc16_var,mfcc17_mean,mfcc17_var,mfcc18_mean,mfcc18_var,mfcc19_mean,mfcc19_var,mfcc20_mean,mfcc20_var
0.38269338,0.08606619,0.09327006,0.0010317386,2975.773811493968,296288.40132127865,2423.2053157610785,51001.52706862603,5926.5353669699825,675951.6442163006,0.1837123271945089,0.004122790078151783,-1.8149728e-06,0.0043944824,-2.1069254e-05,0.0023377873,99.38401442307692,-95.44648,2345.5193,78.33685,297.0376,-26.221182,290.216,44.241337,115.31615,-22.469748,128.21143,29.748888,85.38425,-21.57327,91.62349,23.954363,65.1843,-16.57705,48.267002,20.47198,47.246857,-19.63077,70.175064,13.887503,55.31015,-12.625713,63.54433,6.2481356,62.104923,-7.6665807,49.150715,7.4061184,53.477234,-9.415544,65.69381,9.65207,91.36403,-3.7834232,62.416794,1.066947,78.261116
