chroma_stft_mean,chroma_stft_var,rms_mean,rms_var,spectral_centroid_mean,spectral_centroid_var,spectral_bandwidth_mean,spectral_bandwidth_var,rolloff_mean,rolloff_var,zero_crossing_rate_mean,zero_crossing_rate_var,harmony_mean,harmony_var,perceptr_mean,perceptr_var,tempo,mfcc1_mean,mfcc1_var,mfcc2_mean,mfcc2_var,mfcc3_mean,mfcc3_var,mfcc4_mean,mfcc4_var,mfcc5_mean,mfcc5_var,mfcc6_mean,mfcc6_var,mfcc7_mean,mfcc7_var,mfcc8_mean,mfcc8_var,mfcc9_mean,mfcc9_var,mfcc10_mean,mfcc10_var,mfcc11_mean,mfcc11_var,mfcc12_mean,mfcc12_var,mfcc13_mean,mfcc13_var,mfcc14_mean,mfcc14_var,mfcc15_mean,mfcc15_var,mfcc16_mean,mfcc16_var,mfcc17_mean,mfcc17_var,mfcc18_mean,mfcc18_var,mfcc19_mean,mfcc19_var,mfcc20_mean,mfcc20_var
0.41854024,0.08253541,0.18004455,0.0012299877,2445.1189674157067,372126.0526432762,2434.0559164690508,110187.6746709737,5173.572711988834,1220142.5925196162,0.11150145917923433,0.0022686079244187383,-0.0004804111,0.019377714,-0.002823245,0.005308218,123.046875,-42.399296,1373.31,85.04793,534.1272,-7.383805,308.8762,40.714485,121.70526,-1.0092217,75.55319,18.923359,83.665886,-3.5411758,56.034973,5.871917,40.51244,-5.0200562,42.060104,4.245414,46.842983,-3.1746843,43.59066,-0.5802537,44.570923,-0.52992374,42.525234,2.3431058,33.37123,-0.36667266,29.040686,-4.1084723,33.16105,-3.8572705,29.973263,-3.9110954,25.36839,-5.780759,30.610647,-4.3296633,29.497599
