chroma_stft_mean,chroma_stft_var,rms_mean,rms_var,spectral_centroid_mean,spectral_centroid_var,spectral_bandwidth_mean,spectral_bandwidth_var,rolloff_mean,rolloff_var,zero_crossing_rate_mean,zero_crossing_rate_var,harmony_mean,harmony_var,perceptr_mean,perceptr_var,tempo,mfcc1_mean,mfcc1_var,mfcc2_mean,mfcc2_var,mfcc3_mean,mfcc3_var,mfcc4_mean,mfcc4_var,mfcc5_mean,mfcc5_var,mfcc6_mean,mfcc6_var,mfcc7_mean,mfcc7_var,mfcc8_mean,mfcc8_var,mfcc9_mean,mfcc9_var,mfcc10_mean,mfcc10_var,mfcc11_mean,mfcc11_var,mfcc12_mean,mfcc12_var,mfcc13_mean,mfcc13_var,mfcc14_mean,mfcc14_var,mfcc15_mean,mfcc15_var,mfcc16_mean,mfcc16_var,mfcc17_mean,mfcc17_var,mfcc18_mean,mfcc18_var,mfcc19_mean,mfcc19_var,mfcc20_mean,mfcc20_var
0.38331518,0.0870288,0.22182517,0.0024335997,2344.5259235128556,274368.6511968687,2374.8837223701676,99938.084242476,4728.642093571088,1176876.3495799622,0.11589709565839694,0.0016669991919297065,0.00015293722,0.027343981,0.0017279563,0.009342178,92.28515625,-26.406563,1052.4598,85.88428,488.55753,-17.211609,233.5747,35.311554,126.9444,9.982888,152.89627,10.665746,72.84443,1.3990859,63.59555,4.5759234,61.6333,-0.12147764,51.603783,2.0990708,47.13981,0.32295215,82.78877,5.3930078,43.60534,-1.0125064,48.943913,0.37318322,33.455475,-1.6099939,52.5099,-2.4630904,53.135193,-5.9575667,43.86705,-1.5919791,46.816715,-6.750192,54.27889,-1.347262,54.01271
