chroma_stft_mean,chroma_stft_var,rms_mean,rms_var,spectral_centroid_mean,spectral_centroid_var,spectral_bandwidth_mean,spectral_bandwidth_var,rolloff_mean,rolloff_var,zero_crossing_rate_mean,zero_crossing_rate_var,harmony_mean,harmony_var,perceptr_mean,perceptr_var,tempo,mfcc1_mean,mfcc1_var,mfcc2_mean,mfcc2_var,mfcc3_mean,mfcc3_var,mfcc4_mean,mfcc4_var,mfcc5_mean,mfcc5_var,mfcc6_mean,mfcc6_var,mfcc7_mean,mfcc7_var,mfcc8_mean,mfcc8_var,mfcc9_mean,mfcc9_var,mfcc10_mean,mfcc10_var,mfcc11_mean,mfcc11_var,mfcc12_mean,mfcc12_var,mfcc13_mean,mfcc13_var,mfcc14_mean,mfcc14_var,mfcc15_mean,mfcc15_var,mfcc16_mean,mfcc16_var,mfcc17_mean,mfcc17_var,mfcc18_mean,mfcc18_var,mfcc19_mean,mfcc19_var,mfcc20_mean,mfcc20_var
0.40352795,0.084468946,0.16540022,0.0023565714,1933.3373461978688,422482.42647374497,2211.284995009557,96112.39358991348,4359.765851580626,1777428.3163176377,0.08170157518851508,0.0026586469849938766,-0.0015815311,0.016820373,0.0004477235,0.0051983367,103.359375,-95.375534,2887.1855,112.45124,588.69244,-2.0774407,414.6,47.046688,206.05463,-10.369908,115.98645,29.785522,84.82973,-15.113547,65.29721,20.186108,49.011715,-12.673779,52.605534,16.497211,69.31463,-7.8592286,46.71645,11.876695,49.49901,-11.1869955,42.22956,8.866213,39.333473,-4.952222,42.064827,0.9222928,38.92721,-6.1117043,39.82382,3.2416008,43.125546,-8.060127,57.50504,0.73700464,35.65268
