chroma_stft_mean,chroma_stft_var,rms_mean,rms_var,spectral_centroid_mean,spectral_centroid_var,spectral_bandwidth_mean,spectral_bandwidth_var,rolloff_mean,rolloff_var,zero_crossing_rate_mean,zero_crossing_rate_var,harmony_mean,harmony_var,perceptr_mean,perceptr_var,tempo,mfcc1_mean,mfcc1_var,mfcc2_mean,mfcc2_var,mfcc3_mean,mfcc3_var,mfcc4_mean,mfcc4_var,mfcc5_mean,mfcc5_var,mfcc6_mean,mfcc6_var,mfcc7_mean,mfcc7_var,mfcc8_mean,mfcc8_var,mfcc9_mean,mfcc9_var,mfcc10_mean,mfcc10_var,mfcc11_mean,mfcc11_var,mfcc12_mean,mfcc12_var,mfcc13_mean,mfcc13_var,mfcc14_mean,mfcc14_var,mfcc15_mean,mfcc15_var,mfcc16_mean,mfcc16_var,mfcc17_mean,mfcc17_var,mfcc18_mean,mfcc18_var,mfcc19_mean,mfcc19_var,mfcc20_mean,mfcc20_var
0.37675795,0.081911206,0.20371321,0.0030958725,1542.1092953993345,112771.9404382002,1591.6275688974224,127523.04545815769,2869.7864364305397,639455.8442921967,0.07702117471481051,0.0003190024299724785,5.8045293e-06,0.027477916,-2.0109033e-05,0.0059946976,99.38401442307692,-62.36485,1572.5225,153.79042,975.2122,-55.13121,223.17621,28.010105,143.24887,-6.850295,157.17488,17.46384,99.863846,-22.614672,190.12909,18.14102,78.536156,-12.584327,132.88754,4.5021577,75.72982,-8.390483,61.825478,7.216679,47.548714,-2.523249,47.69909,4.844655,28.73168,-6.2757077,31.911957,-0.71447885,45.18292,-2.2775123,27.141008,-5.244769,41.87875,-5.225095,28.841185,-6.276886,33.442474
