chroma_stft_mean,chroma_stft_var,rms_mean,rms_var,spectral_centroid_mean,spectral_centroid_var,spectral_bandwidth_mean,spectral_bandwidth_var,rolloff_mean,rolloff_var,zero_crossing_rate_mean,zero_crossing_rate_var,harmony_mean,harmony_var,perceptr_mean,perceptr_var,tempo,mfcc1_mean,mfcc1_var,mfcc2_mean,mfcc2_var,mfcc3_mean,mfcc3_var,mfcc4_mean,mfcc4_var,mfcc5_mean,mfcc5_var,mfcc6_mean,mfcc6_var,mfcc7_mean,mfcc7_var,mfcc8_mean,mfcc8_var,mfcc9_mean,mfcc9_var,mfcc10_mean,mfcc10_var,mfcc11_mean,mfcc11_var,mfcc12_mean,mfcc12_var,mfcc13_mean,mfcc13_var,mfcc14_mean,mfcc14_var,mfcc15_mean,mfcc15_var,mfcc16_mean,mfcc16_var,mfcc17_mean,mfcc17_var,mfcc18_mean,mfcc18_var,mfcc19_mean,mfcc19_var,mfcc20_mean,mfcc20_var
0.39529538,0.08077558,0.114658765,0.0012987765,2294.2297351535613,181462.5202049493,2104.263625778017,75789.370288737,4730.226875181264,766653.6194684717,0.12909317901682135,0.0014174605003808153,-0.0010424572,0.0075151105,-0.002404618,0.0028565365,123.046875,-95.25766,1982.7198,103.813416,421.11707,-37.01362,385.77945,52.685883,155.9551,-20.752981,148.0897,27.573769,91.84139,-17.5265,90.68075,24.807493,76.2129,-11.295161,93.67599,16.644753,99.49709,-9.246779,80.20402,10.183925,59.701057,-8.78414,52.562004,1.8383002,46.920322,-3.9530873,47.19754,2.1714826,35.684204,-6.69774,36.866337,5.1020174,28.905376,-9.701118,35.644264,-3.960038,38.71245
