chroma_stft_mean,chroma_stft_var,rms_mean,rms_var,spectral_centroid_mean,spectral_centroid_var,spectral_bandwidth_mean,spectral_bandwidth_var,rolloff_mean,rolloff_var,zero_crossing_rate_mean,zero_crossing_rate_var,harmony_mean,harmony_var,perceptr_mean,perceptr_var,tempo,mfcc1_mean,mfcc1_var,mfcc2_mean,mfcc2_var,mfcc3_mean,mfcc3_var,mfcc4_mean,mfcc4_var,mfcc5_mean,mfcc5_var,mfcc6_mean,mfcc6_var,mfcc7_mean,mfcc7_var,mfcc8_mean,mfcc8_var,mfcc9_mean,mfcc9_var,mfcc10_mean,mfcc10_var,mfcc11_mean,mfcc11_var,mfcc12_mean,mfcc12_var,mfcc13_mean,mfcc13_var,mfcc14_mean,mfcc14_var,mfcc15_mean,mfcc15_var,mfcc16_mean,mfcc16_var,mfcc17_mean,mfcc17_var,mfcc18_mean,mfcc18_var,mfcc19_mean,mfcc19_var,mfcc20_mean,mfcc20_var
0.37117165,0.084835,0.20574446,0.0020263907,2092.996693584495,578770.2365794511,2229.4089706485297,183657.44890989992,4161.758167751064,2389070.4463150324,0.10042267318111456,0.0025753243335222623,-0.00015292979,0.030305052,-0.0013252714,0.005785749,161.4990234375,-62.456596,1364.958,99.213486,905.14966,-11.265691,338.7949,40.732533,194.59596,13.652223,144.16656,0.047664348,168.33763,3.1876814,111.569756,9.706601,108.45213,-4.425299,107.44133,9.956638,90.85432,-3.4910676,79.682365,0.47618595,85.99946,1.2791654,55.137444,-1.4075053,70.96727,1.2162774,56.044273,5.0616074,50.923237,-5.584661,59.553165,0.8310855,46.7531,-2.2086256,37.099617,-4.190758,48.575672
0.38288543,0.08261335,0.2025725,0.0017861879,2255.285196248667,549449.7096380523,2332.5840090755532,225021.15117583916,4536.105904121517,2706326.639216065,0.10457533136609908,0.002157199961980373,-0.00015725236,0.028828219,-0.0013246868,0.00548125,161.4990234375,-53.1071,1263.7734,92.336876,719.0283,-8.946122,487.49902,41.224106,191.68211,14.279614,123.07951,-2.0369372,172.64491,-3.5858128,79.48072,5.142209,82.88413,-2.8374627,98.59924,9.14071,69.98578,-2.3862383,69.01865,4.390753,66.61327,2.714678,50.276905,-1.1576567,100.03803,1.5019014,47.328617,3.7848852,70.33195,-7.4530888,66.267365,-0.9034246,46.449577,-0.6153168,43.896534,-1.9669433,52.569122
