chroma_stft_mean,chroma_stft_var,rms_mean,rms_var,spectral_centroid_mean,spectral_centroid_var,spectral_bandwidth_mean,spectral_bandwidth_var,rolloff_mean,rolloff_var,zero_crossing_rate_mean,zero_crossing_rate_var,harmony_mean,harmony_var,perceptr_mean,perceptr_var,tempo,mfcc1_mean,mfcc1_var,mfcc2_mean,mfcc2_var,mfcc3_mean,mfcc3_var,mfcc4_mean,mfcc4_var,mfcc5_mean,mfcc5_var,mfcc6_mean,mfcc6_var,mfcc7_mean,mfcc7_var,mfcc8_mean,mfcc8_var,mfcc9_mean,mfcc9_var,mfcc10_mean,mfcc10_var,mfcc11_mean,mfcc11_var,mfcc12_mean,mfcc12_var,mfcc13_mean,mfcc13_var,mfcc14_mean,mfcc14_var,mfcc15_mean,mfcc15_var,mfcc16_mean,mfcc16_var,mfcc17_mean,mfcc17_var,mfcc18_mean,mfcc18_var,mfcc19_mean,mfcc19_var,mfcc20_mean,mfcc20_var
0.4241228,0.08536114,0.24965207,0.0005151037,2777.205918936547,426198.3428379432,2846.359520809205,114327.52591143438,6216.929073747097,1697516.3928613737,0.10052320167376161,0.0014665556160338201,-0.0001224883,0.053558066,-0.0012824415,0.0033386624,103.359375,-29.631271,883.75385,67.3303,399.3835,6.222125,207.53397,26.83087,116.35435,14.4848795,91.84974,13.060027,64.95156,-3.1589594,87.29209,10.472798,61.70199,0.98203903,54.00623,8.328431,61.522385,0.76224905,51.163227,8.587281,36.952396,5.211077,46.80162,2.8236344,44.962532,0.044352952,38.202835,3.6028078,45.223606,-2.3738172,52.33081,3.5750837,45.60396,-2.6327355,73.07693,-3.117936,53.516823
0.41993552,0.079513185,0.23829268,0.00072660507,3019.8753592197986,298709.9266092383,2911.682707722905,73097.65533829639,6579.926878749033,1049707.3195329616,0.12521239478521673,0.0018271502213396322,-6.891135e-05,0.042469244,-0.001278783,0.005567459,103.359375,-11.950929,560.3348,62.542194,266.6718,7.323782,177.22842,25.846664,112.78148,8.858104,83.08797,13.300925,67.91047,-0.7748255,84.13971,6.696841,45.622593,-0.022679662,52.75656,6.551232,55.3459,-1.563352,56.028603,5.3303165,49.341446,2.1385713,31.019495,1.2523112,52.45609,1.247859,37.816456,5.1547804,43.47669,-3.2161136,37.62691,2.3874516,45.852634,-1.0396968,48.680508,-1.6164615,70.190346
