chroma_stft_mean,chroma_stft_var,rms_mean,rms_var,spectral_centroid_mean,spectral_centroid_var,spectral_bandwidth_mean,spectral_bandwidth_var,rolloff_mean,rolloff_var,zero_crossing_rate_mean,zero_crossing_rate_var,harmony_mean,harmony_var,perceptr_mean,perceptr_var,tempo,mfcc1_mean,mfcc1_var,mfcc2_mean,mfcc2_var,mfcc3_mean,mfcc3_var,mfcc4_mean,mfcc4_var,mfcc5_mean,mfcc5_var,mfcc6_mean,mfcc6_var,mfcc7_mean,mfcc7_var,mfcc8_mean,mfcc8_var,mfcc9_mean,mfcc9_var,mfcc10_mean,mfcc10_var,mfcc11_mean,mfcc11_var,mfcc12_mean,mfcc12_var,mfcc13_mean,mfcc13_var,mfcc14_mean,mfcc14_var,mfcc15_mean,mfcc15_var,mfcc16_mean,mfcc16_var,mfcc17_mean,mfcc17_var,mfcc18_mean,mfcc18_var,mfcc19_mean,mfcc19_var,mfcc20_mean,mfcc20_var
0.40475145,0.080534056,0.20799813,0.000877597,2966.748122499222,231357.97566513057,2813.5064490132436,87925.55100890552,6220.979049257449,1431368.320759732,0.1308253616002322,0.001325834596609212,-9.195783e-05,0.029434,-0.0014501634,0.0050328267,117.45383522727273,-17.787596,375.0339,63.91436,185.5503,0.75135463,188.37479,31.720486,99.04768,7.1486597,73.15856,5.832596,103.95649,5.9435043,92.284,7.1410484,61.479122,2.250737,48.41732,9.471263,49.041584,-0.12971625,61.50891,8.429703,39.67468,-1.1936873,40.732735,3.2000325,39.115154,-1.4031074,29.293072,0.14921679,42.009552,1.5206044,39.722534,1.7109447,40.94214,-4.688067,30.244085,2.2884364,43.134315
0.36055,0.08197776,0.2105995,0.0007535042,2965.5077297106814,154211.4193496655,2882.9071150299187,58558.67147368728,6478.877489780863,891853.0177521337,0.11726837630611456,0.001109852981674333,-0.00010989228,0.03560518,-0.001345606,0.0029906326,117.45383522727273,-23.83325,369.8835,61.98885,125.54223,3.8669615,129.63724,29.82812,85.49345,6.809238,51.21686,7.193558,125.396164,6.7028317,45.39175,12.605782,68.09479,4.6085987,53.20587,9.263515,61.58913,-0.6872547,43.11179,6.6042504,42.129658,-0.7801864,46.13579,4.8316207,32.98853,0.07352869,37.100636,-0.26982388,36.527763,-1.8639529,40.86302,-1.2346709,51.098553,-6.1902795,36.12318,1.3718159,44.688522
