chroma_stft_mean,chroma_stft_var,rms_mean,rms_var,spectral_centroid_mean,spectral_centroid_var,spectral_bandwidth_mean,spectral_bandwidth_var,rolloff_mean,rolloff_var,zero_crossing_rate_mean,zero_crossing_rate_var,harmony_mean,harmony_var,perceptr_mean,perceptr_var,tempo,mfcc1_mean,mfcc1_var,mfcc2_mean,mfcc2_var,mfcc3_mean,mfcc3_var,mfcc4_mean,mfcc4_var,mfcc5_mean,mfcc5_var,mfcc6_mean,mfcc6_var,mfcc7_mean,mfcc7_var,mfcc8_mean,mfcc8_var,mfcc9_mean,mfcc9_var,mfcc10_mean,mfcc10_var,mfcc11_mean,mfcc11_var,mfcc12_mean,mfcc12_var,mfcc13_mean,mfcc13_var,mfcc14_mean,mfcc14_var,mfcc15_mean,mfcc15_var,mfcc16_mean,mfcc16_var,mfcc17_mean,mfcc17_var,mfcc18_mean,mfcc18_var,mfcc19_mean,mfcc19_var,mfcc20_mean,mfcc20_var
0.41199332,0.08441042,0.1612736,0.0021883026,3592.2181145867817,497914.30437286047,3398.4114032727275,70119.77090875072,8074.817942466648,836197.0697297794,0.153338438950116,0.004513532217048151,-1.9350887e-06,0.015177131,-1.0191231e-05,0.0050296346,112.34714673913044,-53.1693,1363.221,57.173717,265.4359,21.160826,239.43878,11.305264,263.15164,18.118341,124.25771,1.6628118,95.57944,0.3451027,79.41212,2.3239794,50.6825,-5.1052694,85.4995,2.747911,53.005234,3.1522436,58.110657,-5.5144777,51.55604,-3.1615028,49.269432,-0.5241285,32.727783,-2.6467953,36.851013,-1.9889978,25.176271,-1.2340914,26.994484,-3.3621635,35.83488,-3.7318506,61.150375,-1.4488603,51.816772
