chroma_stft_mean,chroma_stft_var,rms_mean,rms_var,spectral_centroid_mean,spectral_centroid_var,spectral_bandwidth_mean,spectral_bandwidth_var,rolloff_mean,rolloff_var,zero_crossing_rate_mean,zero_crossing_rate_var,harmony_mean,harmony_var,perceptr_mean,perceptr_var,tempo,mfcc1_mean,mfcc1_var,mfcc2_mean,mfcc2_var,mfcc3_mean,mfcc3_var,mfcc4_mean,mfcc4_var,mfcc5_mean,mfcc5_var,mfcc6_mean,mfcc6_var,mfcc7_mean,mfcc7_var,mfcc8_mean,mfcc8_var,mfcc9_mean,mfcc9_var,mfcc10_mean,mfcc10_var,mfcc11_mean,mfcc11_var,mfcc12_mean,mfcc12_var,mfcc13_mean,mfcc13_var,mfcc14_mean,mfcc14_var,mfcc15_mean,mfcc15_var,mfcc16_mean,mfcc16_var,mfcc17_mean,mfcc17_var,mfcc18_mean,mfcc18_var,mfcc19_mean,mfcc19_var,mfcc20_mean,mfcc20_var
0.44633502,0.07610549,0.095505424,0.0017283408,2847.3774256059246,315184.6323223044,2460.224228637339,52184.02816213498,5925.935834632395,756526.2943430933,0.17634505812548337,0.004515645502926819,0.00019389049,0.003314325,0.0009612536,0.0043456564,112.34714673913044,-95.26957,3048.384,82.22649,441.00827,-26.235989,236.25208,37.510376,181.84546,-16.362791,132.15356,25.28815,67.88552,-21.807663,79.530464,21.805656,60.23747,-20.065622,44.894066,16.303896,50.232117,-16.122408,42.3234,14.430956,34.156548,-11.909069,33.957214,7.1686087,25.43197,-11.673018,29.374063,5.077742,23.154268,-10.228135,28.677004,4.7955275,26.263958,-6.011335,31.892529,-0.23642328,30.263174
