chroma_stft_mean,chroma_stft_var,rms_mean,rms_var,spectral_centroid_mean,spectral_centroid_var,spectral_bandwidth_mean,spectral_bandwidth_var,rolloff_mean,rolloff_var,zero_crossing_rate_mean,zero_crossing_rate_var,harmony_mean,harmony_var,perceptr_mean,perceptr_var,tempo,mfcc1_mean,mfcc1_var,mfcc2_mean,mfcc2_var,mfcc3_mean,mfcc3_var,mfcc4_mean,mfcc4_var,mfcc5_mean,mfcc5_var,mfcc6_mean,mfcc6_var,mfcc7_mean,mfcc7_var,mfcc8_mean,mfcc8_var,mfcc9_mean,mfcc9_var,mfcc10_mean,mfcc10_var,mfcc11_mean,mfcc11_var,mfcc12_mean,mfcc12_var,mfcc13_mean,mfcc13_var,mfcc14_mean,mfcc14_var,mfcc15_mean,mfcc15_var,mfcc16_mean,mfcc16_var,mfcc17_mean,mfcc17_var,mfcc18_mean,mfcc18_var,mfcc19_mean,mfcc19_var,mfcc20_mean,mfcc20_var
0.38404918,0.094458774,0.14753455,0.0031840287,3075.0244878578837,384331.1935945956,3031.615634682487,119200.0874785715,6847.716803672419,2000224.680299801,0.13853592662412992,0.002494769558825688,-2.5509978e-06,0.0095060365,-1.0603885e-05,0.007732526,103.359375,-58.975624,1845.9961,68.86752,337.81067,-8.4672365,225.37567,3.615686,186.49727,5.0683937,130.4498,3.2651877,111.46196,13.515075,94.629196,-1.3705547,86.813416,1.667458,84.718094,3.7045982,74.953255,-3.7095892,85.389046,-0.32859465,55.413795,-2.8358054,59.76932,-8.798724,63.512436,-4.4893675,60.296036,-6.4030643,68.542404,0.45779946,77.07131,-2.2721581,94.18266,2.9838636,108.48863,-0.031933803,106.967316
