chroma_stft_mean,chroma_stft_var,rms_mean,rms_var,spectral_centroid_mean,spectral_centroid_var,spectral_bandwidth_mean,spectral_bandwidth_var,rolloff_mean,rolloff_var,zero_crossing_rate_mean,zero_crossing_rate_var,harmony_mean,harmony_var,perceptr_mean,perceptr_var,tempo,mfcc1_mean,mfcc1_var,mfcc2_mean,mfcc2_var,mfcc3_mean,mfcc3_var,mfcc4_mean,mfcc4_var,mfcc5_mean,mfcc5_var,mfcc6_mean,mfcc6_var,mfcc7_mean,mfcc7_var,mfcc8_mean,mfcc8_var,mfcc9_mean,mfcc9_var,mfcc10_mean,mfcc10_var,mfcc11_mean,mfcc11_var,mfcc12_mean,mfcc12_var,mfcc13_mean,mfcc13_var,mfcc14_mean,mfcc14_var,mfcc15_mean,mfcc15_var,mfcc16_mean,mfcc16_var,mfcc17_mean,mfcc17_var,mfcc18_mean,mfcc18_var,mfcc19_mean,mfcc19_var,mfcc20_mean,mfcc20_var
0.43621337,0.07605369,0.17372327,0.0011844246,3087.483970853388,286278.54208355705,2812.6634814898784,58359.12987511035,6530.043847051567,959858.5175319624,0.156306688999613,0.0027040532102413813,-0.00024939468,0.016447019,-0.0014752456,0.0064193564,103.359375,-23.927664,1055.9014,61.220757,369.85834,-0.9586992,173.44183,25.331013,115.628555,0.39423463,69.57295,6.0302544,82.4707,2.4890816,55.976418,6.189192,38.28482,-0.32926688,59.6964,9.696876,68.19608,-5.5078354,45.319386,1.0618181,38.935574,-2.4369648,48.51908,-0.56661993,37.81234,-1.5567182,38.88419,-0.8967289,32.34904,-6.7337766,32.520863,-3.7109935,38.149235,-4.4605083,36.896187,-0.77398515,47.536694
