chroma_stft_mean,chroma_stft_var,rms_mean,rms_var,spectral_centroid_mean,spectral_centroid_var,spectral_bandwidth_mean,spectral_bandwidth_var,rolloff_mean,rolloff_var,zero_crossing_rate_mean,zero_crossing_rate_var,harmony_mean,harmony_var,perceptr_mean,perceptr_var,tempo,mfcc1_mean,mfcc1_var,mfcc2_mean,mfcc2_var,mfcc3_mean,mfcc3_var,mfcc4_mean,mfcc4_var,mfcc5_mean,mfcc5_var,mfcc6_mean,mfcc6_var,mfcc7_mean,mfcc7_var,mfcc8_mean,mfcc8_var,mfcc9_mean,mfcc9_var,mfcc10_mean,mfcc10_var,mfcc11_mean,mfcc11_var,mfcc12_mean,mfcc12_var,mfcc13_mean,mfcc13_var,mfcc14_mean,mfcc14_var,mfcc15_mean,mfcc15_var,mfcc16_mean,mfcc16_var,mfcc17_mean,mfcc17_var,mfcc18_mean,mfcc18_var,mfcc19_mean,mfcc19_var,mfcc20_mean,mfcc20_var
0.34106073,0.08912416,0.12429802,0.0013039175,2328.0941748431023,337808.2625781846,2431.626228701913,256649.0919194351,4866.670443010441,1962752.667838686,0.10115843121616395,0.0007954500372116366,-3.502948e-06,0.009735902,-1.0870934e-05,0.003387798,112.34714673913044,-107.419014,2380.3806,91.06335,707.61566,-8.360448,578.70447,34.299168,300.52332,-1.9180146,128.41487,3.7762592,151.36224,10.525865,85.92511,5.5680933,95.34295,6.945284,89.871086,4.772103,64.19551,0.68487173,62.206837,-3.846765,49.517643,-2.577472,46.114864,-0.9022495,53.15384,7.033966,83.15021,3.7904878,67.519325,3.3363008,78.78776,5.1952944,95.5733,2.878737,89.71151,3.1802547,123.210846
