chroma_stft_mean,chroma_stft_var,rms_mean,rms_var,spectral_centroid_mean,spectral_centroid_var,spectral_bandwidth_mean,spectral_bandwidth_var,rolloff_mean,rolloff_var,zero_crossing_rate_mean,zero_crossing_rate_var,harmony_mean,harmony_var,perceptr_mean,perceptr_var,tempo,mfcc1_mean,mfcc1_var,mfcc2_mean,mfcc2_var,mfcc3_mean,mfcc3_var,mfcc4_mean,mfcc4_var,mfcc5_mean,mfcc5_var,mfcc6_mean,mfcc6_var,mfcc7_mean,mfcc7_var,mfcc8_mean,mfcc8_var,mfcc9_mean,mfcc9_var,mfcc10_mean,mfcc10_var,mfcc11_mean,mfcc11_var,mfcc12_mean,mfcc12_var,mfcc13_mean,mfcc13_var,mfcc14_mean,mfcc14_var,mfcc15_mean,mfcc15_var,mfcc16_mean,mfcc16_var,mfcc17_mean,mfcc17_var,mfcc18_mean,mfcc18_var,mfcc19_mean,mfcc19_var,mfcc20_mean,mfcc20_var
0.40131727,0.09469922,0.052147932,0.0006651493,2565.721387688884,825413.4626154572,2533.545587108637,113277.69375926707,5520.260613036543,2143965.791166844,0.11460297032095901,0.005568245799384623,-4.565433e-06,0.0011277752,-0.00012057948,0.00119956,112.34714673913044,-226.30965,3852.302,78.28395,728.75104,7.82392,637.60504,53.82357,249.50319,-1.1362898,191.16702,11.3054,181.8663,-7.822295,179.20955,24.358282,109.77967,-14.937524,116.92125,18.476454,99.754944,-19.132421,93.26237,6.134009,67.813034,-10.059035,69.297264,5.287338,74.50185,-11.680582,63.6301,3.3213422,65.79286,-11.270045,70.92018,1.3897388,87.92754,-10.697609,76.996765,-4.3340983,63.369484
