chroma_stft_mean,chroma_stft_var,rms_mean,rms_var,spectral_centroid_mean,spectral_centroid_var,spectral_bandwidth_mean,spectral_bandwidth_var,rolloff_mean,rolloff_var,zero_crossing_rate_mean,zero_crossing_rate_var,harmony_mean,harmony_var,perceptr_mean,perceptr_var,tempo,mfcc1_mean,mfcc1_var,mfcc2_mean,mfcc2_var,mfcc3_mean,mfcc3_var,mfcc4_mean,mfcc4_var,mfcc5_mean,mfcc5_var,mfcc6_mean,mfcc6_var,mfcc7_mean,mfcc7_var,mfcc8_mean,mfcc8_var,mfcc9_mean,mfcc9_var,mfcc10_mean,mfcc10_var,mfcc11_mean,mfcc11_var,mfcc12_mean,mfcc12_var,mfcc13_mean,mfcc13_var,mfcc14_mean,mfcc14_var,mfcc15_mean,mfcc15_var,mfcc16_mean,mfcc16_var,mfcc17_mean,mfcc17_var,mfcc18_mean,mfcc18_var,mfcc19_mean,mfcc19_var,mfcc20_mean,mfcc20_var
0.4170991,0.078453384,0.09929446,0.00092510704,2207.5083642922987,299323.8378967205,2353.468828901274,87776.60306671732,5074.241861223898,1186895.2444061225,0.09355627356438515,0.0012106153207804946,-2.4686593e-05,0.005287362,-0.000736901,0.0021696812,135.99917763157896,-130.04454,2044.0221,102.52376,557.9891,-4.4473805,121.98961,50.050278,114.2499,-15.527548,54.65558,32.12771,63.607357,-18.167599,70.163155,24.282225,49.84846,-11.898269,46.41318,13.758483,51.521057,-12.887311,35.704525,7.271593,38.27739,-9.363437,83.99738,4.6024423,42.17865,-9.572757,32.205944,4.2411375,40.679314,-4.6855216,27.992622,-0.4510008,42.524475,-6.8749757,28.395592,4.7550745,45.51939
