chroma_stft_mean,chroma_stft_var,rms_mean,rms_var,spectral_centroid_mean,spectral_centroid_var,spectral_bandwidth_mean,spectral_bandwidth_var,rolloff_mean,rolloff_var,zero_crossing_rate_mean,zero_crossing_rate_var,harmony_mean,harmony_var,perceptr_mean,perceptr_var,tempo,mfcc1_mean,mfcc1_var,mfcc2_mean,mfcc2_var,mfcc3_mean,mfcc3_var,mfcc4_mean,mfcc4_var,mfcc5_mean,mfcc5_var,mfcc6_mean,mfcc6_var,mfcc7_mean,mfcc7_var,mfcc8_mean,mfcc8_var,mfcc9_mean,mfcc9_var,mfcc10_mean,mfcc10_var,mfcc11_mean,mfcc11_var,mfcc12_mean,mfcc12_var,mfcc13_mean,mfcc13_var,mfcc14_mean,mfcc14_var,mfcc15_mean,mfcc15_var,mfcc16_mean,mfcc16_var,mfcc17_mean,mfcc17_var,mfcc18_mean,mfcc18_var,mfcc19_mean,mfcc19_var,mfcc20_mean,mfcc20_var
0.42271745,0.08609768,0.18085705,0.0073339855,2577.207725556345,847922.5902271138,2387.4814223702206,217500.1148607127,5419.988829575116,2700984.1098038796,0.1381975662219644,0.006007298136388428,-0.00018991057,0.009693545,-5.6725254e-05,0.020641593,123.046875,-63.611023,4318.736,94.46296,1114.2417,-13.432528,375.9335,32.754234,208.7012,-13.734656,341.4947,26.77005,170.80232,-19.403435,222.47366,24.649286,101.64958,-11.669471,124.23846,13.728637,107.14987,-9.449255,86.65583,8.831939,68.188675,-4.98481,70.17248,9.21643,61.803818,-3.4693584,47.743614,1.4884913,50.64695,-8.880947,51.50568,0.25385648,37.926014,-5.4497623,45.665516,-1.1289419,54.627205
