chroma_stft_mean,chroma_stft_var,rms_mean,rms_var,spectral_centroid_mean,spectral_centroid_var,spectral_bandwidth_mean,spectral_bandwidth_var,rolloff_mean,rolloff_var,zero_crossing_rate_mean,zero_crossing_rate_var,harmony_mean,harmony_var,perceptr_mean,perceptr_var,tempo,mfcc1_mean,mfcc1_var,mfcc2_mean,mfcc2_var,mfcc3_mean,mfcc3_var,mfcc4_mean,mfcc4_var,mfcc5_mean,mfcc5_var,mfcc6_mean,mfcc6_var,mfcc7_mean,mfcc7_var,mfcc8_mean,mfcc8_var,mfcc9_mean,mfcc9_var,mfcc10_mean,mfcc10_var,mfcc11_mean,mfcc11_var,mfcc12_mean,mfcc12_var,mfcc13_mean,mfcc13_var,mfcc14_mean,mfcc14_var,mfcc15_mean,mfcc15_var,mfcc16_mean,mfcc16_var,mfcc17_mean,mfcc17_var,mfcc18_mean,mfcc18_var,mfcc19_mean,mfcc19_var,mfcc20_mean,mfcc20_var
0.45445886,0.081834525,0.16394664,0.0036350724,3637.157091722293,486690.6062383082,3198.9280541157386,61121.72678254154,7770.988276718387,1011134.9358744167,0.19001126860982212,0.005141264238112139,6.5138687e-07,0.010210764,-2.923194e-06,0.009806174,129.19921875,-26.572124,1774.8798,52.05681,306.12375,4.1798263,192.86487,12.867351,177.15063,16.744804,118.37018,10.1250925,68.44395,4.477274,67.47037,6.3274975,46.77086,1.1676531,34.4713,0.65146893,64.76687,4.6326404,90.849464,2.135598,32.404335,-3.3680081,48.962555,1.6317382,29.98795,-1.8845645,31.617414,-1.0858479,40.131676,-0.6726442,30.133272,2.3921902,50.781178,4.168654,50.02458,2.8624425,49.630337
