chroma_stft_mean,chroma_stft_var,rms_mean,rms_var,spectral_centroid_mean,spectral_centroid_var,spectral_bandwidth_mean,spectral_bandwidth_var,rolloff_mean,rolloff_var,zero_crossing_rate_mean,zero_crossing_rate_var,harmony_mean,harmony_var,perceptr_mean,perceptr_var,tempo,mfcc1_mean,mfcc1_var,mfcc2_mean,mfcc2_var,mfcc3_mean,mfcc3_var,mfcc4_mean,mfcc4_var,mfcc5_mean,mfcc5_var,mfcc6_mean,mfcc6_var,mfcc7_mean,mfcc7_var,mfcc8_mean,mfcc8_var,mfcc9_mean,mfcc9_var,mfcc10_mean,mfcc10_var,mfcc11_mean,mfcc11_var,mfcc12_mean,mfcc12_var,mfcc13_mean,mfcc13_var,mfcc14_mean,mfcc14_var,mfcc15_mean,mfcc15_var,mfcc16_mean,mfcc16_var,mfcc17_mean,mfcc17_var,mfcc18_mean,mfcc18_var,mfcc19_mean,mfcc19_var,mfcc20_mean,mfcc20_var
0.39404586,0.08283128,0.13595319,0.0019104145,2403.5943006159314,305842.1024508272,2394.759734193427,150807.36514757603,4900.7438641966355,1637628.3940241775,0.12164094221287702,0.0016111016879510052,-1.806767e-06,0.010351564,-8.940123e-06,0.0044782,107.666015625,-62.335667,3511.1045,92.05891,581.75134,-19.73222,391.00586,17.626944,116.397644,-3.195096,74.68865,5.407783,90.76841,-4.0143547,66.79172,8.878788,53.62326,-2.5088322,49.991962,3.154782,37.031796,-0.5376992,46.208874,-1.5001122,40.04824,1.2933992,56.7303,0.900756,56.49141,-1.5845971,39.048508,-5.3543477,41.42793,-1.3835872,48.446655,1.9475477,71.77167,0.5418236,61.783943,-3.305436,53.743183
