chroma_stft_mean,chroma_stft_var,rms_mean,rms_var,spectral_centroid_mean,spectral_centroid_var,spectral_bandwidth_mean,spectral_bandwidth_var,rolloff_mean,rolloff_var,zero_crossing_rate_mean,zero_crossing_rate_var,harmony_mean,harmony_var,perceptr_mean,perceptr_var,tempo,mfcc1_mean,mfcc1_var,mfcc2_mean,mfcc2_var,mfcc3_mean,mfcc3_var,mfcc4_mean,mfcc4_var,mfcc5_mean,mfcc5_var,mfcc6_mean,mfcc6_var,mfcc7_mean,mfcc7_var,mfcc8_mean,mfcc8_var,mfcc9_mean,mfcc9_var,mfcc10_mean,mfcc10_var,mfcc11_mean,mfcc11_var,mfcc12_mean,mfcc12_var,mfcc13_mean,mfcc13_var,mfcc14_mean,mfcc14_var,mfcc15_mean,mfcc15_var,mfcc16_mean,mfcc16_var,mfcc17_mean,mfcc17_var,mfcc18_mean,mfcc18_var,mfcc19_mean,mfcc19_var,mfcc20_mean,mfcc20_var
0.41476554,0.079503186,0.21586056,0.0021155062,2362.4116318966007,691581.9743234018,2806.8455038185907,318452.9286109711,5439.756743039443,5152313.550998324,0.09022704889307812,0.0015579848774301814,5.482697e-06,0.028979493,-1.1266712e-05,0.00641757,123.046875,-46.762787,2520.6243,103.70078,887.957,22.12663,399.09946,9.223701,184.8622,2.2584798,145.11829,-4.7948833,114.144165,4.798995,141.78238,0.9515379,56.52429,-9.411774,58.60866,-1.0667287,87.43267,-0.8673272,59.869114,-5.279599,49.84357,-1.7630391,59.773087,-3.6539245,44.58264,-4.3117714,39.539413,-0.07942048,35.87297,-2.496778,43.63491,0.5401669,32.74377,2.518765,37.592663,-3.5475986,46.875416
