chroma_stft_mean,chroma_stft_var,rms_mean,rms_var,spectral_centroid_mean,spectral_centroid_var,spectral_bandwidth_mean,spectral_bandwidth_var,rolloff_mean,rolloff_var,zero_crossing_rate_mean,zero_crossing_rate_var,harmony_mean,harmony_var,perceptr_mean,perceptr_var,tempo,mfcc1_mean,mfcc1_var,mfcc2_mean,mfcc2_var,mfcc3_mean,mfcc3_var,mfcc4_mean,mfcc4_var,mfcc5_mean,mfcc5_var,mfcc6_mean,mfcc6_var,mfcc7_mean,mfcc7_var,mfcc8_mean,mfcc8_var,mfcc9_mean,mfcc9_var,mfcc10_mean,mfcc10_var,mfcc11_mean,mfcc11_var,mfcc12_mean,mfcc12_var,mfcc13_mean,mfcc13_var,mfcc14_mean,mfcc14_var,mfcc15_mean,mfcc15_var,mfcc16_mean,mfcc16_var,mfcc17_mean,mfcc17_var,mfcc18_mean,mfcc18_var,mfcc19_mean,mfcc19_var,mfcc20_mean,mfcc20_var
0.3556802,0.08956617,0.17539127,0.0034259658,1776.2078695953194,619297.0360629281,2452.39520455993,308180.5901222818,3874.369482761746,4735540.6815435225,0.05384424243522815,0.0013331213808754677,-6.593559e-06,0.022954285,-2.2188815e-05,0.003884532,161.4990234375,-122.0258,4350.3037,116.8334,915.796,28.316164,403.84348,24.712555,280.20056,10.907239,193.44765,-1.897335,136.29466,-1.3955237,125.28374,-0.95011127,65.15514,-3.5476987,79.54178,-2.620153,63.21404,-1.1254318,66.84904,-4.189509,56.019337,-2.5425723,43.014675,-3.765184,55.82027,-0.25812677,34.07126,3.246132,41.701046,-5.7633605,49.47254,0.7067946,39.196365,0.27355012,41.061794,-2.2826636,46.22802
