chroma_stft_mean,chroma_stft_var,rms_mean,rms_var,spectral_centroid_mean,spectral_centroid_var,spectral_bandwidth_mean,spectral_bandwidth_var,rolloff_mean,rolloff_var,zero_crossing_rate_mean,zero_crossing_rate_var,harmony_mean,harmony_var,perceptr_mean,perceptr_var,tempo,mfcc1_mean,mfcc1_var,mfcc2_mean,mfcc2_var,mfcc3_mean,mfcc3_var,mfcc4_mean,mfcc4_var,mfcc5_mean,mfcc5_var,mfcc6_mean,mfcc6_var,mfcc7_mean,mfcc7_var,mfcc8_mean,mfcc8_var,mfcc9_mean,mfcc9_var,mfcc10_mean,mfcc10_var,mfcc11_mean,mfcc11_var,mfcc12_mean,mfcc12_var,mfcc13_mean,mfcc13_var,mfcc14_mean,mfcc14_var,mfcc15_mean,mfcc15_var,mfcc16_mean,mfcc16_var,mfcc17_mean,mfcc17_var,mfcc18_mean,mfcc18_var,mfcc19_mean,mfcc19_var,mfcc20_mean,mfcc20_var
0.41658926,0.09535009,0.17357677,0.010256322,2038.0233320076643,618778.772062437,2079.8453102333197,250400.33916502254,4205.2946794337295,2700867.6751344833,0.09160579200502707,0.0030485634060645984,0.002602399,0.014435099,0.0036747348,0.016034616,99.38401442307692,-116.88239,8458.225,98.47116,945.4078,-18.994415,822.15717,44.840286,182.68246,3.8026059,166.25346,28.490913,131.29749,-1.1055838,130.2165,14.694503,116.35645,-7.7551026,103.047005,9.754843,121.86794,-10.107706,97.66675,6.374911,92.33367,-3.9110441,75.86403,7.904995,95.12092,-3.2170568,89.90858,0.13055533,70.91679,-7.8425574,79.64582,-1.7268639,86.73034,-2.4234636,83.60494,-0.71860844,118.46063
