chroma_stft_mean,chroma_stft_var,rms_mean,rms_var,spectral_centroid_mean,spectral_centroid_var,spectral_bandwidth_mean,spectral_bandwidth_var,rolloff_mean,rolloff_var,zero_crossing_rate_mean,zero_crossing_rate_var,harmony_mean,harmony_var,perceptr_mean,perceptr_var,tempo,mfcc1_mean,mfcc1_var,mfcc2_mean,mfcc2_var,mfcc3_mean,mfcc3_var,mfcc4_mean,mfcc4_var,mfcc5_mean,mfcc5_var,mfcc6_mean,mfcc6_var,mfcc7_mean,mfcc7_var,mfcc8_mean,mfcc8_var,mfcc9_mean,mfcc9_var,mfcc10_mean,mfcc10_var,mfcc11_mean,mfcc11_var,mfcc12_mean,mfcc12_var,mfcc13_mean,mfcc13_var,mfcc14_mean,mfcc14_var,mfcc15_mean,mfcc15_var,mfcc16_mean,mfcc16_var,mfcc17_mean,mfcc17_var,mfcc18_mean,mfcc18_var,mfcc19_mean,mfcc19_var,mfcc20_mean,mfcc20_var
0.46042803,0.07002065,0.10630639,0.0012365454,2650.733012326573,206851.4100248741,2308.757448778504,53518.52302176289,5370.86048524507,710165.7149554802,0.15762987601508122,0.0017800382463059401,8.4564985e-05,0.004368107,0.00077976787,0.0041863965,107.666015625,-77.267006,1660.8079,89.39314,320.28854,-34.23403,288.6304,38.691704,146.6706,-22.262562,113.024414,31.242887,73.69,-16.381735,95.466606,22.33546,45.893658,-16.01921,51.487232,19.276945,65.81353,-13.239378,46.715183,16.7234,36.64753,-10.390649,31.676987,11.385492,31.795738,-8.541532,31.429146,5.729236,32.961952,-8.343388,27.728296,3.056499,30.781658,-7.58229,28.195158,2.2471566,28.08587
