chroma_stft_mean,chroma_stft_var,rms_mean,rms_var,spectral_centroid_mean,spectral_centroid_var,spectral_bandwidth_mean,spectral_bandwidth_var,rolloff_mean,rolloff_var,zero_crossing_rate_mean,zero_crossing_rate_var,harmony_mean,harmony_var,perceptr_mean,perceptr_var,tempo,mfcc1_mean,mfcc1_var,mfcc2_mean,mfcc2_var,mfcc3_mean,mfcc3_var,mfcc4_mean,mfcc4_var,mfcc5_mean,mfcc5_var,mfcc6_mean,mfcc6_var,mfcc7_mean,mfcc7_var,mfcc8_mean,mfcc8_var,mfcc9_mean,mfcc9_var,mfcc10_mean,mfcc10_var,mfcc11_mean,mfcc11_var,mfcc12_mean,mfcc12_var,mfcc13_mean,mfcc13_var,mfcc14_mean,mfcc14_var,mfcc15_mean,mfcc15_var,mfcc16_mean,mfcc16_var,mfcc17_mean,mfcc17_var,mfcc18_mean,mfcc18_var,mfcc19_mean,mfcc19_var,mfcc20_mean,mfcc20_var
0.46804446,0.08820558,0.09839544,0.0027929603,2487.3290420447815,571731.5003465943,2276.752800711623,173502.41010541478,5008.401552983613,2011374.816208568,0.11803151283352668,0.0044534786702562015,-5.0091916e-05,0.004408601,-0.00044237086,0.0043629236,123.046875,-159.87213,5258.5776,81.97704,831.0582,-16.80941,661.812,52.474285,258.5076,-4.483215,244.09222,22.819843,245.48666,-8.224292,129.40135,23.363256,114.89118,-5.5141973,105.21342,17.695278,120.43136,-15.364145,106.930855,10.800621,63.99495,-13.514515,70.218796,1.7336044,86.206696,-6.554976,88.166595,5.1028657,77.27771,0.3377941,115.32456,7.0105104,119.19801,-5.453151,96.72846,0.798843,80.40495
