chroma_stft_mean,chroma_stft_var,rms_mean,rms_var,spectral_centroid_mean,spectral_centroid_var,spectral_bandwidth_mean,spectral_bandwidth_var,rolloff_mean,rolloff_var,zero_crossing_rate_mean,zero_crossing_rate_var,harmony_mean,harmony_var,perceptr_mean,perceptr_var,tempo,mfcc1_mean,mfcc1_var,mfcc2_mean,mfcc2_var,mfcc3_mean,mfcc3_var,mfcc4_mean,mfcc4_var,mfcc5_mean,mfcc5_var,mfcc6_mean,mfcc6_var,mfcc7_mean,mfcc7_var,mfcc8_mean,mfcc8_var,mfcc9_mean,mfcc9_var,mfcc10_mean,mfcc10_var,mfcc11_mean,mfcc11_var,mfcc12_mean,mfcc12_var,mfcc13_mean,mfcc13_var,mfcc14_mean,mfcc14_var,mfcc15_mean,mfcc15_var,mfcc16_mean,mfcc16_var,mfcc17_mean,mfcc17_var,mfcc18_mean,mfcc18_var,mfcc19_mean,mfcc19_var,mfcc20_mean,mfcc20_var
0.4201968,0.08566139,0.17365672,0.002439914,2875.4360880726217,1274922.796424265,2761.0276574989916,535358.0999216762,6020.828480731583,5888080.315001043,0.1347388129592034,0.005237752508271647,3.3821145e-06,0.015155896,-2.798805e-06,0.008032977,129.19921875,-62.772682,3760.1458,77.844574,1345.4681,3.5485418,725.6456,26.009861,254.13687,5.935958,191.22697,11.293566,88.69806,11.112387,97.24143,-1.9588369,121.3543,1.8317076,69.37897,9.176684,84.52186,4.0686727,60.530804,0.9862057,49.85764,5.6128936,67.27848,0.6827551,53.40338,-0.13610084,54.64387,2.2007003,47.54128,-1.859321,45.95328,-6.824047,68.25795,-3.1949446,59.066517,-3.5395741,58.313576
