chroma_stft_mean,chroma_stft_var,rms_mean,rms_var,spectral_centroid_mean,spectral_centroid_var,spectral_bandwidth_mean,spectral_bandwidth_var,rolloff_mean,rolloff_var,zero_crossing_rate_mean,zero_crossing_rate_var,harmony_mean,harmony_var,perceptr_mean,perceptr_var,tempo,mfcc1_mean,mfcc1_var,mfcc2_mean,mfcc2_var,mfcc3_mean,mfcc3_var,mfcc4_mean,mfcc4_var,mfcc5_mean,mfcc5_var,mfcc6_mean,mfcc6_var,mfcc7_mean,mfcc7_var,mfcc8_mean,mfcc8_var,mfcc9_mean,mfcc9_var,mfcc10_mean,mfcc10_var,mfcc11_mean,mfcc11_var,mfcc12_mean,mfcc12_var,mfcc13_mean,mfcc13_var,mfcc14_mean,mfcc14_var,mfcc15_mean,mfcc15_var,mfcc16_mean,mfcc16_var,mfcc17_mean,mfcc17_var,mfcc18_mean,mfcc18_var,mfcc19_mean,mfcc19_var,mfcc20_mean,mfcc20_var
0.4342932,0.082514316,0.08449229,0.0015835032,2902.9084645115763,454127.43786271673,2302.2448096698427,77981.38962703786,5470.108067629785,1126997.5845510315,0.18406730350928074,0.005948421448707193,-0.0006431672,0.0034101042,-0.001003202,0.0027452025,135.99917763157896,-128.43967,4181.8506,67.262436,595.6073,-36.92178,541.61487,40.891,441.17575,-21.749369,281.73663,23.135218,224.97447,-13.251677,146.81346,13.081553,202.38666,-14.004083,114.46034,17.787027,92.784195,-15.169231,81.53977,16.377792,93.998764,-10.453286,67.55703,12.823618,65.158005,-9.222441,55.713814,4.382736,50.89228,-5.4286203,41.50139,7.2420063,50.158047,-2.6671655,77.387505,6.5734115,96.25447
