chroma_stft_mean,chroma_stft_var,rms_mean,rms_var,spectral_centroid_mean,spectral_centroid_var,spectral_bandwidth_mean,spectral_bandwidth_var,rolloff_mean,rolloff_var,zero_crossing_rate_mean,zero_crossing_rate_var,harmony_mean,harmony_var,perceptr_mean,perceptr_var,tempo,mfcc1_mean,mfcc1_var,mfcc2_mean,mfcc2_var,mfcc3_mean,mfcc3_var,mfcc4_mean,mfcc4_var,mfcc5_mean,mfcc5_var,mfcc6_mean,mfcc6_var,mfcc7_mean,mfcc7_var,mfcc8_mean,mfcc8_var,mfcc9_mean,mfcc9_var,mfcc10_mean,mfcc10_var,mfcc11_mean,mfcc11_var,mfcc12_mean,mfcc12_var,mfcc13_mean,mfcc13_var,mfcc14_mean,mfcc14_var,mfcc15_mean,mfcc15_var,mfcc16_mean,mfcc16_var,mfcc17_mean,mfcc17_var,mfcc18_mean,mfcc18_var,mfcc19_mean,mfcc19_var,mfcc20_mean,mfcc20_var
0.4351562,0.08289199,0.20567748,0.0019405084,2520.434661747475,520994.88635973976,2562.6587965455155,182521.76057589127,5334.772696659483,2436466.907015482,0.11424808429118774,0.0022360519398203914,-0.00010268869,0.021336697,-0.0013559419,0.010155557,123.046875,-35.856197,1880.9912,83.80528,742.22107,-2.9019706,316.90753,32.213963,166.76242,9.144426,77.6181,4.18242,97.95483,0.13708664,88.40013,11.094396,60.44375,-2.8947356,59.640743,7.995451,49.985397,0.62894285,66.62347,3.6732092,45.100655,3.7831783,61.419456,4.0557632,41.66846,-3.2874453,52.28753,0.10280418,68.85344,-3.8386445,56.057476,-0.49933422,57.023445,-3.4209988,56.875645,-0.7642352,64.062485
