chroma_stft_mean,chroma_stft_var,rms_mean,rms_var,spectral_centroid_mean,spectral_centroid_var,spectral_bandwidth_mean,spectral_bandwidth_var,rolloff_mean,rolloff_var,zero_crossing_rate_mean,zero_crossing_rate_var,harmony_mean,harmony_var,perceptr_mean,perceptr_var,tempo,mfcc1_mean,mfcc1_var,mfcc2_mean,mfcc2_var,mfcc3_mean,mfcc3_var,mfcc4_mean,mfcc4_var,mfcc5_mean,mfcc5_var,mfcc6_mean,mfcc6_var,mfcc7_mean,mfcc7_var,mfcc8_mean,mfcc8_var,mfcc9_mean,mfcc9_var,mfcc10_mean,mfcc10_var,mfcc11_mean,mfcc11_var,mfcc12_mean,mfcc12_var,mfcc13_mean,mfcc13_var,mfcc14_mean,mfcc14_var,mfcc15_mean,mfcc15_var,mfcc16_mean,mfcc16_var,mfcc17_mean,mfcc17_var,mfcc18_mean,mfcc18_var,mfcc19_mean,mfcc19_var,mfcc20_mean,mfcc20_var
0.4012094,0.08621538,0.14299113,0.0015349252,3043.44261890053,786534.0644554732,2969.142812448396,120353.59120396187,6612.500283225783,2409206.2564252173,0.13159576203596288,0.005534577197234422,4.0087757e-06,0.011811909,2.5914574e-06,0.0038694486,117.45383522727273,-68.05401,2676.4204,66.35393,545.1552,11.858419,323.77106,21.977438,342.07587,9.757756,166.02275,6.6893187,120.73015,1.5989807,132.50584,3.808797,68.19069,0.95074666,72.56806,4.770767,78.15457,-4.210415,61.774048,-0.06348852,52.205063,-1.2341598,53.400402,0.07688542,54.1895,-1.1320715,57.70361,-2.0634441,59.098995,2.5625432,63.304127,1.3867335,66.57872,2.1786878,84.78773,2.2448604,79.89191
