chroma_stft_mean,chroma_stft_var,rms_mean,rms_var,spectral_centroid_mean,spectral_centroid_var,spectral_bandwidth_mean,spectral_bandwidth_var,rolloff_mean,rolloff_var,zero_crossing_rate_mean,zero_crossing_rate_var,harmony_mean,harmony_var,perceptr_mean,perceptr_var,tempo,mfcc1_mean,mfcc1_var,mfcc2_mean,mfcc2_var,mfcc3_mean,mfcc3_var,mfcc4_mean,mfcc4_var,mfcc5_mean,mfcc5_var,mfcc6_mean,mfcc6_var,mfcc7_mean,mfcc7_var,mfcc8_mean,mfcc8_var,mfcc9_mean,mfcc9_var,mfcc10_mean,mfcc10_var,mfcc11_mean,mfcc11_var,mfcc12_mean,mfcc12_var,mfcc13_mean,mfcc13_var,mfcc14_mean,mfcc14_var,mfcc15_mean,mfcc15_var,mfcc16_mean,mfcc16_var,mfcc17_mean,mfcc17_var,mfcc18_mean,mfcc18_var,mfcc19_mean,mfcc19_var,mfcc20_mean,mfcc20_var
0.3684095,0.09038561,0.11106248,0.0044036326,2446.973203805007,490702.6863462617,2449.1310646825214,215379.9130345575,4958.0408366263055,2650607.0931721097,0.12325117519818252,0.00275458991609022,-2.5120073e-07,0.0051198318,-7.57706e-06,0.007900319,112.34714673913044,-123.33121,5881.121,86.98849,957.3556,-22.510223,520.68823,6.942469,309.02353,8.465196,169.64113,12.644246,142.6651,-0.8552823,132.10123,-0.8346987,123.60228,-3.2606728,92.75765,2.6243713,72.60615,-0.7705085,62.07926,-0.41433403,63.321175,-3.8346293,62.3226,-5.6534686,57.90294,-1.8429158,53.939808,0.12024577,78.923874,-1.0585829,79.87813,4.495865,112.84861,-0.98010236,75.063095,-5.2599206,120.25527
