chroma_stft_mean,chroma_stft_var,rms_mean,rms_var,spectral_centroid_mean,spectral_centroid_var,spectral_bandwidth_mean,spectral_bandwidth_var,rolloff_mean,rolloff_var,zero_crossing_rate_mean,zero_crossing_rate_var,harmony_mean,harmony_var,perceptr_mean,perceptr_var,tempo,mfcc1_mean,mfcc1_var,mfcc2_mean,mfcc2_var,mfcc3_mean,mfcc3_var,mfcc4_mean,mfcc4_var,mfcc5_mean,mfcc5_var,mfcc6_mean,mfcc6_var,mfcc7_mean,mfcc7_var,mfcc8_mean,mfcc8_var,mfcc9_mean,mfcc9_var,mfcc10_mean,mfcc10_var,mfcc11_mean,mfcc11_var,mfcc12_mean,mfcc12_var,mfcc13_mean,mfcc13_var,mfcc14_mean,mfcc14_var,mfcc15_mean,mfcc15_var,mfcc16_mean,mfcc16_var,mfcc17_mean,mfcc17_var,mfcc18_mean,mfcc18_var,mfcc19_mean,mfcc19_var,mfcc20_mean,mfcc20_var
0.41573876,0.084026605,0.2065751,0.004977787,2309.274600517877,369594.66909339745,2278.1626470496617,96543.50611811929,4945.325754966648,1508137.4533449633,0.11758099502126837,0.002864365654280953,3.233429e-06,0.022258636,0.00064342225,0.011063222,117.45383522727273,-56.88446,2764.0142,97.001236,546.6475,-17.859026,354.7048,44.92799,152.85051,-6.9238253,92.83941,23.798044,114.13539,-23.31005,81.91205,25.989113,46.74772,-10.4754715,95.51854,10.442651,64.82212,-15.224969,67.406006,10.02523,61.240852,-9.1656065,72.69684,3.7320411,57.102833,-9.384089,53.80027,3.4741108,44.9761,-8.042428,45.705578,1.6562908,48.09139,-6.0217795,52.36619,4.4041,59.638252
