chroma_stft_mean,chroma_stft_var,rms_mean,rms_var,spectral_centroid_mean,spectral_centroid_var,spectral_bandwidth_mean,spectral_bandwidth_var,rolloff_mean,rolloff_var,zero_crossing_rate_mean,zero_crossing_rate_var,harmony_mean,harmony_var,perceptr_mean,perceptr_var,tempo,mfcc1_mean,mfcc1_var,mfcc2_mean,mfcc2_var,mfcc3_mean,mfcc3_var,mfcc4_mean,mfcc4_var,mfcc5_mean,mfcc5_var,mfcc6_mean,mfcc6_var,mfcc7_mean,mfcc7_var,mfcc8_mean,mfcc8_var,mfcc9_mean,mfcc9_var,mfcc10_mean,mfcc10_var,mfcc11_mean,mfcc11_var,mfcc12_mean,mfcc12_var,mfcc13_mean,mfcc13_var,mfcc14_mean,mfcc14_var,mfcc15_mean,mfcc15_var,mfcc16_mean,mfcc16_var,mfcc17_mean,mfcc17_var,mfcc18_mean,mfcc18_var,mfcc19_mean,mfcc19_var,mfcc20_mean,mfcc20_var
0.4353897,0.08942637,0.13684142,0.004301305,3708.1110849955126,801154.2018378164,3249.5970110747917,111974.25978518795,7808.475701493619,1698663.0614358473,0.17288668249709976,0.00832807977365597,-5.2105665e-06,0.0077364165,-1.2613667e-05,0.008028326,123.046875,-71.953896,2088.5442,46.87051,456.43063,21.02663,224.64844,29.955154,184.75525,9.50348,139.66708,2.3987134,93.74306,8.242609,77.60619,2.5120273,64.75347,-2.1593833,40.432022,0.44539663,62.419662,-0.22787964,53.001965,-1.5480236,48.91969,-3.60627,35.766293,-3.8175902,39.561775,-5.2899184,31.562998,-2.9226556,37.740585,-2.8894856,62.794144,-1.7902486,46.057285,-0.7166394,59.358192,-0.9913752,55.28282
