chroma_stft_mean,chroma_stft_var,rms_mean,rms_var,spectral_centroid_mean,spectral_centroid_var,spectral_bandwidth_mean,spectral_bandwidth_var,rolloff_mean,rolloff_var,zero_crossing_rate_mean,zero_crossing_rate_var,harmony_mean,harmony_var,perceptr_mean,perceptr_var,tempo,mfcc1_mean,mfcc1_var,mfcc2_mean,mfcc2_var,mfcc3_mean,mfcc3_var,mfcc4_mean,mfcc4_var,mfcc5_mean,mfcc5_var,mfcc6_mean,mfcc6_var,mfcc7_mean,mfcc7_var,mfcc8_mean,mfcc8_var,mfcc9_mean,mfcc9_var,mfcc10_mean,mfcc10_var,mfcc11_mean,mfcc11_var,mfcc12_mean,mfcc12_var,mfcc13_mean,mfcc13_var,mfcc14_mean,mfcc14_var,mfcc15_mean,mfcc15_var,mfcc16_mean,mfcc16_var,mfcc17_mean,mfcc17_var,mfcc18_mean,mfcc18_var,mfcc19_mean,mfcc19_var,mfcc20_mean,mfcc20_var
0.42082044,0.08313147,0.1451297,0.005711923,2606.2991274506444,408515.59324444225,2534.060693426273,126734.37758647033,5354.906263594838,1544690.1813658779,0.1264267026778809,0.0024273133905923215,8.919998e-07,0.0066431044,-9.069142e-06,0.011207578,135.99917763157896,-78.310104,2617.2834,80.05325,639.94904,-9.145553,284.152,25.454119,279.71567,-3.3875406,173.8069,16.801464,84.90277,7.2613983,135.87079,1.8166608,98.57805,0.48763216,98.0857,6.3167944,64.15556,1.4947495,66.60317,2.1649706,60.287098,0.6583117,61.28957,-3.3799522,62.719765,-0.9142764,69.59679,2.9340763,64.15128,-0.6350229,71.40931,5.868482,85.9611,1.8953924,70.36824,-0.60556483,74.858475
