chroma_stft_mean,chroma_stft_var,rms_mean,rms_var,spectral_centroid_mean,spectral_centroid_var,spectral_bandwidth_mean,spectral_bandwidth_var,rolloff_mean,rolloff_var,zero_crossing_rate_mean,zero_crossing_rate_var,harmony_mean,harmony_var,perceptr_mean,perceptr_var,tempo,mfcc1_mean,mfcc1_var,mfcc2_mean,mfcc2_var,mfcc3_mean,mfcc3_var,mfcc4_mean,mfcc4_var,mfcc5_mean,mfcc5_var,mfcc6_mean,mfcc6_var,mfcc7_mean,mfcc7_var,mfcc8_mean,mfcc8_var,mfcc9_mean,mfcc9_var,mfcc10_mean,mfcc10_var,mfcc11_mean,mfcc11_var,mfcc12_mean,mfcc12_var,mfcc13_mean,mfcc13_var,mfcc14_mean,mfcc14_var,mfcc15_mean,mfcc15_var,mfcc16_mean,mfcc16_var,mfcc17_mean,mfcc17_var,mfcc18_mean,mfcc18_var,mfcc19_mean,mfcc19_var,mfcc20_mean,mfcc20_var
0.3735347,0.092357114,0.18884107,0.0020680784,3132.9752097469195,627657.474256593,3008.0152396758117,110496.18415019434,6864.145655089907,1442901.0430344078,0.1309711547757154,0.005435385677894827,-5.8035484e-06,0.021336552,-1.0736824e-05,0.0070440737,95.703125,-41.31514,1510.3329,62.78868,518.262,7.3239293,356.15213,12.122528,173.97813,6.358506,106.87471,9.252999,135.05794,3.0642161,123.59462,13.849786,75.37185,0.15274546,71.64367,8.056879,60.45745,-2.6997385,70.42005,-7.2205544,61.059715,-3.241377,43.290276,-1.9207121,47.598778,0.5214888,41.81111,-3.184866,44.902103,-5.5446587,48.49832,-9.163444,36.874886,-10.666912,47.80115,-5.977336,55.875664
