chroma_stft_mean,chroma_stft_var,rms_mean,rms_var,spectral_centroid_mean,spectral_centroid_var,spectral_bandwidth_mean,spectral_bandwidth_var,rolloff_mean,rolloff_var,zero_crossing_rate_mean,zero_crossing_rate_var,harmony_mean,harmony_var,perceptr_mean,perceptr_var,tempo,mfcc1_mean,mfcc1_var,mfcc2_mean,mfcc2_var,mfcc3_mean,mfcc3_var,mfcc4_mean,mfcc4_var,mfcc5_mean,mfcc5_var,mfcc6_mean,mfcc6_var,mfcc7_mean,mfcc7_var,mfcc8_mean,mfcc8_var,mfcc9_mean,mfcc9_var,mfcc10_mean,mfcc10_var,mfcc11_mean,mfcc11_var,mfcc12_mean,mfcc12_var,mfcc13_mean,mfcc13_var,mfcc14_mean,mfcc14_var,mfcc15_mean,mfcc15_var,mfcc16_mean,mfcc16_var,mfcc17_mean,mfcc17_var,mfcc18_mean,mfcc18_var,mfcc19_mean,mfcc19_var,mfcc20_mean,mfcc20_var
0.38936836,0.08271258,0.11154942,0.0017325229,1931.0406859349837,188554.1234750351,2209.1348619329765,43233.98442997486,4516.06060125435,709790.2872740413,0.0836037195475638,0.0012792508694291168,-0.026057657,0.005759345,-0.0044694445,0.0040595224,107.666015625,-118.40577,1494.2261,114.235756,308.8006,-6.7641063,269.8996,37.393322,130.20148,-17.423431,90.56479,28.37048,97.5251,-23.71712,72.9065,9.281445,56.63336,-10.434624,51.034096,12.624007,44.295788,-5.1411767,40.021317,12.2523575,32.262802,-3.8654873,26.925037,4.3751416,33.02095,-9.243878,33.150116,3.477731,29.54193,-7.9468856,28.24446,3.6669514,34.050552,-6.157387,35.41427,2.7000918,33.380928
