chroma_stft_mean,chroma_stft_var,rms_mean,rms_var,spectral_centroid_mean,spectral_centroid_var,spectral_bandwidth_mean,spectral_bandwidth_var,rolloff_mean,rolloff_var,zero_crossing_rate_mean,zero_crossing_rate_var,harmony_mean,harmony_var,perceptr_mean,perceptr_var,tempo,mfcc1_mean,mfcc1_var,mfcc2_mean,mfcc2_var,mfcc3_mean,mfcc3_var,mfcc4_mean,mfcc4_var,mfcc5_mean,mfcc5_var,mfcc6_mean,mfcc6_var,mfcc7_mean,mfcc7_var,mfcc8_mean,mfcc8_var,mfcc9_mean,mfcc9_var,mfcc10_mean,mfcc10_var,mfcc11_mean,mfcc11_var,mfcc12_mean,mfcc12_var,mfcc13_mean,mfcc13_var,mfcc14_mean,mfcc14_var,mfcc15_mean,mfcc15_var,mfcc16_mean,mfcc16_var,mfcc17_mean,mfcc17_var,mfcc18_mean,mfcc18_var,mfcc19_mean,mfcc19_var,mfcc20_mean,mfcc20_var
0.35795805,0.09374597,0.10787889,0.003412628,2410.17299144527,593115.0420518954,2575.783795970125,206237.2775709869,5080.412048198231,3102022.0317782103,0.09966035564095127,0.0025113285196117696,-2.7598372e-07,0.0038657861,-6.6602915e-06,0.008286007,123.046875,-124.16993,4677.863,90.155014,894.66345,-11.328686,272.8794,10.931417,244.84198,-1.1485721,112.61968,-3.7591834,183.31706,-0.85792863,121.15139,-3.8354805,118.32657,-3.7047462,103.46772,-0.25987908,85.78752,-5.8160195,73.69797,-3.43834,64.439186,-4.632643,91.33191,-4.562113,73.574844,-5.489201,50.09081,-5.188254,36.955135,-4.5949874,38.956062,-1.8010652,44.779415,-1.3196418,53.57828,-1.965515,58.3112
