chroma_stft_mean,chroma_stft_var,rms_mean,rms_var,spectral_centroid_mean,spectral_centroid_var,spectral_bandwidth_mean,spectral_bandwidth_var,rolloff_mean,rolloff_var,zero_crossing_rate_mean,zero_crossing_rate_var,harmony_mean,harmony_var,perceptr_mean,perceptr_var,tempo,mfcc1_mean,mfcc1_var,mfcc2_mean,mfcc2_var,mfcc3_mean,mfcc3_var,mfcc4_mean,mfcc4_var,mfcc5_mean,mfcc5_var,mfcc6_mean,mfcc6_var,mfcc7_mean,mfcc7_var,mfcc8_mean,mfcc8_var,mfcc9_mean,mfcc9_var,mfcc10_mean,mfcc10_var,mfcc11_mean,mfcc11_var,mfcc12_mean,mfcc12_var,mfcc13_mean,mfcc13_var,mfcc14_mean,mfcc14_var,mfcc15_mean,mfcc15_var,mfcc16_mean,mfcc16_var,mfcc17_mean,mfcc17_var,mfcc18_mean,mfcc18_var,mfcc19_mean,mfcc19_var,mfcc20_mean,mfcc20_var
0.47089672,0.085671864,0.18529183,0.00556317,1887.0062144326305,315818.20058317407,2190.841931924479,104875.98485505507,4363.138220979554,1671186.279426825,0.07361868897428461,0.002016740210040765,-0.0009787314,0.01585596,0.000854644,0.012400539,129.19921875,-106.294304,5123.738,105.61095,483.15945,-5.504287,862.2272,50.051487,225.41702,1.2501888,130.72704,36.981842,121.86433,-9.615051,87.467865,23.992409,97.853935,-8.664799,64.22432,14.959681,66.12957,-2.5357456,69.99932,9.751112,100.85555,-0.92519593,64.92536,3.8601341,72.22808,-1.5478691,58.55948,3.5607111,39.1011,1.5366163,44.636177,2.0940685,37.27147,-4.002879,48.14764,-2.6226895,46.035393
