chroma_stft_mean,chroma_stft_var,rms_mean,rms_var,spectral_centroid_mean,spectral_centroid_var,spectral_bandwidth_mean,spectral_bandwidth_var,rolloff_mean,rolloff_var,zero_crossing_rate_mean,zero_crossing_rate_var,harmony_mean,harmony_var,perceptr_mean,perceptr_var,tempo,mfcc1_mean,mfcc1_var,mfcc2_mean,mfcc2_var,mfcc3_mean,mfcc3_var,mfcc4_mean,mfcc4_var,mfcc5_mean,mfcc5_var,mfcc6_mean,mfcc6_var,mfcc7_mean,mfcc7_var,mfcc8_mean,mfcc8_var,mfcc9_mean,mfcc9_var,mfcc10_mean,mfcc10_var,mfcc11_mean,mfcc11_var,mfcc12_mean,mfcc12_var,mfcc13_mean,mfcc13_var,mfcc14_mean,mfcc14_var,mfcc15_mean,mfcc15_var,mfcc16_mean,mfcc16_var,mfcc17_mean,mfcc17_var,mfcc18_mean,mfcc18_var,mfcc19_mean,mfcc19_var,mfcc20_mean,mfcc20_var
0.42159116,0.08195514,0.17077067,0.0023786197,3391.3650850232443,591460.2560036335,3108.933195274144,87532.09127222265,7203.947261093387,1351700.885433905,0.1595289992991106,0.004842912194481354,-1.999525e-06,0.012004421,-6.2631257e-06,0.008502295,89.10290948275862,-40.076855,2631.4153,56.219803,405.68344,23.692863,307.22833,31.93953,209.62834,2.4548008,113.49828,2.5702763,112.71333,-2.4864347,120.01211,3.1007562,55.73001,1.8817089,96.87372,3.3470368,65.397514,-0.0018148636,44.97507,-1.5163457,52.17361,-2.451519,41.425907,-5.074228,42.824886,-3.6787608,35.774277,-7.854277,35.141567,-3.047457,55.470177,-2.7854023,45.401146,-7.4963384,69.91519,-3.6242175,67.09365
