chroma_stft_mean,chroma_stft_var,rms_mean,rms_var,spectral_centroid_mean,spectral_centroid_var,spectral_bandwidth_mean,spectral_bandwidth_var,rolloff_mean,rolloff_var,zero_crossing_rate_mean,zero_crossing_rate_var,harmony_mean,harmony_var,perceptr_mean,perceptr_var,tempo,mfcc1_mean,mfcc1_var,mfcc2_mean,mfcc2_var,mfcc3_mean,mfcc3_var,mfcc4_mean,mfcc4_var,mfcc5_mean,mfcc5_var,mfcc6_mean,mfcc6_var,mfcc7_mean,mfcc7_var,mfcc8_mean,mfcc8_var,mfcc9_mean,mfcc9_var,mfcc10_mean,mfcc10_var,mfcc11_mean,mfcc11_var,mfcc12_mean,mfcc12_var,mfcc13_mean,mfcc13_var,mfcc14_mean,mfcc14_var,mfcc15_mean,mfcc15_var,mfcc16_mean,mfcc16_var,mfcc17_mean,mfcc17_var,mfcc18_mean,mfcc18_var,mfcc19_mean,mfcc19_var,mfcc20_mean,mfcc20_var
0.46783412,0.08059703,0.172544,0.005329679,3078.4715203424153,1230642.845970485,2709.9647708913444,148767.9052216376,6405.67828043431,1779055.8839519534,0.15421266253383603,0.009904541076811699,-6.5372365e-06,0.015608141,-3.7890072e-06,0.010279107,135.99917763157896,-108.56484,11367.452,69.97128,1738.255,14.885138,1436.9714,45.513443,285.3182,-5.3743443,235.53809,41.795094,137.05016,-13.517867,89.09086,32.5666,83.8459,-20.381012,82.27743,23.436947,68.18211,-12.128746,52.609688,18.002754,45.296074,-9.027057,52.169556,7.0019336,40.327175,-4.7258625,57.67344,2.3437288,50.851532,0.20123759,48.149174,2.34515,49.2197,-0.7825802,47.111107,-0.5916407,39.19179
