chroma_stft_mean,chroma_stft_var,rms_mean,rms_var,spectral_centroid_mean,spectral_centroid_var,spectral_bandwidth_mean,spectral_bandwidth_var,rolloff_mean,rolloff_var,zero_crossing_rate_mean,zero_crossing_rate_var,harmony_mean,harmony_var,perceptr_mean,perceptr_var,tempo,mfcc1_mean,mfcc1_var,mfcc2_mean,mfcc2_var,mfcc3_mean,mfcc3_var,mfcc4_mean,mfcc4_var,mfcc5_mean,mfcc5_var,mfcc6_mean,mfcc6_var,mfcc7_mean,mfcc7_var,mfcc8_mean,mfcc8_var,mfcc9_mean,mfcc9_var,mfcc10_mean,mfcc10_var,mfcc11_mean,mfcc11_var,mfcc12_mean,mfcc12_var,mfcc13_mean,mfcc13_var,mfcc14_mean,mfcc14_var,mfcc15_mean,mfcc15_var,mfcc16_mean,mfcc16_var,mfcc17_mean,mfcc17_var,mfcc18_mean,mfcc18_var,mfcc19_mean,mfcc19_var,mfcc20_mean,mfcc20_var
0.4376821,0.08763063,0.23285724,0.0030270594,2877.4074655436298,337597.7156032546,2624.016008247831,76427.79735150078,5865.166570747535,1124591.5868119367,0.15030263619006187,0.003540322106315608,-0.00024802596,0.027399732,-0.0011982011,0.012763911,107.666015625,-6.7652006,1171.9932,61.12942,382.41293,-16.672161,295.634,27.438726,128.02545,7.734437,152.82727,16.01357,95.83752,4.646263,104.67096,11.44598,71.00969,0.34369335,61.884705,9.835787,58.091316,3.1894264,49.262657,5.0318027,65.40758,-1.8564006,50.871338,1.4831405,43.43284,0.94239384,59.7729,-0.43738037,59.95988,-0.7305347,72.65258,4.4428086,64.670265,-1.8508502,60.215717,-0.60732126,69.436005
