chroma_stft_mean,chroma_stft_var,rms_mean,rms_var,spectral_centroid_mean,spectral_centroid_var,spectral_bandwidth_mean,spectral_bandwidth_var,rolloff_mean,rolloff_var,zero_crossing_rate_mean,zero_crossing_rate_var,harmony_mean,harmony_var,perceptr_mean,perceptr_var,tempo,mfcc1_mean,mfcc1_var,mfcc2_mean,mfcc2_var,mfcc3_mean,mfcc3_var,mfcc4_mean,mfcc4_var,mfcc5_mean,mfcc5_var,mfcc6_mean,mfcc6_var,mfcc7_mean,mfcc7_var,mfcc8_mean,mfcc8_var,mfcc9_mean,mfcc9_var,mfcc10_mean,mfcc10_var,mfcc11_mean,mfcc11_var,mfcc12_mean,mfcc12_var,mfcc13_mean,mfcc13_var,mfcc14_mean,mfcc14_var,mfcc15_mean,mfcc15_var,mfcc16_mean,mfcc16_var,mfcc17_mean,mfcc17_var,mfcc18_mean,mfcc18_var,mfcc19_mean,mfcc19_var,mfcc20_mean,mfcc20_var
0.40129316,0.08790661,0.111359596,0.002028211,3248.710113626103,683320.282136659,3305.0654052212344,222918.85457365267,7422.743256960557,2751244.0795273283,0.12404534029389018,0.0020228906275775262,-4.4127487e-06,0.0056989193,-9.224183e-06,0.004484989,107.666015625,-115.077194,2541.7703,70.42093,481.99564,31.231396,818.4104,11.171844,250.29814,13.070835,125.84085,3.878579,114.888824,1.8067201,51.625313,4.9745398,77.66834,-1.0353943,78.16512,3.9286354,53.353226,-1.2870673,82.09336,-0.688994,58.71277,-1.0698988,40.647537,-0.1331847,34.39313,-2.1568527,55.343792,-2.3228714,46.881023,-6.384345,59.75332,-5.307529,72.20223,-4.9935174,40.90651,-3.8497205,46.080883
