chroma_stft_mean,chroma_stft_var,rms_mean,rms_var,spectral_centroid_mean,spectral_centroid_var,spectral_bandwidth_mean,spectral_bandwidth_var,rolloff_mean,rolloff_var,zero_crossing_rate_mean,zero_crossing_rate_var,harmony_mean,harmony_var,perceptr_mean,perceptr_var,tempo,mfcc1_mean,mfcc1_var,mfcc2_mean,mfcc2_var,mfcc3_mean,mfcc3_var,mfcc4_mean,mfcc4_var,mfcc5_mean,mfcc5_var,mfcc6_mean,mfcc6_var,mfcc7_mean,mfcc7_var,mfcc8_mean,mfcc8_var,mfcc9_mean,mfcc9_var,mfcc10_mean,mfcc10_var,mfcc11_mean,mfcc11_var,mfcc12_mean,mfcc12_var,mfcc13_mean,mfcc13_var,mfcc14_mean,mfcc14_var,mfcc15_mean,mfcc15_var,mfcc16_mean,mfcc16_var,mfcc17_mean,mfcc17_var,mfcc18_mean,mfcc18_var,mfcc19_mean,mfcc19_var,mfcc20_mean,mfcc20_var
0.4355713,0.08218449,0.09810153,0.0015652656,2809.0680167308506,358298.4457893818,2531.020800907524,51042.03355678484,6001.635119090777,723840.9504988897,0.155900310566512,0.004670947229073614,-5.551003e-07,0.0038552827,3.2866894e-05,0.0037077572,112.34714673913044,-105.534485,1589.6239,79.2504,316.3312,-15.200756,364.62534,40.806816,136.28773,-12.249134,130.68143,23.534966,119.76259,-19.939602,84.89628,27.30581,77.92105,-16.492477,93.24447,21.520199,73.15492,-11.67163,44.60356,13.985746,44.827835,-10.76467,42.5777,9.370235,36.791553,-12.217497,40.61259,2.0668478,38.41107,-12.224563,31.749208,2.8685791,46.284954,-4.6833663,43.90982,8.164037,60.486706
