chroma_stft_mean,chroma_stft_var,rms_mean,rms_var,spectral_centroid_mean,spectral_centroid_var,spectral_bandwidth_mean,spectral_bandwidth_var,rolloff_mean,rolloff_var,zero_crossing_rate_mean,zero_crossing_rate_var,harmony_mean,harmony_var,perceptr_mean,perceptr_var,tempo,mfcc1_mean,mfcc1_var,mfcc2_mean,mfcc2_var,mfcc3_mean,mfcc3_var,mfcc4_mean,mfcc4_var,mfcc5_mean,mfcc5_var,mfcc6_mean,mfcc6_var,mfcc7_mean,mfcc7_var,mfcc8_mean,mfcc8_var,mfcc9_mean,mfcc9_var,mfcc10_mean,mfcc10_var,mfcc11_mean,mfcc11_var,mfcc12_mean,mfcc12_var,mfcc13_mean,mfcc13_var,mfcc14_mean,mfcc14_var,mfcc15_mean,mfcc15_var,mfcc16_mean,mfcc16_var,mfcc17_mean,mfcc17_var,mfcc18_mean,mfcc18_var,mfcc19_mean,mfcc19_var,mfcc20_mean,mfcc20_var
0.4166197,0.08203712,0.09197087,0.0016747756,2481.7391882072347,369978.2662248812,2178.6360814569025,69568.26941552461,4956.558659458382,823531.0374569928,0.13436042331303172,0.0033782969619488555,-1.3341211e-06,0.0034590007,-9.751532e-06,0.0035252697,103.359375,-133.85442,2786.102,93.47158,590.6167,-24.21527,390.84216,61.422466,165.15384,-22.842375,123.36318,30.967571,165.11115,-14.948222,76.091644,20.224098,81.05355,-9.285205,80.7267,15.777142,62.623207,-8.730885,97.04133,11.959778,59.66028,-5.31978,71.55608,4.9884243,72.53359,-0.6628182,67.57688,3.7251098,65.3443,2.103134,59.54667,5.42835,51.173126,3.0865352,68.41894,2.457341,57.1788
