chroma_stft_mean,chroma_stft_var,rms_mean,rms_var,spectral_centroid_mean,spectral_centroid_var,spectral_bandwidth_mean,spectral_bandwidth_var,rolloff_mean,rolloff_var,zero_crossing_rate_mean,zero_crossing_rate_var,harmony_mean,harmony_var,perceptr_mean,perceptr_var,tempo,mfcc1_mean,mfcc1_var,mfcc2_mean,mfcc2_var,mfcc3_mean,mfcc3_var,mfcc4_mean,mfcc4_var,mfcc5_mean,mfcc5_var,mfcc6_mean,mfcc6_var,mfcc7_mean,mfcc7_var,mfcc8_mean,mfcc8_var,mfcc9_mean,mfcc9_var,mfcc10_mean,mfcc10_var,mfcc11_mean,mfcc11_var,mfcc12_mean,mfcc12_var,mfcc13_mean,mfcc13_var,mfcc14_mean,mfcc14_var,mfcc15_mean,mfcc15_var,mfcc16_mean,mfcc16_var,mfcc17_mean,mfcc17_var,mfcc18_mean,mfcc18_var,mfcc19_mean,mfcc19_var,mfcc20_mean,mfcc20_var
0.3846645,0.089512415,0.11922079,0.0008553068,2139.9275394701563,332828.65157171665,2190.4788401887386,98375.12390816324,4527.826423379495,1605384.9430181861,0.1002388915071539,0.0024959718029667426,-3.0281092e-06,0.0065888437,-3.0782492e-05,0.0036504352,107.666015625,-100.28072,1480.6815,109.986755,522.4141,-26.644407,248.98778,36.837772,180.0996,-10.409535,111.81844,28.786537,143.12654,-14.84601,98.566376,21.287558,61.90993,-19.685312,57.324947,18.507954,58.809006,-16.396866,56.130196,9.154231,58.599586,-13.790873,39.370792,3.9914367,45.34797,-10.454129,56.4176,2.846874,62.60423,-4.31649,55.768036,3.1700585,66.14067,-3.7429435,73.19179,3.5618715,69.408226
