chroma_stft_mean,chroma_stft_var,rms_mean,rms_var,spectral_centroid_mean,spectral_centroid_var,spectral_bandwidth_mean,spectral_bandwidth_var,rolloff_mean,rolloff_var,zero_crossing_rate_mean,zero_crossing_rate_var,harmony_mean,harmony_var,perceptr_mean,perceptr_var,tempo,mfcc1_mean,mfcc1_var,mfcc2_mean,mfcc2_var,mfcc3_mean,mfcc3_var,mfcc4_mean,mfcc4_var,mfcc5_mean,mfcc5_var,mfcc6_mean,mfcc6_var,mfcc7_mean,mfcc7_var,mfcc8_mean,mfcc8_var,mfcc9_mean,mfcc9_var,mfcc10_mean,mfcc10_var,mfcc11_mean,mfcc11_var,mfcc12_mean,mfcc12_var,mfcc13_mean,mfcc13_var,mfcc14_mean,mfcc14_var,mfcc15_mean,mfcc15_var,mfcc16_mean,mfcc16_var,mfcc17_mean,mfcc17_var,mfcc18_mean,mfcc18_var,mfcc19_mean,mfcc19_var,mfcc20_mean,mfcc20_var
0.37060228,0.086768106,0.11308772,0.0018865889,3353.4041591983114,561867.1127869936,2986.9225933221205,111692.71512469104,7042.789638014791,1765124.6636182389,0.16820212804524362,0.005637270045632598,5.1747327e-07,0.005267532,-8.928602e-06,0.0051886817,123.046875,-77.44353,1785.0483,52.192024,473.82178,-9.003063,484.79636,12.85945,299.05167,8.564754,166.1411,2.8909404,222.47418,8.93061,154.60068,4.0074053,98.47463,-7.3485837,90.14674,-2.2597075,92.54636,0.9599891,66.93354,-1.0451938,74.71701,-3.765717,61.86126,-3.5298452,55.814976,-2.4318633,71.08775,-4.8853707,105.56383,-1.8551201,99.66425,-4.171834,111.851074,-1.6597078,67.35029,3.5143957,81.64563
