chroma_stft_mean,chroma_stft_var,rms_mean,rms_var,spectral_centroid_mean,spectral_centroid_var,spectral_bandwidth_mean,spectral_bandwidth_var,rolloff_mean,rolloff_var,zero_crossing_rate_mean,zero_crossing_rate_var,harmony_mean,harmony_var,perceptr_mean,perceptr_var,tempo,mfcc1_mean,mfcc1_var,mfcc2_mean,mfcc2_var,mfcc3_mean,mfcc3_var,mfcc4_mean,mfcc4_var,mfcc5_mean,mfcc5_var,mfcc6_mean,mfcc6_var,mfcc7_mean,mfcc7_var,mfcc8_mean,mfcc8_var,mfcc9_mean,mfcc9_var,mfcc10_mean,mfcc10_var,mfcc11_mean,mfcc11_var,mfcc12_mean,mfcc12_var,mfcc13_mean,mfcc13_var,mfcc14_mean,mfcc14_var,mfcc15_mean,mfcc15_var,mfcc16_mean,mfcc16_var,mfcc17_mean,mfcc17_var,mfcc18_mean,mfcc18_var,mfcc19_mean,mfcc19_var,mfcc20_mean,mfcc20_var
0.3425582,0.08728533,0.12454408,0.00083873054,2116.937132007475,515049.2073128135,2114.1336867953573,193306.533421357,4349.140806264501,1977684.7699858695,0.10326298760150812,0.002213899397512356,-2.1126787e-07,0.008587385,-6.0349125e-06,0.0035042407,161.4990234375,-104.13797,3023.8416,105.87117,1422.7355,-14.32759,438.85745,36.710423,233.98633,-10.330668,199.60617,16.791773,87.531006,-6.818429,76.497185,8.1312,74.49141,-4.4643703,66.63329,0.9813637,78.868416,-10.006949,77.83382,0.375473,63.905476,-1.7045553,56.229633,2.9751773,55.754253,-0.8930394,48.251102,-3.060968,39.748863,-4.4538727,50.100574,-6.516971,48.233356,-8.449899,67.86313,-2.775298,63.797466
