chroma_stft_mean,chroma_stft_var,rms_mean,rms_var,spectral_centroid_mean,spectral_centroid_var,spectral_bandwidth_mean,spectral_bandwidth_var,rolloff_mean,rolloff_var,zero_crossing_rate_mean,zero_crossing_rate_var,harmony_mean,harmony_var,perceptr_mean,perceptr_var,tempo,mfcc1_mean,mfcc1_var,mfcc2_mean,mfcc2_var,mfcc3_mean,mfcc3_var,mfcc4_mean,mfcc4_var,mfcc5_mean,mfcc5_var,mfcc6_mean,mfcc6_var,mfcc7_mean,mfcc7_var,mfcc8_mean,mfcc8_var,mfcc9_mean,mfcc9_var,mfcc10_mean,mfcc10_var,mfcc11_mean,mfcc11_var,mfcc12_mean,mfcc12_var,mfcc13_mean,mfcc13_var,mfcc14_mean,mfcc14_var,mfcc15_mean,mfcc15_var,mfcc16_mean,mfcc16_var,mfcc17_mean,mfcc17_var,mfcc18_mean,mfcc18_var,mfcc19_mean,mfcc19_var,mfcc20_mean,mfcc20_var
0.4347791,0.07623026,0.17306404,0.003026914,3347.8914159725437,292987.7960138674,3013.0752700610165,72035.8062189195,7057.02020419446,906365.9504101267,0.16203007178074247,0.0024924786983807627,4.616944e-06,0.01105372,-9.743169e-06,0.010528233,135.99917763157896,-23.554235,1583.9537,57.342735,291.5102,6.998448,249.97342,16.543451,142.18213,5.511961,82.72646,11.862946,110.2478,1.6884781,55.994358,5.4613194,45.058094,2.751831,47.90683,7.3380203,46.461468,1.9618068,41.518658,1.265359,47.076366,-2.3449988,45.221397,-2.3246598,45.755466,0.10840211,36.893658,-0.15036112,43.681026,2.2672768,58.482357,1.5780425,55.227184,-1.8400426,41.72587,-2.4345062,46.82556
