chroma_stft_mean,chroma_stft_var,rms_mean,rms_var,spectral_centroid_mean,spectral_centroid_var,spectral_bandwidth_mean,spectral_bandwidth_var,rolloff_mean,rolloff_var,zero_crossing_rate_mean,zero_crossing_rate_var,harmony_mean,harmony_var,perceptr_mean,perceptr_var,tempo,mfcc1_mean,mfcc1_var,mfcc2_mean,mfcc2_var,mfcc3_mean,mfcc3_var,mfcc4_mean,mfcc4_var,mfcc5_mean,mfcc5_var,mfcc6_mean,mfcc6_var,mfcc7_mean,mfcc7_var,mfcc8_mean,mfcc8_var,mfcc9_mean,mfcc9_var,mfcc10_mean,mfcc10_var,mfcc11_mean,mfcc11_var,mfcc12_mean,mfcc12_var,mfcc13_mean,mfcc13_var,mfcc14_mean,mfcc14_var,mfcc15_mean,mfcc15_var,mfcc16_mean,mfcc16_var,mfcc17_mean,mfcc17_var,mfcc18_mean,mfcc18_var,mfcc19_mean,mfcc19_var,mfcc20_mean,mfcc20_var
0.41615787,0.08059751,0.10675535,0.0016806707,2956.079112286355,519915.71760906145,2599.631125753222,82733.5279792553,6131.50048488254,1207664.187555932,0.1626135168938515,0.005534715762313697,-1.231988e-06,0.00482716,-1.0865683e-05,0.0043929406,107.666015625,-93.35664,1924.4653,77.85465,451.37186,-8.789851,384.70615,42.06367,167.52492,-11.246891,75.921135,24.241188,117.05242,-17.913877,67.98392,22.249002,56.043324,-16.031782,54.090065,16.69252,50.33248,-15.664026,41.9755,15.410893,47.478695,-18.117002,43.517685,10.214562,37.644234,-14.607398,37.812145,1.8481575,48.21343,-11.088876,39.62823,1.1498108,42.158997,-10.555622,51.617996,5.1890965,47.143574
