chroma_stft_mean,chroma_stft_var,rms_mean,rms_var,spectral_centroid_mean,spectral_centroid_var,spectral_bandwidth_mean,spectral_bandwidth_var,rolloff_mean,rolloff_var,zero_crossing_rate_mean,zero_crossing_rate_var,harmony_mean,harmony_var,perceptr_mean,perceptr_var,tempo,mfcc1_mean,mfcc1_var,mfcc2_mean,mfcc2_var,mfcc3_mean,mfcc3_var,mfcc4_mean,mfcc4_var,mfcc5_mean,mfcc5_var,mfcc6_mean,mfcc6_var,mfcc7_mean,mfcc7_var,mfcc8_mean,mfcc8_var,mfcc9_mean,mfcc9_var,mfcc10_mean,mfcc10_var,mfcc11_mean,mfcc11_var,mfcc12_mean,mfcc12_var,mfcc13_mean,mfcc13_var,mfcc14_mean,mfcc14_var,mfcc15_mean,mfcc15_var,mfcc16_mean,mfcc16_var,mfcc17_mean,mfcc17_var,mfcc18_mean,mfcc18_var,mfcc19_mean,mfcc19_var,mfcc20_mean,mfcc20_var
0.41418314,0.09004276,0.08756795,0.0010883394,1959.0741388861084,462875.4829420326,2210.6474517094857,141079.50785799098,4352.013565382105,2337094.9700336363,0.08998536289153132,0.0029298678796601694,0.000116441355,0.0031557179,0.0006197324,0.0032871363,117.45383522727273,-167.48877,3429.4854,112.50459,763.56866,-4.57863,693.9694,37.091393,529.2184,-8.612248,242.4022,27.814657,190.43843,-14.70463,115.95129,18.51487,105.09762,-16.473206,106.94534,13.755432,86.992065,-13.324283,72.597885,10.204631,60.287643,-11.572749,77.6623,6.742621,62.261105,-9.194169,61.812874,4.8974524,67.3775,-9.71392,72.78105,1.5204718,65.62758,-5.570963,64.9236,-2.0671215,60.413742
