chroma_stft_mean,chroma_stft_var,rms_mean,rms_var,spectral_centroid_mean,spectral_centroid_var,spectral_bandwidth_mean,spectral_bandwidth_var,rolloff_mean,rolloff_var,zero_crossing_rate_mean,zero_crossing_rate_var,harmony_mean,harmony_var,perceptr_mean,perceptr_var,tempo,mfcc1_mean,mfcc1_var,mfcc2_mean,mfcc2_var,mfcc3_mean,mfcc3_var,mfcc4_mean,mfcc4_var,mfcc5_mean,mfcc5_var,mfcc6_mean,mfcc6_var,mfcc7_mean,mfcc7_var,mfcc8_mean,mfcc8_var,mfcc9_mean,mfcc9_var,mfcc10_mean,mfcc10_var,mfcc11_mean,mfcc11_var,mfcc12_mean,mfcc12_var,mfcc13_mean,mfcc13_var,mfcc14_mean,mfcc14_var,mfcc15_mean,mfcc15_var,mfcc16_mean,mfcc16_var,mfcc17_mean,mfcc17_var,mfcc18_mean,mfcc18_var,mfcc19_mean,mfcc19_var,mfcc20_mean,mfcc20_var
0.35849315,0.09448999,0.07869997,0.0023054017,2292.7794270588483,614995.9487153717,2208.6856602596463,158492.07491791446,4741.368184454756,2181567.671360164,0.11640202049497293,0.004600688270328641,-5.9846803e-07,0.0025074356,5.0256205e-07,0.0036645527,129.19921875,-193.1521,12964.741,89.18025,1255.116,-19.990849,426.13553,38.738586,273.49344,-2.7211244,185.60721,17.049927,238.57065,-7.942614,177.81688,16.082537,108.896194,-16.751808,143.4017,7.717519,102.34444,-15.705438,118.96231,9.01895,127.44056,-11.315525,97.549965,3.8983061,125.04986,-8.217345,120.074196,3.0071144,100.49129,-6.8723397,103.77661,-0.7121084,111.286736,-6.4130616,82.476944,-0.56435674,87.364845
