chroma_stft_mean,chroma_stft_var,rms_mean,rms_var,spectral_centroid_mean,spectral_centroid_var,spectral_bandwidth_mean,spectral_bandwidth_var,rolloff_mean,rolloff_var,zero_crossing_rate_mean,zero_crossing_rate_var,harmony_mean,harmony_var,perceptr_mean,perceptr_var,tempo,mfcc1_mean,mfcc1_var,mfcc2_mean,mfcc2_var,mfcc3_mean,mfcc3_var,mfcc4_mean,mfcc4_var,mfcc5_mean,mfcc5_var,mfcc6_mean,mfcc6_var,mfcc7_mean,mfcc7_var,mfcc8_mean,mfcc8_var,mfcc9_mean,mfcc9_var,mfcc10_mean,mfcc10_var,mfcc11_mean,mfcc11_var,mfcc12_mean,mfcc12_var,mfcc13_mean,mfcc13_var,mfcc14_mean,mfcc14_var,mfcc15_mean,mfcc15_var,mfcc16_mean,mfcc16_var,mfcc17_mean,mfcc17_var,mfcc18_mean,mfcc18_var,mfcc19_mean,mfcc19_var,mfcc20_mean,mfcc20_var
0.39516932,0.083449505,0.1652407,0.0029024195,1867.9449473321624,411182.1791549369,1875.1005955510293,134787.94485459503,3804.782097411543,1426598.2097694802,0.09446561714520495,0.0021096149376879057,6.5824065e-06,0.011949797,7.180416e-05,0.009762185,123.046875,-95.78374,3559.859,122.07248,849.69366,-29.341267,816.2927,50.330864,208.63544,-11.952024,211.09189,28.393482,168.37613,-7.055488,128.61519,11.860459,114.23061,-8.614768,88.55825,11.576042,65.959045,-18.401043,59.370262,6.876074,94.98666,-11.656873,54.64665,2.6842973,80.39421,-5.7940955,76.51671,0.648301,52.583153,-7.260707,83.63575,1.7478306,68.71055,-6.149038,64.00331,-3.747774,84.241455
