chroma_stft_mean,chroma_stft_var,rms_mean,rms_var,spectral_centroid_mean,spectral_centroid_var,spectral_bandwidth_mean,spectral_bandwidth_var,rolloff_mean,rolloff_var,zero_crossing_rate_mean,zero_crossing_rate_var,harmony_mean,harmony_var,perceptr_mean,perceptr_var,tempo,mfcc1_mean,mfcc1_var,mfcc2_mean,mfcc2_var,mfcc3_mean,mfcc3_var,mfcc4_mean,mfcc4_var,mfcc5_mean,mfcc5_var,mfcc6_mean,mfcc6_var,mfcc7_mean,mfcc7_var,mfcc8_mean,mfcc8_var,mfcc9_mean,mfcc9_var,mfcc10_mean,mfcc10_var,mfcc11_mean,mfcc11_var,mfcc12_mean,mfcc12_var,mfcc13_mean,mfcc13_var,mfcc14_mean,mfcc14_var,mfcc15_mean,mfcc15_var,mfcc16_mean,mfcc16_var,mfcc17_mean,mfcc17_var,mfcc18_mean,mfcc18_var,mfcc19_mean,mfcc19_var,mfcc20_mean,mfcc20_var
0.37654734,0.09344698,0.11295763,0.0030043013,2259.6134225197134,278627.0073694001,2273.0172811820307,137461.57246523572,4889.502632866879,1490232.5866223292,0.11419814626836813,0.002289071472681703,1.06162415e-05,0.004072706,0.000114897644,0.007152348,123.046875,-125.7326,3105.4521,101.78744,404.3496,-17.478825,445.73413,33.670853,316.3539,-15.239169,154.50967,23.698206,220.6776,-8.662551,152.48062,18.543148,99.66821,-14.054488,74.36566,19.967379,76.5486,-15.139362,73.96662,12.968243,69.99595,-14.305062,98.57711,3.0324683,80.181206,-7.0880303,97.76652,1.6227912,103.94122,-3.8986876,108.525246,5.3808327,62.329407,0.96389514,115.65548,2.6884294,74.67098
