chroma_stft_mean,chroma_stft_var,rms_mean,rms_var,spectral_centroid_mean,spectral_centroid_var,spectral_bandwidth_mean,spectral_bandwidth_var,rolloff_mean,rolloff_var,zero_crossing_rate_mean,zero_crossing_rate_var,harmony_mean,harmony_var,perceptr_mean,perceptr_var,tempo,mfcc1_mean,mfcc1_var,mfcc2_mean,mfcc2_var,mfcc3_mean,mfcc3_var,mfcc4_mean,mfcc4_var,mfcc5_mean,mfcc5_var,mfcc6_mean,mfcc6_var,mfcc7_mean,mfcc7_var,mfcc8_mean,mfcc8_var,mfcc9_mean,mfcc9_var,mfcc10_mean,mfcc10_var,mfcc11_mean,mfcc11_var,mfcc12_mean,mfcc12_var,mfcc13_mean,mfcc13_var,mfcc14_mean,mfcc14_var,mfcc15_mean,mfcc15_var,mfcc16_mean,mfcc16_var,mfcc17_mean,mfcc17_var,mfcc18_mean,mfcc18_var,mfcc19_mean,mfcc19_var,mfcc20_mean,mfcc20_var
0.4951672,0.07695984,0.19629128,0.0020812768,3045.783197240785,784689.7241484909,2720.412267311668,139471.46210734296,6206.430158943966,1968716.6747312627,0.1495607339559387,0.0047238302869921775,-0.00025689206,0.020696566,-0.0012026816,0.008359922,129.19921875,-44.433094,3158.4746,52.32051,716.8035,3.242855,649.3524,43.93931,190.60368,12.584174,126.9591,24.506044,141.73064,4.923503,55.482353,15.30651,48.883457,2.041092,37.46787,10.386366,54.01135,-1.4623228,41.267776,8.834608,33.16358,0.4166824,36.372593,4.6652493,36.43591,-1.834696,33.86057,2.9817386,35.361977,-2.0356004,32.20989,-3.349819,43.769905,-4.1517015,47.2712,-0.3566818,53.504047
