chroma_stft_mean,chroma_stft_var,rms_mean,rms_var,spectral_centroid_mean,spectral_centroid_var,spectral_bandwidth_mean,spectral_bandwidth_var,rolloff_mean,rolloff_var,zero_crossing_rate_mean,zero_crossing_rate_var,harmony_mean,harmony_var,perceptr_mean,perceptr_var,tempo,mfcc1_mean,mfcc1_var,mfcc2_mean,mfcc2_var,mfcc3_mean,mfcc3_var,mfcc4_mean,mfcc4_var,mfcc5_mean,mfcc5_var,mfcc6_mean,mfcc6_var,mfcc7_mean,mfcc7_var,mfcc8_mean,mfcc8_var,mfcc9_mean,mfcc9_var,mfcc10_mean,mfcc10_var,mfcc11_mean,mfcc11_var,mfcc12_mean,mfcc12_var,mfcc13_mean,mfcc13_var,mfcc14_mean,mfcc14_var,mfcc15_mean,mfcc15_var,mfcc16_mean,mfcc16_var,mfcc17_mean,mfcc17_var,mfcc18_mean,mfcc18_var,mfcc19_mean,mfcc19_var,mfcc20_mean,mfcc20_var
0.37273753,0.0810257,0.14292744,0.0039581885,2624.814629146055,342561.33155345364,2709.8971083894817,129902.02248592969,5605.777239522912,2108784.3336995537,0.12021650534126063,0.0015118620889880297,-4.26874e-06,0.009516575,-1.0587082e-05,0.008133783,129.19921875,-69.63065,2324.3726,83.07227,440.48135,-16.599928,305.41354,0.118371196,189.19415,7.420607,104.51682,0.7700079,100.688416,1.3374783,75.027916,4.6957984,59.404194,-1.4168245,74.245895,3.3194354,66.62598,-2.8782654,61.396885,-8.20215,65.21519,-5.767511,47.90085,-0.2626999,41.51194,-3.2032092,36.233788,-1.8796517,49.472885,4.0476403,53.981976,3.6531594,43.802937,1.9044927,49.177505,3.6120803,55.710907
