chroma_stft_mean,chroma_stft_var,rms_mean,rms_var,spectral_centroid_mean,spectral_centroid_var,spectral_bandwidth_mean,spectral_bandwidth_var,rolloff_mean,rolloff_var,zero_crossing_rate_mean,zero_crossing_rate_var,harmony_mean,harmony_var,perceptr_mean,perceptr_var,tempo,mfcc1_mean,mfcc1_var,mfcc2_mean,mfcc2_var,mfcc3_mean,mfcc3_var,mfcc4_mean,mfcc4_var,mfcc5_mean,mfcc5_var,mfcc6_mean,mfcc6_var,mfcc7_mean,mfcc7_var,mfcc8_mean,mfcc8_var,mfcc9_mean,mfcc9_var,mfcc10_mean,mfcc10_var,mfcc11_mean,mfcc11_var,mfcc12_mean,mfcc12_var,mfcc13_mean,mfcc13_var,mfcc14_mean,mfcc14_var,mfcc15_mean,mfcc15_var,mfcc16_mean,mfcc16_var,mfcc17_mean,mfcc17_var,mfcc18_mean,mfcc18_var,mfcc19_mean,mfcc19_var,mfcc20_mean,mfcc20_var
0.3918867,0.084784456,0.15692227,0.00103279,2450.056640885936,407962.922653092,2387.70491588244,175158.3409808866,5023.3482272331785,1802442.2221354966,0.1244871725154679,0.0016637932179985099,3.960286e-06,0.014662594,-2.0777018e-06,0.0042488053,129.19921875,-57.81615,2171.7173,86.559784,774.6277,-11.807115,451.92212,38.770008,222.29405,2.3708022,120.93564,8.82681,80.097496,-1.2821877,58.313164,9.910632,62.621067,-1.6604493,51.16819,9.840833,55.494514,3.008505,85.946915,7.504814,85.36062,1.7077206,75.13397,5.663775,65.34633,-0.690502,59.234066,3.4469693,48.200314,0.13456982,54.55155,-0.94698465,55.948013,-2.6365416,55.19789,1.6447155,67.457726
