chroma_stft_mean,chroma_stft_var,rms_mean,rms_var,spectral_centroid_mean,spectral_centroid_var,spectral_bandwidth_mean,spectral_bandwidth_var,rolloff_mean,rolloff_var,zero_crossing_rate_mean,zero_crossing_rate_var,harmony_mean,harmony_var,perceptr_mean,perceptr_var,tempo,mfcc1_mean,mfcc1_var,mfcc2_mean,mfcc2_var,mfcc3_mean,mfcc3_var,mfcc4_mean,mfcc4_var,mfcc5_mean,mfcc5_var,mfcc6_mean,mfcc6_var,mfcc7_mean,mfcc7_var,mfcc8_mean,mfcc8_var,mfcc9_mean,mfcc9_var,mfcc10_mean,mfcc10_var,mfcc11_mean,mfcc11_var,mfcc12_mean,mfcc12_var,mfcc13_mean,mfcc13_var,mfcc14_mean,mfcc14_var,mfcc15_mean,mfcc15_var,mfcc16_mean,mfcc16_var,mfcc17_mean,mfcc17_var,mfcc18_mean,mfcc18_var,mfcc19_mean,mfcc19_var,mfcc20_mean,mfcc20_var
0.44217622,0.078644656,0.11894341,0.0018823593,3016.9654959671584,566737.4001603435,2623.440908104261,170346.26266952822,5955.0381335194315,1962950.4063117476,0.1706677028953983,0.004729189484657598,-1.8843039e-06,0.0054010074,-6.422412e-06,0.005731599,129.19921875,-68.92688,4135.0103,63.117622,621.59814,-15.855327,537.392,28.002327,155.77654,8.173502,152.01813,7.323385,73.46176,-4.9316792,63.151363,9.490028,40.30184,-0.974049,50.51398,-1.5963364,56.96315,-6.184394,55.248833,-3.9365966,49.922173,-1.1669567,46.992847,-6.5405774,39.59626,-6.1709123,43.397892,-5.039419,30.141039,-4.40163,42.480446,-5.379509,40.41929,-1.6691306,42.93424,-0.8976509,46.87826
