chroma_stft_mean,chroma_stft_var,rms_mean,rms_var,spectral_centroid_mean,spectral_centroid_var,spectral_bandwidth_mean,spectral_bandwidth_var,rolloff_mean,rolloff_var,zero_crossing_rate_mean,zero_crossing_rate_var,harmony_mean,harmony_var,perceptr_mean,perceptr_var,tempo,mfcc1_mean,mfcc1_var,mfcc2_mean,mfcc2_var,mfcc3_mean,mfcc3_var,mfcc4_mean,mfcc4_var,mfcc5_mean,mfcc5_var,mfcc6_mean,mfcc6_var,mfcc7_mean,mfcc7_var,mfcc8_mean,mfcc8_var,mfcc9_mean,mfcc9_var,mfcc10_mean,mfcc10_var,mfcc11_mean,mfcc11_var,mfcc12_mean,mfcc12_var,mfcc13_mean,mfcc13_var,mfcc14_mean,mfcc14_var,mfcc15_mean,mfcc15_var,mfcc16_mean,mfcc16_var,mfcc17_mean,mfcc17_var,mfcc18_mean,mfcc18_var,mfcc19_mean,mfcc19_var,mfcc20_mean,mfcc20_var
0.48542,0.0866179,0.115590945,0.0034791727,2908.67464508436,1491063.533019571,2990.1379592166795,268580.47335004393,6348.173137054089,4501550.276286772,0.10118297745069606,0.005515484660796228,-7.664368e-06,0.0056714294,-1.4826462e-05,0.0065718447,112.34714673913044,-155.67006,6586.3203,60.623177,1233.982,23.156448,1418.9093,31.176702,319.44205,25.046492,262.8624,16.90212,152.20111,9.445917,116.816925,8.451036,120.70398,5.319857,95.169624,6.5556526,62.31137,5.769587,87.18596,3.9236524,56.47379,7.5681047,67.26757,2.1640356,44.51415,4.423194,54.186794,4.3440156,47.331818,-0.015137504,39.87053,0.89305174,45.626152,-0.488246,39.370083,-4.7795672,43.98228
