chroma_stft_mean,chroma_stft_var,rms_mean,rms_var,spectral_centroid_mean,spectral_centroid_var,spectral_bandwidth_mean,spectral_bandwidth_var,rolloff_mean,rolloff_var,zero_crossing_rate_mean,zero_crossing_rate_var,harmony_mean,harmony_var,perceptr_mean,perceptr_var,tempo,mfcc1_mean,mfcc1_var,mfcc2_mean,mfcc2_var,mfcc3_mean,mfcc3_var,mfcc4_mean,mfcc4_var,mfcc5_mean,mfcc5_var,mfcc6_mean,mfcc6_var,mfcc7_mean,mfcc7_var,mfcc8_mean,mfcc8_var,mfcc9_mean,mfcc9_var,mfcc10_mean,mfcc10_var,mfcc11_mean,mfcc11_var,mfcc12_mean,mfcc12_var,mfcc13_mean,mfcc13_var,mfcc14_mean,mfcc14_var,mfcc15_mean,mfcc15_var,mfcc16_mean,mfcc16_var,mfcc17_mean,mfcc17_var,mfcc18_mean,mfcc18_var,mfcc19_mean,mfcc19_var,mfcc20_mean,mfcc20_var
0.4831137,0.08115154,0.17249633,0.0033791477,3715.1863608882204,1026730.2015755423,3188.905341597431,83934.97901289957,7728.130041418938,1558114.421415525,0.19837511480085074,0.01346371366976595,7.8045144e-07,0.00977977,-6.8189615e-06,0.011772126,123.046875,-20.4939,1684.706,53.692123,431.37665,5.9808583,364.8748,10.135651,205.27948,17.066591,125.9368,9.531477,60.407604,4.6186805,74.40412,6.3997,49.23013,-0.33616525,53.2297,1.728475,64.15954,3.6760638,80.74148,-0.7774312,40.418465,-5.8819685,47.581642,2.3283489,39.65349,0.36691993,31.290924,2.7435677,30.611702,-0.5299904,32.85982,-1.2045474,31.606285,0.24779324,31.088772,-1.2764971,32.282764
