chroma_stft_mean,chroma_stft_var,rms_mean,rms_var,spectral_centroid_mean,spectral_centroid_var,spectral_bandwidth_mean,spectral_bandwidth_var,rolloff_mean,rolloff_var,zero_crossing_rate_mean,zero_crossing_rate_var,harmony_mean,harmony_var,perceptr_mean,perceptr_var,tempo,mfcc1_mean,mfcc1_var,mfcc2_mean,mfcc2_var,mfcc3_mean,mfcc3_var,mfcc4_mean,mfcc4_var,mfcc5_mean,mfcc5_var,mfcc6_mean,mfcc6_var,mfcc7_mean,mfcc7_var,mfcc8_mean,mfcc8_var,mfcc9_mean,mfcc9_var,mfcc10_mean,mfcc10_var,mfcc11_mean,mfcc11_var,mfcc12_mean,mfcc12_var,mfcc13_mean,mfcc13_var,mfcc14_mean,mfcc14_var,mfcc15_mean,mfcc15_var,mfcc16_mean,mfcc16_var,mfcc17_mean,mfcc17_var,mfcc18_mean,mfcc18_var,mfcc19_mean,mfcc19_var,mfcc20_mean,mfcc20_var
0.4734802,0.089174554,0.14250739,0.004192033,2067.7346577268263,819409.5319073688,2449.6867088361364,283745.6330554219,4354.965138989825,4111945.8290705364,0.07576005329457364,0.004054450687325693,-0.0002060323,0.010985952,-0.0012710266,0.00547471,103.359375,-137.14581,4197.22,95.76672,824.3786,0.8722467,951.63873,29.560207,517.4289,25.877943,277.608,10.229134,165.45763,4.1175056,126.33893,17.517221,94.198105,-0.31619632,90.425934,8.637979,59.2634,6.89685,44.65943,3.1330776,48.979816,1.8755022,41.303177,3.9890504,39.619465,-3.0348508,42.994087,0.6705872,47.933754,-1.4042222,51.921574,-1.4764391,52.063583,-1.7629423,50.519543,-1.0790652,71.67411
0.4765533,0.087434374,0.12633006,0.006102258,2222.728862300935,1070213.0445585756,2433.046381078458,192136.5918657173,4703.702875181686,3856446.1025513983,0.081640625,0.004684431682261386,-0.00039510196,0.0094531,-0.0011133808,0.006068863,99.38401442307692,-159.19046,4935.8657,85.40586,1851.5791,-1.3961393,276.45114,28.161537,233.41957,12.744916,144.65642,20.213243,134.26299,4.4535584,69.37079,13.475775,51.458176,2.849507,77.24075,13.608089,84.12472,10.764676,123.11933,9.477962,77.92857,1.3728968,40.091175,-1.1530228,30.04081,-3.8183737,23.810417,1.6987392,19.628998,-0.02582886,24.65237,3.0394018,24.566072,0.8728346,32.300434,4.509702,45.534386
