chroma_stft_mean,chroma_stft_var,rms_mean,rms_var,spectral_centroid_mean,spectral_centroid_var,spectral_bandwidth_mean,spectral_bandwidth_var,rolloff_mean,rolloff_var,zero_crossing_rate_mean,zero_crossing_rate_var,harmony_mean,harmony_var,perceptr_mean,perceptr_var,tempo,mfcc1_mean,mfcc1_var,mfcc2_mean,mfcc2_var,mfcc3_mean,mfcc3_var,mfcc4_mean,mfcc4_var,mfcc5_mean,mfcc5_var,mfcc6_mean,mfcc6_var,mfcc7_mean,mfcc7_var,mfcc8_mean,mfcc8_var,mfcc9_mean,mfcc9_var,mfcc10_mean,mfcc10_var,mfcc11_mean,mfcc11_var,mfcc12_mean,mfcc12_var,mfcc13_mean,mfcc13_var,mfcc14_mean,mfcc14_var,mfcc15_mean,mfcc15_var,mfcc16_mean,mfcc16_var,mfcc17_mean,mfcc17_var,mfcc18_mean,mfcc18_var,mfcc19_mean,mfcc19_var,mfcc20_mean,mfcc20_var
0.48024437,0.08059086,0.2012545,0.003127645,3044.905921841199,341402.5349790072,2999.217472549688,131797.5237002727,6841.125299317918,2488963.281290322,0.1327845334268576,0.003496658278251563,-0.0002117624,0.022166962,-0.001139105,0.00910693,99.38401442307692,-22.614065,898.601,65.90048,264.29214,-12.912156,294.53506,5.223533,355.35037,6.4872184,128.39597,5.780622,120.31872,17.384169,115.60446,-0.06621644,142.98174,6.0694485,85.337654,8.903152,56.833294,0.10252503,65.7306,4.7245975,62.06131,2.3861518,61.404297,1.5679961,67.92929,0.64948547,61.82453,3.418669,61.816673,2.5737376,49.87782,2.7044067,47.610416,0.4955577,49.59664,-1.3758951,50.97302
0.47887424,0.08313724,0.2247882,0.0037746972,3124.605101377711,765254.1080660115,2941.9841797809854,73424.66647135113,6716.45938648897,1828876.3564473358,0.13984571521865324,0.009382168777784548,-0.00010420985,0.025557825,-0.0012349732,0.013584843,99.38401442307692,-27.613342,1851.1107,55.76433,750.71265,4.536912,287.12903,24.449694,224.58597,7.0690966,121.45364,6.388477,148.59566,13.49444,132.72531,7.633089,123.46309,5.253981,99.40469,11.594434,87.97675,1.6261772,77.79587,3.6481383,73.294266,-0.5310126,61.331802,4.9350653,62.986088,-0.2244638,49.236874,1.9865642,45.593903,-1.1507881,69.094955,-0.9029165,50.704327,0.22709812,44.708874,1.3501469,59.2614
