chroma_stft_mean,chroma_stft_var,rms_mean,rms_var,spectral_centroid_mean,spectral_centroid_var,spectral_bandwidth_mean,spectral_bandwidth_var,rolloff_mean,rolloff_var,zero_crossing_rate_mean,zero_crossing_rate_var,harmony_mean,harmony_var,perceptr_mean,perceptr_var,tempo,mfcc1_mean,mfcc1_var,mfcc2_mean,mfcc2_var,mfcc3_mean,mfcc3_var,mfcc4_mean,mfcc4_var,mfcc5_mean,mfcc5_var,mfcc6_mean,mfcc6_var,mfcc7_mean,mfcc7_var,mfcc8_mean,mfcc8_var,mfcc9_mean,mfcc9_var,mfcc10_mean,mfcc10_var,mfcc11_mean,mfcc11_var,mfcc12_mean,mfcc12_var,mfcc13_mean,mfcc13_var,mfcc14_mean,mfcc14_var,mfcc15_mean,mfcc15_var,mfcc16_mean,mfcc16_var,mfcc17_mean,mfcc17_var,mfcc18_mean,mfcc18_var,mfcc19_mean,mfcc19_var,mfcc20_mean,mfcc20_var
0.21900696,0.08454126,0.016747132,0.00031423464,812.1207958821843,50369.96287902817,1009.9219073591227,74599.26385534967,1236.4605047310035,263269.86993153824,0.048334934503093584,0.0002541746487097896,-2.1570366e-05,0.00049893884,-3.5133868e-05,1.34814545e-05,161.4990234375,-477.94348,8590.739,155.32089,1506.5885,12.760223,800.38324,5.5314426,229.8147,2.3841317,96.00574,-10.652273,117.92614,-16.651352,82.76503,-12.546622,105.51704,-11.187111,172.54626,-9.374714,131.86879,-3.2156122,66.07674,-2.7692902,119.7214,-6.4778414,90.403076,-8.30954,67.74207,-7.0976214,69.654434,-7.473877,62.337864,-5.3253646,98.47916,1.2618533,127.50353,1.8818004,71.24494,-1.6483133,83.34485
