chroma_stft_mean,chroma_stft_var,rms_mean,rms_var,spectral_centroid_mean,spectral_centroid_var,spectral_bandwidth_mean,spectral_bandwidth_var,rolloff_mean,rolloff_var,zero_crossing_rate_mean,zero_crossing_rate_var,harmony_mean,harmony_var,perceptr_mean,perceptr_var,tempo,mfcc1_mean,mfcc1_var,mfcc2_mean,mfcc2_var,mfcc3_mean,mfcc3_var,mfcc4_mean,mfcc4_var,mfcc5_mean,mfcc5_var,mfcc6_mean,mfcc6_var,mfcc7_mean,mfcc7_var,mfcc8_mean,mfcc8_var,mfcc9_mean,mfcc9_var,mfcc10_mean,mfcc10_var,mfcc11_mean,mfcc11_var,mfcc12_mean,mfcc12_var,mfcc13_mean,mfcc13_var,mfcc14_mean,mfcc14_var,mfcc15_mean,mfcc15_var,mfcc16_mean,mfcc16_var,mfcc17_mean,mfcc17_var,mfcc18_mean,mfcc18_var,mfcc19_mean,mfcc19_var,mfcc20_mean,mfcc20_var
0.2818187,0.08339031,0.04818047,0.0009109821,1322.7344268727697,210484.67779057924,1591.4631454881153,209286.6694019688,2474.902796911253,1305791.47371484,0.0761046560808198,0.000773441209915956,-0.00059074286,0.0024669222,-0.0005675243,0.00021028296,151.99908088235293,-274.3259,7365.532,148.35321,689.24384,-20.328934,619.55286,21.799068,93.7133,7.928089,189.92017,3.7767048,102.151405,-2.2288494,52.413628,-6.0878696,69.99771,-5.623011,49.217438,-6.6903195,54.35607,-5.9035316,74.23576,-4.592247,87.861595,-1.5412745,84.48986,-3.0245388,112.11504,-4.6955943,125.827774,-7.719143,84.9243,-7.2160583,103.159225,-5.406607,82.4208,-5.2490506,92.26477,-5.269738,87.48267
