chroma_stft_mean,chroma_stft_var,rms_mean,rms_var,spectral_centroid_mean,spectral_centroid_var,spectral_bandwidth_mean,spectral_bandwidth_var,rolloff_mean,rolloff_var,zero_crossing_rate_mean,zero_crossing_rate_var,harmony_mean,harmony_var,perceptr_mean,perceptr_var,tempo,mfcc1_mean,mfcc1_var,mfcc2_mean,mfcc2_var,mfcc3_mean,mfcc3_var,mfcc4_mean,mfcc4_var,mfcc5_mean,mfcc5_var,mfcc6_mean,mfcc6_var,mfcc7_mean,mfcc7_var,mfcc8_mean,mfcc8_var,mfcc9_mean,mfcc9_var,mfcc10_mean,mfcc10_var,mfcc11_mean,mfcc11_var,mfcc12_mean,mfcc12_var,mfcc13_mean,mfcc13_var,mfcc14_mean,mfcc14_var,mfcc15_mean,mfcc15_var,mfcc16_mean,mfcc16_var,mfcc17_mean,mfcc17_var,mfcc18_mean,mfcc18_var,mfcc19_mean,mfcc19_var,mfcc20_mean,mfcc20_var
0.28263748,0.083119325,0.042979293,0.00021811198,1415.4129895873139,118844.24314173326,1449.0029510876966,65534.04556952512,2490.0326615973026,433724.13335346227,0.08737817514984532,0.0009715313391772595,-7.720352e-06,0.0017465631,-2.4334558e-06,6.214284e-05,112.34714673913044,-263.99594,2926.1133,142.11691,1095.1895,-51.378956,347.82385,5.0166855,118.507805,-20.275646,127.79162,-17.12978,93.00193,-16.075098,92.68518,-20.311262,81.23407,-15.04123,105.64238,-9.737653,68.297516,-8.4088335,68.67395,-11.790934,120.88121,-6.8859296,79.61848,-4.6030884,75.649216,-2.0434783,66.706085,-2.373202,99.05728,0.9661217,59.18297,3.0088854,92.123344,1.3610225,128.77403,5.5366035,93.69163
