chroma_stft_mean,chroma_stft_var,rms_mean,rms_var,spectral_centroid_mean,spectral_centroid_var,spectral_bandwidth_mean,spectral_bandwidth_var,rolloff_mean,rolloff_var,zero_crossing_rate_mean,zero_crossing_rate_var,harmony_mean,harmony_var,perceptr_mean,perceptr_var,tempo,mfcc1_mean,mfcc1_var,mfcc2_mean,mfcc2_var,mfcc3_mean,mfcc3_var,mfcc4_mean,mfcc4_var,mfcc5_mean,mfcc5_var,mfcc6_mean,mfcc6_var,mfcc7_mean,mfcc7_var,mfcc8_mean,mfcc8_var,mfcc9_mean,mfcc9_var,mfcc10_mean,mfcc10_var,mfcc11_mean,mfcc11_var,mfcc12_mean,mfcc12_var,mfcc13_mean,mfcc13_var,mfcc14_mean,mfcc14_var,mfcc15_mean,mfcc15_var,mfcc16_mean,mfcc16_var,mfcc17_mean,mfcc17_var,mfcc18_mean,mfcc18_var,mfcc19_mean,mfcc19_var,mfcc20_mean,mfcc20_var
0.2172831,0.087874636,0.035111424,0.00022233634,2423.3323353649416,118869.97092247305,1884.6631904527792,20020.7232847774,4296.615112021462,374515.949239707,0.16665269419470224,0.0011259954363309526,-0.0007892813,0.0012660939,-0.00032864284,4.5393597e-05,99.38401442307692,-301.9321,2617.5657,57.551674,819.28125,-59.138557,253.6065,33.53785,82.1791,-20.924202,72.349754,17.733927,85.09344,-0.6399965,194.46658,49.018703,384.98404,19.130726,237.07147,27.11223,353.50443,-17.640003,590.13184,-0.28261364,250.31386,-3.750939,289.2064,18.172714,329.88586,9.955658,124.111275,11.6081085,52.230984,11.277827,49.554207,15.394899,160.01054,-7.399622,129.37643,-5.8444824,239.54823
