chroma_stft_mean,chroma_stft_var,rms_mean,rms_var,spectral_centroid_mean,spectral_centroid_var,spectral_bandwidth_mean,spectral_bandwidth_var,rolloff_mean,rolloff_var,zero_crossing_rate_mean,zero_crossing_rate_var,harmony_mean,harmony_var,perceptr_mean,perceptr_var,tempo,mfcc1_mean,mfcc1_var,mfcc2_mean,mfcc2_var,mfcc3_mean,mfcc3_var,mfcc4_mean,mfcc4_var,mfcc5_mean,mfcc5_var,mfcc6_mean,mfcc6_var,mfcc7_mean,mfcc7_var,mfcc8_mean,mfcc8_var,mfcc9_mean,mfcc9_var,mfcc10_mean,mfcc10_var,mfcc11_mean,mfcc11_var,mfcc12_mean,mfcc12_var,mfcc13_mean,mfcc13_var,mfcc14_mean,mfcc14_var,mfcc15_mean,mfcc15_var,mfcc16_mean,mfcc16_var,mfcc17_mean,mfcc17_var,mfcc18_mean,mfcc18_var,mfcc19_mean,mfcc19_var,mfcc20_mean,mfcc20_var
0.24480073,0.08239722,0.041856874,0.00047192437,853.0763810402855,21387.551797267235,998.0067848662377,27882.269667485853,1401.3818585955626,99021.95609827279,0.050776340753093584,0.00011708857552103734,-3.4409995e-06,0.0020738412,-4.920837e-06,1.9133295e-05,123.046875,-338.83044,3836.286,190.14246,451.86972,-16.293915,678.6437,3.7036424,142.67163,-0.44072857,94.27099,-8.890434,49.536774,-10.38858,38.09172,-16.360968,53.88122,-13.284851,36.412834,-10.792324,54.796505,-8.643245,46.289925,-8.279584,56.0163,-4.624201,41.426727,-3.799219,37.97887,-4.5522614,69.95161,-3.6663947,128.04225,-0.944835,130.41412,0.5367918,72.82358,-0.2605477,42.4685,-1.5557866,62.00509
