chroma_stft_mean,chroma_stft_var,rms_mean,rms_var,spectral_centroid_mean,spectral_centroid_var,spectral_bandwidth_mean,spectral_bandwidth_var,rolloff_mean,rolloff_var,zero_crossing_rate_mean,zero_crossing_rate_var,harmony_mean,harmony_var,perceptr_mean,perceptr_var,tempo,mfcc1_mean,mfcc1_var,mfcc2_mean,mfcc2_var,mfcc3_mean,mfcc3_var,mfcc4_mean,mfcc4_var,mfcc5_mean,mfcc5_var,mfcc6_mean,mfcc6_var,mfcc7_mean,mfcc7_var,mfcc8_mean,mfcc8_var,mfcc9_mean,mfcc9_var,mfcc10_mean,mfcc10_var,mfcc11_mean,mfcc11_var,mfcc12_mean,mfcc12_var,mfcc13_mean,mfcc13_var,mfcc14_mean,mfcc14_var,mfcc15_mean,mfcc15_var,mfcc16_mean,mfcc16_var,mfcc17_mean,mfcc17_var,mfcc18_mean,mfcc18_var,mfcc19_mean,mfcc19_var,mfcc20_mean,mfcc20_var
0.24573597,0.08021429,0.02199149,0.00019440036,1002.6849591662105,25322.398025013943,1152.7266763123716,24016.54913085141,1734.1472864704176,97829.88240004193,0.057944596505220415,0.00017845246139678797,-6.3457996e-06,0.0004935378,-2.477025e-06,5.9240458e-05,112.34714673913044,-368.99612,5809.597,171.87369,227.20451,-27.293062,578.1428,6.0049872,174.06125,-0.16409573,278.2775,-10.674203,114.683586,-11.9248295,76.69848,-10.194441,47.066093,-11.368568,60.85334,-10.507292,44.043667,-8.375313,36.477077,-9.789171,41.105133,-5.0586824,45.324997,-5.0814614,72.715744,-3.0391665,53.54111,-1.7328736,49.95269,-1.8532637,59.46307,-2.2638671,50.31974,-1.2798712,66.261406,-0.438398,51.772152
