chroma_stft_mean,chroma_stft_var,rms_mean,rms_var,spectral_centroid_mean,spectral_centroid_var,spectral_bandwidth_mean,spectral_bandwidth_var,rolloff_mean,rolloff_var,zero_crossing_rate_mean,zero_crossing_rate_var,harmony_mean,harmony_var,perceptr_mean,perceptr_var,tempo,mfcc1_mean,mfcc1_var,mfcc2_mean,mfcc2_var,mfcc3_mean,mfcc3_var,mfcc4_mean,mfcc4_var,mfcc5_mean,mfcc5_var,mfcc6_mean,mfcc6_var,mfcc7_mean,mfcc7_var,mfcc8_mean,mfcc8_var,mfcc9_mean,mfcc9_var,mfcc10_mean,mfcc10_var,mfcc11_mean,mfcc11_var,mfcc12_mean,mfcc12_var,mfcc13_mean,mfcc13_var,mfcc14_mean,mfcc14_var,mfcc15_mean,mfcc15_var,mfcc16_mean,mfcc16_var,mfcc17_mean,mfcc17_var,mfcc18_mean,mfcc18_var,mfcc19_mean,mfcc19_var,mfcc20_mean,mfcc20_var
0.18647526,0.08223302,0.013054552,0.00011274885,1079.788869352158,146026.96546380754,1388.9508329028724,180392.4995618909,1764.6318404691126,703482.5334468938,0.05933844499226605,0.0005204484769015218,0.00023844316,0.0002769234,5.4607397e-05,9.485644e-07,123.046875,-483.96786,4513.457,144.165,1623.1447,1.3792461,479.06375,8.07079,133.94492,4.933558,115.63355,-2.316337,56.28576,-2.740416,47.10652,-6.8436475,43.050198,-10.15446,58.572685,-8.070668,74.00521,-7.157022,60.006775,-10.55595,66.3098,-7.773563,115.50411,-2.9480882,123.19296,-0.2637406,73.48555,4.299487,151.87637,5.307132,201.3564,0.19258183,169.23135,-4.5470853,170.50911,-1.8961629,278.28537
