chroma_stft_mean,chroma_stft_var,rms_mean,rms_var,spectral_centroid_mean,spectral_centroid_var,spectral_bandwidth_mean,spectral_bandwidth_var,rolloff_mean,rolloff_var,zero_crossing_rate_mean,zero_crossing_rate_var,harmony_mean,harmony_var,perceptr_mean,perceptr_var,tempo,mfcc1_mean,mfcc1_var,mfcc2_mean,mfcc2_var,mfcc3_mean,mfcc3_var,mfcc4_mean,mfcc4_var,mfcc5_mean,mfcc5_var,mfcc6_mean,mfcc6_var,mfcc7_mean,mfcc7_var,mfcc8_mean,mfcc8_var,mfcc9_mean,mfcc9_var,mfcc10_mean,mfcc10_var,mfcc11_mean,mfcc11_var,mfcc12_mean,mfcc12_var,mfcc13_mean,mfcc13_var,mfcc14_mean,mfcc14_var,mfcc15_mean,mfcc15_var,mfcc16_mean,mfcc16_var,mfcc17_mean,mfcc17_var,mfcc18_mean,mfcc18_var,mfcc19_mean,mfcc19_var,mfcc20_mean,mfcc20_var
0.3116152,0.08137177,0.12373418,0.004035569,2224.8938399288413,338093.40011982876,2274.325029414401,102199.24825350198,4467.456319236165,1624585.3673719068,0.10944642813951239,0.001174314721849899,-0.0006161661,0.0138933305,-0.0009978296,0.0013323721,143.5546875,-98.35358,3453.064,98.3555,562.1023,-20.49053,123.734886,18.820034,123.80051,-2.095781,49.27047,2.6650372,30.373888,-7.3115172,37.896957,-3.5901136,28.50035,-7.989524,34.015564,-1.9183744,44.89024,-4.731997,60.436333,0.62377584,36.614326,-2.5930848,39.630558,-1.4701573,57.456173,-3.1693437,38.731396,0.65803236,34.419056,-4.818465,39.281937,-2.221544,32.48533,-3.8104959,44.22966,0.2340916,52.59711
