chroma_stft_mean,chroma_stft_var,rms_mean,rms_var,spectral_centroid_mean,spectral_centroid_var,spectral_bandwidth_mean,spectral_bandwidth_var,rolloff_mean,rolloff_var,zero_crossing_rate_mean,zero_crossing_rate_var,harmony_mean,harmony_var,perceptr_mean,perceptr_var,tempo,mfcc1_mean,mfcc1_var,mfcc2_mean,mfcc2_var,mfcc3_mean,mfcc3_var,mfcc4_mean,mfcc4_var,mfcc5_mean,mfcc5_var,mfcc6_mean,mfcc6_var,mfcc7_mean,mfcc7_var,mfcc8_mean,mfcc8_var,mfcc9_mean,mfcc9_var,mfcc10_mean,mfcc10_var,mfcc11_mean,mfcc11_var,mfcc12_mean,mfcc12_var,mfcc13_mean,mfcc13_var,mfcc14_mean,mfcc14_var,mfcc15_mean,mfcc15_var,mfcc16_mean,mfcc16_var,mfcc17_mean,mfcc17_var,mfcc18_mean,mfcc18_var,mfcc19_mean,mfcc19_var,mfcc20_mean,mfcc20_var
0.23666596,0.085282385,0.02913211,0.00014880426,1349.5622465655813,41492.592897885705,1523.3561881481853,34833.497773663374,2443.7437690327724,159539.78097898746,0.07925337151972157,0.00044089754261002445,-0.00017364489,0.00094686187,-0.0001583764,7.673382e-06,117.45383522727273,-321.24756,1768.4064,136.29433,284.33603,-28.28276,197.57045,31.008644,101.44276,0.5742582,54.313744,0.23691252,70.26701,0.6586135,53.98927,-1.3397088,46.773945,-0.058611747,47.875217,-0.42391258,61.386963,-6.176197,67.23079,-0.14452073,71.78634,-0.4549772,93.467926,-0.7290448,63.459373,7.4753556,98.81166,10.970392,159.12767,7.8246856,185.48207,4.3185153,109.13788,2.9890995,106.89857,5.8538327,104.45232
