chroma_stft_mean,chroma_stft_var,rms_mean,rms_var,spectral_centroid_mean,spectral_centroid_var,spectral_bandwidth_mean,spectral_bandwidth_var,rolloff_mean,rolloff_var,zero_crossing_rate_mean,zero_crossing_rate_var,harmony_mean,harmony_var,perceptr_mean,perceptr_var,tempo,mfcc1_mean,mfcc1_var,mfcc2_mean,mfcc2_var,mfcc3_mean,mfcc3_var,mfcc4_mean,mfcc4_var,mfcc5_mean,mfcc5_var,mfcc6_mean,mfcc6_var,mfcc7_mean,mfcc7_var,mfcc8_mean,mfcc8_var,mfcc9_mean,mfcc9_var,mfcc10_mean,mfcc10_var,mfcc11_mean,mfcc11_var,mfcc12_mean,mfcc12_var,mfcc13_mean,mfcc13_var,mfcc14_mean,mfcc14_var,mfcc15_mean,mfcc15_var,mfcc16_mean,mfcc16_var,mfcc17_mean,mfcc17_var,mfcc18_mean,mfcc18_var,mfcc19_mean,mfcc19_var,mfcc20_mean,mfcc20_var
0.23739636,0.08318491,0.037281636,0.0007161745,1360.1636476762342,88025.19865836998,1572.5759014703503,58297.67414443382,2568.9211250181265,358184.91568139824,0.0721379845804331,0.0004892190010232708,-0.000117261305,0.0016428203,-0.00011926508,0.00010305457,161.4990234375,-289.74127,7189.6147,143.90283,441.12094,-27.002756,132.03838,24.065565,69.9974,-1.1469277,64.76552,-6.3004317,68.73208,-2.745879,39.928543,-3.524174,38.083458,-3.0163455,66.44669,-3.1469986,57.430454,-7.264607,46.85889,-1.6910163,54.889187,3.0758984,71.73972,2.683342,73.91475,2.5256891,60.079945,4.61217,63.34494,2.3802645,54.68373,-1.2729076,45.063175,-3.5536108,74.83782,-2.8135438,107.14344
