chroma_stft_mean,chroma_stft_var,rms_mean,rms_var,spectral_centroid_mean,spectral_centroid_var,spectral_bandwidth_mean,spectral_bandwidth_var,rolloff_mean,rolloff_var,zero_crossing_rate_mean,zero_crossing_rate_var,harmony_mean,harmony_var,perceptr_mean,perceptr_var,tempo,mfcc1_mean,mfcc1_var,mfcc2_mean,mfcc2_var,mfcc3_mean,mfcc3_var,mfcc4_mean,mfcc4_var,mfcc5_mean,mfcc5_var,mfcc6_mean,mfcc6_var,mfcc7_mean,mfcc7_var,mfcc8_mean,mfcc8_var,mfcc9_mean,mfcc9_var,mfcc10_mean,mfcc10_var,mfcc11_mean,mfcc11_var,mfcc12_mean,mfcc12_var,mfcc13_mean,mfcc13_var,mfcc14_mean,mfcc14_var,mfcc15_mean,mfcc15_var,mfcc16_mean,mfcc16_var,mfcc17_mean,mfcc17_var,mfcc18_mean,mfcc18_var,mfcc19_mean,mfcc19_var,mfcc20_mean,mfcc20_var
0.26684955,0.0836116,0.04545146,0.0015083674,1371.3948853640532,108089.16029960015,1441.3355777497557,78739.01880251832,2570.2867264537413,533250.5805650936,0.07953924074342614,0.0005567518414432654,-3.9353044e-06,0.0025918628,-9.645093e-06,0.0002214957,135.99917763157896,-278.16513,9440.823,147.88019,683.62415,-31.550192,192.80478,20.351751,131.52092,-9.574066,108.39944,-6.230634,167.39201,-13.595258,111.80588,-0.6612344,118.589005,-7.273572,76.7767,1.0149179,108.803764,-11.761826,84.77486,-0.9655799,73.96434,-2.2157323,141.32251,-0.57127666,80.95303,1.8589838,99.1299,5.1364827,63.827698,2.624769,54.77998,0.822337,58.172783,-1.6447538,81.1882,-0.09905454,117.609856
