chroma_stft_mean,chroma_stft_var,rms_mean,rms_var,spectral_centroid_mean,spectral_centroid_var,spectral_bandwidth_mean,spectral_bandwidth_var,rolloff_mean,rolloff_var,zero_crossing_rate_mean,zero_crossing_rate_var,harmony_mean,harmony_var,perceptr_mean,perceptr_var,tempo,mfcc1_mean,mfcc1_var,mfcc2_mean,mfcc2_var,mfcc3_mean,mfcc3_var,mfcc4_mean,mfcc4_var,mfcc5_mean,mfcc5_var,mfcc6_mean,mfcc6_var,mfcc7_mean,mfcc7_var,mfcc8_mean,mfcc8_var,mfcc9_mean,mfcc9_var,mfcc10_mean,mfcc10_var,mfcc11_mean,mfcc11_var,mfcc12_mean,mfcc12_var,mfcc13_mean,mfcc13_var,mfcc14_mean,mfcc14_var,mfcc15_mean,mfcc15_var,mfcc16_mean,mfcc16_var,mfcc17_mean,mfcc17_var,mfcc18_mean,mfcc18_var,mfcc19_mean,mfcc19_var,mfcc20_mean,mfcc20_var
0.2456861,0.08407682,0.038886134,0.0012447659,1278.5184062359622,67214.14751383239,1311.7939716144713,53462.28277117367,2233.232976997535,334586.3667505484,0.08173216357308585,0.0004311977714378822,-4.916787e-06,0.0021992007,-7.812467e-06,0.0001344894,151.99908088235293,-319.2353,9464.289,143.68849,680.45996,-31.174316,496.76865,10.929483,375.162,-5.559396,151.42264,-4.257987,125.60968,-8.956228,56.133526,-5.5805836,118.01852,-8.02272,89.20993,2.3428679,99.658424,-4.4802847,125.03396,-0.3207867,87.42196,0.96291184,79.07955,1.1450092,84.16239,-0.48385778,80.885475,-1.29877,81.740204,0.13611397,115.365105,1.4835695,137.89708,3.703356,142.0683,3.0668252,158.0168
