chroma_stft_mean,chroma_stft_var,rms_mean,rms_var,spectral_centroid_mean,spectral_centroid_var,spectral_bandwidth_mean,spectral_bandwidth_var,rolloff_mean,rolloff_var,zero_crossing_rate_mean,zero_crossing_rate_var,harmony_mean,harmony_var,perceptr_mean,perceptr_var,tempo,mfcc1_mean,mfcc1_var,mfcc2_mean,mfcc2_var,mfcc3_mean,mfcc3_var,mfcc4_mean,mfcc4_var,mfcc5_mean,mfcc5_var,mfcc6_mean,mfcc6_var,mfcc7_mean,mfcc7_var,mfcc8_mean,mfcc8_var,mfcc9_mean,mfcc9_var,mfcc10_mean,mfcc10_var,mfcc11_mean,mfcc11_var,mfcc12_mean,mfcc12_var,mfcc13_mean,mfcc13_var,mfcc14_mean,mfcc14_var,mfcc15_mean,mfcc15_var,mfcc16_mean,mfcc16_var,mfcc17_mean,mfcc17_var,mfcc18_mean,mfcc18_var,mfcc19_mean,mfcc19_var,mfcc20_mean,mfcc20_var
0.29638234,0.08193055,0.1608002,0.0031708814,1514.0972710756876,549218.9048486962,1640.5787077164587,267234.44492406194,2767.1079847547744,2500720.762268922,0.08720002350983797,0.0018326751415110583,-0.00034844683,0.022253666,-0.0010679852,0.0014218042,143.5546875,-124.04526,8777.987,148.59566,2509.0916,-21.581469,420.23386,17.421335,222.32156,-1.4155151,116.09128,4.123948,113.083046,-7.0207763,44.2591,-5.1447277,61.64502,-5.8456483,76.696434,5.0245104,56.026657,-6.226354,39.241062,-1.9116532,52.097446,-0.90014344,55.188175,-2.4146566,59.243008,-4.3259144,51.247997,-0.87254643,57.9171,-4.684666,45.749187,-2.250636,53.57482,-5.178997,55.573162,-3.2176046,84.24824
