chroma_stft_mean,chroma_stft_var,rms_mean,rms_var,spectral_centroid_mean,spectral_centroid_var,spectral_bandwidth_mean,spectral_bandwidth_var,rolloff_mean,rolloff_var,zero_crossing_rate_mean,zero_crossing_rate_var,harmony_mean,harmony_var,perceptr_mean,perceptr_var,tempo,mfcc1_mean,mfcc1_var,mfcc2_mean,mfcc2_var,mfcc3_mean,mfcc3_var,mfcc4_mean,mfcc4_var,mfcc5_mean,mfcc5_var,mfcc6_mean,mfcc6_var,mfcc7_mean,mfcc7_var,mfcc8_mean,mfcc8_var,mfcc9_mean,mfcc9_var,mfcc10_mean,mfcc10_var,mfcc11_mean,mfcc11_var,mfcc12_mean,mfcc12_var,mfcc13_mean,mfcc13_var,mfcc14_mean,mfcc14_var,mfcc15_mean,mfcc15_var,mfcc16_mean,mfcc16_var,mfcc17_mean,mfcc17_var,mfcc18_mean,mfcc18_var,mfcc19_mean,mfcc19_var,mfcc20_mean,mfcc20_var
0.26182422,0.0839265,0.13413325,0.002707736,1326.2905913173308,35788.667858878296,1326.6915009806619,34014.58076440559,2171.396349985665,169395.13165763047,0.09386497754204894,0.0002794859011979125,-0.0012593112,0.018357003,-0.0006737817,0.0004831917,99.38401442307692,-160.66153,2433.519,164.26509,482.13043,-48.74267,184.73077,1.6567883,111.642265,-7.6118655,99.494125,-2.6635227,33.30345,-11.042241,32.232727,-7.000248,36.88445,-8.0976515,39.802746,1.2511177,43.83451,-5.369692,52.321198,-4.139391,46.621998,-5.4268584,59.894478,-1.66595,78.34651,-3.0891135,85.83381,-1.2498348,50.18811,-6.086917,53.03071,-1.02958,72.09027,-4.119247,52.509712,-1.5024846,103.917625
