chroma_stft_mean,chroma_stft_var,rms_mean,rms_var,spectral_centroid_mean,spectral_centroid_var,spectral_bandwidth_mean,spectral_bandwidth_var,rolloff_mean,rolloff_var,zero_crossing_rate_mean,zero_crossing_rate_var,harmony_mean,harmony_var,perceptr_mean,perceptr_var,tempo,mfcc1_mean,mfcc1_var,mfcc2_mean,mfcc2_var,mfcc3_mean,mfcc3_var,mfcc4_mean,mfcc4_var,mfcc5_mean,mfcc5_var,mfcc6_mean,mfcc6_var,mfcc7_mean,mfcc7_var,mfcc8_mean,mfcc8_var,mfcc9_mean,mfcc9_var,mfcc10_mean,mfcc10_var,mfcc11_mean,mfcc11_var,mfcc12_mean,mfcc12_var,mfcc13_mean,mfcc13_var,mfcc14_mean,mfcc14_var,mfcc15_mean,mfcc15_var,mfcc16_mean,mfcc16_var,mfcc17_mean,mfcc17_var,mfcc18_mean,mfcc18_var,mfcc19_mean,mfcc19_var,mfcc20_mean,mfcc20_var
0.24069078,0.0835916,0.028405773,0.000207415,901.7378802312896,27398.60073827457,1171.8336152642564,26254.158830701108,1456.4555652733468,128584.09280150285,0.053432620963843776,0.0002786471350840096,-2.4906683e-06,0.0009241419,-1.2362137e-05,1.0125442e-05,129.19921875,-366.2604,4060.884,181.60039,146.32721,-5.51421,323.00748,26.999447,88.94866,-4.8282466,120.98058,4.601679,91.96385,-10.550475,50.671295,0.15556988,48.02346,-11.136406,94.59772,3.576607,50.42526,-10.338357,63.2506,-1.0807841,88.806435,-4.597426,95.8159,-0.4788385,76.15261,0.8365723,71.16439,0.24858992,49.95032,2.124591,75.98769,0.6981245,53.57498,1.0243443,62.070343,-3.0660906,98.92809
