chroma_stft_mean,chroma_stft_var,rms_mean,rms_var,spectral_centroid_mean,spectral_centroid_var,spectral_bandwidth_mean,spectral_bandwidth_var,rolloff_mean,rolloff_var,zero_crossing_rate_mean,zero_crossing_rate_var,harmony_mean,harmony_var,perceptr_mean,perceptr_var,tempo,mfcc1_mean,mfcc1_var,mfcc2_mean,mfcc2_var,mfcc3_mean,mfcc3_var,mfcc4_mean,mfcc4_var,mfcc5_mean,mfcc5_var,mfcc6_mean,mfcc6_var,mfcc7_mean,mfcc7_var,mfcc8_mean,mfcc8_var,mfcc9_mean,mfcc9_var,mfcc10_mean,mfcc10_var,mfcc11_mean,mfcc11_var,mfcc12_mean,mfcc12_var,mfcc13_mean,mfcc13_var,mfcc14_mean,mfcc14_var,mfcc15_mean,mfcc15_var,mfcc16_mean,mfcc16_var,mfcc17_mean,mfcc17_var,mfcc18_mean,mfcc18_var,mfcc19_mean,mfcc19_var,mfcc20_mean,mfcc20_var
0.2442014,0.087908156,0.031924274,0.00068682217,1355.7633127675824,88811.82529464342,1615.6700685934472,73899.21518237238,2522.165929524362,375871.9183964312,0.07083778941898686,0.000565057300970422,-0.00018436348,0.0015608408,-0.00019012592,2.9480796e-05,151.99908088235293,-321.1392,7181.645,134.57178,575.24896,-18.24004,342.3603,22.185545,84.71221,0.42837247,83.05104,-3.8020205,53.921986,0.48775446,49.11535,-1.1469616,54.447758,-1.9024942,75.42102,-0.10495498,81.904495,-2.7560534,66.360725,0.5838327,105.79367,2.4930167,78.967155,0.3000645,61.143784,1.6743901,63.220776,2.8886983,61.766342,2.0871375,71.86108,1.1659801,49.99597,-2.3970757,46.79611,-3.4238703,98.65341
