chroma_stft_mean,chroma_stft_var,rms_mean,rms_var,spectral_centroid_mean,spectral_centroid_var,spectral_bandwidth_mean,spectral_bandwidth_var,rolloff_mean,rolloff_var,zero_crossing_rate_mean,zero_crossing_rate_var,harmony_mean,harmony_var,perceptr_mean,perceptr_var,tempo,mfcc1_mean,mfcc1_var,mfcc2_mean,mfcc2_var,mfcc3_mean,mfcc3_var,mfcc4_mean,mfcc4_var,mfcc5_mean,mfcc5_var,mfcc6_mean,mfcc6_var,mfcc7_mean,mfcc7_var,mfcc8_mean,mfcc8_var,mfcc9_mean,mfcc9_var,mfcc10_mean,mfcc10_var,mfcc11_mean,mfcc11_var,mfcc12_mean,mfcc12_var,mfcc13_mean,mfcc13_var,mfcc14_mean,mfcc14_var,mfcc15_mean,mfcc15_var,mfcc16_mean,mfcc16_var,mfcc17_mean,mfcc17_var,mfcc18_mean,mfcc18_var,mfcc19_mean,mfcc19_var,mfcc20_mean,mfcc20_var
0.2682212,0.08356228,0.021284299,0.00058911304,1329.4563630678217,109846.1576849609,1415.5981775548396,40844.76058657534,2462.2959641458815,366605.06907717325,0.07881720381380511,0.0011474694338970074,-1.592184e-05,0.00097451074,-4.278003e-06,9.742697e-06,123.046875,-368.52054,5205.8022,124.2544,467.59106,-31.574644,426.27493,17.583704,179.1138,2.3249912,173.05905,-5.945176,84.42578,-11.797775,221.97446,-5.5220284,125.55693,-5.3968735,141.80815,-1.3089094,38.431076,-8.424349,59.395664,-3.616905,131.22191,2.2096312,207.55902,-0.055460047,110.52978,0.22812817,72.66389,2.513402,62.593967,3.0935707,97.32543,4.8399954,79.0335,6.2342963,73.3335,8.736714,100.13627
