chroma_stft_mean,chroma_stft_var,rms_mean,rms_var,spectral_centroid_mean,spectral_centroid_var,spectral_bandwidth_mean,spectral_bandwidth_var,rolloff_mean,rolloff_var,zero_crossing_rate_mean,zero_crossing_rate_var,harmony_mean,harmony_var,perceptr_mean,perceptr_var,tempo,mfcc1_mean,mfcc1_var,mfcc2_mean,mfcc2_var,mfcc3_mean,mfcc3_var,mfcc4_mean,mfcc4_var,mfcc5_mean,mfcc5_var,mfcc6_mean,mfcc6_var,mfcc7_mean,mfcc7_var,mfcc8_mean,mfcc8_var,mfcc9_mean,mfcc9_var,mfcc10_mean,mfcc10_var,mfcc11_mean,mfcc11_var,mfcc12_mean,mfcc12_var,mfcc13_mean,mfcc13_var,mfcc14_mean,mfcc14_var,mfcc15_mean,mfcc15_var,mfcc16_mean,mfcc16_var,mfcc17_mean,mfcc17_var,mfcc18_mean,mfcc18_var,mfcc19_mean,mfcc19_var,mfcc20_mean,mfcc20_var
0.2177776,0.085256815,0.018832877,0.00014526873,790.5070052979679,32432.279251897395,900.4092980707437,44425.15144661198,1159.412272513051,142711.8215835332,0.05208824258023975,0.0003647322756685791,-1.16649735e-05,0.00042262673,-4.255347e-05,1.3868706e-05,107.666015625,-437.6044,4082.8062,170.93153,824.8566,7.4195814,660.673,-3.083473,127.03363,0.789382,137.47865,-11.128749,131.37071,-12.522781,122.3471,-6.907836,111.211655,-5.858702,193.85828,-8.461237,126.476,-8.481487,159.21576,-8.339388,216.91171,-7.378574,125.968704,-6.732569,93.212494,-6.086592,68.77833,-7.0612326,84.011215,-6.6553288,101.33983,-4.2900767,73.06441,-4.392879,59.864815,-4.9066057,102.920944
