chroma_stft_mean,chroma_stft_var,rms_mean,rms_var,spectral_centroid_mean,spectral_centroid_var,spectral_bandwidth_mean,spectral_bandwidth_var,rolloff_mean,rolloff_var,zero_crossing_rate_mean,zero_crossing_rate_var,harmony_mean,harmony_var,perceptr_mean,perceptr_var,tempo,mfcc1_mean,mfcc1_var,mfcc2_mean,mfcc2_var,mfcc3_mean,mfcc3_var,mfcc4_mean,mfcc4_var,mfcc5_mean,mfcc5_var,mfcc6_mean,mfcc6_var,mfcc7_mean,mfcc7_var,mfcc8_mean,mfcc8_var,mfcc9_mean,mfcc9_var,mfcc10_mean,mfcc10_var,mfcc11_mean,mfcc11_var,mfcc12_mean,mfcc12_var,mfcc13_mean,mfcc13_var,mfcc14_mean,mfcc14_var,mfcc15_mean,mfcc15_var,mfcc16_mean,mfcc16_var,mfcc17_mean,mfcc17_var,mfcc18_mean,mfcc18_var,mfcc19_mean,mfcc19_var,mfcc20_mean,mfcc20_var
0.30408838,0.08932749,0.012353785,0.00018653016,1128.3811387274027,124822.18021251693,1375.9677083090742,82384.98312724798,2165.7939158570184,634988.4882965632,0.054395966260634185,0.0006788322873628468,0.0005699057,0.00030754923,0.00010536014,4.864112e-06,123.046875,-429.07135,7318.7285,120.76844,1453.6383,-1.7005684,691.3136,17.942797,72.502174,7.7381415,161.30917,-2.054263,68.77418,-3.9395752,115.85346,-2.5293145,82.529305,-0.5850701,58.366104,-0.80839616,56.117832,-9.05951,82.23898,-3.6882565,106.99818,-0.9795186,182.64195,-5.0015235,258.19135,-3.803356,165.43687,-2.4000816,90.28816,-1.8954189,89.16184,-0.31558424,63.509354,3.4095917,70.438286,3.1324277,84.8081
