chroma_stft_mean,chroma_stft_var,rms_mean,rms_var,spectral_centroid_mean,spectral_centroid_var,spectral_bandwidth_mean,spectral_bandwidth_var,rolloff_mean,rolloff_var,zero_crossing_rate_mean,zero_crossing_rate_var,harmony_mean,harmony_var,perceptr_mean,perceptr_var,tempo,mfcc1_mean,mfcc1_var,mfcc2_mean,mfcc2_var,mfcc3_mean,mfcc3_var,mfcc4_mean,mfcc4_var,mfcc5_mean,mfcc5_var,mfcc6_mean,mfcc6_var,mfcc7_mean,mfcc7_var,mfcc8_mean,mfcc8_var,mfcc9_mean,mfcc9_var,mfcc10_mean,mfcc10_var,mfcc11_mean,mfcc11_var,mfcc12_mean,mfcc12_var,mfcc13_mean,mfcc13_var,mfcc14_mean,mfcc14_var,mfcc15_mean,mfcc15_var,mfcc16_mean,mfcc16_var,mfcc17_mean,mfcc17_var,mfcc18_mean,mfcc18_var,mfcc19_mean,mfcc19_var,mfcc20_mean,mfcc20_var
0.3338999,0.07867054,0.010499871,4.2854194e-06,1525.0760420116658,46726.01859048498,1868.967417911651,21445.552653761322,3325.672491299304,346978.6857906845,0.08068536107888631,0.00040567377785625684,-0.00061626435,9.213744e-05,-0.00047101342,3.7076413e-06,117.45383522727273,-378.6962,491.9592,126.49836,156.43991,-18.83014,35.535614,42.88959,34.387695,-14.325575,57.269527,25.359526,37.466713,-14.636545,31.361021,18.717953,39.479996,-10.184203,77.60095,21.119013,63.299835,4.4280825,36.3538,18.228247,65.88007,-10.292282,53.67956,8.9499855,69.66956,1.1953154,96.26366,6.291157,89.456505,2.5115902,91.09224,4.400918,57.142536,1.700778,74.828636,9.983013,107.96981
