chroma_stft_mean,chroma_stft_var,rms_mean,rms_var,spectral_centroid_mean,spectral_centroid_var,spectral_bandwidth_mean,spectral_bandwidth_var,rolloff_mean,rolloff_var,zero_crossing_rate_mean,zero_crossing_rate_var,harmony_mean,harmony_var,perceptr_mean,perceptr_var,tempo,mfcc1_mean,mfcc1_var,mfcc2_mean,mfcc2_var,mfcc3_mean,mfcc3_var,mfcc4_mean,mfcc4_var,mfcc5_mean,mfcc5_var,mfcc6_mean,mfcc6_var,mfcc7_mean,mfcc7_var,mfcc8_mean,mfcc8_var,mfcc9_mean,mfcc9_var,mfcc10_mean,mfcc10_var,mfcc11_mean,mfcc11_var,mfcc12_mean,mfcc12_var,mfcc13_mean,mfcc13_var,mfcc14_mean,mfcc14_var,mfcc15_mean,mfcc15_var,mfcc16_mean,mfcc16_var,mfcc17_mean,mfcc17_var,mfcc18_mean,mfcc18_var,mfcc19_mean,mfcc19_var,mfcc20_mean,mfcc20_var
0.22768864,0.08824352,0.013560658,0.00022932728,1800.8758120131474,285155.114847901,1781.07705783052,62933.232901698524,3426.8602269431553,864387.7317535197,0.12435424521461717,0.0038539669104502364,-0.0010360607,0.00034409546,-0.00024258473,1.4026468e-05,117.45383522727273,-422.54468,6855.2744,89.863014,1013.2318,-18.732948,438.1455,37.771908,109.077675,6.006347,139.27928,4.1578536,79.41885,-1.9991797,106.12785,12.114277,123.2452,4.1649365,129.39987,13.789986,148.6851,2.8316238,84.39752,5.892905,106.00736,6.113412,247.98608,8.139939,183.0418,12.349802,128.66756,7.0948405,136.46535,2.4155455,125.97015,0.7799824,68.284935,-3.4144511,162.66142,-0.7439765,159.90836
