chroma_stft_mean,chroma_stft_var,rms_mean,rms_var,spectral_centroid_mean,spectral_centroid_var,spectral_bandwidth_mean,spectral_bandwidth_var,rolloff_mean,rolloff_var,zero_crossing_rate_mean,zero_crossing_rate_var,harmony_mean,harmony_var,perceptr_mean,perceptr_var,tempo,mfcc1_mean,mfcc1_var,mfcc2_mean,mfcc2_var,mfcc3_mean,mfcc3_var,mfcc4_mean,mfcc4_var,mfcc5_mean,mfcc5_var,mfcc6_mean,mfcc6_var,mfcc7_mean,mfcc7_var,mfcc8_mean,mfcc8_var,mfcc9_mean,mfcc9_var,mfcc10_mean,mfcc10_var,mfcc11_mean,mfcc11_var,mfcc12_mean,mfcc12_var,mfcc13_mean,mfcc13_var,mfcc14_mean,mfcc14_var,mfcc15_mean,mfcc15_var,mfcc16_mean,mfcc16_var,mfcc17_mean,mfcc17_var,mfcc18_mean,mfcc18_var,mfcc19_mean,mfcc19_var,mfcc20_mean,mfcc20_var
0.27402547,0.09092806,0.03889977,0.0006728123,1369.5923998136097,173812.474437731,1465.8273109928407,50147.31540372623,2655.1038985462587,545879.8819692722,0.07354051865815932,0.0014768818274917277,0.00016095677,0.0019283588,0.000104245955,3.9970328e-05,123.046875,-309.26334,4598.7827,138.65692,975.73267,-29.71562,308.73486,33.617283,90.4868,-0.36966017,153.7749,5.228342,66.20597,-6.3285327,76.64847,3.2850165,81.59005,-6.703106,174.02774,-0.68848854,114.32814,-13.24687,91.38103,-8.538453,140.52812,-9.6672,122.56405,-4.2925224,205.93044,0.2574496,247.43538,1.0208856,140.37788,1.9134187,146.30655,3.7180445,133.75607,2.556779,164.56741,-4.9365287,252.692
