chroma_stft_mean,chroma_stft_var,rms_mean,rms_var,spectral_centroid_mean,spectral_centroid_var,spectral_bandwidth_mean,spectral_bandwidth_var,rolloff_mean,rolloff_var,zero_crossing_rate_mean,zero_crossing_rate_var,harmony_mean,harmony_var,perceptr_mean,perceptr_var,tempo,mfcc1_mean,mfcc1_var,mfcc2_mean,mfcc2_var,mfcc3_mean,mfcc3_var,mfcc4_mean,mfcc4_var,mfcc5_mean,mfcc5_var,mfcc6_mean,mfcc6_var,mfcc7_mean,mfcc7_var,mfcc8_mean,mfcc8_var,mfcc9_mean,mfcc9_var,mfcc10_mean,mfcc10_var,mfcc11_mean,mfcc11_var,mfcc12_mean,mfcc12_var,mfcc13_mean,mfcc13_var,mfcc14_mean,mfcc14_var,mfcc15_mean,mfcc15_var,mfcc16_mean,mfcc16_var,mfcc17_mean,mfcc17_var,mfcc18_mean,mfcc18_var,mfcc19_mean,mfcc19_var,mfcc20_mean,mfcc20_var
0.2584079,0.08225053,0.009491226,2.7759454e-05,1174.3248424594703,23945.10523226214,1518.1262097790514,15787.137472840532,2083.7912150159514,156793.1020241183,0.06634016398395205,0.00042047251953821423,-0.0009214577,0.00010562694,-6.485095e-05,1.4540703e-06,123.046875,-436.85822,3777.126,154.08043,166.42111,-19.861961,175.35219,20.18266,148.87537,3.1738954,97.11503,0.45094606,71.10463,-6.5277185,45.306553,-4.608915,35.759308,-10.058647,58.63147,-6.1566315,66.20298,-4.53336,67.60658,-2.7670465,57.5312,-5.211671,59.2549,-7.372307,62.67324,-6.9970784,55.273136,-3.2076483,55.162663,-0.36467138,61.80798,2.231454,55.29309,2.5831914,113.23492,4.4787197,162.22464
