chroma_stft_mean,chroma_stft_var,rms_mean,rms_var,spectral_centroid_mean,spectral_centroid_var,spectral_bandwidth_mean,spectral_bandwidth_var,rolloff_mean,rolloff_var,zero_crossing_rate_mean,zero_crossing_rate_var,harmony_mean,harmony_var,perceptr_mean,perceptr_var,tempo,mfcc1_mean,mfcc1_var,mfcc2_mean,mfcc2_var,mfcc3_mean,mfcc3_var,mfcc4_mean,mfcc4_var,mfcc5_mean,mfcc5_var,mfcc6_mean,mfcc6_var,mfcc7_mean,mfcc7_var,mfcc8_mean,mfcc8_var,mfcc9_mean,mfcc9_var,mfcc10_mean,mfcc10_var,mfcc11_mean,mfcc11_var,mfcc12_mean,mfcc12_var,mfcc13_mean,mfcc13_var,mfcc14_mean,mfcc14_var,mfcc15_mean,mfcc15_var,mfcc16_mean,mfcc16_var,mfcc17_mean,mfcc17_var,mfcc18_mean,mfcc18_var,mfcc19_mean,mfcc19_var,mfcc20_mean,mfcc20_var
0.387909,0.0859385,0.055439595,0.0012866801,2411.5244663469507,421208.0872472466,2435.8949417202534,199702.21007663745,4993.363283515806,2203080.335313308,0.12693159984048724,0.002332659071437532,7.742761e-05,0.0024135793,0.00019727758,0.0006839025,161.4990234375,-186.65797,9601.951,86.64906,929.2559,-15.726744,592.8476,14.733744,110.533295,-2.2077506,98.7474,6.2551727,102.53278,-0.89246273,39.595165,0.6554032,50.275707,-6.0940466,120.02808,-5.2228484,182.83908,-7.8795443,155.78145,-1.725549,86.45019,-4.7003126,102.195885,-2.047425,98.28147,1.4354783,56.989143,2.785728,64.7292,3.313651,60.984604,3.1133313,133.28482,-4.4104195,78.11217,-5.033864,64.1153
