chroma_stft_mean,chroma_stft_var,rms_mean,rms_var,spectral_centroid_mean,spectral_centroid_var,spectral_bandwidth_mean,spectral_bandwidth_var,rolloff_mean,rolloff_var,zero_crossing_rate_mean,zero_crossing_rate_var,harmony_mean,harmony_var,perceptr_mean,perceptr_var,tempo,mfcc1_mean,mfcc1_var,mfcc2_mean,mfcc2_var,mfcc3_mean,mfcc3_var,mfcc4_mean,mfcc4_var,mfcc5_mean,mfcc5_var,mfcc6_mean,mfcc6_var,mfcc7_mean,mfcc7_var,mfcc8_mean,mfcc8_var,mfcc9_mean,mfcc9_var,mfcc10_mean,mfcc10_var,mfcc11_mean,mfcc11_var,mfcc12_mean,mfcc12_var,mfcc13_mean,mfcc13_var,mfcc14_mean,mfcc14_var,mfcc15_mean,mfcc15_var,mfcc16_mean,mfcc16_var,mfcc17_mean,mfcc17_var,mfcc18_mean,mfcc18_var,mfcc19_mean,mfcc19_var,mfcc20_mean,mfcc20_var
0.27436775,0.083432086,0.021454155,0.00012662838,877.3225402716945,32743.534812240086,1109.2624488875817,53424.669862047864,1457.7129178146752,202435.2769305671,0.05104483879543697,0.0001581556372488675,-2.773439e-06,0.0005070772,-5.2321725e-06,1.239753e-05,123.046875,-392.925,5074.7446,190.73505,383.7532,-13.30989,588.5145,8.256798,77.21142,1.5560122,66.524124,-11.073181,53.96369,-11.240291,43.835423,-13.994958,34.253292,-10.621299,48.5956,-9.390467,42.00481,-4.6211743,52.10346,-10.071729,58.35955,-4.8217816,52.212658,-1.748823,53.12332,-4.664632,48.098953,-2.1138494,50.30613,1.0292007,49.526978,1.3127502,62.584072,-0.15136653,66.85412,-1.4068552,77.57881
