chroma_stft_mean,chroma_stft_var,rms_mean,rms_var,spectral_centroid_mean,spectral_centroid_var,spectral_bandwidth_mean,spectral_bandwidth_var,rolloff_mean,rolloff_var,zero_crossing_rate_mean,zero_crossing_rate_var,harmony_mean,harmony_var,perceptr_mean,perceptr_var,tempo,mfcc1_mean,mfcc1_var,mfcc2_mean,mfcc2_var,mfcc3_mean,mfcc3_var,mfcc4_mean,mfcc4_var,mfcc5_mean,mfcc5_var,mfcc6_mean,mfcc6_var,mfcc7_mean,mfcc7_var,mfcc8_mean,mfcc8_var,mfcc9_mean,mfcc9_var,mfcc10_mean,mfcc10_var,mfcc11_mean,mfcc11_var,mfcc12_mean,mfcc12_var,mfcc13_mean,mfcc13_var,mfcc14_mean,mfcc14_var,mfcc15_mean,mfcc15_var,mfcc16_mean,mfcc16_var,mfcc17_mean,mfcc17_var,mfcc18_mean,mfcc18_var,mfcc19_mean,mfcc19_var,mfcc20_mean,mfcc20_var
0.23210803,0.08334169,0.03170561,0.00068360555,1388.1392656380106,217534.7107577402,1456.4228258887367,88809.32858352216,2598.6645904328598,755828.8823767063,0.08087606643948182,0.0010074175093887931,-2.9404068e-06,0.0013620488,-1.1543597e-05,7.515317e-05,129.19921875,-343.14352,9883.162,140.10466,1649.3604,-20.91952,410.8342,32.316124,128.6014,-3.6832788,153.17143,2.940859,112.824875,-10.663066,86.90364,0.31063077,106.11735,-5.795961,151.21373,7.683308,170.73755,-3.6783319,178.07509,2.5477433,119.55155,-3.4992898,107.90424,-2.2351356,88.43469,-0.8219591,111.43984,0.8768776,98.558975,0.45869586,67.60101,0.9368628,86.65317,1.869808,180.21329,-0.63520443,156.11673
