chroma_stft_mean,chroma_stft_var,rms_mean,rms_var,spectral_centroid_mean,spectral_centroid_var,spectral_bandwidth_mean,spectral_bandwidth_var,rolloff_mean,rolloff_var,zero_crossing_rate_mean,zero_crossing_rate_var,harmony_mean,harmony_var,perceptr_mean,perceptr_var,tempo,mfcc1_mean,mfcc1_var,mfcc2_mean,mfcc2_var,mfcc3_mean,mfcc3_var,mfcc4_mean,mfcc4_var,mfcc5_mean,mfcc5_var,mfcc6_mean,mfcc6_var,mfcc7_mean,mfcc7_var,mfcc8_mean,mfcc8_var,mfcc9_mean,mfcc9_var,mfcc10_mean,mfcc10_var,mfcc11_mean,mfcc11_var,mfcc12_mean,mfcc12_var,mfcc13_mean,mfcc13_var,mfcc14_mean,mfcc14_var,mfcc15_mean,mfcc15_var,mfcc16_mean,mfcc16_var,mfcc17_mean,mfcc17_var,mfcc18_mean,mfcc18_var,mfcc19_mean,mfcc19_var,mfcc20_mean,mfcc20_var
0.19099382,0.08189905,0.11531047,0.0029204742,1063.396723083687,119808.12096453014,1552.7595174328826,164235.4670719716,1610.985025286398,1105890.5277060976,0.05100896352958237,0.00022683209748628123,0.0011423547,0.015049305,0.00045358666,0.00027072732,123.046875,-249.65216,3649.8887,161.55922,574.3136,10.15452,712.9064,-3.0576773,165.67548,-0.573579,78.32814,-2.0703812,52.60418,-12.19737,60.893204,-8.612417,58.257687,-14.639438,46.560894,-12.048641,53.683743,-12.293452,45.498924,-7.161874,59.165615,-7.8807263,43.56288,-2.0839584,54.5211,-2.9112883,70.167305,-0.86836714,98.19289,-3.9744017,112.0272,-0.89096886,119.45826,-3.9901185,95.94312,-3.897413,77.6078
