chroma_stft_mean,chroma_stft_var,rms_mean,rms_var,spectral_centroid_mean,spectral_centroid_var,spectral_bandwidth_mean,spectral_bandwidth_var,rolloff_mean,rolloff_var,zero_crossing_rate_mean,zero_crossing_rate_var,harmony_mean,harmony_var,perceptr_mean,perceptr_var,tempo,mfcc1_mean,mfcc1_var,mfcc2_mean,mfcc2_var,mfcc3_mean,mfcc3_var,mfcc4_mean,mfcc4_var,mfcc5_mean,mfcc5_var,mfcc6_mean,mfcc6_var,mfcc7_mean,mfcc7_var,mfcc8_mean,mfcc8_var,mfcc9_mean,mfcc9_var,mfcc10_mean,mfcc10_var,mfcc11_mean,mfcc11_var,mfcc12_mean,mfcc12_var,mfcc13_mean,mfcc13_var,mfcc14_mean,mfcc14_var,mfcc15_mean,mfcc15_var,mfcc16_mean,mfcc16_var,mfcc17_mean,mfcc17_var,mfcc18_mean,mfcc18_var,mfcc19_mean,mfcc19_var,mfcc20_mean,mfcc20_var
0.22685228,0.08591726,0.020141035,0.00018126634,690.5300405312647,7996.725155690628,1358.8453228898059,78195.63147918224,749.7401686666183,14951.350023705665,0.03604482369006187,4.408678767810536e-05,-0.0015683325,0.0005348056,-0.00022472753,9.43559e-06,99.38401442307692,-465.89728,1486.5671,180.18097,435.0976,56.64645,322.5803,11.035487,137.5166,5.84732,48.90694,0.73516005,48.328735,-3.9715195,43.947296,-5.886589,43.290264,-8.459515,42.827393,-9.7856865,41.56454,-7.6918125,49.61876,-3.2519479,45.184013,-1.8584505,51.003685,-4.0099673,62.96157,-4.103265,74.261765,-2.4666233,83.518486,-2.3584416,65.313675,-3.0008152,56.004467,-3.229787,59.63635,-1.7167836,36.404297
