chroma_stft_mean,chroma_stft_var,rms_mean,rms_var,spectral_centroid_mean,spectral_centroid_var,spectral_bandwidth_mean,spectral_bandwidth_var,rolloff_mean,rolloff_var,zero_crossing_rate_mean,zero_crossing_rate_var,harmony_mean,harmony_var,perceptr_mean,perceptr_var,tempo,mfcc1_mean,mfcc1_var,mfcc2_mean,mfcc2_var,mfcc3_mean,mfcc3_var,mfcc4_mean,mfcc4_var,mfcc5_mean,mfcc5_var,mfcc6_mean,mfcc6_var,mfcc7_mean,mfcc7_var,mfcc8_mean,mfcc8_var,mfcc9_mean,mfcc9_var,mfcc10_mean,mfcc10_var,mfcc11_mean,mfcc11_var,mfcc12_mean,mfcc12_var,mfcc13_mean,mfcc13_var,mfcc14_mean,mfcc14_var,mfcc15_mean,mfcc15_var,mfcc16_mean,mfcc16_var,mfcc17_mean,mfcc17_var,mfcc18_mean,mfcc18_var,mfcc19_mean,mfcc19_var,mfcc20_mean,mfcc20_var
0.27086365,0.09521687,0.012809237,0.00021915788,1633.5822989966382,176046.29677030197,1734.7786698526581,80834.88730297747,3161.83362637761,879683.1737808973,0.10895658110982212,0.0023687939689126408,0.00016266237,0.0002745975,3.782668e-05,3.2557695e-05,129.19921875,-409.5085,7017.7207,116.79858,643.13794,-16.184534,357.62433,11.701641,126.42696,0.6897333,271.0154,6.012307,114.21682,-4.265308,176.08452,0.4997359,89.98551,0.43108037,159.11507,12.586633,174.5832,-1.1213995,100.98568,-1.1413046,140.10963,4.948069,158.80742,1.7665062,138.86336,-3.9037137,53.63608,3.4967074,55.666557,2.7979767,50.43163,3.1038718,104.994415,0.661228,244.08957,-0.24800977,172.72568
