chroma_stft_mean,chroma_stft_var,rms_mean,rms_var,spectral_centroid_mean,spectral_centroid_var,spectral_bandwidth_mean,spectral_bandwidth_var,rolloff_mean,rolloff_var,zero_crossing_rate_mean,zero_crossing_rate_var,harmony_mean,harmony_var,perceptr_mean,perceptr_var,tempo,mfcc1_mean,mfcc1_var,mfcc2_mean,mfcc2_var,mfcc3_mean,mfcc3_var,mfcc4_mean,mfcc4_var,mfcc5_mean,mfcc5_var,mfcc6_mean,mfcc6_var,mfcc7_mean,mfcc7_var,mfcc8_mean,mfcc8_var,mfcc9_mean,mfcc9_var,mfcc10_mean,mfcc10_var,mfcc11_mean,mfcc11_var,mfcc12_mean,mfcc12_var,mfcc13_mean,mfcc13_var,mfcc14_mean,mfcc14_var,mfcc15_mean,mfcc15_var,mfcc16_mean,mfcc16_var,mfcc17_mean,mfcc17_var,mfcc18_mean,mfcc18_var,mfcc19_mean,mfcc19_var,mfcc20_mean,mfcc20_var
0.30325136,0.08959313,0.026786793,0.00034208276,822.6139611536199,68125.09250970004,1136.385886870506,66971.34242305593,1434.531000761311,387282.5625912428,0.03944315545243619,0.0002805628302616343,0.00040048404,0.0006030958,0.00032091019,0.00015748109,112.34714673913044,-374.00146,5774.392,172.43169,538.8511,6.4013906,647.08344,20.147358,145.44724,5.863239,270.64743,1.5984083,96.30511,-6.7120857,74.21297,-1.1907266,76.17355,-0.2892056,90.538414,0.33138135,78.51409,-6.5567055,70.49025,-7.3027678,61.341347,-7.334053,72.85259,-10.216206,69.84206,-6.144456,48.533085,-2.4325743,37.656082,-2.6761687,41.227894,-2.2844436,45.27704,-1.1595991,69.75304,-3.8186045,88.63863
