chroma_stft_mean,chroma_stft_var,rms_mean,rms_var,spectral_centroid_mean,spectral_centroid_var,spectral_bandwidth_mean,spectral_bandwidth_var,rolloff_mean,rolloff_var,zero_crossing_rate_mean,zero_crossing_rate_var,harmony_mean,harmony_var,perceptr_mean,perceptr_var,tempo,mfcc1_mean,mfcc1_var,mfcc2_mean,mfcc2_var,mfcc3_mean,mfcc3_var,mfcc4_mean,mfcc4_var,mfcc5_mean,mfcc5_var,mfcc6_mean,mfcc6_var,mfcc7_mean,mfcc7_var,mfcc8_mean,mfcc8_var,mfcc9_mean,mfcc9_var,mfcc10_mean,mfcc10_var,mfcc11_mean,mfcc11_var,mfcc12_mean,mfcc12_var,mfcc13_mean,mfcc13_var,mfcc14_mean,mfcc14_var,mfcc15_mean,mfcc15_var,mfcc16_mean,mfcc16_var,mfcc17_mean,mfcc17_var,mfcc18_mean,mfcc18_var,mfcc19_mean,mfcc19_var,mfcc20_mean,mfcc20_var
0.24689515,0.08257421,0.041609988,0.0012197486,1559.3040287466674,183748.10830863996,1579.0709121044329,69320.1597657693,2923.1947755039155,662487.0736382537,0.09219376873066512,0.0011408048194012006,-1.9891127e-06,0.002280382,-1.0615473e-05,0.0001660768,135.99917763157896,-297.12802,12944.244,130.24132,1557.859,-30.590057,331.32275,27.473576,83.63437,-7.0638957,185.40895,1.9754051,127.637146,-11.136684,107.99127,4.744581,70.35266,-8.7696905,146.23347,5.404951,107.06268,-5.3879395,242.40158,4.4562883,161.93692,1.7435379,184.35971,1.8900002,160.4019,-1.3096609,145.37677,1.0844122,102.5453,-0.9990344,112.61985,-1.4764678,65.54651,0.62399,88.52256,1.1473348,183.20497
