chroma_stft_mean,chroma_stft_var,rms_mean,rms_var,spectral_centroid_mean,spectral_centroid_var,spectral_bandwidth_mean,spectral_bandwidth_var,rolloff_mean,rolloff_var,zero_crossing_rate_mean,zero_crossing_rate_var,harmony_mean,harmony_var,perceptr_mean,perceptr_var,tempo,mfcc1_mean,mfcc1_var,mfcc2_mean,mfcc2_var,mfcc3_mean,mfcc3_var,mfcc4_mean,mfcc4_var,mfcc5_mean,mfcc5_var,mfcc6_mean,mfcc6_var,mfcc7_mean,mfcc7_var,mfcc8_mean,mfcc8_var,mfcc9_mean,mfcc9_var,mfcc10_mean,mfcc10_var,mfcc11_mean,mfcc11_var,mfcc12_mean,mfcc12_var,mfcc13_mean,mfcc13_var,mfcc14_mean,mfcc14_var,mfcc15_mean,mfcc15_var,mfcc16_mean,mfcc16_var,mfcc17_mean,mfcc17_var,mfcc18_mean,mfcc18_var,mfcc19_mean,mfcc19_var,mfcc20_mean,mfcc20_var
0.2667711,0.08422151,0.016528226,4.9402897e-05,1214.3502552431958,83141.57309684086,1540.1999467691455,54703.52113591917,2164.7530611042635,319257.1382869671,0.06057444230955143,0.00043393967757865854,-2.3616008e-06,0.0002830182,-1.9729772e-05,7.387714e-06,143.5546875,-374.65198,3102.1245,153.82292,587.144,-21.559772,226.05544,20.833046,93.7285,7.002672,67.80462,-3.9453752,68.76316,-2.5165148,102.07471,-2.805235,61.2011,-4.2927785,67.34743,-4.506135,59.16831,-5.7571154,49.229347,-4.25979,35.56309,-3.8456016,48.706165,-4.5916386,49.814884,-3.636789,44.16877,-2.2832582,46.843258,-3.1167452,54.79817,-0.20936804,66.985405,2.6291046,75.73034,1.8155842,102.70483
