chroma_stft_mean,chroma_stft_var,rms_mean,rms_var,spectral_centroid_mean,spectral_centroid_var,spectral_bandwidth_mean,spectral_bandwidth_var,rolloff_mean,rolloff_var,zero_crossing_rate_mean,zero_crossing_rate_var,harmony_mean,harmony_var,perceptr_mean,perceptr_var,tempo,mfcc1_mean,mfcc1_var,mfcc2_mean,mfcc2_var,mfcc3_mean,mfcc3_var,mfcc4_mean,mfcc4_var,mfcc5_mean,mfcc5_var,mfcc6_mean,mfcc6_var,mfcc7_mean,mfcc7_var,mfcc8_mean,mfcc8_var,mfcc9_mean,mfcc9_var,mfcc10_mean,mfcc10_var,mfcc11_mean,mfcc11_var,mfcc12_mean,mfcc12_var,mfcc13_mean,mfcc13_var,mfcc14_mean,mfcc14_var,mfcc15_mean,mfcc15_var,mfcc16_mean,mfcc16_var,mfcc17_mean,mfcc17_var,mfcc18_mean,mfcc18_var,mfcc19_mean,mfcc19_var,mfcc20_mean,mfcc20_var
0.2765987,0.08750711,0.04087724,0.00077257794,1358.9954445281364,130137.80482941779,1516.3581505962554,48187.997486537,2668.2852831351506,515740.3745624665,0.07312700901488786,0.001149808365694066,-4.91122e-05,0.002092043,-0.00010196126,7.182683e-05,107.666015625,-286.7648,7855.682,135.92358,530.6477,-24.43564,524.05566,36.65812,142.76888,-6.240166,155.03932,6.963425,71.122795,-8.172439,105.76419,3.8363292,155.44951,-4.407772,87.29625,6.43176,104.58337,-4.1324863,82.374435,1.5559707,93.08061,-4.3460455,68.90875,-3.0125496,67.242874,-0.01620344,64.32783,5.6396313,159.79346,3.425168,121.630135,2.8352242,69.338486,1.0982251,63.84589,-0.2922132,91.20515
