chroma_stft_mean,chroma_stft_var,rms_mean,rms_var,spectral_centroid_mean,spectral_centroid_var,spectral_bandwidth_mean,spectral_bandwidth_var,rolloff_mean,rolloff_var,zero_crossing_rate_mean,zero_crossing_rate_var,harmony_mean,harmony_var,perceptr_mean,perceptr_var,tempo,mfcc1_mean,mfcc1_var,mfcc2_mean,mfcc2_var,mfcc3_mean,mfcc3_var,mfcc4_mean,mfcc4_var,mfcc5_mean,mfcc5_var,mfcc6_mean,mfcc6_var,mfcc7_mean,mfcc7_var,mfcc8_mean,mfcc8_var,mfcc9_mean,mfcc9_var,mfcc10_mean,mfcc10_var,mfcc11_mean,mfcc11_var,mfcc12_mean,mfcc12_var,mfcc13_mean,mfcc13_var,mfcc14_mean,mfcc14_var,mfcc15_mean,mfcc15_var,mfcc16_mean,mfcc16_var,mfcc17_mean,mfcc17_var,mfcc18_mean,mfcc18_var,mfcc19_mean,mfcc19_var,mfcc20_mean,mfcc20_var
0.2173621,0.08582709,0.016472353,9.9755955e-05,1171.477078803794,81084.20866304786,1466.896056192877,38275.53401059277,2235.3896280452436,322983.3132654239,0.06086408787703016,0.000665012717402523,-8.6893684e-05,0.00035445247,-5.3693468e-05,2.079094e-06,117.45383522727273,-413.00116,3768.3118,138.53171,799.48425,-19.246777,267.53824,34.156403,73.57457,8.985244,81.39118,-4.2935634,36.023636,4.1500463,56.319424,0.8692793,57.930866,3.081244,49.978287,0.12008631,72.19112,-4.0598006,125.532196,3.7838356,123.10402,5.9190683,159.54279,3.498136,202.07365,6.6246977,182.32887,6.735387,114.02221,2.4673367,158.44034,-1.8759853,200.45128,-0.05677955,124.068665,2.725177,129.28754
