chroma_stft_mean,chroma_stft_var,rms_mean,rms_var,spectral_centroid_mean,spectral_centroid_var,spectral_bandwidth_mean,spectral_bandwidth_var,rolloff_mean,rolloff_var,zero_crossing_rate_mean,zero_crossing_rate_var,harmony_mean,harmony_var,perceptr_mean,perceptr_var,tempo,mfcc1_mean,mfcc1_var,mfcc2_mean,mfcc2_var,mfcc3_mean,mfcc3_var,mfcc4_mean,mfcc4_var,mfcc5_mean,mfcc5_var,mfcc6_mean,mfcc6_var,mfcc7_mean,mfcc7_var,mfcc8_mean,mfcc8_var,mfcc9_mean,mfcc9_var,mfcc10_mean,mfcc10_var,mfcc11_mean,mfcc11_var,mfcc12_mean,mfcc12_var,mfcc13_mean,mfcc13_var,mfcc14_mean,mfcc14_var,mfcc15_mean,mfcc15_var,mfcc16_mean,mfcc16_var,mfcc17_mean,mfcc17_var,mfcc18_mean,mfcc18_var,mfcc19_mean,mfcc19_var,mfcc20_mean,mfcc20_var
0.32025674,0.08883609,0.038906395,0.0013083983,1474.7414794976396,445967.50677909754,1813.3070119082047,264983.0863504171,2809.8082221577724,2676267.2980892765,0.07402917754253674,0.0012348277388693602,-0.0005942547,0.0016200645,-0.0005423131,0.00040874776,92.28515625,-305.44928,19519.203,135.9327,1054.6273,-11.758563,460.72333,18.213852,108.20604,10.375582,148.30164,3.0047126,61.626545,-5.5933824,87.09172,0.1413443,43.633484,-1.354128,53.406124,-1.8684579,33.55814,-3.2081378,49.98298,-6.7502146,45.260017,-2.6937735,59.947994,-5.5951653,29.580248,-4.5273905,30.97144,-4.786104,37.04819,-5.3624263,56.038513,-2.6244025,43.41482,-5.832233,43.1681,-6.9237723,47.662987
