chroma_stft_mean,chroma_stft_var,rms_mean,rms_var,spectral_centroid_mean,spectral_centroid_var,spectral_bandwidth_mean,spectral_bandwidth_var,rolloff_mean,rolloff_var,zero_crossing_rate_mean,zero_crossing_rate_var,harmony_mean,harmony_var,perceptr_mean,perceptr_var,tempo,mfcc1_mean,mfcc1_var,mfcc2_mean,mfcc2_var,mfcc3_mean,mfcc3_var,mfcc4_mean,mfcc4_var,mfcc5_mean,mfcc5_var,mfcc6_mean,mfcc6_var,mfcc7_mean,mfcc7_var,mfcc8_mean,mfcc8_var,mfcc9_mean,mfcc9_var,mfcc10_mean,mfcc10_var,mfcc11_mean,mfcc11_var,mfcc12_mean,mfcc12_var,mfcc13_mean,mfcc13_var,mfcc14_mean,mfcc14_var,mfcc15_mean,mfcc15_var,mfcc16_mean,mfcc16_var,mfcc17_mean,mfcc17_var,mfcc18_mean,mfcc18_var,mfcc19_mean,mfcc19_var,mfcc20_mean,mfcc20_var
0.25726342,0.0850376,0.05735519,0.00088343397,1559.9200748058706,54913.27686334949,1616.1762903547888,46456.064475613355,2813.4220698593385,241181.00830518195,0.09517254869972931,0.00034099836610043015,-0.0001492758,0.0037776562,-0.00016932639,7.497201e-05,161.4990234375,-234.44064,4014.8755,130.26003,256.56323,-39.531036,122.81734,19.348919,61.418903,-6.7951365,67.376724,-5.1349883,39.4979,-3.7098153,49.32064,-4.0319524,71.985344,-5.071555,110.923164,-1.3709052,42.248398,-7.748646,72.158424,-4.3807516,83.37842,0.4702779,93.88653,0.77413887,97.27899,5.452055,99.063065,8.770049,101.16358,7.0452633,66.16943,2.4262977,95.866554,-2.2932563,97.61715,-0.24617362,109.96377
