chroma_stft_mean,chroma_stft_var,rms_mean,rms_var,spectral_centroid_mean,spectral_centroid_var,spectral_bandwidth_mean,spectral_bandwidth_var,rolloff_mean,rolloff_var,zero_crossing_rate_mean,zero_crossing_rate_var,harmony_mean,harmony_var,perceptr_mean,perceptr_var,tempo,mfcc1_mean,mfcc1_var,mfcc2_mean,mfcc2_var,mfcc3_mean,mfcc3_var,mfcc4_mean,mfcc4_var,mfcc5_mean,mfcc5_var,mfcc6_mean,mfcc6_var,mfcc7_mean,mfcc7_var,mfcc8_mean,mfcc8_var,mfcc9_mean,mfcc9_var,mfcc10_mean,mfcc10_var,mfcc11_mean,mfcc11_var,mfcc12_mean,mfcc12_var,mfcc13_mean,mfcc13_var,mfcc14_mean,mfcc14_var,mfcc15_mean,mfcc15_var,mfcc16_mean,mfcc16_var,mfcc17_mean,mfcc17_var,mfcc18_mean,mfcc18_var,mfcc19_mean,mfcc19_var,mfcc20_mean,mfcc20_var
0.26748624,0.09005917,0.031705387,0.0013314518,1117.675441354472,456343.17797710164,1701.5200384639597,577759.9655379148,1992.7705485970127,4182824.3694628547,0.04635726326856149,0.0002729056135340565,-0.0010543108,0.0019720832,-0.00024220781,8.288672e-05,143.5546875,-413.4534,11545.796,143.48242,2292.5974,31.305882,1396.4323,14.029362,182.89426,1.5161096,167.19818,-2.2952938,95.07924,-6.4711924,108.320885,-8.109996,117.135925,-5.934282,73.741905,-4.4754477,74.111946,-2.8047545,63.168118,-0.82260454,52.05622,-1.2224383,71.78658,-2.3896031,100.544914,-3.8071184,81.70693,-3.518237,44.53839,-2.7078304,31.789503,-2.3876903,45.659424,0.61112475,59.862854,2.6541553,65.35826
