chroma_stft_mean,chroma_stft_var,rms_mean,rms_var,spectral_centroid_mean,spectral_centroid_var,spectral_bandwidth_mean,spectral_bandwidth_var,rolloff_mean,rolloff_var,zero_crossing_rate_mean,zero_crossing_rate_var,harmony_mean,harmony_var,perceptr_mean,perceptr_var,tempo,mfcc1_mean,mfcc1_var,mfcc2_mean,mfcc2_var,mfcc3_mean,mfcc3_var,mfcc4_mean,mfcc4_var,mfcc5_mean,mfcc5_var,mfcc6_mean,mfcc6_var,mfcc7_mean,mfcc7_var,mfcc8_mean,mfcc8_var,mfcc9_mean,mfcc9_var,mfcc10_mean,mfcc10_var,mfcc11_mean,mfcc11_var,mfcc12_mean,mfcc12_var,mfcc13_mean,mfcc13_var,mfcc14_mean,mfcc14_var,mfcc15_mean,mfcc15_var,mfcc16_mean,mfcc16_var,mfcc17_mean,mfcc17_var,mfcc18_mean,mfcc18_var,mfcc19_mean,mfcc19_var,mfcc20_mean,mfcc20_var
0.18713117,0.08161527,0.031763878,0.00054494495,795.5192461669669,34872.43070346473,1296.7071458507896,124068.80721931031,1008.455026011456,248783.239758834,0.04502194811001547,9.368258642241876e-05,-0.0018155698,0.0013485424,-0.00013717005,4.6872145e-05,135.99917763157896,-429.1393,4277.116,175.105,895.54126,31.898457,764.569,4.288325,149.07758,1.0443158,94.502335,-5.7782183,67.292366,-9.484334,66.22397,-11.283601,78.09677,-10.578688,63.714966,-8.663466,72.74153,-6.3293447,106.72402,-1.6777816,121.027695,0.82280564,136.74239,-0.18251844,99.930664,0.029035551,121.03919,0.19495828,126.546524,-1.8525836,79.07933,-4.4139447,70.76378,-4.9667983,73.5054,-4.6021824,88.91455
