chroma_stft_mean,chroma_stft_var,rms_mean,rms_var,spectral_centroid_mean,spectral_centroid_var,spectral_bandwidth_mean,spectral_bandwidth_var,rolloff_mean,rolloff_var,zero_crossing_rate_mean,zero_crossing_rate_var,harmony_mean,harmony_var,perceptr_mean,perceptr_var,tempo,mfcc1_mean,mfcc1_var,mfcc2_mean,mfcc2_var,mfcc3_mean,mfcc3_var,mfcc4_mean,mfcc4_var,mfcc5_mean,mfcc5_var,mfcc6_mean,mfcc6_var,mfcc7_mean,mfcc7_var,mfcc8_mean,mfcc8_var,mfcc9_mean,mfcc9_var,mfcc10_mean,mfcc10_var,mfcc11_mean,mfcc11_var,mfcc12_mean,mfcc12_var,mfcc13_mean,mfcc13_var,mfcc14_mean,mfcc14_var,mfcc15_mean,mfcc15_var,mfcc16_mean,mfcc16_var,mfcc17_mean,mfcc17_var,mfcc18_mean,mfcc18_var,mfcc19_mean,mfcc19_var,mfcc20_mean,mfcc20_var
0.30422586,0.07915755,0.13828577,0.00313471,1462.3835644748758,115918.3806808428,1556.0280335329028,94208.4913898722,2740.2111359458554,583674.3424046066,0.08767017105137509,0.0005364494836622036,-0.00035365167,0.01777327,-0.0011980932,0.0010858892,107.666015625,-121.83351,5210.862,149.66736,910.7214,-42.832016,252.48276,24.485323,125.96925,-5.4060426,116.32859,10.664615,63.994102,-2.818438,69.006645,0.7835228,40.821568,-6.3980646,47.335903,4.4740596,35.310314,-1.2259257,39.164345,1.2524997,43.360382,-1.1988703,31.153845,-2.4087775,36.790363,-1.7273984,42.78101,1.4172893,37.817955,-1.3712164,35.897003,0.9454133,35.85967,-5.5679536,35.835262,-1.9344245,26.466473
