chroma_stft_mean,chroma_stft_var,rms_mean,rms_var,spectral_centroid_mean,spectral_centroid_var,spectral_bandwidth_mean,spectral_bandwidth_var,rolloff_mean,rolloff_var,zero_crossing_rate_mean,zero_crossing_rate_var,harmony_mean,harmony_var,perceptr_mean,perceptr_var,tempo,mfcc1_mean,mfcc1_var,mfcc2_mean,mfcc2_var,mfcc3_mean,mfcc3_var,mfcc4_mean,mfcc4_var,mfcc5_mean,mfcc5_var,mfcc6_mean,mfcc6_var,mfcc7_mean,mfcc7_var,mfcc8_mean,mfcc8_var,mfcc9_mean,mfcc9_var,mfcc10_mean,mfcc10_var,mfcc11_mean,mfcc11_var,mfcc12_mean,mfcc12_var,mfcc13_mean,mfcc13_var,mfcc14_mean,mfcc14_var,mfcc15_mean,mfcc15_var,mfcc16_mean,mfcc16_var,mfcc17_mean,mfcc17_var,mfcc18_mean,mfcc18_var,mfcc19_mean,mfcc19_var,mfcc20_mean,mfcc20_var
0.3130526,0.07862931,0.1897104,0.0036425944,1681.2723869009876,94248.03761483436,1708.7129581679008,53912.781827183404,3078.3259073893228,369406.1935255822,0.09672226140528549,0.0006888062032977268,-0.0006458198,0.03440417,-0.0011592077,0.0012414065,112.34714673913044,-81.11545,2708.4958,129.04564,374.20078,-42.44421,140.74454,33.13707,116.5428,5.685447,101.18475,-6.503762,100.56392,-2.2667923,94.5959,7.401879,87.39086,-18.70608,64.538475,2.4765916,44.686356,3.7434185,73.847015,1.8843731,48.375397,-10.075478,58.821625,0.9861845,37.446617,-3.5743082,37.989,-6.170132,39.018387,-8.027796,35.73737,3.7797046,39.04391,-5.0546412,35.080463,-0.87552756,47.452553
