chroma_stft_mean,chroma_stft_var,rms_mean,rms_var,spectral_centroid_mean,spectral_centroid_var,spectral_bandwidth_mean,spectral_bandwidth_var,rolloff_mean,rolloff_var,zero_crossing_rate_mean,zero_crossing_rate_var,harmony_mean,harmony_var,perceptr_mean,perceptr_var,tempo,mfcc1_mean,mfcc1_var,mfcc2_mean,mfcc2_var,mfcc3_mean,mfcc3_var,mfcc4_mean,mfcc4_var,mfcc5_mean,mfcc5_var,mfcc6_mean,mfcc6_var,mfcc7_mean,mfcc7_var,mfcc8_mean,mfcc8_var,mfcc9_mean,mfcc9_var,mfcc10_mean,mfcc10_var,mfcc11_mean,mfcc11_var,mfcc12_mean,mfcc12_var,mfcc13_mean,mfcc13_var,mfcc14_mean,mfcc14_var,mfcc15_mean,mfcc15_var,mfcc16_mean,mfcc16_var,mfcc17_mean,mfcc17_var,mfcc18_mean,mfcc18_var,mfcc19_mean,mfcc19_var,mfcc20_mean,mfcc20_var
0.20812953,0.082641415,0.0516711,0.0015912568,1397.3892884939066,73462.06090416148,1574.4155381124056,49818.65435195817,2616.092662412993,273850.81806009257,0.075862970079273,0.0005550322755227385,-0.00011056409,0.0039898544,-0.00012211013,4.80721e-05,143.5546875,-269.7108,4960.624,136.43422,409.45114,-25.016579,223.9461,26.40387,80.536446,0.68106735,70.265594,-5.372084,30.10193,-1.1092931,51.6486,-1.498667,101.51331,-0.17736825,92.360725,-3.8057554,64.814926,-9.296668,81.68169,-3.1443982,94.39442,1.6502777,95.89239,0.6855278,119.42326,1.9191815,117.31786,2.2458494,95.8096,-2.1271436,86.550644,-3.6759648,60.267136,-1.078266,88.31808,3.538287,165.03961
