chroma_stft_mean,chroma_stft_var,rms_mean,rms_var,spectral_centroid_mean,spectral_centroid_var,spectral_bandwidth_mean,spectral_bandwidth_var,rolloff_mean,rolloff_var,zero_crossing_rate_mean,zero_crossing_rate_var,harmony_mean,harmony_var,perceptr_mean,perceptr_var,tempo,mfcc1_mean,mfcc1_var,mfcc2_mean,mfcc2_var,mfcc3_mean,mfcc3_var,mfcc4_mean,mfcc4_var,mfcc5_mean,mfcc5_var,mfcc6_mean,mfcc6_var,mfcc7_mean,mfcc7_var,mfcc8_mean,mfcc8_var,mfcc9_mean,mfcc9_var,mfcc10_mean,mfcc10_var,mfcc11_mean,mfcc11_var,mfcc12_mean,mfcc12_var,mfcc13_mean,mfcc13_var,mfcc14_mean,mfcc14_var,mfcc15_mean,mfcc15_var,mfcc16_mean,mfcc16_var,mfcc17_mean,mfcc17_var,mfcc18_mean,mfcc18_var,mfcc19_mean,mfcc19_var,mfcc20_mean,mfcc20_var
0.2563851,0.08608612,0.03735472,0.0010311595,1358.6023759424481,81212.50769635777,1417.3935040359547,80912.72522097202,2417.539209777407,488303.76180576935,0.08107885610015468,0.0002849721267205362,-4.1026397e-06,0.0017715648,-1.1414481e-05,0.00015143819,117.45383522727273,-311.5614,10697.734,148.68465,810.15186,-33.492855,225.46814,10.352457,448.94305,-12.897486,134.60876,1.2300146,126.92568,-12.900196,99.68683,0.8069202,53.65031,-9.733505,80.09584,2.0582032,111.90033,-5.113307,146.25655,6.7274017,134.58977,4.6117973,191.16837,3.7775502,117.203705,1.2801939,70.16827,1.2478796,89.138824,-0.091899686,100.45968,1.4856894,77.474335,0.3726041,116.822,-2.9981587,138.82028
