chroma_stft_mean,chroma_stft_var,rms_mean,rms_var,spectral_centroid_mean,spectral_centroid_var,spectral_bandwidth_mean,spectral_bandwidth_var,rolloff_mean,rolloff_var,zero_crossing_rate_mean,zero_crossing_rate_var,harmony_mean,harmony_var,perceptr_mean,perceptr_var,tempo,mfcc1_mean,mfcc1_var,mfcc2_mean,mfcc2_var,mfcc3_mean,mfcc3_var,mfcc4_mean,mfcc4_var,mfcc5_mean,mfcc5_var,mfcc6_mean,mfcc6_var,mfcc7_mean,mfcc7_var,mfcc8_mean,mfcc8_var,mfcc9_mean,mfcc9_var,mfcc10_mean,mfcc10_var,mfcc11_mean,mfcc11_var,mfcc12_mean,mfcc12_var,mfcc13_mean,mfcc13_var,mfcc14_mean,mfcc14_var,mfcc15_mean,mfcc15_var,mfcc16_mean,mfcc16_var,mfcc17_mean,mfcc17_var,mfcc18_mean,mfcc18_var,mfcc19_mean,mfcc19_var,mfcc20_mean,mfcc20_var
0.23902793,0.08464537,0.018675078,0.00031998163,1157.8655406408502,187695.97963753625,1320.6167049696342,148770.54670991653,2181.9063474296695,928663.1966718658,0.0706663434116396,0.0008246041197945154,-4.1094427e-06,0.00054987747,-1.0219558e-05,2.3123035e-05,129.19921875,-405.63312,4821.064,145.72554,1866.7498,-0.84949195,454.46017,23.064943,202.86862,9.217205,89.28205,-2.6364684,71.52546,-5.7427993,70.57455,-2.0792975,162.78262,-0.638366,106.74867,6.745994,95.120346,2.7888033,128.96262,2.4446676,145.94041,5.083243,108.47436,2.3878872,121.913765,1.8648169,130.4148,2.4982698,76.47126,1.5298346,69.48015,-2.262056,86.53181,-1.4387892,105.99963,2.6199057,163.68515
