chroma_stft_mean,chroma_stft_var,rms_mean,rms_var,spectral_centroid_mean,spectral_centroid_var,spectral_bandwidth_mean,spectral_bandwidth_var,rolloff_mean,rolloff_var,zero_crossing_rate_mean,zero_crossing_rate_var,harmony_mean,harmony_var,perceptr_mean,perceptr_var,tempo,mfcc1_mean,mfcc1_var,mfcc2_mean,mfcc2_var,mfcc3_mean,mfcc3_var,mfcc4_mean,mfcc4_var,mfcc5_mean,mfcc5_var,mfcc6_mean,mfcc6_var,mfcc7_mean,mfcc7_var,mfcc8_mean,mfcc8_var,mfcc9_mean,mfcc9_var,mfcc10_mean,mfcc10_var,mfcc11_mean,mfcc11_var,mfcc12_mean,mfcc12_var,mfcc13_mean,mfcc13_var,mfcc14_mean,mfcc14_var,mfcc15_mean,mfcc15_var,mfcc16_mean,mfcc16_var,mfcc17_mean,mfcc17_var,mfcc18_mean,mfcc18_var,mfcc19_mean,mfcc19_var,mfcc20_mean,mfcc20_var
0.24494341,0.08505606,0.029499287,0.00040926272,1497.5036380467259,81910.23951035885,1570.6729374048484,45333.418351871784,2868.703947487674,345555.06596630136,0.08621732707366589,0.0008469351378666316,-4.6663044e-05,0.0010970187,-7.724701e-05,3.6321206e-05,103.359375,-315.01526,6209.205,128.71162,259.8459,-28.93394,514.70557,30.832693,119.81269,-8.987341,146.31332,7.994575,137.21191,-9.845814,92.152954,1.4287152,134.49521,-8.980798,119.62204,6.0593615,94.499344,-3.3081124,163.55312,7.6189456,158.33434,3.8063478,144.3195,2.9302814,96.38752,1.8181531,110.80532,5.1859035,113.5025,1.0748724,99.45261,0.14475301,63.069485,-4.5327697,98.48562,-2.3237264,99.6687
