chroma_stft_mean,chroma_stft_var,rms_mean,rms_var,spectral_centroid_mean,spectral_centroid_var,spectral_bandwidth_mean,spectral_bandwidth_var,rolloff_mean,rolloff_var,zero_crossing_rate_mean,zero_crossing_rate_var,harmony_mean,harmony_var,perceptr_mean,perceptr_var,tempo,mfcc1_mean,mfcc1_var,mfcc2_mean,mfcc2_var,mfcc3_mean,mfcc3_var,mfcc4_mean,mfcc4_var,mfcc5_mean,mfcc5_var,mfcc6_mean,mfcc6_var,mfcc7_mean,mfcc7_var,mfcc8_mean,mfcc8_var,mfcc9_mean,mfcc9_var,mfcc10_mean,mfcc10_var,mfcc11_mean,mfcc11_var,mfcc12_mean,mfcc12_var,mfcc13_mean,mfcc13_var,mfcc14_mean,mfcc14_var,mfcc15_mean,mfcc15_var,mfcc16_mean,mfcc16_var,mfcc17_mean,mfcc17_var,mfcc18_mean,mfcc18_var,mfcc19_mean,mfcc19_var,mfcc20_mean,mfcc20_var
0.3492893,0.08988484,0.0834524,0.0016125044,1131.0769030321612,193558.24670683712,1458.695646588427,160825.82025823853,2216.987316016531,1321352.2064254899,0.050235945959010056,0.000521578232966541,1.7322733e-06,0.0052371267,-1.3629802e-05,0.0014611288,161.4990234375,-229.49329,2327.8105,157.29971,879.2666,-16.750404,300.50806,31.881748,232.50415,-0.10805432,188.51971,16.648754,146.255,1.357668,111.51126,12.212552,74.91366,-3.86371,134.82254,6.835824,106.086235,-4.267376,70.056625,1.3341368,47.234497,-5.9014387,43.478107,-4.0228686,40.903862,-5.254188,48.158257,-4.54741,48.42617,-6.798797,47.2495,-4.4025044,43.141727,-4.1719646,41.024986,-6.34093,44.795387
