chroma_stft_mean,chroma_stft_var,rms_mean,rms_var,spectral_centroid_mean,spectral_centroid_var,spectral_bandwidth_mean,spectral_bandwidth_var,rolloff_mean,rolloff_var,zero_crossing_rate_mean,zero_crossing_rate_var,harmony_mean,harmony_var,perceptr_mean,perceptr_var,tempo,mfcc1_mean,mfcc1_var,mfcc2_mean,mfcc2_var,mfcc3_mean,mfcc3_var,mfcc4_mean,mfcc4_var,mfcc5_mean,mfcc5_var,mfcc6_mean,mfcc6_var,mfcc7_mean,mfcc7_var,mfcc8_mean,mfcc8_var,mfcc9_mean,mfcc9_var,mfcc10_mean,mfcc10_var,mfcc11_mean,mfcc11_var,mfcc12_mean,mfcc12_var,mfcc13_mean,mfcc13_var,mfcc14_mean,mfcc14_var,mfcc15_mean,mfcc15_var,mfcc16_mean,mfcc16_var,mfcc17_mean,mfcc17_var,mfcc18_mean,mfcc18_var,mfcc19_mean,mfcc19_var,mfcc20_mean,mfcc20_var
0.37044108,0.08066058,0.176431,0.00089952105,2335.089633019832,180745.49163807364,2212.517869932968,58706.74809630316,4839.225184889791,622680.4947330588,0.12120930611948956,0.001317560365262107,-3.2582748e-06,0.015974434,-7.3642375e-05,0.0069543994,161.4990234375,-50.79226,734.4892,96.71365,237.9259,-24.32533,185.09164,66.08502,140.81076,-14.70023,74.04347,24.393627,59.685883,-21.02959,85.76305,12.470781,67.36751,-18.150885,72.23487,13.2603655,55.185055,-12.813222,45.141186,9.8000765,44.031452,-11.347795,39.878403,4.9309936,40.199924,-7.8565717,45.299713,5.746794,37.59591,-10.30359,31.954025,3.7309506,28.015656,-3.2364693,34.109947,0.38962886,30.328705
