chroma_stft_mean,chroma_stft_var,rms_mean,rms_var,spectral_centroid_mean,spectral_centroid_var,spectral_bandwidth_mean,spectral_bandwidth_var,rolloff_mean,rolloff_var,zero_crossing_rate_mean,zero_crossing_rate_var,harmony_mean,harmony_var,perceptr_mean,perceptr_var,tempo,mfcc1_mean,mfcc1_var,mfcc2_mean,mfcc2_var,mfcc3_mean,mfcc3_var,mfcc4_mean,mfcc4_var,mfcc5_mean,mfcc5_var,mfcc6_mean,mfcc6_var,mfcc7_mean,mfcc7_var,mfcc8_mean,mfcc8_var,mfcc9_mean,mfcc9_var,mfcc10_mean,mfcc10_var,mfcc11_mean,mfcc11_var,mfcc12_mean,mfcc12_var,mfcc13_mean,mfcc13_var,mfcc14_mean,mfcc14_var,mfcc15_mean,mfcc15_var,mfcc16_mean,mfcc16_var,mfcc17_mean,mfcc17_var,mfcc18_mean,mfcc18_var,mfcc19_mean,mfcc19_var,mfcc20_mean,mfcc20_var
0.32388186,0.08932168,0.14351887,0.0016887722,1599.911202685332,245983.83129041552,1826.2848279513296,129288.22948618252,3006.7296145410382,1191803.212045084,0.07579197481631864,0.0007913153752761326,4.815777e-07,0.014080474,-4.5144552e-05,0.003224304,112.34714673913044,-110.04325,2252.1543,134.77678,829.85114,-24.017365,272.33023,19.40414,141.50352,-4.4027624,186.86192,-4.810312,111.3344,-7.802366,99.80788,-0.39133024,66.93739,-5.4069877,70.55041,-2.9562922,58.140965,0.7801952,58.68663,-4.774832,56.91489,-0.17851044,44.92766,-1.6923544,54.40301,-2.4074452,54.171387,-1.964049,48.329544,-6.936482,42.841827,-4.072655,41.950325,-1.9575318,37.147858,-5.7888083,37.85625
