chroma_stft_mean,chroma_stft_var,rms_mean,rms_var,spectral_centroid_mean,spectral_centroid_var,spectral_bandwidth_mean,spectral_bandwidth_var,rolloff_mean,rolloff_var,zero_crossing_rate_mean,zero_crossing_rate_var,harmony_mean,harmony_var,perceptr_mean,perceptr_var,tempo,mfcc1_mean,mfcc1_var,mfcc2_mean,mfcc2_var,mfcc3_mean,mfcc3_var,mfcc4_mean,mfcc4_var,mfcc5_mean,mfcc5_var,mfcc6_mean,mfcc6_var,mfcc7_mean,mfcc7_var,mfcc8_mean,mfcc8_var,mfcc9_mean,mfcc9_var,mfcc10_mean,mfcc10_var,mfcc11_mean,mfcc11_var,mfcc12_mean,mfcc12_var,mfcc13_mean,mfcc13_var,mfcc14_mean,mfcc14_var,mfcc15_mean,mfcc15_var,mfcc16_mean,mfcc16_var,mfcc17_mean,mfcc17_var,mfcc18_mean,mfcc18_var,mfcc19_mean,mfcc19_var,mfcc20_mean,mfcc20_var
0.35345954,0.088492796,0.08944597,0.001767176,1563.3792654565448,374708.2427229949,1779.1317819389822,142415.6223369218,3233.794160564095,1543840.362261186,0.06473823895494973,0.0013314175117870122,5.245593e-06,0.006362471,-1.361071e-05,0.0016781421,117.45383522727273,-193.73314,5065.4263,125.576965,731.9406,-20.945107,587.3363,46.33686,320.79178,-2.6908517,364.0864,12.840516,277.14288,-6.6026425,164.89223,10.736069,140.80055,-10.91958,118.06581,6.1234164,132.15833,-9.4414,142.66917,5.1659884,160.49686,-3.6614418,82.763466,0.33287752,108.55433,-8.011832,90.59179,0.4024642,102.680565,-6.5251384,97.685936,1.1832982,83.45269,0.7274878,68.27825,-5.201875,68.53315
