chroma_stft_mean,chroma_stft_var,rms_mean,rms_var,spectral_centroid_mean,spectral_centroid_var,spectral_bandwidth_mean,spectral_bandwidth_var,rolloff_mean,rolloff_var,zero_crossing_rate_mean,zero_crossing_rate_var,harmony_mean,harmony_var,perceptr_mean,perceptr_var,tempo,mfcc1_mean,mfcc1_var,mfcc2_mean,mfcc2_var,mfcc3_mean,mfcc3_var,mfcc4_mean,mfcc4_var,mfcc5_mean,mfcc5_var,mfcc6_mean,mfcc6_var,mfcc7_mean,mfcc7_var,mfcc8_mean,mfcc8_var,mfcc9_mean,mfcc9_var,mfcc10_mean,mfcc10_var,mfcc11_mean,mfcc11_var,mfcc12_mean,mfcc12_var,mfcc13_mean,mfcc13_var,mfcc14_mean,mfcc14_var,mfcc15_mean,mfcc15_var,mfcc16_mean,mfcc16_var,mfcc17_mean,mfcc17_var,mfcc18_mean,mfcc18_var,mfcc19_mean,mfcc19_var,mfcc20_mean,mfcc20_var
0.32985726,0.08404834,0.10050229,0.0013079552,1270.301226914328,272429.5903014369,1702.208123239175,133877.09732230325,2498.1929628589037,1595112.7281887159,0.05480418902262181,0.0008974486797706776,4.316896e-06,0.0077898484,-9.113402e-06,0.0013407425,107.666015625,-194.2351,3124.433,151.79347,971.6288,-3.0450046,405.03177,29.49471,330.33142,9.111862,290.7467,5.9693475,148.21106,3.7879229,149.10811,3.7599015,147.58334,-5.853435,111.20592,1.5923063,98.125404,-3.765781,96.05301,0.94019234,67.05356,1.9712703,71.638504,-2.2243295,96.94256,3.352178,54.07298,3.7439473,51.901783,-1.1339499,53.607452,2.2293499,42.987343,3.3601303,50.672966,-4.146596,54.199825
