chroma_stft_mean,chroma_stft_var,rms_mean,rms_var,spectral_centroid_mean,spectral_centroid_var,spectral_bandwidth_mean,spectral_bandwidth_var,rolloff_mean,rolloff_var,zero_crossing_rate_mean,zero_crossing_rate_var,harmony_mean,harmony_var,perceptr_mean,perceptr_var,tempo,mfcc1_mean,mfcc1_var,mfcc2_mean,mfcc2_var,mfcc3_mean,mfcc3_var,mfcc4_mean,mfcc4_var,mfcc5_mean,mfcc5_var,mfcc6_mean,mfcc6_var,mfcc7_mean,mfcc7_var,mfcc8_mean,mfcc8_var,mfcc9_mean,mfcc9_var,mfcc10_mean,mfcc10_var,mfcc11_mean,mfcc11_var,mfcc12_mean,mfcc12_var,mfcc13_mean,mfcc13_var,mfcc14_mean,mfcc14_var,mfcc15_mean,mfcc15_var,mfcc16_mean,mfcc16_var,mfcc17_mean,mfcc17_var,mfcc18_mean,mfcc18_var,mfcc19_mean,mfcc19_var,mfcc20_mean,mfcc20_var
0.3473293,0.0891431,0.07988017,0.001133427,1565.155663257242,412674.9837943289,2016.0878279617248,149574.9589868048,3188.704332674739,1995409.1737735244,0.05727693892594741,0.0015802429810291702,1.5268918e-06,0.005457059,-6.763991e-06,0.00073790736,143.5546875,-200.6344,4036.3396,119.69184,1000.00793,-3.5907493,306.5279,31.953747,271.78177,9.979258,204.41081,15.293263,174.89156,0.64658076,99.122986,0.23592448,95.58163,-4.4701905,73.68773,-2.3123803,82.33168,-5.2613406,64.25898,-2.4783907,53.451187,-6.041272,68.53232,-0.79284084,67.05961,-4.698356,42.413998,-11.286766,47.367847,-8.868494,53.44086,-8.070287,47.2854,-3.155758,58.463566,0.33077034,68.12835
