chroma_stft_mean,chroma_stft_var,rms_mean,rms_var,spectral_centroid_mean,spectral_centroid_var,spectral_bandwidth_mean,spectral_bandwidth_var,rolloff_mean,rolloff_var,zero_crossing_rate_mean,zero_crossing_rate_var,harmony_mean,harmony_var,perceptr_mean,perceptr_var,tempo,mfcc1_mean,mfcc1_var,mfcc2_mean,mfcc2_var,mfcc3_mean,mfcc3_var,mfcc4_mean,mfcc4_var,mfcc5_mean,mfcc5_var,mfcc6_mean,mfcc6_var,mfcc7_mean,mfcc7_var,mfcc8_mean,mfcc8_var,mfcc9_mean,mfcc9_var,mfcc10_mean,mfcc10_var,mfcc11_mean,mfcc11_var,mfcc12_mean,mfcc12_var,mfcc13_mean,mfcc13_var,mfcc14_mean,mfcc14_var,mfcc15_mean,mfcc15_var,mfcc16_mean,mfcc16_var,mfcc17_mean,mfcc17_var,mfcc18_mean,mfcc18_var,mfcc19_mean,mfcc19_var,mfcc20_mean,mfcc20_var
0.40024942,0.08268221,0.11321748,0.0005844507,2634.223606489956,820604.1594482007,2898.649215130567,233526.01533940603,5808.127730296549,4557240.099697613,0.09586022090100542,0.002870199788994028,1.0380629e-05,0.0076858453,0.0001786206,0.002293159,129.19921875,-111.62214,2638.1965,82.249146,806.282,13.051351,390.76895,31.925335,173.6138,23.684826,141.097,-0.5329459,135.49316,12.033109,82.73187,3.6621604,93.338715,-5.7393713,154.67062,3.3419154,57.837936,1.4315192,58.903786,0.77138203,49.28343,0.54974717,52.343533,-1.1433071,32.112923,-1.7450073,30.263493,0.5581425,42.99269,-2.3293762,41.70618,-4.6182427,41.239,-0.6183298,29.180056,-4.9373837,29.841318
