chroma_stft_mean,chroma_stft_var,rms_mean,rms_var,spectral_centroid_mean,spectral_centroid_var,spectral_bandwidth_mean,spectral_bandwidth_var,rolloff_mean,rolloff_var,zero_crossing_rate_mean,zero_crossing_rate_var,harmony_mean,harmony_var,perceptr_mean,perceptr_var,tempo,mfcc1_mean,mfcc1_var,mfcc2_mean,mfcc2_var,mfcc3_mean,mfcc3_var,mfcc4_mean,mfcc4_var,mfcc5_mean,mfcc5_var,mfcc6_mean,mfcc6_var,mfcc7_mean,mfcc7_var,mfcc8_mean,mfcc8_var,mfcc9_mean,mfcc9_var,mfcc10_mean,mfcc10_var,mfcc11_mean,mfcc11_var,mfcc12_mean,mfcc12_var,mfcc13_mean,mfcc13_var,mfcc14_mean,mfcc14_var,mfcc15_mean,mfcc15_var,mfcc16_mean,mfcc16_var,mfcc17_mean,mfcc17_var,mfcc18_mean,mfcc18_var,mfcc19_mean,mfcc19_var,mfcc20_mean,mfcc20_var
0.37394306,0.08425221,0.07204812,0.0008102466,2068.662126290897,678840.7932719177,2437.6024358625427,229373.22517522873,4232.98974269504,3543755.2679703794,0.08496433620939675,0.0025842130667934633,1.1827125e-05,0.0035562364,8.076312e-05,0.0010417819,99.38401442307692,-173.44347,2589.217,105.07096,1031.8473,1.1555926,448.9928,24.1155,212.77344,22.134285,269.52142,2.5480728,197.00897,-1.5893732,96.71251,0.16644396,68.61784,-5.3277473,94.47403,3.8132274,74.216064,-4.5264587,75.843185,-4.588155,61.494576,-1.5657426,47.51113,-2.259126,47.04475,-3.8538094,38.701855,-6.4594007,48.62793,-7.4668293,49.68339,-5.5334578,43.236664,-2.193058,54.280445,-2.4577627,39.211285
