chroma_stft_mean,chroma_stft_var,rms_mean,rms_var,spectral_centroid_mean,spectral_centroid_var,spectral_bandwidth_mean,spectral_bandwidth_var,rolloff_mean,rolloff_var,zero_crossing_rate_mean,zero_crossing_rate_var,harmony_mean,harmony_var,perceptr_mean,perceptr_var,tempo,mfcc1_mean,mfcc1_var,mfcc2_mean,mfcc2_var,mfcc3_mean,mfcc3_var,mfcc4_mean,mfcc4_var,mfcc5_mean,mfcc5_var,mfcc6_mean,mfcc6_var,mfcc7_mean,mfcc7_var,mfcc8_mean,mfcc8_var,mfcc9_mean,mfcc9_var,mfcc10_mean,mfcc10_var,mfcc11_mean,mfcc11_var,mfcc12_mean,mfcc12_var,mfcc13_mean,mfcc13_var,mfcc14_mean,mfcc14_var,mfcc15_mean,mfcc15_var,mfcc16_mean,mfcc16_var,mfcc17_mean,mfcc17_var,mfcc18_mean,mfcc18_var,mfcc19_mean,mfcc19_var,mfcc20_mean,mfcc20_var
0.348044,0.08949672,0.1530273,0.0028383054,1561.0425270580386,581660.9570459578,1782.6517736699684,167425.53489183565,3175.33143081134,1932296.7932137137,0.0671992821925754,0.002719341339874373,-4.133101e-06,0.019347647,-1.5960264e-05,0.0030992934,112.34714673913044,-148.36998,3759.971,126.86573,991.1326,-19.571285,535.63837,52.87677,185.14697,8.581605,215.12584,17.882395,173.1388,-8.099402,142.97832,17.780605,98.17584,-15.515441,85.39125,13.506864,114.03541,-10.96457,102.37513,9.469389,92.019646,-1.9210476,64.841064,1.8825272,87.71022,-2.6670923,87.5709,3.3894465,60.342205,-3.5160546,75.59386,2.1107848,65.825676,2.090973,58.638897,-0.110573426,62.9066
