chroma_stft_mean,chroma_stft_var,rms_mean,rms_var,spectral_centroid_mean,spectral_centroid_var,spectral_bandwidth_mean,spectral_bandwidth_var,rolloff_mean,rolloff_var,zero_crossing_rate_mean,zero_crossing_rate_var,harmony_mean,harmony_var,perceptr_mean,perceptr_var,tempo,mfcc1_mean,mfcc1_var,mfcc2_mean,mfcc2_var,mfcc3_mean,mfcc3_var,mfcc4_mean,mfcc4_var,mfcc5_mean,mfcc5_var,mfcc6_mean,mfcc6_var,mfcc7_mean,mfcc7_var,mfcc8_mean,mfcc8_var,mfcc9_mean,mfcc9_var,mfcc10_mean,mfcc10_var,mfcc11_mean,mfcc11_var,mfcc12_mean,mfcc12_var,mfcc13_mean,mfcc13_var,mfcc14_mean,mfcc14_var,mfcc15_mean,mfcc15_var,mfcc16_mean,mfcc16_var,mfcc17_mean,mfcc17_var,mfcc18_mean,mfcc18_var,mfcc19_mean,mfcc19_var,mfcc20_mean,mfcc20_var
0.3762129,0.09278559,0.043314192,0.0010843602,1144.8885616291877,327516.47670591396,1443.9709863470791,163791.68652826155,2223.7570353284514,1694249.5633286964,0.049895697384957464,0.0014537345285174283,-2.9270668e-06,0.002093039,-1.3344524e-05,0.00034751263,129.19921875,-302.41064,7651.7554,150.1164,843.0869,-3.7138386,770.46875,26.95196,289.28244,-0.2614176,323.3197,13.506062,163.45251,7.233895,152.62369,4.227106,113.45425,1.7578514,120.15839,6.5712256,118.7799,-0.5007282,82.04878,7.9061246,80.845634,1.3247038,65.61232,0.4774177,71.153595,0.08796771,61.821613,-3.1984913,48.533638,-1.8258468,47.1277,0.8787182,48.096947,0.5783262,63.023975,-3.156568,54.978092
