chroma_stft_mean,chroma_stft_var,rms_mean,rms_var,spectral_centroid_mean,spectral_centroid_var,spectral_bandwidth_mean,spectral_bandwidth_var,rolloff_mean,rolloff_var,zero_crossing_rate_mean,zero_crossing_rate_var,harmony_mean,harmony_var,perceptr_mean,perceptr_var,tempo,mfcc1_mean,mfcc1_var,mfcc2_mean,mfcc2_var,mfcc3_mean,mfcc3_var,mfcc4_mean,mfcc4_var,mfcc5_mean,mfcc5_var,mfcc6_mean,mfcc6_var,mfcc7_mean,mfcc7_var,mfcc8_mean,mfcc8_var,mfcc9_mean,mfcc9_var,mfcc10_mean,mfcc10_var,mfcc11_mean,mfcc11_var,mfcc12_mean,mfcc12_var,mfcc13_mean,mfcc13_var,mfcc14_mean,mfcc14_var,mfcc15_mean,mfcc15_var,mfcc16_mean,mfcc16_var,mfcc17_mean,mfcc17_var,mfcc18_mean,mfcc18_var,mfcc19_mean,mfcc19_var,mfcc20_mean,mfcc20_var
0.34468597,0.086298876,0.022760969,0.00025617715,1827.8001725934416,574280.7957483823,2050.2592014517736,136430.0071934517,3647.521434527262,2282558.32408191,0.08486652890564579,0.0037378242679279704,1.7889654e-06,0.00051082217,4.352992e-05,0.00012880475,112.34714673913044,-339.64667,6961.518,97.738594,1134.0857,-9.763496,694.03845,50.972683,294.69437,7.814855,304.76825,11.721101,291.7168,0.673925,133.0787,2.4926815,101.43738,-4.7740016,84.659386,0.2095192,77.45646,-5.979657,74.39918,-2.9014666,82.74871,-6.1582875,54.945187,-1.8433897,58.88012,-5.3552957,69.60805,-8.310177,64.54633,-10.716724,55.995796,-7.7242293,60.732037,-3.43076,70.5567,-6.958146,109.7476
