chroma_stft_mean,chroma_stft_var,rms_mean,rms_var,spectral_centroid_mean,spectral_centroid_var,spectral_bandwidth_mean,spectral_bandwidth_var,rolloff_mean,rolloff_var,zero_crossing_rate_mean,zero_crossing_rate_var,harmony_mean,harmony_var,perceptr_mean,perceptr_var,tempo,mfcc1_mean,mfcc1_var,mfcc2_mean,mfcc2_var,mfcc3_mean,mfcc3_var,mfcc4_mean,mfcc4_var,mfcc5_mean,mfcc5_var,mfcc6_mean,mfcc6_var,mfcc7_mean,mfcc7_var,mfcc8_mean,mfcc8_var,mfcc9_mean,mfcc9_var,mfcc10_mean,mfcc10_var,mfcc11_mean,mfcc11_var,mfcc12_mean,mfcc12_var,mfcc13_mean,mfcc13_var,mfcc14_mean,mfcc14_var,mfcc15_mean,mfcc15_var,mfcc16_mean,mfcc16_var,mfcc17_mean,mfcc17_var,mfcc18_mean,mfcc18_var,mfcc19_mean,mfcc19_var,mfcc20_mean,mfcc20_var
0.27104354,0.08692472,0.17621148,0.0036426291,1425.2797032637825,268057.180829093,1691.007486205981,119704.70422587013,2981.1912023274363,1196276.8805499002,0.06172207318252127,0.000959397841146775,-1.3827801e-05,0.026831632,-3.2277956e-05,0.0032013026,117.45383522727273,-139.56085,2073.3337,128.79108,590.53613,-20.232744,368.50266,49.427704,210.40738,-2.1633642,179.32689,16.994392,150.99641,-8.339966,103.88055,9.827166,89.88003,-20.141237,79.60281,2.5050974,136.18034,-11.247482,83.15777,3.7663162,67.83418,-6.4156575,91.431595,-3.338471,113.68531,-2.8918989,86.38087,1.9810771,70.206635,-4.188349,78.60692,1.3808455,69.76165,2.4423149,70.06873,-3.6160343,63.65322
