chroma_stft_mean,chroma_stft_var,rms_mean,rms_var,spectral_centroid_mean,spectral_centroid_var,spectral_bandwidth_mean,spectral_bandwidth_var,rolloff_mean,rolloff_var,zero_crossing_rate_mean,zero_crossing_rate_var,harmony_mean,harmony_var,perceptr_mean,perceptr_var,tempo,mfcc1_mean,mfcc1_var,mfcc2_mean,mfcc2_var,mfcc3_mean,mfcc3_var,mfcc4_mean,mfcc4_var,mfcc5_mean,mfcc5_var,mfcc6_mean,mfcc6_var,mfcc7_mean,mfcc7_var,mfcc8_mean,mfcc8_var,mfcc9_mean,mfcc9_var,mfcc10_mean,mfcc10_var,mfcc11_mean,mfcc11_var,mfcc12_mean,mfcc12_var,mfcc13_mean,mfcc13_var,mfcc14_mean,mfcc14_var,mfcc15_mean,mfcc15_var,mfcc16_mean,mfcc16_var,mfcc17_mean,mfcc17_var,mfcc18_mean,mfcc18_var,mfcc19_mean,mfcc19_var,mfcc20_mean,mfcc20_var
0.31120387,0.09125737,0.11688875,0.0020986607,1939.8088633748253,421875.2751482551,2482.5238380341193,163387.01983145377,4126.805904237964,2361205.758540381,0.06396371084686775,0.0011583254108737705,-6.076011e-07,0.00879348,-5.8086618e-05,0.0027279593,117.45383522727273,-148.98796,5227.696,107.2436,701.0512,11.189903,393.95465,26.696136,213.02419,11.397693,266.60147,-3.8045828,201.68146,14.0203285,91.86317,-5.8768187,90.22136,-11.04849,98.70805,2.7971046,84.74428,-8.450597,82.86645,3.1810462,66.94385,-0.76783913,60.324123,-12.403871,86.20586,-6.292442,78.61965,-3.3005712,48.580666,-8.160136,50.926006,-6.577001,52.02055,-3.674575,50.288574,-2.9715986,45.1078
