chroma_stft_mean,chroma_stft_var,rms_mean,rms_var,spectral_centroid_mean,spectral_centroid_var,spectral_bandwidth_mean,spectral_bandwidth_var,rolloff_mean,rolloff_var,zero_crossing_rate_mean,zero_crossing_rate_var,harmony_mean,harmony_var,perceptr_mean,perceptr_var,tempo,mfcc1_mean,mfcc1_var,mfcc2_mean,mfcc2_var,mfcc3_mean,mfcc3_var,mfcc4_mean,mfcc4_var,mfcc5_mean,mfcc5_var,mfcc6_mean,mfcc6_var,mfcc7_mean,mfcc7_var,mfcc8_mean,mfcc8_var,mfcc9_mean,mfcc9_var,mfcc10_mean,mfcc10_var,mfcc11_mean,mfcc11_var,mfcc12_mean,mfcc12_var,mfcc13_mean,mfcc13_var,mfcc14_mean,mfcc14_var,mfcc15_mean,mfcc15_var,mfcc16_mean,mfcc16_var,mfcc17_mean,mfcc17_var,mfcc18_mean,mfcc18_var,mfcc19_mean,mfcc19_var,mfcc20_mean,mfcc20_var
0.30090493,0.094543174,0.07847474,0.0018237712,2839.25842945996,1279450.8300416966,2798.5048227301195,201552.66439679876,6047.924011655307,4012040.0188466306,0.11016274531129157,0.009105973832144218,4.6707657e-07,0.0063804365,-3.599718e-06,0.0007463885,112.34714673913044,-199.05687,5351.382,61.1464,1409.1127,9.977331,549.0497,23.48061,240.85732,10.260272,229.78178,0.0013763829,178.18375,8.017387,162.23888,1.1231515,131.68837,-4.8983784,120.36374,9.487702,126.88626,-6.3569746,88.51003,3.8757417,109.545586,1.6276603,97.73054,-1.3460344,116.53311,2.6078076,92.03746,-3.587762,119.04184,1.9701421,133.65169,2.5379186,129.41687,1.036169,165.93623,-0.9794807,160.33925
