chroma_stft_mean,chroma_stft_var,rms_mean,rms_var,spectral_centroid_mean,spectral_centroid_var,spectral_bandwidth_mean,spectral_bandwidth_var,rolloff_mean,rolloff_var,zero_crossing_rate_mean,zero_crossing_rate_var,harmony_mean,harmony_var,perceptr_mean,perceptr_var,tempo,mfcc1_mean,mfcc1_var,mfcc2_mean,mfcc2_var,mfcc3_mean,mfcc3_var,mfcc4_mean,mfcc4_var,mfcc5_mean,mfcc5_var,mfcc6_mean,mfcc6_var,mfcc7_mean,mfcc7_var,mfcc8_mean,mfcc8_var,mfcc9_mean,mfcc9_var,mfcc10_mean,mfcc10_var,mfcc11_mean,mfcc11_var,mfcc12_mean,mfcc12_var,mfcc13_mean,mfcc13_var,mfcc14_mean,mfcc14_var,mfcc15_mean,mfcc15_var,mfcc16_mean,mfcc16_var,mfcc17_mean,mfcc17_var,mfcc18_mean,mfcc18_var,mfcc19_mean,mfcc19_var,mfcc20_mean,mfcc20_var
0.33792004,0.08725565,0.13540727,0.0018804995,1596.3192351340858,278630.0408988468,1853.3171196002759,101850.93937367528,3291.640704303219,1181559.5215865402,0.06926758567768755,0.001254110429015844,7.316757e-07,0.0143308025,-1.2243425e-05,0.0026670329,143.5546875,-146.03406,3171.1814,124.633896,629.8634,-17.923779,536.34937,49.246246,266.29095,-0.16373,231.15468,22.78391,149.32407,-7.1801314,157.34093,16.748547,83.57028,-9.71323,179.895,15.436437,97.98157,-7.632503,82.48825,10.915412,84.29797,-3.4583304,79.67191,5.428929,74.18766,-4.934321,56.102753,5.1209855,66.927666,-8.048678,75.02465,2.6393738,53.85143,-1.8593752,54.56545,-3.4213555,77.761505
