chroma_stft_mean,chroma_stft_var,rms_mean,rms_var,spectral_centroid_mean,spectral_centroid_var,spectral_bandwidth_mean,spectral_bandwidth_var,rolloff_mean,rolloff_var,zero_crossing_rate_mean,zero_crossing_rate_var,harmony_mean,harmony_var,perceptr_mean,perceptr_var,tempo,mfcc1_mean,mfcc1_var,mfcc2_mean,mfcc2_var,mfcc3_mean,mfcc3_var,mfcc4_mean,mfcc4_var,mfcc5_mean,mfcc5_var,mfcc6_mean,mfcc6_var,mfcc7_mean,mfcc7_var,mfcc8_mean,mfcc8_var,mfcc9_mean,mfcc9_var,mfcc10_mean,mfcc10_var,mfcc11_mean,mfcc11_var,mfcc12_mean,mfcc12_var,mfcc13_mean,mfcc13_var,mfcc14_mean,mfcc14_var,mfcc15_mean,mfcc15_var,mfcc16_mean,mfcc16_var,mfcc17_mean,mfcc17_var,mfcc18_mean,mfcc18_var,mfcc19_mean,mfcc19_var,mfcc20_mean,mfcc20_var
0.31506595,0.08675299,0.13006952,0.0023557728,1741.8884862826521,327942.5045652319,1985.7526618758297,159432.38587368288,3791.309273491879,1734294.0484338817,0.07544530645784996,0.0013840040058274285,2.0088125e-06,0.013279095,-2.9586903e-05,0.0020799735,135.99917763157896,-137.86005,4387.6147,121.520035,510.36166,-13.279323,266.16168,43.328953,179.9256,-10.695389,161.77536,17.859846,201.44168,-7.950051,103.97842,9.101156,109.65799,-19.791092,64.85103,9.442091,123.03241,-19.604746,105.69989,6.9056215,60.057003,-12.5497055,77.05502,-0.7610515,90.64852,-9.155741,60.65059,1.4590726,80.67233,-8.294413,58.64755,-3.7427933,94.76144,-6.868958,49.540855,-0.474018,69.37315
