chroma_stft_mean,chroma_stft_var,rms_mean,rms_var,spectral_centroid_mean,spectral_centroid_var,spectral_bandwidth_mean,spectral_bandwidth_var,rolloff_mean,rolloff_var,zero_crossing_rate_mean,zero_crossing_rate_var,harmony_mean,harmony_var,perceptr_mean,perceptr_var,tempo,mfcc1_mean,mfcc1_var,mfcc2_mean,mfcc2_var,mfcc3_mean,mfcc3_var,mfcc4_mean,mfcc4_var,mfcc5_mean,mfcc5_var,mfcc6_mean,mfcc6_var,mfcc7_mean,mfcc7_var,mfcc8_mean,mfcc8_var,mfcc9_mean,mfcc9_var,mfcc10_mean,mfcc10_var,mfcc11_mean,mfcc11_var,mfcc12_mean,mfcc12_var,mfcc13_mean,mfcc13_var,mfcc14_mean,mfcc14_var,mfcc15_mean,mfcc15_var,mfcc16_mean,mfcc16_var,mfcc17_mean,mfcc17_var,mfcc18_mean,mfcc18_var,mfcc19_mean,mfcc19_var,mfcc20_mean,mfcc20_var
0.31031382,0.08514202,0.11524875,0.0015863738,963.6542370411191,284229.0332500801,1235.6457271521583,259792.17604321588,1754.931074173434,1657799.3181406872,0.045760600952242846,0.0006034431332914607,8.8281763e-07,0.011170182,-2.010096e-05,0.0012053021,80.74951171875,-229.05678,5082.265,180.33003,1434.5651,4.5372114,723.93744,24.171104,302.18988,1.0911434,450.44287,4.0153756,173.98068,-6.0064874,198.95831,1.9028653,163.03291,-13.129048,114.60706,0.015985971,209.09416,-13.5007715,109.95068,1.5909431,147.06741,-13.4221525,93.79657,-5.68734,73.539856,-7.6039324,61.056694,-9.792611,75.99305,-3.7851264,81.05211,-4.7948513,64.23077,-4.7134557,59.285637,-2.9597528,86.463264
