chroma_stft_mean,chroma_stft_var,rms_mean,rms_var,spectral_centroid_mean,spectral_centroid_var,spectral_bandwidth_mean,spectral_bandwidth_var,rolloff_mean,rolloff_var,zero_crossing_rate_mean,zero_crossing_rate_var,harmony_mean,harmony_var,perceptr_mean,perceptr_var,tempo,mfcc1_mean,mfcc1_var,mfcc2_mean,mfcc2_var,mfcc3_mean,mfcc3_var,mfcc4_mean,mfcc4_var,mfcc5_mean,mfcc5_var,mfcc6_mean,mfcc6_var,mfcc7_mean,mfcc7_var,mfcc8_mean,mfcc8_var,mfcc9_mean,mfcc9_var,mfcc10_mean,mfcc10_var,mfcc11_mean,mfcc11_var,mfcc12_mean,mfcc12_var,mfcc13_mean,mfcc13_var,mfcc14_mean,mfcc14_var,mfcc15_mean,mfcc15_var,mfcc16_mean,mfcc16_var,mfcc17_mean,mfcc17_var,mfcc18_mean,mfcc18_var,mfcc19_mean,mfcc19_var,mfcc20_mean,mfcc20_var
0.3145773,0.08578085,0.1072092,0.0014233756,1397.8552412349427,378314.3100362164,1896.199966667019,247754.81110031184,3101.2558797672564,2762629.3936713967,0.04858304028905646,0.0007046563894854306,-7.896601e-06,0.009807268,-0.00013744234,0.0009075544,123.046875,-186.33115,4649.8594,135.86916,840.354,5.9504013,260.3518,45.837704,144.39929,-5.776936,178.0611,22.777603,93.90461,-12.992676,109.07664,17.125881,108.81151,-13.76287,131.41895,9.738707,116.31086,-8.365436,84.60877,6.6548285,74.515686,-9.0857115,61.6491,5.422782,64.84832,-6.856298,70.782776,1.5570384,87.92668,-8.555396,65.15011,5.446114,86.91356,-4.3698983,40.53612,-4.716567,73.12394
