chroma_stft_mean,chroma_stft_var,rms_mean,rms_var,spectral_centroid_mean,spectral_centroid_var,spectral_bandwidth_mean,spectral_bandwidth_var,rolloff_mean,rolloff_var,zero_crossing_rate_mean,zero_crossing_rate_var,harmony_mean,harmony_var,perceptr_mean,perceptr_var,tempo,mfcc1_mean,mfcc1_var,mfcc2_mean,mfcc2_var,mfcc3_mean,mfcc3_var,mfcc4_mean,mfcc4_var,mfcc5_mean,mfcc5_var,mfcc6_mean,mfcc6_var,mfcc7_mean,mfcc7_var,mfcc8_mean,mfcc8_var,mfcc9_mean,mfcc9_var,mfcc10_mean,mfcc10_var,mfcc11_mean,mfcc11_var,mfcc12_mean,mfcc12_var,mfcc13_mean,mfcc13_var,mfcc14_mean,mfcc14_var,mfcc15_mean,mfcc15_var,mfcc16_mean,mfcc16_var,mfcc17_mean,mfcc17_var,mfcc18_mean,mfcc18_var,mfcc19_mean,mfcc19_var,mfcc20_mean,mfcc20_var
0.37417582,0.08567184,0.10329493,0.0011063638,2109.417730689385,299014.1769681704,1933.8314274427828,86202.6245858168,3843.893255601073,819499.7612885999,0.11588466139791183,0.0022655356997169614,-8.635674e-07,0.0055995844,6.0250808e-05,0.0030363617,151.99908088235293,-126.90665,2304.7915,103.49357,663.39465,-31.897821,365.17615,58.728836,277.53537,-1.9615222,259.20038,-3.1359186,150.66995,-2.9429367,98.62997,0.36023775,90.059975,-3.034348,138.28123,-0.82732624,57.515663,5.5868716,127.1167,-10.137715,108.30712,0.72898966,87.43859,-1.6241794,57.5021,-10.0569725,53.884365,-5.2208104,58.26675,-9.046826,46.609936,-4.7467213,43.353992,-1.0361559,47.911488,-2.8451076,49.538883
