chroma_stft_mean,chroma_stft_var,rms_mean,rms_var,spectral_centroid_mean,spectral_centroid_var,spectral_bandwidth_mean,spectral_bandwidth_var,rolloff_mean,rolloff_var,zero_crossing_rate_mean,zero_crossing_rate_var,harmony_mean,harmony_var,perceptr_mean,perceptr_var,tempo,mfcc1_mean,mfcc1_var,mfcc2_mean,mfcc2_var,mfcc3_mean,mfcc3_var,mfcc4_mean,mfcc4_var,mfcc5_mean,mfcc5_var,mfcc6_mean,mfcc6_var,mfcc7_mean,mfcc7_var,mfcc8_mean,mfcc8_var,mfcc9_mean,mfcc9_var,mfcc10_mean,mfcc10_var,mfcc11_mean,mfcc11_var,mfcc12_mean,mfcc12_var,mfcc13_mean,mfcc13_var,mfcc14_mean,mfcc14_var,mfcc15_mean,mfcc15_var,mfcc16_mean,mfcc16_var,mfcc17_mean,mfcc17_var,mfcc18_mean,mfcc18_var,mfcc19_mean,mfcc19_var,mfcc20_mean,mfcc20_var
0.3795868,0.07959778,0.104739845,0.0006675215,1958.9864228599774,356117.12634977297,2146.923519804291,103053.13913966576,4208.1924190654,1554481.618905179,0.09423639307811292,0.0021944807522931435,1.2947534e-06,0.0068853945,-9.324052e-07,0.0016172578,151.99908088235293,-116.19743,2439.0002,111.75399,829.9792,-5.2453566,328.20514,33.98964,98.26943,-12.460975,109.269554,4.2414293,54.34036,-14.408439,68.88053,8.494257,86.332954,-8.198441,94.804306,-1.3370373,52.187572,-12.551117,38.062252,-5.0011096,41.483555,-2.139346,33.30717,-1.8339946,39.176983,-8.265982,49.123028,-3.0184083,27.44881,-5.4789276,27.661903,-2.9580772,26.242203,-2.6427643,33.489277,-3.3766387,40.264107
