chroma_stft_mean,chroma_stft_var,rms_mean,rms_var,spectral_centroid_mean,spectral_centroid_var,spectral_bandwidth_mean,spectral_bandwidth_var,rolloff_mean,rolloff_var,zero_crossing_rate_mean,zero_crossing_rate_var,harmony_mean,harmony_var,perceptr_mean,perceptr_var,tempo,mfcc1_mean,mfcc1_var,mfcc2_mean,mfcc2_var,mfcc3_mean,mfcc3_var,mfcc4_mean,mfcc4_var,mfcc5_mean,mfcc5_var,mfcc6_mean,mfcc6_var,mfcc7_mean,mfcc7_var,mfcc8_mean,mfcc8_var,mfcc9_mean,mfcc9_var,mfcc10_mean,mfcc10_var,mfcc11_mean,mfcc11_var,mfcc12_mean,mfcc12_var,mfcc13_mean,mfcc13_var,mfcc14_mean,mfcc14_var,mfcc15_mean,mfcc15_var,mfcc16_mean,mfcc16_var,mfcc17_mean,mfcc17_var,mfcc18_mean,mfcc18_var,mfcc19_mean,mfcc19_var,mfcc20_mean,mfcc20_var
0.37588015,0.081554346,0.099928215,0.0011483484,2321.8879492685483,543369.4609369717,2545.383232254306,155880.28576990735,4580.651883791328,2651214.8232993134,0.10436530234918794,0.0025564454615576993,1.6865047e-06,0.00508447,8.7881046e-05,0.0030207345,99.38401442307692,-120.41707,1672.3911,95.35442,716.5154,-6.02527,317.6934,25.163818,298.25122,20.953634,225.93958,-7.1270046,187.8868,8.549671,80.67331,2.4336689,97.76093,-14.656027,89.47674,9.28693,140.64565,-2.3609252,88.014656,-3.1556685,69.24081,0.6114374,51.28721,-4.418287,66.24692,-7.454242,58.242695,-0.44656548,51.756744,-3.5862525,51.064175,-5.0221777,46.98472,-2.5233455,35.87048,-4.75625,33.30383
