chroma_stft_mean,chroma_stft_var,rms_mean,rms_var,spectral_centroid_mean,spectral_centroid_var,spectral_bandwidth_mean,spectral_bandwidth_var,rolloff_mean,rolloff_var,zero_crossing_rate_mean,zero_crossing_rate_var,harmony_mean,harmony_var,perceptr_mean,perceptr_var,tempo,mfcc1_mean,mfcc1_var,mfcc2_mean,mfcc2_var,mfcc3_mean,mfcc3_var,mfcc4_mean,mfcc4_var,mfcc5_mean,mfcc5_var,mfcc6_mean,mfcc6_var,mfcc7_mean,mfcc7_var,mfcc8_mean,mfcc8_var,mfcc9_mean,mfcc9_var,mfcc10_mean,mfcc10_var,mfcc11_mean,mfcc11_var,mfcc12_mean,mfcc12_var,mfcc13_mean,mfcc13_var,mfcc14_mean,mfcc14_var,mfcc15_mean,mfcc15_var,mfcc16_mean,mfcc16_var,mfcc17_mean,mfcc17_var,mfcc18_mean,mfcc18_var,mfcc19_mean,mfcc19_var,mfcc20_mean,mfcc20_var
0.3827643,0.08182912,0.2093933,0.00080522,2966.1571589936843,192924.1702591444,2848.1234947138532,74499.59200936374,6349.4199392596265,1179561.1770973017,0.12416100280572756,0.0012625676280788609,-0.00010747825,0.03251852,-0.0013913317,0.0040172306,117.45383522727273,-20.78135,381.67404,62.950428,156.56827,2.3044403,161.45715,30.773718,93.19163,6.973462,62.151752,6.5058117,115.17589,6.3236365,69.03254,9.873086,72.264435,3.435297,52.189114,9.372202,55.3079,-0.40415794,52.405167,7.5194154,41.743786,-0.9842739,43.462444,4.0191503,36.692596,-0.66244876,33.740776,-0.061251897,39.290096,-0.16676468,43.14302,0.24374022,48.175987,-5.4381933,33.76489,1.8272818,44.119907
