chroma_stft_mean,chroma_stft_var,rms_mean,rms_var,spectral_centroid_mean,spectral_centroid_var,spectral_bandwidth_mean,spectral_bandwidth_var,rolloff_mean,rolloff_var,zero_crossing_rate_mean,zero_crossing_rate_var,harmony_mean,harmony_var,perceptr_mean,perceptr_var,tempo,mfcc1_mean,mfcc1_var,mfcc2_mean,mfcc2_var,mfcc3_mean,mfcc3_var,mfcc4_mean,mfcc4_var,mfcc5_mean,mfcc5_var,mfcc6_mean,mfcc6_var,mfcc7_mean,mfcc7_var,mfcc8_mean,mfcc8_var,mfcc9_mean,mfcc9_var,mfcc10_mean,mfcc10_var,mfcc11_mean,mfcc11_var,mfcc12_mean,mfcc12_var,mfcc13_mean,mfcc13_var,mfcc14_mean,mfcc14_var,mfcc15_mean,mfcc15_var,mfcc16_mean,mfcc16_var,mfcc17_mean,mfcc17_var,mfcc18_mean,mfcc18_var,mfcc19_mean,mfcc19_var,mfcc20_mean,mfcc20_var
0.35533768,0.08297606,0.2743448,0.0010315152,2505.851670781852,282563.05702442443,2574.313231970527,119183.44106351658,5480.083979104424,1421991.2599563356,0.10456258734097919,0.001190326362466941,-6.9278256e-05,0.062426094,-0.0013002438,0.00430127,129.19921875,-19.763226,523.7535,76.64638,368.17474,-4.826523,157.98381,32.238724,153.2401,7.710495,120.16584,17.18376,125.502,-1.4951016,60.70973,9.149327,55.11929,2.7572665,94.487144,9.145537,81.96829,-2.6543097,62.871857,7.5196223,84.95623,0.38755095,58.546352,4.968522,76.02589,2.840625,79.34677,1.9047852,75.72898,2.4618192,76.75813,6.3932567,112.83122,-3.3538883,72.66156,6.306531,73.44452
