chroma_stft_mean,chroma_stft_var,rms_mean,rms_var,spectral_centroid_mean,spectral_centroid_var,spectral_bandwidth_mean,spectral_bandwidth_var,rolloff_mean,rolloff_var,zero_crossing_rate_mean,zero_crossing_rate_var,harmony_mean,harmony_var,perceptr_mean,perceptr_var,tempo,mfcc1_mean,mfcc1_var,mfcc2_mean,mfcc2_var,mfcc3_mean,mfcc3_var,mfcc4_mean,mfcc4_var,mfcc5_mean,mfcc5_var,mfcc6_mean,mfcc6_var,mfcc7_mean,mfcc7_var,mfcc8_mean,mfcc8_var,mfcc9_mean,mfcc9_var,mfcc10_mean,mfcc10_var,mfcc11_mean,mfcc11_var,mfcc12_mean,mfcc12_var,mfcc13_mean,mfcc13_var,mfcc14_mean,mfcc14_var,mfcc15_mean,mfcc15_var,mfcc16_mean,mfcc16_var,mfcc17_mean,mfcc17_var,mfcc18_mean,mfcc18_var,mfcc19_mean,mfcc19_var,mfcc20_mean,mfcc20_var
0.42144912,0.08228461,0.24406008,0.0006498345,2898.787368032488,377335.3037989948,2878.9661651993006,95168.91761470931,6400.052966421972,1407862.6032961959,0.11293582502902477,0.0017841540269934227,-9.192621e-05,0.048062038,-0.0012843858,0.004455587,103.359375,-20.81746,803.5951,64.90752,336.99374,6.7671013,193.94774,26.357126,114.97886,11.665423,95.302284,13.185629,66.47627,-1.9791069,87.22188,8.582197,57.27099,0.4728952,53.58169,7.441096,59.18075,-0.41490933,55.206753,6.945586,45.887993,3.6606066,41.3293,2.0337164,49.273045,0.6502081,38.372334,4.382774,44.913227,-2.802764,45.405582,2.975754,46.186676,-1.840282,61.598816,-2.3632526,62.530766
