chroma_stft_mean,chroma_stft_var,rms_mean,rms_var,spectral_centroid_mean,spectral_centroid_var,spectral_bandwidth_mean,spectral_bandwidth_var,rolloff_mean,rolloff_var,zero_crossing_rate_mean,zero_crossing_rate_var,harmony_mean,harmony_var,perceptr_mean,perceptr_var,tempo,mfcc1_mean,mfcc1_var,mfcc2_mean,mfcc2_var,mfcc3_mean,mfcc3_var,mfcc4_mean,mfcc4_var,mfcc5_mean,mfcc5_var,mfcc6_mean,mfcc6_var,mfcc7_mean,mfcc7_var,mfcc8_mean,mfcc8_var,mfcc9_mean,mfcc9_var,mfcc10_mean,mfcc10_var,mfcc11_mean,mfcc11_var,mfcc12_mean,mfcc12_var,mfcc13_mean,mfcc13_var,mfcc14_mean,mfcc14_var,mfcc15_mean,mfcc15_var,mfcc16_mean,mfcc16_var,mfcc17_mean,mfcc17_var,mfcc18_mean,mfcc18_var,mfcc19_mean,mfcc19_var,mfcc20_mean,mfcc20_var
0.31272689,0.08901763,0.10427781,0.0008992255,1654.409423776694,308737.22782961844,2105.4593581100476,135526.38215317833,3907.9599473426624,1774347.2969453596,0.06018472363205723,0.000623486475919537,1.9448473e-05,0.00898453,0.00044072623,0.0008606209,75.99954044117646,-175.00964,1580.0271,115.713554,563.59906,5.100794,164.21225,58.16809,123.9637,-3.307456,110.65091,29.656008,89.1881,-10.033721,80.526054,19.65937,98.54343,-16.311836,101.83315,13.744991,109.59203,-8.834571,55.290627,7.2225156,92.25681,-8.883326,77.80894,4.751006,45.2928,-11.4880905,64.898575,0.92021453,46.458332,-8.160395,72.04791,1.1886197,100.52846,-7.9795494,82.136154,-5.6592975,81.11641
