chroma_stft_mean,chroma_stft_var,rms_mean,rms_var,spectral_centroid_mean,spectral_centroid_var,spectral_bandwidth_mean,spectral_bandwidth_var,rolloff_mean,rolloff_var,zero_crossing_rate_mean,zero_crossing_rate_var,harmony_mean,harmony_var,perceptr_mean,perceptr_var,tempo,mfcc1_mean,mfcc1_var,mfcc2_mean,mfcc2_var,mfcc3_mean,mfcc3_var,mfcc4_mean,mfcc4_var,mfcc5_mean,mfcc5_var,mfcc6_mean,mfcc6_var,mfcc7_mean,mfcc7_var,mfcc8_mean,mfcc8_var,mfcc9_mean,mfcc9_var,mfcc10_mean,mfcc10_var,mfcc11_mean,mfcc11_var,mfcc12_mean,mfcc12_var,mfcc13_mean,mfcc13_var,mfcc14_mean,mfcc14_var,mfcc15_mean,mfcc15_var,mfcc16_mean,mfcc16_var,mfcc17_mean,mfcc17_var,mfcc18_mean,mfcc18_var,mfcc19_mean,mfcc19_var,mfcc20_mean,mfcc20_var
0.32066837,0.080936946,0.13644499,0.0014567587,1701.9620057889872,109416.93376849547,1709.5446449055705,60648.94655397622,3244.6606841828598,601947.9338292856,0.09890433161736273,0.0007042673116938889,-7.448998e-07,0.011560074,-1.6675327e-05,0.0038259139,112.34714673913044,-102.481804,1930.2831,135.68375,367.4828,-46.884445,224.57408,32.738888,194.78757,-11.159096,132.97733,23.469543,176.86382,-9.779007,123.71111,16.897072,62.881325,-11.684482,85.49311,13.215306,72.3993,-7.1829667,99.370346,4.7462153,74.435455,-8.193246,49.743084,2.5920875,44.78129,-2.9957347,38.84482,6.7960835,61.95376,-2.067776,51.02734,3.2836192,55.918007,0.27031162,43.201782,-4.220294,39.10382
