chroma_stft_mean,chroma_stft_var,rms_mean,rms_var,spectral_centroid_mean,spectral_centroid_var,spectral_bandwidth_mean,spectral_bandwidth_var,rolloff_mean,rolloff_var,zero_crossing_rate_mean,zero_crossing_rate_var,harmony_mean,harmony_var,perceptr_mean,perceptr_var,tempo,mfcc1_mean,mfcc1_var,mfcc2_mean,mfcc2_var,mfcc3_mean,mfcc3_var,mfcc4_mean,mfcc4_var,mfcc5_mean,mfcc5_var,mfcc6_mean,mfcc6_var,mfcc7_mean,mfcc7_var,mfcc8_mean,mfcc8_var,mfcc9_mean,mfcc9_var,mfcc10_mean,mfcc10_var,mfcc11_mean,mfcc11_var,mfcc12_mean,mfcc12_var,mfcc13_mean,mfcc13_var,mfcc14_mean,mfcc14_var,mfcc15_mean,mfcc15_var,mfcc16_mean,mfcc16_var,mfcc17_mean,mfcc17_var,mfcc18_mean,mfcc18_var,mfcc19_mean,mfcc19_var,mfcc20_mean,mfcc20_var
0.32892618,0.08775131,0.06949131,0.00039248023,1115.6797010252174,229777.80335521043,1662.9949935239665,140679.23256507644,2347.685365610499,1465565.8389949691,0.03546288911446249,0.0006240175875806086,0.00010371171,0.004305822,0.0005021985,0.0002574965,112.34714673913044,-265.2709,3306.1252,138.86661,636.74664,6.1286917,288.71185,47.477863,272.0147,-2.387547,373.45044,21.05125,110.21528,4.0907435,105.99292,17.65029,126.19265,-12.018802,138.37057,15.490483,182.68233,-1.128818,84.99532,7.8953543,107.88428,0.50136775,89.73677,-0.22529459,70.7584,-3.8683393,58.331455,4.0574546,60.243843,-3.1072855,90.14266,3.006671,79.484146,-1.3925426,53.76549,-1.4885429,65.33506
