chroma_stft_mean,chroma_stft_var,rms_mean,rms_var,spectral_centroid_mean,spectral_centroid_var,spectral_bandwidth_mean,spectral_bandwidth_var,rolloff_mean,rolloff_var,zero_crossing_rate_mean,zero_crossing_rate_var,harmony_mean,harmony_var,perceptr_mean,perceptr_var,tempo,mfcc1_mean,mfcc1_var,mfcc2_mean,mfcc2_var,mfcc3_mean,mfcc3_var,mfcc4_mean,mfcc4_var,mfcc5_mean,mfcc5_var,mfcc6_mean,mfcc6_var,mfcc7_mean,mfcc7_var,mfcc8_mean,mfcc8_var,mfcc9_mean,mfcc9_var,mfcc10_mean,mfcc10_var,mfcc11_mean,mfcc11_var,mfcc12_mean,mfcc12_var,mfcc13_mean,mfcc13_var,mfcc14_mean,mfcc14_var,mfcc15_mean,mfcc15_var,mfcc16_mean,mfcc16_var,mfcc17_mean,mfcc17_var,mfcc18_mean,mfcc18_var,mfcc19_mean,mfcc19_var,mfcc20_mean,mfcc20_var
0.31685027,0.09002706,0.1045934,0.0023080928,2456.7182165816203,456502.49979282735,2387.4975939529986,153311.69537530115,4914.87450832004,1597988.171736347,0.12363183065061871,0.003209293914739576,9.9386e-07,0.007273818,-1.2834568e-05,0.0028407061,92.28515625,-133.27147,4161.8745,78.98,743.2064,-5.6516814,474.45572,35.54217,373.62646,-7.5470138,163.83241,7.928213,130.94127,2.7289066,119.52438,0.40225086,109.27072,-1.1442518,88.824005,-1.1125528,72.962204,-7.844963,88.68983,-1.1714913,71.808044,-4.8177476,63.85552,-3.1375563,63.087128,-5.0382576,85.059525,-1.090216,91.13477,-0.9750226,71.01831,-2.464431,88.22367,1.1565145,98.90335,-1.8438414,79.30552
