chroma_stft_mean,chroma_stft_var,rms_mean,rms_var,spectral_centroid_mean,spectral_centroid_var,spectral_bandwidth_mean,spectral_bandwidth_var,rolloff_mean,rolloff_var,zero_crossing_rate_mean,zero_crossing_rate_var,harmony_mean,harmony_var,perceptr_mean,perceptr_var,tempo,mfcc1_mean,mfcc1_var,mfcc2_mean,mfcc2_var,mfcc3_mean,mfcc3_var,mfcc4_mean,mfcc4_var,mfcc5_mean,mfcc5_var,mfcc6_mean,mfcc6_var,mfcc7_mean,mfcc7_var,mfcc8_mean,mfcc8_var,mfcc9_mean,mfcc9_var,mfcc10_mean,mfcc10_var,mfcc11_mean,mfcc11_var,mfcc12_mean,mfcc12_var,mfcc13_mean,mfcc13_var,mfcc14_mean,mfcc14_var,mfcc15_mean,mfcc15_var,mfcc16_mean,mfcc16_var,mfcc17_mean,mfcc17_var,mfcc18_mean,mfcc18_var,mfcc19_mean,mfcc19_var,mfcc20_mean,mfcc20_var
0.3421015,0.08824842,0.14097315,0.0017180074,1373.628372500732,521666.1798075772,1930.5879081818055,299911.1014104276,3070.4965401138343,3408988.926022233,0.04291625882153906,0.001119742363480431,7.1424193e-07,0.016650783,-0.00015734226,0.0013936708,69.83741554054055,-178.47949,3801.5442,130.10803,1009.0646,12.076066,245.87119,47.04983,124.78259,2.611667,172.41847,24.099432,122.67185,-4.625375,107.37287,22.778528,102.94592,-10.929766,203.95369,13.5343075,144.22533,-6.806915,131.2214,8.726394,96.37542,-6.0959067,79.96252,4.081651,55.966526,-5.155068,55.393852,7.86254,62.91231,-5.255989,96.19484,3.9590065,67.05997,-3.1323974,76.87783,-4.381459,66.98291
