chroma_stft_mean,chroma_stft_var,rms_mean,rms_var,spectral_centroid_mean,spectral_centroid_var,spectral_bandwidth_mean,spectral_bandwidth_var,rolloff_mean,rolloff_var,zero_crossing_rate_mean,zero_crossing_rate_var,harmony_mean,harmony_var,perceptr_mean,perceptr_var,tempo,mfcc1_mean,mfcc1_var,mfcc2_mean,mfcc2_var,mfcc3_mean,mfcc3_var,mfcc4_mean,mfcc4_var,mfcc5_mean,mfcc5_var,mfcc6_mean,mfcc6_var,mfcc7_mean,mfcc7_var,mfcc8_mean,mfcc8_var,mfcc9_mean,mfcc9_var,mfcc10_mean,mfcc10_var,mfcc11_mean,mfcc11_var,mfcc12_mean,mfcc12_var,mfcc13_mean,mfcc13_var,mfcc14_mean,mfcc14_var,mfcc15_mean,mfcc15_var,mfcc16_mean,mfcc16_var,mfcc17_mean,mfcc17_var,mfcc18_mean,mfcc18_var,mfcc19_mean,mfcc19_var,mfcc20_mean,mfcc20_var
0.26348656,0.09272189,0.08254984,0.0010085092,1511.6824075794034,197717.61900999516,1865.1117334500523,145847.14050861765,3237.6494865683003,1268035.297109581,0.06007520966260634,0.0006688776080231992,6.0441885e-06,0.0068818517,0.00011320377,0.0002578842,135.99917763157896,-217.81781,3463.4866,128.37343,657.51117,-7.5112424,264.74426,39.284595,259.69797,-2.5414019,204.47493,18.173687,166.98695,-15.148812,129.11864,16.760803,147.66458,-15.247553,97.34024,4.8962364,142.20964,-6.500652,108.80588,2.9013946,88.15879,-11.492002,121.13944,-0.10292548,79.46265,-10.617553,137.1194,2.2566464,67.58468,-9.159387,118.89308,6.8608017,158.93398,6.236822,95.06717,3.3703074,131.82031
