chroma_stft_mean,chroma_stft_var,rms_mean,rms_var,spectral_centroid_mean,spectral_centroid_var,spectral_bandwidth_mean,spectral_bandwidth_var,rolloff_mean,rolloff_var,zero_crossing_rate_mean,zero_crossing_rate_var,harmony_mean,harmony_var,perceptr_mean,perceptr_var,tempo,mfcc1_mean,mfcc1_var,mfcc2_mean,mfcc2_var,mfcc3_mean,mfcc3_var,mfcc4_mean,mfcc4_var,mfcc5_mean,mfcc5_var,mfcc6_mean,mfcc6_var,mfcc7_mean,mfcc7_var,mfcc8_mean,mfcc8_var,mfcc9_mean,mfcc9_var,mfcc10_mean,mfcc10_var,mfcc11_mean,mfcc11_var,mfcc12_mean,mfcc12_var,mfcc13_mean,mfcc13_var,mfcc14_mean,mfcc14_var,mfcc15_mean,mfcc15_var,mfcc16_mean,mfcc16_var,mfcc17_mean,mfcc17_var,mfcc18_mean,mfcc18_var,mfcc19_mean,mfcc19_var,mfcc20_mean,mfcc20_var
0.30997387,0.08916509,0.11706559,0.0020278494,1214.2001323890852,146532.1623733767,1555.577737612877,153349.0556003731,2274.3092689602668,955329.0284968374,0.054210547781322505,0.00046561125793374337,-7.5470865e-07,0.009651732,-6.005033e-06,0.0023131853,89.10290948275862,-171.242,2248.455,160.48726,614.0096,-17.805805,482.6086,30.491003,177.29805,7.5109696,185.00934,-8.247462,135.3755,-5.667516,72.90028,0.13154975,72.5754,-8.835052,76.618484,-2.655703,52.474308,0.7119979,94.650955,-3.7818263,57.804462,-6.5020747,56.58622,3.7801006,42.273262,-5.4355664,41.799656,-3.0836108,36.90614,-6.254925,51.615635,-1.9367636,41.753986,-0.83901155,36.8429,-1.439849,34.35409
