chroma_stft_mean,chroma_stft_var,rms_mean,rms_var,spectral_centroid_mean,spectral_centroid_var,spectral_bandwidth_mean,spectral_bandwidth_var,rolloff_mean,rolloff_var,zero_crossing_rate_mean,zero_crossing_rate_var,harmony_mean,harmony_var,perceptr_mean,perceptr_var,tempo,mfcc1_mean,mfcc1_var,mfcc2_mean,mfcc2_var,mfcc3_mean,mfcc3_var,mfcc4_mean,mfcc4_var,mfcc5_mean,mfcc5_var,mfcc6_mean,mfcc6_var,mfcc7_mean,mfcc7_var,mfcc8_mean,mfcc8_var,mfcc9_mean,mfcc9_var,mfcc10_mean,mfcc10_var,mfcc11_mean,mfcc11_var,mfcc12_mean,mfcc12_var,mfcc13_mean,mfcc13_var,mfcc14_mean,mfcc14_var,mfcc15_mean,mfcc15_var,mfcc16_mean,mfcc16_var,mfcc17_mean,mfcc17_var,mfcc18_mean,mfcc18_var,mfcc19_mean,mfcc19_var,mfcc20_mean,mfcc20_var
0.35918695,0.09122605,0.07823296,0.0015906163,2614.3440997684415,791540.7102532069,2655.9285724653673,277060.1227092044,5435.626631380511,4002741.058393194,0.11928223789153132,0.0033713250483454805,1.3930267e-07,0.0025956824,-8.0843865e-06,0.002955517,135.99917763157896,-153.86862,2850.905,83.66914,838.65216,-8.426157,628.30896,13.954346,168.00485,13.531212,148.42824,3.7665932,212.45001,3.009783,107.246666,6.355866,76.59772,2.077902,88.42241,2.068881,86.83438,3.1684868,97.59816,-0.48438066,75.17089,-3.0256164,79.86324,-4.530002,80.66692,-5.0442257,66.266495,-4.920896,69.90961,-6.1262865,54.658436,-1.672101,63.486942,0.4519232,74.39681,-1.5518768,112.73303
