chroma_stft_mean,chroma_stft_var,rms_mean,rms_var,spectral_centroid_mean,spectral_centroid_var,spectral_bandwidth_mean,spectral_bandwidth_var,rolloff_mean,rolloff_var,zero_crossing_rate_mean,zero_crossing_rate_var,harmony_mean,harmony_var,perceptr_mean,perceptr_var,tempo,mfcc1_mean,mfcc1_var,mfcc2_mean,mfcc2_var,mfcc3_mean,mfcc3_var,mfcc4_mean,mfcc4_var,mfcc5_mean,mfcc5_var,mfcc6_mean,mfcc6_var,mfcc7_mean,mfcc7_var,mfcc8_mean,mfcc8_var,mfcc9_mean,mfcc9_var,mfcc10_mean,mfcc10_var,mfcc11_mean,mfcc11_var,mfcc12_mean,mfcc12_var,mfcc13_mean,mfcc13_var,mfcc14_mean,mfcc14_var,mfcc15_mean,mfcc15_var,mfcc16_mean,mfcc16_var,mfcc17_mean,mfcc17_var,mfcc18_mean,mfcc18_var,mfcc19_mean,mfcc19_var,mfcc20_mean,mfcc20_var
0.4031196,0.08229373,0.094972506,0.0014658818,2530.4998439482647,392470.699545403,2491.290219955262,133467.08070377418,5070.286613163428,1824966.6711631776,0.13428527407192575,0.002220498373951494,-6.9059247e-06,0.0046929694,-0.00032664396,0.0027206687,135.99917763157896,-101.19267,2672.8855,85.44991,606.5738,-19.70174,314.50705,20.570631,162.41693,9.992322,169.83131,7.598467,81.61178,0.10015643,130.03842,3.40321,62.483444,0.05630747,72.47704,1.5763917,73.45432,-1.4527315,48.661568,-1.2911735,44.361473,2.1356745,54.5577,-4.7895947,47.127712,-0.30900583,33.69446,-0.43619612,32.067898,-4.8902736,33.687668,-2.98759,29.923023,1.0863557,36.882607,-1.45904,37.029903
