chroma_stft_mean,chroma_stft_var,rms_mean,rms_var,spectral_centroid_mean,spectral_centroid_var,spectral_bandwidth_mean,spectral_bandwidth_var,rolloff_mean,rolloff_var,zero_crossing_rate_mean,zero_crossing_rate_var,harmony_mean,harmony_var,perceptr_mean,perceptr_var,tempo,mfcc1_mean,mfcc1_var,mfcc2_mean,mfcc2_var,mfcc3_mean,mfcc3_var,mfcc4_mean,mfcc4_var,mfcc5_mean,mfcc5_var,mfcc6_mean,mfcc6_var,mfcc7_mean,mfcc7_var,mfcc8_mean,mfcc8_var,mfcc9_mean,mfcc9_var,mfcc10_mean,mfcc10_var,mfcc11_mean,mfcc11_var,mfcc12_mean,mfcc12_var,mfcc13_mean,mfcc13_var,mfcc14_mean,mfcc14_var,mfcc15_mean,mfcc15_var,mfcc16_mean,mfcc16_var,mfcc17_mean,mfcc17_var,mfcc18_mean,mfcc18_var,mfcc19_mean,mfcc19_var,mfcc20_mean,mfcc20_var
0.31969607,0.08479542,0.18060894,0.003435522,1964.9561710023156,273120.84617829224,2036.4768026599277,86601.41180331183,4059.433457801624,1096147.258462799,0.0929928430732792,0.0015284600099188218,-5.1959546e-07,0.019895703,-6.6396075e-05,0.007174736,172.265625,-80.230835,2348.437,108.203285,516.28613,-23.831285,276.6648,52.62174,264.38065,-6.4135385,195.9296,15.064379,136.03035,-17.638653,132.41594,9.731315,102.72167,-16.172585,100.32854,8.9045315,121.72885,-15.960604,91.33798,8.001686,79.27257,-10.708485,72.329445,4.5626254,82.76099,-4.965905,57.05711,3.9872453,65.197,-9.806828,68.30003,2.6839185,53.460304,-8.187603,57.145584,-5.2366786,42.81008
