chroma_stft_mean,chroma_stft_var,rms_mean,rms_var,spectral_centroid_mean,spectral_centroid_var,spectral_bandwidth_mean,spectral_bandwidth_var,rolloff_mean,rolloff_var,zero_crossing_rate_mean,zero_crossing_rate_var,harmony_mean,harmony_var,perceptr_mean,perceptr_var,tempo,mfcc1_mean,mfcc1_var,mfcc2_mean,mfcc2_var,mfcc3_mean,mfcc3_var,mfcc4_mean,mfcc4_var,mfcc5_mean,mfcc5_var,mfcc6_mean,mfcc6_var,mfcc7_mean,mfcc7_var,mfcc8_mean,mfcc8_var,mfcc9_mean,mfcc9_var,mfcc10_mean,mfcc10_var,mfcc11_mean,mfcc11_var,mfcc12_mean,mfcc12_var,mfcc13_mean,mfcc13_var,mfcc14_mean,mfcc14_var,mfcc15_mean,mfcc15_var,mfcc16_mean,mfcc16_var,mfcc17_mean,mfcc17_var,mfcc18_mean,mfcc18_var,mfcc19_mean,mfcc19_var,mfcc20_mean,mfcc20_var
0.36671874,0.08403521,0.20668623,0.0030237695,1474.747173267392,343160.8637726995,1745.5611957168078,151965.60879217437,3107.8590623187356,1533413.277054452,0.0629996102813225,0.000971113225597667,9.849672e-06,0.02994238,-3.6912847e-05,0.0064646774,112.34714673913044,-104.32959,2098.926,136.42427,881.71344,-20.96272,378.27014,52.845562,212.21274,2.018694,197.16985,20.423431,168.99905,-11.615845,109.05627,17.667425,79.13263,-15.739914,77.15005,11.050942,99.6425,-11.3228245,63.777267,3.6751573,80.127815,-6.4964414,65.098625,0.039819162,69.29782,-2.0384974,60.052216,2.1921766,70.730156,-7.1179533,64.65101,1.8479372,54.071793,1.6751457,55.51423,-1.4926864,64.76122
