chroma_stft_mean,chroma_stft_var,rms_mean,rms_var,spectral_centroid_mean,spectral_centroid_var,spectral_bandwidth_mean,spectral_bandwidth_var,rolloff_mean,rolloff_var,zero_crossing_rate_mean,zero_crossing_rate_var,harmony_mean,harmony_var,perceptr_mean,perceptr_var,tempo,mfcc1_mean,mfcc1_var,mfcc2_mean,mfcc2_var,mfcc3_mean,mfcc3_var,mfcc4_mean,mfcc4_var,mfcc5_mean,mfcc5_var,mfcc6_mean,mfcc6_var,mfcc7_mean,mfcc7_var,mfcc8_mean,mfcc8_var,mfcc9_mean,mfcc9_var,mfcc10_mean,mfcc10_var,mfcc11_mean,mfcc11_var,mfcc12_mean,mfcc12_var,mfcc13_mean,mfcc13_var,mfcc14_mean,mfcc14_var,mfcc15_mean,mfcc15_var,mfcc16_mean,mfcc16_var,mfcc17_mean,mfcc17_var,mfcc18_mean,mfcc18_var,mfcc19_mean,mfcc19_var,mfcc20_mean,mfcc20_var
0.3182826,0.08851994,0.09406918,0.0009529681,1474.2739870616333,121437.40266711859,1886.0071281542077,77619.43805768785,2925.9676125652554,596714.8201732222,0.05981539721094354,0.0005936093867270005,3.322788e-06,0.006732434,4.931482e-05,0.0009888177,89.10290948275862,-169.22511,1604.0114,132.78679,337.4112,-13.487547,267.00174,31.186213,160.99521,6.340469,161.7385,-3.7556653,103.9013,-2.0590017,74.743546,-3.6253164,70.219284,-4.56124,131.65065,1.2809826,71.414246,-6.97704,57.41643,-7.2528353,80.76069,-1.3950258,57.811794,-9.51109,55.23119,-5.4246473,72.35716,-1.9138142,52.047153,-7.1670804,46.38057,-1.4267458,47.271877,0.16021515,43.67562,-4.110891,38.202484
