chroma_stft_mean,chroma_stft_var,rms_mean,rms_var,spectral_centroid_mean,spectral_centroid_var,spectral_bandwidth_mean,spectral_bandwidth_var,rolloff_mean,rolloff_var,zero_crossing_rate_mean,zero_crossing_rate_var,harmony_mean,harmony_var,perceptr_mean,perceptr_var,tempo,mfcc1_mean,mfcc1_var,mfcc2_mean,mfcc2_var,mfcc3_mean,mfcc3_var,mfcc4_mean,mfcc4_var,mfcc5_mean,mfcc5_var,mfcc6_mean,mfcc6_var,mfcc7_mean,mfcc7_var,mfcc8_mean,mfcc8_var,mfcc9_mean,mfcc9_var,mfcc10_mean,mfcc10_var,mfcc11_mean,mfcc11_var,mfcc12_mean,mfcc12_var,mfcc13_mean,mfcc13_var,mfcc14_mean,mfcc14_var,mfcc15_mean,mfcc15_var,mfcc16_mean,mfcc16_var,mfcc17_mean,mfcc17_var,mfcc18_mean,mfcc18_var,mfcc19_mean,mfcc19_var,mfcc20_mean,mfcc20_var
0.42160287,0.0796304,0.21399127,0.0016001757,2807.9125120088343,423398.14580079966,2778.308824727949,108356.14156592905,6023.044502707776,1998855.2737056613,0.1283081334879495,0.002791233228172467,-0.00014372733,0.030787326,-0.0013115334,0.0064171297,112.34714673913044,-23.201923,597.01855,71.15687,429.5324,1.576013,273.26944,24.438925,135.96997,16.31995,155.5411,4.5767665,127.61431,-3.8856642,78.91531,17.993046,66.22614,-3.3505054,70.13369,2.435541,58.010124,2.9157152,48.358982,0.81521153,44.45813,-1.1092839,58.271446,0.10907396,58.19163,-3.3491633,42.406097,0.18941289,34.821148,-1.2112297,42.835335,-1.5178907,36.564686,-2.7241652,40.632072,-2.1066608,40.671265
