chroma_stft_mean,chroma_stft_var,rms_mean,rms_var,spectral_centroid_mean,spectral_centroid_var,spectral_bandwidth_mean,spectral_bandwidth_var,rolloff_mean,rolloff_var,zero_crossing_rate_mean,zero_crossing_rate_var,harmony_mean,harmony_var,perceptr_mean,perceptr_var,tempo,mfcc1_mean,mfcc1_var,mfcc2_mean,mfcc2_var,mfcc3_mean,mfcc3_var,mfcc4_mean,mfcc4_var,mfcc5_mean,mfcc5_var,mfcc6_mean,mfcc6_var,mfcc7_mean,mfcc7_var,mfcc8_mean,mfcc8_var,mfcc9_mean,mfcc9_var,mfcc10_mean,mfcc10_var,mfcc11_mean,mfcc11_var,mfcc12_mean,mfcc12_var,mfcc13_mean,mfcc13_var,mfcc14_mean,mfcc14_var,mfcc15_mean,mfcc15_var,mfcc16_mean,mfcc16_var,mfcc17_mean,mfcc17_var,mfcc18_mean,mfcc18_var,mfcc19_mean,mfcc19_var,mfcc20_mean,mfcc20_var
0.43772945,0.07516022,0.09632569,0.0007618461,3760.408113053086,586348.3379936039,3052.8443953202923,127621.83233693782,7442.153116389936,1729130.2883433215,0.21236722375290024,0.0038961118281588057,6.769395e-07,0.0039639827,6.980865e-06,0.0027252843,123.046875,-89.70955,1966.9891,36.28278,456.47452,11.465646,323.66513,37.497395,204.34834,9.179834,197.9916,3.7314453,66.11524,2.8276622,113.86529,6.81722,86.284,1.4637537,59.85681,0.0984008,57.278156,1.0316732,55.237305,1.1726795,50.409946,-3.5680354,53.594536,-2.089673,52.409332,1.715117,47.3914,-1.364941,45.74565,-4.3771777,42.10124,-2.600144,64.59098,-3.5321813,59.6723,-4.2313657,69.64994
