chroma_stft_mean,chroma_stft_var,rms_mean,rms_var,spectral_centroid_mean,spectral_centroid_var,spectral_bandwidth_mean,spectral_bandwidth_var,rolloff_mean,rolloff_var,zero_crossing_rate_mean,zero_crossing_rate_var,harmony_mean,harmony_var,perceptr_mean,perceptr_var,tempo,mfcc1_mean,mfcc1_var,mfcc2_mean,mfcc2_var,mfcc3_mean,mfcc3_var,mfcc4_mean,mfcc4_var,mfcc5_mean,mfcc5_var,mfcc6_mean,mfcc6_var,mfcc7_mean,mfcc7_var,mfcc8_mean,mfcc8_var,mfcc9_mean,mfcc9_var,mfcc10_mean,mfcc10_var,mfcc11_mean,mfcc11_var,mfcc12_mean,mfcc12_var,mfcc13_mean,mfcc13_var,mfcc14_mean,mfcc14_var,mfcc15_mean,mfcc15_var,mfcc16_mean,mfcc16_var,mfcc17_mean,mfcc17_var,mfcc18_mean,mfcc18_var,mfcc19_mean,mfcc19_var,mfcc20_mean,mfcc20_var
0.31027132,0.08304688,0.09062656,0.0009786355,1784.0387310049896,199665.28458658652,1840.0082750714125,74552.19959410236,3556.0594456931553,880399.3545104467,0.09410006706786543,0.0016104768248319675,-4.253147e-07,0.0063564945,5.8940488e-05,0.0011949252,151.99908088235293,-165.54424,1774.5188,117.90447,625.2152,-33.605473,242.30927,42.598927,272.96964,-1.3801005,122.30537,3.827964,77.11299,7.166964,78.60468,-7.171045,61.626564,-1.6472125,66.55631,0.8621202,67.15797,-12.5100975,75.24658,2.884921,56.03515,-12.365843,73.86698,-1.3205842,82.20946,-6.628704,65.225716,-8.863541,61.178593,-5.122061,89.42038,-8.087145,99.35645,-4.263749,76.860954,-0.15570083,69.54319
