chroma_stft_mean,chroma_stft_var,rms_mean,rms_var,spectral_centroid_mean,spectral_centroid_var,spectral_bandwidth_mean,spectral_bandwidth_var,rolloff_mean,rolloff_var,zero_crossing_rate_mean,zero_crossing_rate_var,harmony_mean,harmony_var,perceptr_mean,perceptr_var,tempo,mfcc1_mean,mfcc1_var,mfcc2_mean,mfcc2_var,mfcc3_mean,mfcc3_var,mfcc4_mean,mfcc4_var,mfcc5_mean,mfcc5_var,mfcc6_mean,mfcc6_var,mfcc7_mean,mfcc7_var,mfcc8_mean,mfcc8_var,mfcc9_mean,mfcc9_var,mfcc10_mean,mfcc10_var,mfcc11_mean,mfcc11_var,mfcc12_mean,mfcc12_var,mfcc13_mean,mfcc13_var,mfcc14_mean,mfcc14_var,mfcc15_mean,mfcc15_var,mfcc16_mean,mfcc16_var,mfcc17_mean,mfcc17_var,mfcc18_mean,mfcc18_var,mfcc19_mean,mfcc19_var,mfcc20_mean,mfcc20_var
0.32132056,0.08785631,0.055416528,0.0012317117,858.1117097118614,285167.20361397316,1238.2195319306202,170930.1193768624,1446.105305611949,1565561.9717798256,0.035363948907579275,0.0006060021378970946,7.048827e-07,0.002986096,-1.5501975e-05,0.00054735533,129.19921875,-328.71906,7250.812,167.03047,951.1121,13.017286,1304.0818,28.825632,333.6753,11.25177,472.1313,14.431291,267.83997,11.699713,119.48526,7.8014154,118.81649,-11.720729,127.25314,2.3800797,201.76855,-8.350321,94.43981,-3.8527918,87.6581,-6.7398524,73.53849,-5.7612166,63.90724,-8.242394,71.94461,-4.5422,43.345707,-1.0535564,64.078835,-4.6027017,65.94761,-2.859498,42.42476,-2.230309,45.903835
