chroma_stft_mean,chroma_stft_var,rms_mean,rms_var,spectral_centroid_mean,spectral_centroid_var,spectral_bandwidth_mean,spectral_bandwidth_var,rolloff_mean,rolloff_var,zero_crossing_rate_mean,zero_crossing_rate_var,harmony_mean,harmony_var,perceptr_mean,perceptr_var,tempo,mfcc1_mean,mfcc1_var,mfcc2_mean,mfcc2_var,mfcc3_mean,mfcc3_var,mfcc4_mean,mfcc4_var,mfcc5_mean,mfcc5_var,mfcc6_mean,mfcc6_var,mfcc7_mean,mfcc7_var,mfcc8_mean,mfcc8_var,mfcc9_mean,mfcc9_var,mfcc10_mean,mfcc10_var,mfcc11_mean,mfcc11_var,mfcc12_mean,mfcc12_var,mfcc13_mean,mfcc13_var,mfcc14_mean,mfcc14_var,mfcc15_mean,mfcc15_var,mfcc16_mean,mfcc16_var,mfcc17_mean,mfcc17_var,mfcc18_mean,mfcc18_var,mfcc19_mean,mfcc19_var,mfcc20_mean,mfcc20_var
0.37339234,0.08464747,0.1335271,0.0011280867,2271.8519286411943,241087.99186161297,2297.372036595188,60695.11388506838,4957.865973027842,920115.8731393071,0.10830818288379737,0.0012386394345276315,6.160884e-05,0.009577762,0.0007100177,0.0044607464,89.10290948275862,-84.68879,1401.8347,100.969574,315.38098,-16.019012,152.8942,51.744453,175.86879,-17.08682,125.738716,22.575502,56.002357,-20.29776,85.86631,18.909782,60.099564,-19.486067,71.13461,15.338605,84.402916,-17.739527,58.31524,8.58395,45.402042,-15.003451,58.753345,6.4331317,34.78958,-10.280582,45.95988,3.279852,39.852055,-9.553055,47.84246,4.0553546,47.431442,-5.586521,50.534843,-0.70463467,59.095043
