chroma_stft_mean,chroma_stft_var,rms_mean,rms_var,spectral_centroid_mean,spectral_centroid_var,spectral_bandwidth_mean,spectral_bandwidth_var,rolloff_mean,rolloff_var,zero_crossing_rate_mean,zero_crossing_rate_var,harmony_mean,harmony_var,perceptr_mean,perceptr_var,tempo,mfcc1_mean,mfcc1_var,mfcc2_mean,mfcc2_var,mfcc3_mean,mfcc3_var,mfcc4_mean,mfcc4_var,mfcc5_mean,mfcc5_var,mfcc6_mean,mfcc6_var,mfcc7_mean,mfcc7_var,mfcc8_mean,mfcc8_var,mfcc9_mean,mfcc9_var,mfcc10_mean,mfcc10_var,mfcc11_mean,mfcc11_var,mfcc12_mean,mfcc12_var,mfcc13_mean,mfcc13_var,mfcc14_mean,mfcc14_var,mfcc15_mean,mfcc15_var,mfcc16_mean,mfcc16_var,mfcc17_mean,mfcc17_var,mfcc18_mean,mfcc18_var,mfcc19_mean,mfcc19_var,mfcc20_mean,mfcc20_var
0.37864348,0.084241346,0.16783096,0.0032912823,2102.290176447949,396067.5783286368,2152.6591561071887,111861.51257021811,4417.928815164588,1766509.0241589977,0.10104778434358082,0.0023325653493567566,-1.4962111e-06,0.014219079,-2.7519653e-05,0.008282557,89.10290948275862,-74.15763,2212.4011,107.61035,575.2219,-21.188368,304.06226,47.216305,255.66673,-5.984584,224.76245,17.79499,117.371155,-20.406626,146.62247,14.978622,83.741646,-15.971437,116.99346,15.732458,80.97289,-14.664344,89.56533,10.680037,62.389355,-10.130847,73.41541,4.4517035,53.185863,-7.6493077,48.91027,6.928254,51.767693,-9.016342,49.084698,4.171889,50.094444,-3.7496874,51.33451,-3.5898669,33.929535
