chroma_stft_mean,chroma_stft_var,rms_mean,rms_var,spectral_centroid_mean,spectral_centroid_var,spectral_bandwidth_mean,spectral_bandwidth_var,rolloff_mean,rolloff_var,zero_crossing_rate_mean,zero_crossing_rate_var,harmony_mean,harmony_var,perceptr_mean,perceptr_var,tempo,mfcc1_mean,mfcc1_var,mfcc2_mean,mfcc2_var,mfcc3_mean,mfcc3_var,mfcc4_mean,mfcc4_var,mfcc5_mean,mfcc5_var,mfcc6_mean,mfcc6_var,mfcc7_mean,mfcc7_var,mfcc8_mean,mfcc8_var,mfcc9_mean,mfcc9_var,mfcc10_mean,mfcc10_var,mfcc11_mean,mfcc11_var,mfcc12_mean,mfcc12_var,mfcc13_mean,mfcc13_var,mfcc14_mean,mfcc14_var,mfcc15_mean,mfcc15_var,mfcc16_mean,mfcc16_var,mfcc17_mean,mfcc17_var,mfcc18_mean,mfcc18_var,mfcc19_mean,mfcc19_var,mfcc20_mean,mfcc20_var
0.29707804,0.0972208,0.14652665,0.0015458142,2308.811438098025,545519.1361540462,2618.613432216076,99601.52205157986,5190.094610091744,1765959.4931938401,0.07416238114009939,0.003938416014396235,-0.0002392791,0.015805654,-0.0011970901,0.0029581927,161.4990234375,-120.3052,1696.3452,79.22588,444.88867,5.2293863,351.96072,34.548218,192.24957,16.506737,99.2397,13.129608,83.53855,6.3450894,66.07957,9.962078,54.71924,-2.0015073,91.34258,6.810066,61.590168,-6.352069,50.306374,0.22815081,53.236042,-6.8128085,64.252266,1.6181564,50.189114,-1.7821593,42.56472,-0.69933623,37.17576,-4.7783933,35.88546,-0.28887245,40.232876,-5.356374,43.76038,-1.9686298,61.244877
