chroma_stft_mean,chroma_stft_var,rms_mean,rms_var,spectral_centroid_mean,spectral_centroid_var,spectral_bandwidth_mean,spectral_bandwidth_var,rolloff_mean,rolloff_var,zero_crossing_rate_mean,zero_crossing_rate_var,harmony_mean,harmony_var,perceptr_mean,perceptr_var,tempo,mfcc1_mean,mfcc1_var,mfcc2_mean,mfcc2_var,mfcc3_mean,mfcc3_var,mfcc4_mean,mfcc4_var,mfcc5_mean,mfcc5_var,mfcc6_mean,mfcc6_var,mfcc7_mean,mfcc7_var,mfcc8_mean,mfcc8_var,mfcc9_mean,mfcc9_var,mfcc10_mean,mfcc10_var,mfcc11_mean,mfcc11_var,mfcc12_mean,mfcc12_var,mfcc13_mean,mfcc13_var,mfcc14_mean,mfcc14_var,mfcc15_mean,mfcc15_var,mfcc16_mean,mfcc16_var,mfcc17_mean,mfcc17_var,mfcc18_mean,mfcc18_var,mfcc19_mean,mfcc19_var,mfcc20_mean,mfcc20_var
0.36505738,0.08822639,0.092618205,0.0010495203,2952.9885811173413,967553.6409762395,3036.4590945849873,125478.3302333188,6570.3581559962295,2667756.5355515587,0.12478399313611756,0.006664443358553215,-2.0484094e-06,0.0044540963,-5.9793847e-06,0.0025950538,135.99917763157896,-124.6224,2332.7773,72.49065,593.6755,16.715553,309.7681,18.250063,180.08768,12.224811,120.81879,8.094713,79.97819,7.986082,66.8191,-0.5102593,61.239487,2.3697214,75.68055,-0.56879467,58.187107,-5.5688143,49.358727,0.5433139,61.029472,-5.0568647,61.634445,-1.1623458,48.82911,-3.5811627,47.390717,-3.6917102,52.2375,-0.17290588,68.21476,-0.6430835,64.37432,-4.141272,62.728508,-3.9908798,78.08125
