chroma_stft_mean,chroma_stft_var,rms_mean,rms_var,spectral_centroid_mean,spectral_centroid_var,spectral_bandwidth_mean,spectral_bandwidth_var,rolloff_mean,rolloff_var,zero_crossing_rate_mean,zero_crossing_rate_var,harmony_mean,harmony_var,perceptr_mean,perceptr_var,tempo,mfcc1_mean,mfcc1_var,mfcc2_mean,mfcc2_var,mfcc3_mean,mfcc3_var,mfcc4_mean,mfcc4_var,mfcc5_mean,mfcc5_var,mfcc6_mean,mfcc6_var,mfcc7_mean,mfcc7_var,mfcc8_mean,mfcc8_var,mfcc9_mean,mfcc9_var,mfcc10_mean,mfcc10_var,mfcc11_mean,mfcc11_var,mfcc12_mean,mfcc12_var,mfcc13_mean,mfcc13_var,mfcc14_mean,mfcc14_var,mfcc15_mean,mfcc15_var,mfcc16_mean,mfcc16_var,mfcc17_mean,mfcc17_var,mfcc18_mean,mfcc18_var,mfcc19_mean,mfcc19_var,mfcc20_mean,mfcc20_var
0.3455366,0.09266484,0.14658697,0.0017822358,2777.4882405051285,530512.4479128065,2647.8062084161784,118811.00131030146,5622.539164461282,1954303.5725291984,0.13297072880413766,0.003496464558555728,-1.8526661e-06,0.01185471,-1.9251309e-05,0.0049486053,151.99908088235293,-61.222664,2346.472,71.25142,651.2885,-17.037924,468.02896,17.114265,398.14227,5.0512624,192.91527,-4.2119603,166.99712,-1.6805955,140.68704,1.1818886,97.47838,-0.8543821,120.96198,4.967768,84.663124,-1.7029343,88.01809,4.8418956,102.2174,-0.1602423,61.95896,-2.081926,58.147224,-0.27359888,53.57196,-5.322599,71.399704,0.23067088,59.691887,-0.099219985,53.090405,-3.9456043,62.445698,-0.92258465,53.53213
