chroma_stft_mean,chroma_stft_var,rms_mean,rms_var,spectral_centroid_mean,spectral_centroid_var,spectral_bandwidth_mean,spectral_bandwidth_var,rolloff_mean,rolloff_var,zero_crossing_rate_mean,zero_crossing_rate_var,harmony_mean,harmony_var,perceptr_mean,perceptr_var,tempo,mfcc1_mean,mfcc1_var,mfcc2_mean,mfcc2_var,mfcc3_mean,mfcc3_var,mfcc4_mean,mfcc4_var,mfcc5_mean,mfcc5_var,mfcc6_mean,mfcc6_var,mfcc7_mean,mfcc7_var,mfcc8_mean,mfcc8_var,mfcc9_mean,mfcc9_var,mfcc10_mean,mfcc10_var,mfcc11_mean,mfcc11_var,mfcc12_mean,mfcc12_var,mfcc13_mean,mfcc13_var,mfcc14_mean,mfcc14_var,mfcc15_mean,mfcc15_var,mfcc16_mean,mfcc16_var,mfcc17_mean,mfcc17_var,mfcc18_mean,mfcc18_var,mfcc19_mean,mfcc19_var,mfcc20_mean,mfcc20_var
0.3521479,0.08620477,0.08714103,0.0022035062,1327.7101968688287,174676.9999639667,1632.7341671284426,68427.94691098783,2755.833658098898,719637.4500652099,0.06107367495649652,0.0010119476439313542,4.764006e-06,0.005858726,-1.0655685e-05,0.0020314301,112.34714673913044,-217.11801,2648.568,136.18945,697.99786,-10.36323,228.70361,51.37767,249.49724,2.598726,213.07588,15.119397,112.52929,-0.6796688,163.73245,12.28111,125.322334,-6.2290382,95.39474,7.803085,90.77426,-5.412614,98.08762,3.6122782,97.55009,-2.7987616,99.53154,-0.34982857,85.48007,-0.56049365,91.31486,0.36267775,103.46242,-2.2479203,51.02019,-2.495412,99.671936,4.1853766,79.278984,0.34537807,80.95534
