chroma_stft_mean,chroma_stft_var,rms_mean,rms_var,spectral_centroid_mean,spectral_centroid_var,spectral_bandwidth_mean,spectral_bandwidth_var,rolloff_mean,rolloff_var,zero_crossing_rate_mean,zero_crossing_rate_var,harmony_mean,harmony_var,perceptr_mean,perceptr_var,tempo,mfcc1_mean,mfcc1_var,mfcc2_mean,mfcc2_var,mfcc3_mean,mfcc3_var,mfcc4_mean,mfcc4_var,mfcc5_mean,mfcc5_var,mfcc6_mean,mfcc6_var,mfcc7_mean,mfcc7_var,mfcc8_mean,mfcc8_var,mfcc9_mean,mfcc9_var,mfcc10_mean,mfcc10_var,mfcc11_mean,mfcc11_var,mfcc12_mean,mfcc12_var,mfcc13_mean,mfcc13_var,mfcc14_mean,mfcc14_var,mfcc15_mean,mfcc15_var,mfcc16_mean,mfcc16_var,mfcc17_mean,mfcc17_var,mfcc18_mean,mfcc18_var,mfcc19_mean,mfcc19_var,mfcc20_mean,mfcc20_var
0.41605455,0.08294728,0.20379831,0.0014504136,2926.5329167282443,275826.91162572464,2737.079970118501,73744.68325894215,6177.674360999856,1166561.032865506,0.13637249376438987,0.0022280965984590464,-0.0001151882,0.02884866,-0.0012420712,0.0049537956,129.19921875,-24.671667,755.39777,62.440266,253.16586,-7.7540884,231.95815,28.432592,132.58536,10.997148,80.7288,5.551389,86.35897,-0.086744204,68.40083,13.7450905,68.44495,2.8998165,66.66488,9.909151,94.95348,0.85377365,69.39527,5.952079,57.690887,-1.2259914,61.34719,3.0639083,60.878872,0.9304638,45.49234,2.0537755,59.386806,3.0044217,46.024536,2.9725463,50.61916,-0.18527678,59.317524,3.6413603,68.1418
