chroma_stft_mean,chroma_stft_var,rms_mean,rms_var,spectral_centroid_mean,spectral_centroid_var,spectral_bandwidth_mean,spectral_bandwidth_var,rolloff_mean,rolloff_var,zero_crossing_rate_mean,zero_crossing_rate_var,harmony_mean,harmony_var,perceptr_mean,perceptr_var,tempo,mfcc1_mean,mfcc1_var,mfcc2_mean,mfcc2_var,mfcc3_mean,mfcc3_var,mfcc4_mean,mfcc4_var,mfcc5_mean,mfcc5_var,mfcc6_mean,mfcc6_var,mfcc7_mean,mfcc7_var,mfcc8_mean,mfcc8_var,mfcc9_mean,mfcc9_var,mfcc10_mean,mfcc10_var,mfcc11_mean,mfcc11_var,mfcc12_mean,mfcc12_var,mfcc13_mean,mfcc13_var,mfcc14_mean,mfcc14_var,mfcc15_mean,mfcc15_var,mfcc16_mean,mfcc16_var,mfcc17_mean,mfcc17_var,mfcc18_mean,mfcc18_var,mfcc19_mean,mfcc19_var,mfcc20_mean,mfcc20_var
0.29725638,0.08756469,0.12828696,0.0027854978,1321.6158527095802,405463.9162270644,1409.9383463674708,241520.4870079762,2589.8631226435614,1815443.0866969184,0.06649877042246713,0.0016717034125554539,2.478651e-06,0.01248728,-5.126572e-07,0.0027658208,143.5546875,-183.98438,6370.947,159.79948,1942.2931,-23.137691,704.08795,43.02262,582.0143,-9.470626,397.03433,8.825906,211.85977,-1.65586,182.5045,4.349173,187.1593,-13.371262,135.56825,0.83122236,124.40347,-13.96949,104.02262,1.4447744,97.9025,-7.3807516,82.67977,0.6115621,80.6541,-3.391394,67.904076,-3.5919597,60.917767,-9.069878,59.926064,-3.1678317,65.40375,-4.0732465,41.81996,-7.056792,81.26365
