chroma_stft_mean,chroma_stft_var,rms_mean,rms_var,spectral_centroid_mean,spectral_centroid_var,spectral_bandwidth_mean,spectral_bandwidth_var,rolloff_mean,rolloff_var,zero_crossing_rate_mean,zero_crossing_rate_var,harmony_mean,harmony_var,perceptr_mean,perceptr_var,tempo,mfcc1_mean,mfcc1_var,mfcc2_mean,mfcc2_var,mfcc3_mean,mfcc3_var,mfcc4_mean,mfcc4_var,mfcc5_mean,mfcc5_var,mfcc6_mean,mfcc6_var,mfcc7_mean,mfcc7_var,mfcc8_mean,mfcc8_var,mfcc9_mean,mfcc9_var,mfcc10_mean,mfcc10_var,mfcc11_mean,mfcc11_var,mfcc12_mean,mfcc12_var,mfcc13_mean,mfcc13_var,mfcc14_mean,mfcc14_var,mfcc15_mean,mfcc15_var,mfcc16_mean,mfcc16_var,mfcc17_mean,mfcc17_var,mfcc18_mean,mfcc18_var,mfcc19_mean,mfcc19_var,mfcc20_mean,mfcc20_var
0.29652536,0.09001123,0.12688757,0.0019736625,1667.5169597765603,469192.96116135974,2052.754370274817,279225.54394757416,3439.733518525232,2767369.3116408926,0.06405358782869296,0.0011049066119569833,-8.1133555e-07,0.011907416,-6.763457e-06,0.0023979617,89.10290948275862,-141.01443,1975.7771,123.921104,1157.5841,-2.5103798,335.8918,27.954958,220.31142,-0.004282374,203.15593,1.2101256,82.241356,-11.015173,120.82823,-1.3653064,100.0497,-7.0197535,67.00857,-6.129559,67.13691,-5.1838574,100.90648,-2.1625636,57.254524,-4.5987415,54.95865,-2.3517382,54.660553,-1.1944948,47.970657,-3.9681969,40.47654,-4.2295647,42.754,-7.809359,38.59576,-1.6702602,34.434555,-1.0921724,40.748234
