chroma_stft_mean,chroma_stft_var,rms_mean,rms_var,spectral_centroid_mean,spectral_centroid_var,spectral_bandwidth_mean,spectral_bandwidth_var,rolloff_mean,rolloff_var,zero_crossing_rate_mean,zero_crossing_rate_var,harmony_mean,harmony_var,perceptr_mean,perceptr_var,tempo,mfcc1_mean,mfcc1_var,mfcc2_mean,mfcc2_var,mfcc3_mean,mfcc3_var,mfcc4_mean,mfcc4_var,mfcc5_mean,mfcc5_var,mfcc6_mean,mfcc6_var,mfcc7_mean,mfcc7_var,mfcc8_mean,mfcc8_var,mfcc9_mean,mfcc9_var,mfcc10_mean,mfcc10_var,mfcc11_mean,mfcc11_var,mfcc12_mean,mfcc12_var,mfcc13_mean,mfcc13_var,mfcc14_mean,mfcc14_var,mfcc15_mean,mfcc15_var,mfcc16_mean,mfcc16_var,mfcc17_mean,mfcc17_var,mfcc18_mean,mfcc18_var,mfcc19_mean,mfcc19_var,mfcc20_mean,mfcc20_var
0.48238945,0.07520039,0.21236151,0.0005667377,2795.326985913034,95622.87736445962,2321.7019474163812,28376.929005337966,5455.111432352088,298914.7029589746,0.16367995637567673,0.0009403957781854255,-5.318568e-06,0.021077843,-8.961511e-05,0.008935396,117.45383522727273,0.36834222,336.30627,79.70758,184.90315,-30.644737,107.07698,61.06426,96.02993,-17.46055,51.250763,26.701656,60.765034,-21.24414,48.69219,22.358158,30.37784,-13.016821,38.264923,17.87094,32.22179,-13.373003,28.616203,19.25502,29.024393,-10.970987,27.9613,10.71206,31.61831,-9.423092,34.421497,7.6681566,32.515614,-8.685478,25.64749,3.166995,25.706606,-6.8341384,26.327778,3.8841953,25.45482
