chroma_stft_mean,chroma_stft_var,rms_mean,rms_var,spectral_centroid_mean,spectral_centroid_var,spectral_bandwidth_mean,spectral_bandwidth_var,rolloff_mean,rolloff_var,zero_crossing_rate_mean,zero_crossing_rate_var,harmony_mean,harmony_var,perceptr_mean,perceptr_var,tempo,mfcc1_mean,mfcc1_var,mfcc2_mean,mfcc2_var,mfcc3_mean,mfcc3_var,mfcc4_mean,mfcc4_var,mfcc5_mean,mfcc5_var,mfcc6_mean,mfcc6_var,mfcc7_mean,mfcc7_var,mfcc8_mean,mfcc8_var,mfcc9_mean,mfcc9_var,mfcc10_mean,mfcc10_var,mfcc11_mean,mfcc11_var,mfcc12_mean,mfcc12_var,mfcc13_mean,mfcc13_var,mfcc14_mean,mfcc14_var,mfcc15_mean,mfcc15_var,mfcc16_mean,mfcc16_var,mfcc17_mean,mfcc17_var,mfcc18_mean,mfcc18_var,mfcc19_mean,mfcc19_var,mfcc20_mean,mfcc20_var
0.379388,0.08456952,0.15425298,0.003380276,2098.946281494044,332710.39129312406,2062.9067794559082,135548.0393183468,4449.612433838457,1165933.72250825,0.08823464991782676,0.0016195704273314806,-9.161691e-06,0.021629807,-0.0002452239,0.0013784796,117.45383522727273,-99.87088,3835.8481,102.13179,672.2253,-23.61975,136.22112,63.055237,252.30083,-8.763341,310.97815,30.725077,123.34634,-9.637298,81.423004,14.158516,54.548187,0.38010976,57.40993,13.219311,37.64325,-10.086185,79.56887,9.18603,49.365147,-4.92889,37.866295,2.3070965,34.80485,-7.1828656,42.974545,-1.0955772,25.242126,-4.927688,31.523346,6.3192687,38.292397,-5.0514464,36.24905,-9.290357,32.083813
