chroma_stft_mean,chroma_stft_var,rms_mean,rms_var,spectral_centroid_mean,spectral_centroid_var,spectral_bandwidth_mean,spectral_bandwidth_var,rolloff_mean,rolloff_var,zero_crossing_rate_mean,zero_crossing_rate_var,harmony_mean,harmony_var,perceptr_mean,perceptr_var,tempo,mfcc1_mean,mfcc1_var,mfcc2_mean,mfcc2_var,mfcc3_mean,mfcc3_var,mfcc4_mean,mfcc4_var,mfcc5_mean,mfcc5_var,mfcc6_mean,mfcc6_var,mfcc7_mean,mfcc7_var,mfcc8_mean,mfcc8_var,mfcc9_mean,mfcc9_var,mfcc10_mean,mfcc10_var,mfcc11_mean,mfcc11_var,mfcc12_mean,mfcc12_var,mfcc13_mean,mfcc13_var,mfcc14_mean,mfcc14_var,mfcc15_mean,mfcc15_var,mfcc16_mean,mfcc16_var,mfcc17_mean,mfcc17_var,mfcc18_mean,mfcc18_var,mfcc19_mean,mfcc19_var,mfcc20_mean,mfcc20_var
0.42260757,0.07775948,0.12173561,0.0012568777,2464.5835110221637,195404.5703628753,2204.6845786304452,74958.9942197136,4952.087147440545,748698.4731615877,0.13431926116589327,0.001326562351711698,-0.0013294743,0.006116255,-0.0026441303,0.0052617523,151.99908088235293,-79.6058,1074.496,93.465515,299.4455,-27.727808,261.16815,64.066574,178.31403,-18.799423,95.27472,23.316315,57.916172,-10.544774,99.45415,13.356812,69.41359,-17.534975,69.09835,16.389614,71.87201,-10.039802,55.873802,8.944684,52.900726,-16.07516,33.718388,4.2843738,44.507164,-14.801477,34.415825,0.25810528,42.28304,-8.213502,31.09064,3.4196138,44.85054,-3.7168067,46.681553,-2.4295259,40.04844
