chroma_stft_mean,chroma_stft_var,rms_mean,rms_var,spectral_centroid_mean,spectral_centroid_var,spectral_bandwidth_mean,spectral_bandwidth_var,rolloff_mean,rolloff_var,zero_crossing_rate_mean,zero_crossing_rate_var,harmony_mean,harmony_var,perceptr_mean,perceptr_var,tempo,mfcc1_mean,mfcc1_var,mfcc2_mean,mfcc2_var,mfcc3_mean,mfcc3_var,mfcc4_mean,mfcc4_var,mfcc5_mean,mfcc5_var,mfcc6_mean,mfcc6_var,mfcc7_mean,mfcc7_var,mfcc8_mean,mfcc8_var,mfcc9_mean,mfcc9_var,mfcc10_mean,mfcc10_var,mfcc11_mean,mfcc11_var,mfcc12_mean,mfcc12_var,mfcc13_mean,mfcc13_var,mfcc14_mean,mfcc14_var,mfcc15_mean,mfcc15_var,mfcc16_mean,mfcc16_var,mfcc17_mean,mfcc17_var,mfcc18_mean,mfcc18_var,mfcc19_mean,mfcc19_var,mfcc20_mean,mfcc20_var
0.4624382,0.07137887,0.23018019,0.0018482821,1525.819725147995,203421.80226532678,1868.573833609329,136746.88088267672,3501.193909965922,1331677.4787259866,0.051180787171307036,0.0003075434251155777,-1.2928957e-05,0.036033936,-5.4132255e-05,0.0043070205,129.19921875,-77.4267,1189.5156,130.8787,510.00638,-23.27522,215.63394,61.981148,57.815193,0.90219647,80.12722,30.512102,47.9504,-8.751037,48.23862,19.438395,49.67208,-2.2219026,41.071896,13.104674,46.68472,-3.2966616,50.72795,8.926949,31.440807,-8.958979,41.522564,-0.35011342,43.628872,-6.0250816,23.150953,-0.39267895,28.894018,-6.7850323,20.972765,-4.3927245,28.09734,0.98135835,25.996145,3.9781387,25.049774
