chroma_stft_mean,chroma_stft_var,rms_mean,rms_var,spectral_centroid_mean,spectral_centroid_var,spectral_bandwidth_mean,spectral_bandwidth_var,rolloff_mean,rolloff_var,zero_crossing_rate_mean,zero_crossing_rate_var,harmony_mean,harmony_var,perceptr_mean,perceptr_var,tempo,mfcc1_mean,mfcc1_var,mfcc2_mean,mfcc2_var,mfcc3_mean,mfcc3_var,mfcc4_mean,mfcc4_var,mfcc5_mean,mfcc5_var,mfcc6_mean,mfcc6_var,mfcc7_mean,mfcc7_var,mfcc8_mean,mfcc8_var,mfcc9_mean,mfcc9_var,mfcc10_mean,mfcc10_var,mfcc11_mean,mfcc11_var,mfcc12_mean,mfcc12_var,mfcc13_mean,mfcc13_var,mfcc14_mean,mfcc14_var,mfcc15_mean,mfcc15_var,mfcc16_mean,mfcc16_var,mfcc17_mean,mfcc17_var,mfcc18_mean,mfcc18_var,mfcc19_mean,mfcc19_var,mfcc20_mean,mfcc20_var
0.341978,0.08924629,0.16623126,0.0014274238,2090.1932438829335,171148.21607792372,2065.324523631683,72632.09238526737,4392.865032718242,706468.9388165012,0.09328588735015468,0.0010936875782494645,-1.3675336e-06,0.01690737,-1.9376816e-05,0.0051089963,117.45383522727273,-67.92382,780.7791,108.93854,333.38104,-33.82898,263.50305,50.489887,191.47658,-21.362123,103.457,21.491247,96.89849,-14.87039,111.33743,11.620577,72.52677,-19.260174,58.327652,10.526651,54.34651,-13.919647,48.531334,5.553817,45.276222,-14.430823,38.52294,1.9875135,37.170185,-14.659936,37.563686,-3.0335069,44.950394,-13.951231,40.914352,-2.0778668,41.793198,-9.049861,43.21457,-7.537604,50.21362
