chroma_stft_mean,chroma_stft_var,rms_mean,rms_var,spectral_centroid_mean,spectral_centroid_var,spectral_bandwidth_mean,spectral_bandwidth_var,rolloff_mean,rolloff_var,zero_crossing_rate_mean,zero_crossing_rate_var,harmony_mean,harmony_var,perceptr_mean,perceptr_var,tempo,mfcc1_mean,mfcc1_var,mfcc2_mean,mfcc2_var,mfcc3_mean,mfcc3_var,mfcc4_mean,mfcc4_var,mfcc5_mean,mfcc5_var,mfcc6_mean,mfcc6_var,mfcc7_mean,mfcc7_var,mfcc8_mean,mfcc8_var,mfcc9_mean,mfcc9_var,mfcc10_mean,mfcc10_var,mfcc11_mean,mfcc11_var,mfcc12_mean,mfcc12_var,mfcc13_mean,mfcc13_var,mfcc14_mean,mfcc14_var,mfcc15_mean,mfcc15_var,mfcc16_mean,mfcc16_var,mfcc17_mean,mfcc17_var,mfcc18_mean,mfcc18_var,mfcc19_mean,mfcc19_var,mfcc20_mean,mfcc20_var
0.49924913,0.073692545,0.23246978,0.0011268511,3108.521763898349,107565.63320469059,2361.478698580192,46553.98168794518,5699.254323158352,403920.7894909353,0.19684040869102862,0.001133529221796036,-1.2657773e-05,0.024861269,-0.00017652707,0.011981573,112.34714673913044,10.451379,483.49402,63.716393,178.34018,-28.423779,202.36874,62.608288,158.3117,-19.60048,91.362495,28.830822,73.2391,-15.230641,65.345505,19.305824,62.678158,-10.698309,52.425198,18.866392,59.38666,-12.708805,43.49326,18.040703,55.867,-10.8341875,44.324867,12.715703,50.249237,-6.1205273,35.24557,9.2682,37.411343,-7.1428766,30.024181,4.6542616,35.38604,-6.5114136,44.347664,7.8627625,33.422104
