chroma_stft_mean,chroma_stft_var,rms_mean,rms_var,spectral_centroid_mean,spectral_centroid_var,spectral_bandwidth_mean,spectral_bandwidth_var,rolloff_mean,rolloff_var,zero_crossing_rate_mean,zero_crossing_rate_var,harmony_mean,harmony_var,perceptr_mean,perceptr_var,tempo,mfcc1_mean,mfcc1_var,mfcc2_mean,mfcc2_var,mfcc3_mean,mfcc3_var,mfcc4_mean,mfcc4_var,mfcc5_mean,mfcc5_var,mfcc6_mean,mfcc6_var,mfcc7_mean,mfcc7_var,mfcc8_mean,mfcc8_var,mfcc9_mean,mfcc9_var,mfcc10_mean,mfcc10_var,mfcc11_mean,mfcc11_var,mfcc12_mean,mfcc12_var,mfcc13_mean,mfcc13_var,mfcc14_mean,mfcc14_var,mfcc15_mean,mfcc15_var,mfcc16_mean,mfcc16_var,mfcc17_mean,mfcc17_var,mfcc18_mean,mfcc18_var,mfcc19_mean,mfcc19_var,mfcc20_mean,mfcc20_var
0.5176882,0.062273864,0.19033647,0.0011151863,2138.1443459867714,96836.65888896167,1970.8392521568344,41446.07543764665,4201.114606746664,532292.7184164241,0.12193549702726218,0.000776667132372927,-1.4800114e-06,0.018139323,-1.707684e-05,0.007039998,151.99908088235293,-19.165882,890.74786,118.840706,239.82268,-52.14489,135.09631,42.70032,47.199387,-21.57285,60.014477,27.6777,42.918026,-14.611529,46.79765,27.019527,33.688354,-17.12797,35.56038,18.968195,40.434753,-10.767422,28.37812,9.388282,44.414158,-4.6614876,41.783096,1.085177,47.38092,-5.038619,32.82253,4.051173,28.944191,-6.4160476,25.803156,1.9920676,29.12648,-5.504744,21.76547,0.45391318,25.273136
