chroma_stft_mean,chroma_stft_var,rms_mean,rms_var,spectral_centroid_mean,spectral_centroid_var,spectral_bandwidth_mean,spectral_bandwidth_var,rolloff_mean,rolloff_var,zero_crossing_rate_mean,zero_crossing_rate_var,harmony_mean,harmony_var,perceptr_mean,perceptr_var,tempo,mfcc1_mean,mfcc1_var,mfcc2_mean,mfcc2_var,mfcc3_mean,mfcc3_var,mfcc4_mean,mfcc4_var,mfcc5_mean,mfcc5_var,mfcc6_mean,mfcc6_var,mfcc7_mean,mfcc7_var,mfcc8_mean,mfcc8_var,mfcc9_mean,mfcc9_var,mfcc10_mean,mfcc10_var,mfcc11_mean,mfcc11_var,mfcc12_mean,mfcc12_var,mfcc13_mean,mfcc13_var,mfcc14_mean,mfcc14_var,mfcc15_mean,mfcc15_var,mfcc16_mean,mfcc16_var,mfcc17_mean,mfcc17_var,mfcc18_mean,mfcc18_var,mfcc19_mean,mfcc19_var,mfcc20_mean,mfcc20_var
0.4454406,0.080467954,0.19426143,0.0007691144,2339.892746513448,123674.70223310759,2152.0353593549626,27076.32183919325,4708.18573493692,337451.78940999374,0.11677021401295437,0.001543762819418475,-9.107632e-05,0.01944266,-0.0021161211,0.0057332525,123.046875,-35.23795,374.55597,93.94743,236.6122,-35.17942,129.07936,62.7964,99.80125,-11.723904,49.985172,26.99777,35.041546,-10.754326,48.955463,24.073627,30.74494,-13.038538,39.102253,13.60275,40.86584,-12.412999,35.929905,13.56914,31.95118,-12.245766,34.02708,5.922628,27.801525,-11.979134,25.731913,3.3146532,28.942251,-11.960471,36.91255,-1.3725533,39.732433,-2.3994007,45.61646,-2.6271522,37.65115
