chroma_stft_mean,chroma_stft_var,rms_mean,rms_var,spectral_centroid_mean,spectral_centroid_var,spectral_bandwidth_mean,spectral_bandwidth_var,rolloff_mean,rolloff_var,zero_crossing_rate_mean,zero_crossing_rate_var,harmony_mean,harmony_var,perceptr_mean,perceptr_var,tempo,mfcc1_mean,mfcc1_var,mfcc2_mean,mfcc2_var,mfcc3_mean,mfcc3_var,mfcc4_mean,mfcc4_var,mfcc5_mean,mfcc5_var,mfcc6_mean,mfcc6_var,mfcc7_mean,mfcc7_var,mfcc8_mean,mfcc8_var,mfcc9_mean,mfcc9_var,mfcc10_mean,mfcc10_var,mfcc11_mean,mfcc11_var,mfcc12_mean,mfcc12_var,mfcc13_mean,mfcc13_var,mfcc14_mean,mfcc14_var,mfcc15_mean,mfcc15_var,mfcc16_mean,mfcc16_var,mfcc17_mean,mfcc17_var,mfcc18_mean,mfcc18_var,mfcc19_mean,mfcc19_var,mfcc20_mean,mfcc20_var
0.47254705,0.07241405,0.12733027,0.0017679353,2710.4946367774082,247502.12874419033,2264.26737031212,67820.37108103723,5323.439142709542,787158.173860708,0.14385528446442383,0.001991350885780638,2.850763e-06,0.008373236,6.519227e-05,0.0042825895,123.046875,-74.911835,1559.3562,79.12138,414.3975,-40.891678,267.3816,54.720924,87.753845,-9.688235,107.39976,37.25772,79.81089,-14.983511,77.053474,20.934235,69.5593,-17.433067,55.05752,16.575285,53.28153,-11.098043,51.210556,15.470943,52.2303,-11.12968,44.776817,10.475514,62.550755,-6.382457,44.57465,5.542599,56.505836,-7.292282,46.0625,2.9142509,58.19135,-0.5732952,58.27591,-2.8404098,35.29375
