chroma_stft_mean,chroma_stft_var,rms_mean,rms_var,spectral_centroid_mean,spectral_centroid_var,spectral_bandwidth_mean,spectral_bandwidth_var,rolloff_mean,rolloff_var,zero_crossing_rate_mean,zero_crossing_rate_var,harmony_mean,harmony_var,perceptr_mean,perceptr_var,tempo,mfcc1_mean,mfcc1_var,mfcc2_mean,mfcc2_var,mfcc3_mean,mfcc3_var,mfcc4_mean,mfcc4_var,mfcc5_mean,mfcc5_var,mfcc6_mean,mfcc6_var,mfcc7_mean,mfcc7_var,mfcc8_mean,mfcc8_var,mfcc9_mean,mfcc9_var,mfcc10_mean,mfcc10_var,mfcc11_mean,mfcc11_var,mfcc12_mean,mfcc12_var,mfcc13_mean,mfcc13_var,mfcc14_mean,mfcc14_var,mfcc15_mean,mfcc15_var,mfcc16_mean,mfcc16_var,mfcc17_mean,mfcc17_var,mfcc18_mean,mfcc18_var,mfcc19_mean,mfcc19_var,mfcc20_mean,mfcc20_var
0.4573868,0.07325782,0.2085754,0.0010713094,2340.9255025807374,295750.0954631199,2140.627460806763,90882.68139961403,4716.54588031105,1094265.2282458034,0.12287165264887857,0.0020055013929342644,7.146701e-06,0.02436133,4.1464104e-06,0.0066540027,117.45383522727273,-29.381208,995.168,101.87547,660.2395,-29.11233,219.0094,69.73011,123.573,-16.168983,62.228024,19.438528,51.039032,-18.33918,54.0113,19.062609,49.360394,-18.282995,49.93092,15.279578,54.24404,-8.244228,50.58983,2.4893925,49.385822,-14.794669,30.621447,4.6043053,25.642975,-12.2429085,21.275751,5.2625146,23.367344,-10.682246,23.009596,6.4136863,25.718094,-6.4074388,23.32554,-7.017362,26.111149
