chroma_stft_mean,chroma_stft_var,rms_mean,rms_var,spectral_centroid_mean,spectral_centroid_var,spectral_bandwidth_mean,spectral_bandwidth_var,rolloff_mean,rolloff_var,zero_crossing_rate_mean,zero_crossing_rate_var,harmony_mean,harmony_var,perceptr_mean,perceptr_var,tempo,mfcc1_mean,mfcc1_var,mfcc2_mean,mfcc2_var,mfcc3_mean,mfcc3_var,mfcc4_mean,mfcc4_var,mfcc5_mean,mfcc5_var,mfcc6_mean,mfcc6_var,mfcc7_mean,mfcc7_var,mfcc8_mean,mfcc8_var,mfcc9_mean,mfcc9_var,mfcc10_mean,mfcc10_var,mfcc11_mean,mfcc11_var,mfcc12_mean,mfcc12_var,mfcc13_mean,mfcc13_var,mfcc14_mean,mfcc14_var,mfcc15_mean,mfcc15_var,mfcc16_mean,mfcc16_var,mfcc17_mean,mfcc17_var,mfcc18_mean,mfcc18_var,mfcc19_mean,mfcc19_var,mfcc20_mean,mfcc20_var
0.5814756,0.061631203,0.06945514,0.00015760632,2939.593464244178,243834.84069861792,2522.764063583591,89755.75934475822,5806.928665621374,1035474.1643828175,0.16831088674593966,0.0018782496119271205,7.503237e-06,0.002088711,0.00039264228,0.0011101636,151.99908088235293,-108.10116,269.4447,65.7679,284.77933,-20.839346,244.47017,47.553825,110.13704,0.8670945,94.665565,8.987104,41.358112,-3.2015545,62.322132,20.969147,46.040726,-10.341167,42.03929,7.8690705,31.82381,-8.121823,32.24468,12.04054,35.260857,-9.151338,36.15593,6.9961557,35.825825,-8.7440605,33.89641,5.779834,32.86281,-12.359096,29.798948,3.4397657,27.344748,-7.3712373,29.257816,4.8633327,24.971636
