chroma_stft_mean,chroma_stft_var,rms_mean,rms_var,spectral_centroid_mean,spectral_centroid_var,spectral_bandwidth_mean,spectral_bandwidth_var,rolloff_mean,rolloff_var,zero_crossing_rate_mean,zero_crossing_rate_var,harmony_mean,harmony_var,perceptr_mean,perceptr_var,tempo,mfcc1_mean,mfcc1_var,mfcc2_mean,mfcc2_var,mfcc3_mean,mfcc3_var,mfcc4_mean,mfcc4_var,mfcc5_mean,mfcc5_var,mfcc6_mean,mfcc6_var,mfcc7_mean,mfcc7_var,mfcc8_mean,mfcc8_var,mfcc9_mean,mfcc9_var,mfcc10_mean,mfcc10_var,mfcc11_mean,mfcc11_var,mfcc12_mean,mfcc12_var,mfcc13_mean,mfcc13_var,mfcc14_mean,mfcc14_var,mfcc15_mean,mfcc15_var,mfcc16_mean,mfcc16_var,mfcc17_mean,mfcc17_var,mfcc18_mean,mfcc18_var,mfcc19_mean,mfcc19_var,mfcc20_mean,mfcc20_var
0.3801425,0.08266829,0.11595993,0.0010487625,2323.601876230782,216344.45043914428,2263.873465274725,41969.0774613093,5018.635236912703,575269.2785456532,0.1200435487964037,0.0021365117753183263,-0.0020626697,0.007910221,-0.0021206134,0.0025757067,135.99917763157896,-96.65291,1746.2736,101.72488,369.41684,-16.835794,273.4111,47.30034,115.22701,-27.080929,101.88692,28.283823,90.84588,-17.181023,62.898926,21.641132,41.688164,-17.88522,51.351177,7.021394,52.561172,-14.604523,73.71589,15.221765,45.34396,-16.001877,45.98768,3.4856997,62.64517,-13.509424,48.42088,0.34934795,46.531525,-9.605408,52.504562,2.9687462,61.473118,-7.052401,38.237606,-3.1193733,37.869606
