chroma_stft_mean,chroma_stft_var,rms_mean,rms_var,spectral_centroid_mean,spectral_centroid_var,spectral_bandwidth_mean,spectral_bandwidth_var,rolloff_mean,rolloff_var,zero_crossing_rate_mean,zero_crossing_rate_var,harmony_mean,harmony_var,perceptr_mean,perceptr_var,tempo,mfcc1_mean,mfcc1_var,mfcc2_mean,mfcc2_var,mfcc3_mean,mfcc3_var,mfcc4_mean,mfcc4_var,mfcc5_mean,mfcc5_var,mfcc6_mean,mfcc6_var,mfcc7_mean,mfcc7_var,mfcc8_mean,mfcc8_var,mfcc9_mean,mfcc9_var,mfcc10_mean,mfcc10_var,mfcc11_mean,mfcc11_var,mfcc12_mean,mfcc12_var,mfcc13_mean,mfcc13_var,mfcc14_mean,mfcc14_var,mfcc15_mean,mfcc15_var,mfcc16_mean,mfcc16_var,mfcc17_mean,mfcc17_var,mfcc18_mean,mfcc18_var,mfcc19_mean,mfcc19_var,mfcc20_mean,mfcc20_var
0.44089392,0.07811569,0.14906156,0.00062797795,2740.9191494780016,123112.5409192805,2301.9114258838003,42724.09746149713,5408.697637217228,408653.9554982143,0.15991871797660479,0.0012109906588883557,-5.3383565e-06,0.010488934,-0.000117936324,0.0042941454,151.99908088235293,-42.059067,532.5328,86.99415,198.82434,-27.527782,232.19496,62.616234,141.77443,-27.00237,109.97965,32.331196,72.82088,-18.957167,82.64196,22.128767,32.291218,-14.316716,49.920967,19.505413,48.843685,-10.960919,45.19904,16.760107,57.766808,-12.37703,60.600132,10.510588,52.424595,-6.712958,56.956944,6.5100617,42.247288,-9.196508,42.6918,6.5677867,44.01476,-5.7819695,32.897385,1.3303193,39.46867
