chroma_stft_mean,chroma_stft_var,rms_mean,rms_var,spectral_centroid_mean,spectral_centroid_var,spectral_bandwidth_mean,spectral_bandwidth_var,rolloff_mean,rolloff_var,zero_crossing_rate_mean,zero_crossing_rate_var,harmony_mean,harmony_var,perceptr_mean,perceptr_var,tempo,mfcc1_mean,mfcc1_var,mfcc2_mean,mfcc2_var,mfcc3_mean,mfcc3_var,mfcc4_mean,mfcc4_var,mfcc5_mean,mfcc5_var,mfcc6_mean,mfcc6_var,mfcc7_mean,mfcc7_var,mfcc8_mean,mfcc8_var,mfcc9_mean,mfcc9_var,mfcc10_mean,mfcc10_var,mfcc11_mean,mfcc11_var,mfcc12_mean,mfcc12_var,mfcc13_mean,mfcc13_var,mfcc14_mean,mfcc14_var,mfcc15_mean,mfcc15_var,mfcc16_mean,mfcc16_var,mfcc17_mean,mfcc17_var,mfcc18_mean,mfcc18_var,mfcc19_mean,mfcc19_var,mfcc20_mean,mfcc20_var
0.43657222,0.07558676,0.13645852,0.001010786,2502.977404109766,194441.15297074837,2134.2963011913325,76302.15428036715,4762.87640706569,875647.359694829,0.1481127344354215,0.0015515982407532302,-0.0071128397,0.008423915,-0.0040869266,0.004391507,117.45383522727273,-61.91036,2135.5166,93.01313,321.89166,-39.94318,288.90448,56.141373,92.10693,-19.668215,54.102295,23.387537,78.56623,-7.6445403,103.453545,17.70783,48.414352,-19.321178,69.10561,17.783268,34.749012,-13.084654,48.082504,14.295796,40.127743,-13.077747,43.3607,5.4448724,41.158497,-10.791508,45.052372,3.7268796,35.000755,-10.738398,45.250877,1.2670316,40.408535,-4.6139913,44.814774,0.33209938,33.516823
