chroma_stft_mean,chroma_stft_var,rms_mean,rms_var,spectral_centroid_mean,spectral_centroid_var,spectral_bandwidth_mean,spectral_bandwidth_var,rolloff_mean,rolloff_var,zero_crossing_rate_mean,zero_crossing_rate_var,harmony_mean,harmony_var,perceptr_mean,perceptr_var,tempo,mfcc1_mean,mfcc1_var,mfcc2_mean,mfcc2_var,mfcc3_mean,mfcc3_var,mfcc4_mean,mfcc4_var,mfcc5_mean,mfcc5_var,mfcc6_mean,mfcc6_var,mfcc7_mean,mfcc7_var,mfcc8_mean,mfcc8_var,mfcc9_mean,mfcc9_var,mfcc10_mean,mfcc10_var,mfcc11_mean,mfcc11_var,mfcc12_mean,mfcc12_var,mfcc13_mean,mfcc13_var,mfcc14_mean,mfcc14_var,mfcc15_mean,mfcc15_var,mfcc16_mean,mfcc16_var,mfcc17_mean,mfcc17_var,mfcc18_mean,mfcc18_var,mfcc19_mean,mfcc19_var,mfcc20_mean,mfcc20_var
0.48359475,0.0760262,0.0408314,7.890679e-05,2725.3111027767286,376564.5996867818,2400.1015931750558,74766.60451809241,5496.87885187065,841843.3663093732,0.13498352003576952,0.003351517917441992,2.9784084e-07,0.00090570515,-1.3897685e-06,0.00034234815,123.046875,-201.1977,1525.8822,76.78211,510.63303,-14.798453,256.05222,68.737755,282.65378,-12.944738,105.064896,36.95659,91.021454,-10.983901,89.81788,23.68839,84.61322,-12.268321,65.95648,16.671509,40.0914,-11.074647,67.65171,15.571094,41.857162,-11.184892,28.657415,10.576072,39.530666,-3.8928409,41.451946,7.0756917,32.141117,-9.829377,35.317856,2.664597,32.65039,-8.994469,37.959686,-2.2220018,29.06895
