chroma_stft_mean,chroma_stft_var,rms_mean,rms_var,spectral_centroid_mean,spectral_centroid_var,spectral_bandwidth_mean,spectral_bandwidth_var,rolloff_mean,rolloff_var,zero_crossing_rate_mean,zero_crossing_rate_var,harmony_mean,harmony_var,perceptr_mean,perceptr_var,tempo,mfcc1_mean,mfcc1_var,mfcc2_mean,mfcc2_var,mfcc3_mean,mfcc3_var,mfcc4_mean,mfcc4_var,mfcc5_mean,mfcc5_var,mfcc6_mean,mfcc6_var,mfcc7_mean,mfcc7_var,mfcc8_mean,mfcc8_var,mfcc9_mean,mfcc9_var,mfcc10_mean,mfcc10_var,mfcc11_mean,mfcc11_var,mfcc12_mean,mfcc12_var,mfcc13_mean,mfcc13_var,mfcc14_mean,mfcc14_var,mfcc15_mean,mfcc15_var,mfcc16_mean,mfcc16_var,mfcc17_mean,mfcc17_var,mfcc18_mean,mfcc18_var,mfcc19_mean,mfcc19_var,mfcc20_mean,mfcc20_var
0.5015032,0.07315094,0.27069268,0.0039026765,2836.9908685116243,241067.1810848678,2339.3829884951156,84430.05433995725,5615.31146905815,722851.2917251867,0.16275324161349575,0.0031975248150933064,-1.6679967e-05,0.03789282,-0.00065393886,0.014041565,117.45383522727273,13.4749975,1896.7424,78.02255,345.59625,-32.99472,404.28818,55.53537,116.597,-9.96921,58.135696,35.403954,78.86064,-17.637697,84.57062,29.051128,72.19347,-11.246763,71.61363,14.006471,86.19897,-10.087249,50.16273,16.530064,75.03371,-8.482169,33.898872,5.9135346,53.022354,-11.870781,34.790245,6.4420805,53.71591,-11.154763,29.961527,-0.19959639,57.61811,-2.186954,23.307053,1.3906641,28.913225
