chroma_stft_mean,chroma_stft_var,rms_mean,rms_var,spectral_centroid_mean,spectral_centroid_var,spectral_bandwidth_mean,spectral_bandwidth_var,rolloff_mean,rolloff_var,zero_crossing_rate_mean,zero_crossing_rate_var,harmony_mean,harmony_var,perceptr_mean,perceptr_var,tempo,mfcc1_mean,mfcc1_var,mfcc2_mean,mfcc2_var,mfcc3_mean,mfcc3_var,mfcc4_mean,mfcc4_var,mfcc5_mean,mfcc5_var,mfcc6_mean,mfcc6_var,mfcc7_mean,mfcc7_var,mfcc8_mean,mfcc8_var,mfcc9_mean,mfcc9_var,mfcc10_mean,mfcc10_var,mfcc11_mean,mfcc11_var,mfcc12_mean,mfcc12_var,mfcc13_mean,mfcc13_var,mfcc14_mean,mfcc14_var,mfcc15_mean,mfcc15_var,mfcc16_mean,mfcc16_var,mfcc17_mean,mfcc17_var,mfcc18_mean,mfcc18_var,mfcc19_mean,mfcc19_var,mfcc20_mean,mfcc20_var
0.5273391,0.06876184,0.19521451,0.0012767686,2575.3453604073156,143878.25828426008,2237.0608759034953,55869.82318755069,5056.738847701567,424667.625476711,0.131706408908546,0.0017346576141237077,9.048596e-06,0.021152446,0.0006439352,0.0060300357,143.5546875,-43.79751,877.40485,82.774704,240.60352,-29.60919,257.11392,70.39718,129.08664,-21.588846,54.259052,31.144142,66.23138,2.0903714,72.11136,28.873163,41.9929,-2.6873276,66.95264,19.88248,37.418198,-6.9340773,37.503845,19.120056,35.813484,-7.368736,29.833858,7.8821387,24.663261,-13.857293,21.494347,4.0573115,24.107218,-6.8659444,23.937355,-1.7948395,39.209442,1.4592779,32.09587,4.533475,21.62332
