chroma_stft_mean,chroma_stft_var,rms_mean,rms_var,spectral_centroid_mean,spectral_centroid_var,spectral_bandwidth_mean,spectral_bandwidth_var,rolloff_mean,rolloff_var,zero_crossing_rate_mean,zero_crossing_rate_var,harmony_mean,harmony_var,perceptr_mean,perceptr_var,tempo,mfcc1_mean,mfcc1_var,mfcc2_mean,mfcc2_var,mfcc3_mean,mfcc3_var,mfcc4_mean,mfcc4_var,mfcc5_mean,mfcc5_var,mfcc6_mean,mfcc6_var,mfcc7_mean,mfcc7_var,mfcc8_mean,mfcc8_var,mfcc9_mean,mfcc9_var,mfcc10_mean,mfcc10_var,mfcc11_mean,mfcc11_var,mfcc12_mean,mfcc12_var,mfcc13_mean,mfcc13_var,mfcc14_mean,mfcc14_var,mfcc15_mean,mfcc15_var,mfcc16_mean,mfcc16_var,mfcc17_mean,mfcc17_var,mfcc18_mean,mfcc18_var,mfcc19_mean,mfcc19_var,mfcc20_mean,mfcc20_var
0.414817,0.08965356,0.048833318,0.00075373467,2743.073339684432,486993.1601284686,2450.8768853978645,101180.88765664253,5626.144685324826,1324931.014316305,0.14284662304234338,0.003868510170396427,-2.5493648e-06,0.0010313016,-6.141947e-06,0.0012542598,117.45383522727273,-197.25981,3899.1663,74.13584,871.88556,-10.736386,734.0616,54.705547,246.71246,-7.6014204,118.36291,18.409927,171.76682,-18.879755,80.5549,11.596195,132.85123,-14.562567,69.610466,18.414227,67.384224,-16.470966,70.518936,12.570959,63.411186,-10.469238,64.68327,12.352262,82.30275,-6.260325,54.66028,10.485498,61.323425,-7.064262,83.75823,3.7278063,84.54149,-3.2286577,70.679,0.65804535,51.398407
