chroma_stft_mean,chroma_stft_var,rms_mean,rms_var,spectral_centroid_mean,spectral_centroid_var,spectral_bandwidth_mean,spectral_bandwidth_var,rolloff_mean,rolloff_var,zero_crossing_rate_mean,zero_crossing_rate_var,harmony_mean,harmony_var,perceptr_mean,perceptr_var,tempo,mfcc1_mean,mfcc1_var,mfcc2_mean,mfcc2_var,mfcc3_mean,mfcc3_var,mfcc4_mean,mfcc4_var,mfcc5_mean,mfcc5_var,mfcc6_mean,mfcc6_var,mfcc7_mean,mfcc7_var,mfcc8_mean,mfcc8_var,mfcc9_mean,mfcc9_var,mfcc10_mean,mfcc10_var,mfcc11_mean,mfcc11_var,mfcc12_mean,mfcc12_var,mfcc13_mean,mfcc13_var,mfcc14_mean,mfcc14_var,mfcc15_mean,mfcc15_var,mfcc16_mean,mfcc16_var,mfcc17_mean,mfcc17_var,mfcc18_mean,mfcc18_var,mfcc19_mean,mfcc19_var,mfcc20_mean,mfcc20_var
0.5018879,0.06800569,0.26962695,0.0018280989,2743.501897552695,144827.75312818043,2140.599534652953,50788.09495367629,5129.681948774652,585874.2745593598,0.1795621253866976,0.0015831555592371951,-3.4023585e-06,0.025933594,-0.00013811426,0.01932953,123.046875,26.65341,392.75827,79.78971,332.19345,-52.055866,233.67322,51.3199,202.43991,-16.369469,161.25017,22.018023,118.74391,-17.463215,125.82306,30.917307,114.47492,-15.998285,72.63152,16.131706,70.08813,-12.1922,46.17883,11.308361,51.43921,-12.454751,50.303448,5.203653,43.71262,-7.6789827,38.570457,10.18491,53.72704,-9.732246,32.52632,-1.7004977,36.628872,-7.616974,36.39002,-3.9348874,30.744267
