chroma_stft_mean,chroma_stft_var,rms_mean,rms_var,spectral_centroid_mean,spectral_centroid_var,spectral_bandwidth_mean,spectral_bandwidth_var,rolloff_mean,rolloff_var,zero_crossing_rate_mean,zero_crossing_rate_var,harmony_mean,harmony_var,perceptr_mean,perceptr_var,tempo,mfcc1_mean,mfcc1_var,mfcc2_mean,mfcc2_var,mfcc3_mean,mfcc3_var,mfcc4_mean,mfcc4_var,mfcc5_mean,mfcc5_var,mfcc6_mean,mfcc6_var,mfcc7_mean,mfcc7_var,mfcc8_mean,mfcc8_var,mfcc9_mean,mfcc9_var,mfcc10_mean,mfcc10_var,mfcc11_mean,mfcc11_var,mfcc12_mean,mfcc12_var,mfcc13_mean,mfcc13_var,mfcc14_mean,mfcc14_var,mfcc15_mean,mfcc15_var,mfcc16_mean,mfcc16_var,mfcc17_mean,mfcc17_var,mfcc18_mean,mfcc18_var,mfcc19_mean,mfcc19_var,mfcc20_mean,mfcc20_var
0.54042953,0.059553854,0.1257114,0.0006386608,2315.2761541025193,115248.23290520298,2066.5542503748793,37124.041705764874,4615.882735462587,420781.31167678064,0.1394849218145785,0.001615084701404295,-4.3177508e-05,0.0065884246,-0.0010154067,0.0034029796,89.10290948275862,-58.26438,569.56006,105.85012,208.69722,-43.89204,197.7998,58.44615,48.460503,-18.43399,56.26755,27.973726,51.646515,-17.970457,37.560806,21.04627,37.904762,-15.554038,34.482826,13.396519,30.993889,-15.686207,24.705786,9.36363,26.535078,-15.3225765,32.16407,1.5363103,24.822691,-5.97212,31.861094,2.0580027,21.811098,-6.811773,24.922686,4.215313,15.4018955,-3.4087605,20.341562,1.7598672,17.43228
