chroma_stft_mean,chroma_stft_var,rms_mean,rms_var,spectral_centroid_mean,spectral_centroid_var,spectral_bandwidth_mean,spectral_bandwidth_var,rolloff_mean,rolloff_var,zero_crossing_rate_mean,zero_crossing_rate_var,harmony_mean,harmony_var,perceptr_mean,perceptr_var,tempo,mfcc1_mean,mfcc1_var,mfcc2_mean,mfcc2_var,mfcc3_mean,mfcc3_var,mfcc4_mean,mfcc4_var,mfcc5_mean,mfcc5_var,mfcc6_mean,mfcc6_var,mfcc7_mean,mfcc7_var,mfcc8_mean,mfcc8_var,mfcc9_mean,mfcc9_var,mfcc10_mean,mfcc10_var,mfcc11_mean,mfcc11_var,mfcc12_mean,mfcc12_var,mfcc13_mean,mfcc13_var,mfcc14_mean,mfcc14_var,mfcc15_mean,mfcc15_var,mfcc16_mean,mfcc16_var,mfcc17_mean,mfcc17_var,mfcc18_mean,mfcc18_var,mfcc19_mean,mfcc19_var,mfcc20_mean,mfcc20_var
0.40696466,0.08311221,0.09046083,0.00061618385,2707.0187382903923,441888.8627530295,2234.822828310655,71780.72130774273,5291.122684345998,982737.2041075868,0.16082730628866976,0.003331069110539354,-5.682141e-05,0.0036186918,-0.0004292091,0.002185117,107.666015625,-104.72376,2872.432,87.753716,796.52795,-33.24886,364.55878,48.474255,416.7347,-28.912521,163.06093,22.514238,129.49904,-24.98013,118.949356,20.53738,92.935,-12.0629835,81.39611,18.249126,97.59214,-15.186173,62.45229,10.295276,64.39218,-13.891189,90.38311,10.281916,88.07247,-4.697016,169.37262,9.941506,86.627686,-5.621949,102.94231,4.79159,81.008,-11.673745,58.49765,2.961579,57.05718
