chroma_stft_mean,chroma_stft_var,rms_mean,rms_var,spectral_centroid_mean,spectral_centroid_var,spectral_bandwidth_mean,spectral_bandwidth_var,rolloff_mean,rolloff_var,zero_crossing_rate_mean,zero_crossing_rate_var,harmony_mean,harmony_var,perceptr_mean,perceptr_var,tempo,mfcc1_mean,mfcc1_var,mfcc2_mean,mfcc2_var,mfcc3_mean,mfcc3_var,mfcc4_mean,mfcc4_var,mfcc5_mean,mfcc5_var,mfcc6_mean,mfcc6_var,mfcc7_mean,mfcc7_var,mfcc8_mean,mfcc8_var,mfcc9_mean,mfcc9_var,mfcc10_mean,mfcc10_var,mfcc11_mean,mfcc11_var,mfcc12_mean,mfcc12_var,mfcc13_mean,mfcc13_var,mfcc14_mean,mfcc14_var,mfcc15_mean,mfcc15_var,mfcc16_mean,mfcc16_var,mfcc17_mean,mfcc17_var,mfcc18_mean,mfcc18_var,mfcc19_mean,mfcc19_var,mfcc20_mean,mfcc20_var
0.51048833,0.0771479,0.13896145,0.0044837925,2241.1592830281,392224.6528970006,2115.9491769285764,128527.0815834403,4490.771994181409,1578088.652510671,0.11569735474671307,0.0036735220332025694,-3.1356012e-06,0.008034188,-2.0445386e-05,0.008157244,151.99908088235293,-95.38948,6461.934,92.07624,432.39655,-28.034975,993.06586,52.784756,94.10718,-3.0201979,136.87314,25.395441,124.16635,-6.132024,125.41118,20.092926,85.991684,-10.223895,67.7197,12.40339,70.27636,-8.271537,47.179447,11.690027,42.437,-9.267028,54.12593,2.8007576,42.54801,-4.4346385,36.216507,5.4987206,27.045546,-6.276275,37.104748,3.8276265,32.940468,-0.42816398,49.858112,4.6510053,24.371052
