chroma_stft_mean,chroma_stft_var,rms_mean,rms_var,spectral_centroid_mean,spectral_centroid_var,spectral_bandwidth_mean,spectral_bandwidth_var,rolloff_mean,rolloff_var,zero_crossing_rate_mean,zero_crossing_rate_var,harmony_mean,harmony_var,perceptr_mean,perceptr_var,tempo,mfcc1_mean,mfcc1_var,mfcc2_mean,mfcc2_var,mfcc3_mean,mfcc3_var,mfcc4_mean,mfcc4_var,mfcc5_mean,mfcc5_var,mfcc6_mean,mfcc6_var,mfcc7_mean,mfcc7_var,mfcc8_mean,mfcc8_var,mfcc9_mean,mfcc9_var,mfcc10_mean,mfcc10_var,mfcc11_mean,mfcc11_var,mfcc12_mean,mfcc12_var,mfcc13_mean,mfcc13_var,mfcc14_mean,mfcc14_var,mfcc15_mean,mfcc15_var,mfcc16_mean,mfcc16_var,mfcc17_mean,mfcc17_var,mfcc18_mean,mfcc18_var,mfcc19_mean,mfcc19_var,mfcc20_mean,mfcc20_var
0.4850753,0.0670486,0.110896595,0.00018554757,2986.8439274816583,129277.01342787202,2458.850245250976,27606.08152541093,5817.953399162558,379951.7747180413,0.16920927892981438,0.0012963246152884937,3.5021026e-06,0.005817425,0.0005030831,0.002230208,129.19921875,-76.82907,530.61633,68.00133,226.619,-11.254527,114.512566,76.371796,209.21384,-17.47723,141.08815,25.340322,60.437645,-17.897219,67.16714,20.36891,63.165943,-21.4179,42.434864,14.218315,38.60186,-15.766988,28.394701,12.519557,21.55539,-18.503286,29.052912,10.830413,23.086637,-13.70179,21.210642,4.8676705,20.812466,-11.978017,19.28674,1.642398,21.350145,-7.640708,24.22555,2.2286708,19.44655
