chroma_stft_mean,chroma_stft_var,rms_mean,rms_var,spectral_centroid_mean,spectral_centroid_var,spectral_bandwidth_mean,spectral_bandwidth_var,rolloff_mean,rolloff_var,zero_crossing_rate_mean,zero_crossing_rate_var,harmony_mean,harmony_var,perceptr_mean,perceptr_var,tempo,mfcc1_mean,mfcc1_var,mfcc2_mean,mfcc2_var,mfcc3_mean,mfcc3_var,mfcc4_mean,mfcc4_var,mfcc5_mean,mfcc5_var,mfcc6_mean,mfcc6_var,mfcc7_mean,mfcc7_var,mfcc8_mean,mfcc8_var,mfcc9_mean,mfcc9_var,mfcc10_mean,mfcc10_var,mfcc11_mean,mfcc11_var,mfcc12_mean,mfcc12_var,mfcc13_mean,mfcc13_var,mfcc14_mean,mfcc14_var,mfcc15_mean,mfcc15_var,mfcc16_mean,mfcc16_var,mfcc17_mean,mfcc17_var,mfcc18_mean,mfcc18_var,mfcc19_mean,mfcc19_var,mfcc20_mean,mfcc20_var
0.47078967,0.088655375,0.14582604,0.006980353,2690.7078061431353,477446.91207197995,2118.8095830068755,189977.756825357,5088.622310487964,1683029.4982250328,0.14825774603634959,0.003489602518783837,2.2852157e-06,0.012202291,4.5244702e-05,0.009355099,95.703125,-122.13073,11190.964,62.294144,703.4428,-34.455505,577.7462,75.62576,241.87471,6.265152,169.41216,22.035965,357.67267,-10.951549,99.94681,23.228693,302.40167,-12.286276,85.36342,5.6079226,246.30588,-6.9927683,57.83458,5.608427,143.4405,-14.394314,48.405857,-0.48630452,85.346886,-11.285436,52.79395,2.1233432,49.319767,-7.718037,34.600746,-2.721611,49.591705,0.8667411,49.23336,-5.3201013,38.968098
