chroma_stft_mean,chroma_stft_var,rms_mean,rms_var,spectral_centroid_mean,spectral_centroid_var,spectral_bandwidth_mean,spectral_bandwidth_var,rolloff_mean,rolloff_var,zero_crossing_rate_mean,zero_crossing_rate_var,harmony_mean,harmony_var,perceptr_mean,perceptr_var,tempo,mfcc1_mean,mfcc1_var,mfcc2_mean,mfcc2_var,mfcc3_mean,mfcc3_var,mfcc4_mean,mfcc4_var,mfcc5_mean,mfcc5_var,mfcc6_mean,mfcc6_var,mfcc7_mean,mfcc7_var,mfcc8_mean,mfcc8_var,mfcc9_mean,mfcc9_var,mfcc10_mean,mfcc10_var,mfcc11_mean,mfcc11_var,mfcc12_mean,mfcc12_var,mfcc13_mean,mfcc13_var,mfcc14_mean,mfcc14_var,mfcc15_mean,mfcc15_var,mfcc16_mean,mfcc16_var,mfcc17_mean,mfcc17_var,mfcc18_mean,mfcc18_var,mfcc19_mean,mfcc19_var,mfcc20_mean,mfcc20_var
0.5526555,0.06317614,0.07754347,0.00023387048,2877.541876665423,94029.14335490656,2101.362825492407,34318.442996024685,5198.586533407048,349827.97099695075,0.18525232018561485,0.0013478241988986216,1.1044488e-05,0.003268037,0.00024388278,0.001131885,151.99908088235293,-117.906,1936.9805,65.43348,242.04301,-51.41982,160.19044,74.08295,168.1997,-13.754418,71.402405,25.73151,54.108093,-13.124018,62.21485,32.21793,67.70307,-10.338713,36.788445,21.69744,50.544666,-7.7939715,29.767818,12.340983,51.40481,-14.446545,28.540401,5.7806864,48.533577,-13.260107,40.361515,4.5684395,42.885696,-11.387195,25.270302,-0.6735419,50.62209,-4.5681386,30.747719,-0.2211612,55.683743
