chroma_stft_mean,chroma_stft_var,rms_mean,rms_var,spectral_centroid_mean,spectral_centroid_var,spectral_bandwidth_mean,spectral_bandwidth_var,rolloff_mean,rolloff_var,zero_crossing_rate_mean,zero_crossing_rate_var,harmony_mean,harmony_var,perceptr_mean,perceptr_var,tempo,mfcc1_mean,mfcc1_var,mfcc2_mean,mfcc2_var,mfcc3_mean,mfcc3_var,mfcc4_mean,mfcc4_var,mfcc5_mean,mfcc5_var,mfcc6_mean,mfcc6_var,mfcc7_mean,mfcc7_var,mfcc8_mean,mfcc8_var,mfcc9_mean,mfcc9_var,mfcc10_mean,mfcc10_var,mfcc11_mean,mfcc11_var,mfcc12_mean,mfcc12_var,mfcc13_mean,mfcc13_var,mfcc14_mean,mfcc14_var,mfcc15_mean,mfcc15_var,mfcc16_mean,mfcc16_var,mfcc17_mean,mfcc17_var,mfcc18_mean,mfcc18_var,mfcc19_mean,mfcc19_var,mfcc20_mean,mfcc20_var
0.51907456,0.070916586,0.112159654,0.0008302136,2685.678092352649,177717.7053749963,2317.5797699315112,34559.71378555039,5331.258043612239,544148.0262639293,0.16043343363302398,0.002392852449950552,3.4833263e-06,0.004644601,0.00029744414,0.003589241,143.5546875,-71.29067,726.5232,82.33942,269.63385,-30.162804,177.07666,56.456177,113.05685,-10.86737,87.51739,26.810652,61.233845,-15.801576,63.901985,25.331217,41.938038,-15.626408,46.434643,17.750357,56.882275,-13.054565,50.637573,14.61381,38.482803,-14.269172,47.620132,9.53343,34.436546,-10.371092,33.45055,8.0878525,41.508488,-7.4607277,26.306587,5.422095,33.29313,-4.3960843,32.8956,3.0448642,32.449078
