chroma_stft_mean,chroma_stft_var,rms_mean,rms_var,spectral_centroid_mean,spectral_centroid_var,spectral_bandwidth_mean,spectral_bandwidth_var,rolloff_mean,rolloff_var,zero_crossing_rate_mean,zero_crossing_rate_var,harmony_mean,harmony_var,perceptr_mean,perceptr_var,tempo,mfcc1_mean,mfcc1_var,mfcc2_mean,mfcc2_var,mfcc3_mean,mfcc3_var,mfcc4_mean,mfcc4_var,mfcc5_mean,mfcc5_var,mfcc6_mean,mfcc6_var,mfcc7_mean,mfcc7_var,mfcc8_mean,mfcc8_var,mfcc9_mean,mfcc9_var,mfcc10_mean,mfcc10_var,mfcc11_mean,mfcc11_var,mfcc12_mean,mfcc12_var,mfcc13_mean,mfcc13_var,mfcc14_mean,mfcc14_var,mfcc15_mean,mfcc15_var,mfcc16_mean,mfcc16_var,mfcc17_mean,mfcc17_var,mfcc18_mean,mfcc18_var,mfcc19_mean,mfcc19_var,mfcc20_mean,mfcc20_var
0.4805905,0.078348614,0.22971004,0.00421631,2522.1247438723517,236845.90561637445,2275.6554221972538,115880.34028556162,5088.755539896317,1026514.5612391515,0.1385170449052591,0.0021163998683231054,3.372178e-06,0.021093342,-0.0002594385,0.015666801,151.99908088235293,0.25671962,1927.4435,94.185646,409.01788,-32.401512,269.97626,45.45294,170.71948,-15.199273,138.8431,25.886078,97.04459,-12.390217,130.84497,19.618542,76.890854,-6.8050222,70.08866,17.22498,66.67737,-12.98589,74.83576,13.681323,46.13419,-8.688227,60.137905,6.829992,40.367393,-8.352292,44.379158,4.9721994,37.703655,-4.3378067,40.741474,4.7811007,40.174046,-4.180623,35.42075,2.5485837,30.65881
