chroma_stft_mean,chroma_stft_var,rms_mean,rms_var,spectral_centroid_mean,spectral_centroid_var,spectral_bandwidth_mean,spectral_bandwidth_var,rolloff_mean,rolloff_var,zero_crossing_rate_mean,zero_crossing_rate_var,harmony_mean,harmony_var,perceptr_mean,perceptr_var,tempo,mfcc1_mean,mfcc1_var,mfcc2_mean,mfcc2_var,mfcc3_mean,mfcc3_var,mfcc4_mean,mfcc4_var,mfcc5_mean,mfcc5_var,mfcc6_mean,mfcc6_var,mfcc7_mean,mfcc7_var,mfcc8_mean,mfcc8_var,mfcc9_mean,mfcc9_var,mfcc10_mean,mfcc10_var,mfcc11_mean,mfcc11_var,mfcc12_mean,mfcc12_var,mfcc13_mean,mfcc13_var,mfcc14_mean,mfcc14_var,mfcc15_mean,mfcc15_var,mfcc16_mean,mfcc16_var,mfcc17_mean,mfcc17_var,mfcc18_mean,mfcc18_var,mfcc19_mean,mfcc19_var,mfcc20_mean,mfcc20_var
0.49600765,0.072870485,0.11726673,0.00086620817,2657.9674957731663,189113.3041457522,2345.6871620289253,32712.82976199511,5358.286959831787,591745.1805911671,0.15234903688128384,0.0020729704132608434,-0.0025963928,0.005041066,-0.004538027,0.0039357087,99.38401442307692,-75.01482,1273.8434,81.182755,297.56473,-20.20419,109.19615,68.30383,96.22707,-11.353894,62.308167,23.65647,70.24151,-19.828419,57.675323,24.192091,34.41634,-13.164455,42.827316,22.281841,45.691574,-11.552501,44.697002,13.55542,32.939346,-15.050375,28.744333,3.3055708,32.496716,-10.503453,28.474442,5.0824904,27.75553,-10.67766,26.512857,3.8682773,25.586306,-4.9394464,24.455713,3.2592075,25.145037
