chroma_stft_mean,chroma_stft_var,rms_mean,rms_var,spectral_centroid_mean,spectral_centroid_var,spectral_bandwidth_mean,spectral_bandwidth_var,rolloff_mean,rolloff_var,zero_crossing_rate_mean,zero_crossing_rate_var,harmony_mean,harmony_var,perceptr_mean,perceptr_var,tempo,mfcc1_mean,mfcc1_var,mfcc2_mean,mfcc2_var,mfcc3_mean,mfcc3_var,mfcc4_mean,mfcc4_var,mfcc5_mean,mfcc5_var,mfcc6_mean,mfcc6_var,mfcc7_mean,mfcc7_var,mfcc8_mean,mfcc8_var,mfcc9_mean,mfcc9_var,mfcc10_mean,mfcc10_var,mfcc11_mean,mfcc11_var,mfcc12_mean,mfcc12_var,mfcc13_mean,mfcc13_var,mfcc14_mean,mfcc14_var,mfcc15_mean,mfcc15_var,mfcc16_mean,mfcc16_var,mfcc17_mean,mfcc17_var,mfcc18_mean,mfcc18_var,mfcc19_mean,mfcc19_var,mfcc20_mean,mfcc20_var
0.46924323,0.0740368,0.13622084,0.0014257499,2254.6069861040164,181485.10334560616,2071.0284398514386,65546.96398364648,4381.532206170244,681232.8309003843,0.12011605459686775,0.0014769890824749856,-0.0018810106,0.0075788847,-0.0039682984,0.0064954786,135.99917763157896,-82.511116,1495.3134,97.34172,323.14224,-34.367928,303.474,71.4085,188.57922,-3.2920291,86.01735,17.37537,84.59706,-9.026282,84.94236,16.017792,58.439934,-19.010939,60.75086,12.084585,45.94071,-9.567408,54.467407,13.953283,56.92133,-14.459843,49.913574,7.9577527,60.23667,-7.127907,42.36973,5.176864,38.004707,-7.204416,44.359642,0.6724305,42.636383,-4.8359213,40.49488,-2.104596,28.758797
