chroma_stft_mean,chroma_stft_var,rms_mean,rms_var,spectral_centroid_mean,spectral_centroid_var,spectral_bandwidth_mean,spectral_bandwidth_var,rolloff_mean,rolloff_var,zero_crossing_rate_mean,zero_crossing_rate_var,harmony_mean,harmony_var,perceptr_mean,perceptr_var,tempo,mfcc1_mean,mfcc1_var,mfcc2_mean,mfcc2_var,mfcc3_mean,mfcc3_var,mfcc4_mean,mfcc4_var,mfcc5_mean,mfcc5_var,mfcc6_mean,mfcc6_var,mfcc7_mean,mfcc7_var,mfcc8_mean,mfcc8_var,mfcc9_mean,mfcc9_var,mfcc10_mean,mfcc10_var,mfcc11_mean,mfcc11_var,mfcc12_mean,mfcc12_var,mfcc13_mean,mfcc13_var,mfcc14_mean,mfcc14_var,mfcc15_mean,mfcc15_var,mfcc16_mean,mfcc16_var,mfcc17_mean,mfcc17_var,mfcc18_mean,mfcc18_var,mfcc19_mean,mfcc19_var,mfcc20_mean,mfcc20_var
0.43276274,0.07504221,0.13272823,0.0006411901,2198.9192293914725,146529.3977203153,2006.3317772520948,81201.99195140153,4447.472436466793,669803.2325373275,0.12834093133700697,0.0009791959492596286,-6.3359576e-06,0.0076486715,-0.00044250127,0.004009483,112.34714673913044,-62.234993,995.3575,115.17359,316.81232,-42.7843,299.43436,54.301395,215.76904,-24.871058,75.688126,20.127165,106.467804,-21.635332,68.519226,20.841627,47.369938,-8.395902,59.444477,20.322468,44.976437,-10.730717,51.56766,9.666508,38.547375,-14.542503,52.859497,6.9304943,31.85381,-7.477543,32.54057,5.972606,35.67236,-3.4734755,33.779533,6.566592,38.427895,-6.5757914,40.791233,2.9632413,33.529026
