chroma_stft_mean,chroma_stft_var,rms_mean,rms_var,spectral_centroid_mean,spectral_centroid_var,spectral_bandwidth_mean,spectral_bandwidth_var,rolloff_mean,rolloff_var,zero_crossing_rate_mean,zero_crossing_rate_var,harmony_mean,harmony_var,perceptr_mean,perceptr_var,tempo,mfcc1_mean,mfcc1_var,mfcc2_mean,mfcc2_var,mfcc3_mean,mfcc3_var,mfcc4_mean,mfcc4_var,mfcc5_mean,mfcc5_var,mfcc6_mean,mfcc6_var,mfcc7_mean,mfcc7_var,mfcc8_mean,mfcc8_var,mfcc9_mean,mfcc9_var,mfcc10_mean,mfcc10_var,mfcc11_mean,mfcc11_var,mfcc12_mean,mfcc12_var,mfcc13_mean,mfcc13_var,mfcc14_mean,mfcc14_var,mfcc15_mean,mfcc15_var,mfcc16_mean,mfcc16_var,mfcc17_mean,mfcc17_var,mfcc18_mean,mfcc18_var,mfcc19_mean,mfcc19_var,mfcc20_mean,mfcc20_var
0.4675233,0.07411972,0.18228553,0.00090470596,2442.504289617461,87511.56635064355,2102.881568574062,30202.623665565596,4728.594814928944,370432.75521058764,0.14982190762761022,0.0010830232940035366,-2.9245817e-05,0.015882356,-0.0011004506,0.006078358,99.38401442307692,-15.625049,360.38052,99.14236,164.04086,-45.630257,135.57751,55.01213,70.57669,-18.020164,29.895018,23.897812,45.264465,-19.600197,35.989407,27.33792,39.737305,-15.103914,30.706877,18.797401,31.762339,-16.146687,23.08019,9.214215,46.400738,-16.21849,24.957672,5.446563,31.014036,-4.650935,32.989,6.280097,57.72328,-4.700804,39.960175,7.448506,27.678297,-5.884447,29.11343,-0.7042057,30.113546
