chroma_stft_mean,chroma_stft_var,rms_mean,rms_var,spectral_centroid_mean,spectral_centroid_var,spectral_bandwidth_mean,spectral_bandwidth_var,rolloff_mean,rolloff_var,zero_crossing_rate_mean,zero_crossing_rate_var,harmony_mean,harmony_var,perceptr_mean,perceptr_var,tempo,mfcc1_mean,mfcc1_var,mfcc2_mean,mfcc2_var,mfcc3_mean,mfcc3_var,mfcc4_mean,mfcc4_var,mfcc5_mean,mfcc5_var,mfcc6_mean,mfcc6_var,mfcc7_mean,mfcc7_var,mfcc8_mean,mfcc8_var,mfcc9_mean,mfcc9_var,mfcc10_mean,mfcc10_var,mfcc11_mean,mfcc11_var,mfcc12_mean,mfcc12_var,mfcc13_mean,mfcc13_var,mfcc14_mean,mfcc14_var,mfcc15_mean,mfcc15_var,mfcc16_mean,mfcc16_var,mfcc17_mean,mfcc17_var,mfcc18_mean,mfcc18_var,mfcc19_mean,mfcc19_var,mfcc20_mean,mfcc20_var
0.434491,0.08044388,0.08825739,0.00034206503,2629.8501440745704,215932.8933975902,2248.6904965784997,60353.57341533377,5190.917515588747,716152.8285111898,0.15901012966453984,0.0021362775039144174,-0.0011387005,0.0034956497,-0.0021138848,0.0018859464,123.046875,-96.319695,1244.9901,90.949715,296.8072,-32.219547,320.45474,54.32833,125.77935,-23.034355,127.10066,27.715986,100.29062,-16.943092,89.690056,21.053059,57.482628,-18.197134,49.59068,22.608377,68.661896,-9.003789,48.089207,14.271802,48.578438,-10.993185,47.624123,10.094118,44.625168,-11.178228,38.741558,5.784659,52.048508,-9.891548,31.471142,4.401553,33.555347,-6.972505,52.94103,1.2492706,37.32415
