chroma_stft_mean,chroma_stft_var,rms_mean,rms_var,spectral_centroid_mean,spectral_centroid_var,spectral_bandwidth_mean,spectral_bandwidth_var,rolloff_mean,rolloff_var,zero_crossing_rate_mean,zero_crossing_rate_var,harmony_mean,harmony_var,perceptr_mean,perceptr_var,tempo,mfcc1_mean,mfcc1_var,mfcc2_mean,mfcc2_var,mfcc3_mean,mfcc3_var,mfcc4_mean,mfcc4_var,mfcc5_mean,mfcc5_var,mfcc6_mean,mfcc6_var,mfcc7_mean,mfcc7_var,mfcc8_mean,mfcc8_var,mfcc9_mean,mfcc9_var,mfcc10_mean,mfcc10_var,mfcc11_mean,mfcc11_var,mfcc12_mean,mfcc12_var,mfcc13_mean,mfcc13_var,mfcc14_mean,mfcc14_var,mfcc15_mean,mfcc15_var,mfcc16_mean,mfcc16_var,mfcc17_mean,mfcc17_var,mfcc18_mean,mfcc18_var,mfcc19_mean,mfcc19_var,mfcc20_mean,mfcc20_var
0.4367055,0.08136487,0.09362837,0.0003873215,2464.2908932653336,124017.98607379649,2037.687557797889,52987.02591265527,4549.026552983613,719257.0552748226,0.15186113326566125,0.0009893623925114783,-0.0015695258,0.0040629245,-0.0021474804,0.0021481623,129.19921875,-93.58541,702.0111,89.861046,234.7312,-55.879726,155.9056,51.63358,55.612118,-5.5666103,67.12633,28.788872,71.83624,-13.892081,57.1268,27.35178,55.175816,-15.314688,60.998833,22.830261,45.258404,-12.409005,39.762474,9.700516,34.084034,-19.727627,36.404613,-0.7784078,42.399742,-9.097811,48.61491,12.417602,43.063667,-5.458702,50.228516,4.236134,42.666275,-10.867431,33.21707,-2.947071,36.46912
