chroma_stft_mean,chroma_stft_var,rms_mean,rms_var,spectral_centroid_mean,spectral_centroid_var,spectral_bandwidth_mean,spectral_bandwidth_var,rolloff_mean,rolloff_var,zero_crossing_rate_mean,zero_crossing_rate_var,harmony_mean,harmony_var,perceptr_mean,perceptr_var,tempo,mfcc1_mean,mfcc1_var,mfcc2_mean,mfcc2_var,mfcc3_mean,mfcc3_var,mfcc4_mean,mfcc4_var,mfcc5_mean,mfcc5_var,mfcc6_mean,mfcc6_var,mfcc7_mean,mfcc7_var,mfcc8_mean,mfcc8_var,mfcc9_mean,mfcc9_var,mfcc10_mean,mfcc10_var,mfcc11_mean,mfcc11_var,mfcc12_mean,mfcc12_var,mfcc13_mean,mfcc13_var,mfcc14_mean,mfcc14_var,mfcc15_mean,mfcc15_var,mfcc16_mean,mfcc16_var,mfcc17_mean,mfcc17_var,mfcc18_mean,mfcc18_var,mfcc19_mean,mfcc19_var,mfcc20_mean,mfcc20_var
0.5103692,0.07276427,0.20701885,0.0007464586,3113.773135146241,157656.2949792938,2411.5633343766262,37046.3145394317,5829.252918358468,463104.07635070314,0.19571807932134572,0.0016636177092477279,7.568494e-06,0.018988436,-0.00016820776,0.009353245,123.046875,1.1601229,344.151,66.66129,192.06656,-23.696735,166.80466,60.959904,94.95088,-18.879902,63.299076,29.750109,68.805626,-17.541328,64.91126,21.03256,45.60138,-11.1868925,47.579247,18.81291,46.94715,-13.0625515,37.971764,19.95668,40.98987,-10.566299,31.113668,10.513516,29.202648,-9.33812,33.58429,8.417268,25.5813,-6.6506505,27.898739,5.009334,23.93469,-6.475538,24.611195,7.6075783,24.49018
