chroma_stft_mean,chroma_stft_var,rms_mean,rms_var,spectral_centroid_mean,spectral_centroid_var,spectral_bandwidth_mean,spectral_bandwidth_var,rolloff_mean,rolloff_var,zero_crossing_rate_mean,zero_crossing_rate_var,harmony_mean,harmony_var,perceptr_mean,perceptr_var,tempo,mfcc1_mean,mfcc1_var,mfcc2_mean,mfcc2_var,mfcc3_mean,mfcc3_var,mfcc4_mean,mfcc4_var,mfcc5_mean,mfcc5_var,mfcc6_mean,mfcc6_var,mfcc7_mean,mfcc7_var,mfcc8_mean,mfcc8_var,mfcc9_mean,mfcc9_var,mfcc10_mean,mfcc10_var,mfcc11_mean,mfcc11_var,mfcc12_mean,mfcc12_var,mfcc13_mean,mfcc13_var,mfcc14_mean,mfcc14_var,mfcc15_mean,mfcc15_var,mfcc16_mean,mfcc16_var,mfcc17_mean,mfcc17_var,mfcc18_mean,mfcc18_var,mfcc19_mean,mfcc19_var,mfcc20_mean,mfcc20_var
0.492861,0.07817576,0.22736318,0.0019804256,2906.6272868814203,119035.93878866975,2374.528030477664,46728.22798379952,5518.770109030597,445985.21083330427,0.1725668261794277,0.0011789056213810498,-6.4124597e-06,0.022364816,-0.00015117018,0.012235797,123.046875,4.921885,341.49667,75.08444,171.37636,-24.7378,166.87476,57.01522,114.877754,-21.784542,78.28916,26.046984,68.72929,-12.561588,71.20843,17.442467,45.71982,-10.24161,55.08249,18.605198,42.174755,-13.02789,50.84817,18.950468,40.979137,-9.700774,43.476543,11.361166,37.211212,-7.272072,33.72109,7.7243614,26.898666,-5.3982544,26.684772,3.411697,24.39039,-6.9312916,29.73541,6.545413,26.907568
