chroma_stft_mean,chroma_stft_var,rms_mean,rms_var,spectral_centroid_mean,spectral_centroid_var,spectral_bandwidth_mean,spectral_bandwidth_var,rolloff_mean,rolloff_var,zero_crossing_rate_mean,zero_crossing_rate_var,harmony_mean,harmony_var,perceptr_mean,perceptr_var,tempo,mfcc1_mean,mfcc1_var,mfcc2_mean,mfcc2_var,mfcc3_mean,mfcc3_var,mfcc4_mean,mfcc4_var,mfcc5_mean,mfcc5_var,mfcc6_mean,mfcc6_var,mfcc7_mean,mfcc7_var,mfcc8_mean,mfcc8_var,mfcc9_mean,mfcc9_var,mfcc10_mean,mfcc10_var,mfcc11_mean,mfcc11_var,mfcc12_mean,mfcc12_var,mfcc13_mean,mfcc13_var,mfcc14_mean,mfcc14_var,mfcc15_mean,mfcc15_var,mfcc16_mean,mfcc16_var,mfcc17_mean,mfcc17_var,mfcc18_mean,mfcc18_var,mfcc19_mean,mfcc19_var,mfcc20_mean,mfcc20_var
0.42690107,0.084089056,0.14654946,0.00037627516,2141.5802031244207,225673.42355102993,2217.6345370929585,63674.61831464309,4683.230201384861,806363.7068845206,0.08463503903228925,0.0017847345487934263,1.9376548e-06,0.014577073,-1.1605756e-05,0.002588455,89.10290948275862,-93.54413,907.40015,100.64616,375.26505,-23.339111,227.33435,52.490635,112.49746,-7.746713,47.233063,39.590942,50.981415,-7.766726,54.91339,26.725874,34.975903,-12.482563,48.859146,11.733807,44.994865,-10.551812,39.04046,23.023441,61.549026,-9.955353,59.896572,4.162056,45.09764,-12.794265,44.452637,1.7877929,28.438116,-2.0173976,48.629925,1.9362236,57.885597,-9.054855,32.559643,-7.048695,46.175846
