chroma_stft_mean,chroma_stft_var,rms_mean,rms_var,spectral_centroid_mean,spectral_centroid_var,spectral_bandwidth_mean,spectral_bandwidth_var,rolloff_mean,rolloff_var,zero_crossing_rate_mean,zero_crossing_rate_var,harmony_mean,harmony_var,perceptr_mean,perceptr_var,tempo,mfcc1_mean,mfcc1_var,mfcc2_mean,mfcc2_var,mfcc3_mean,mfcc3_var,mfcc4_mean,mfcc4_var,mfcc5_mean,mfcc5_var,mfcc6_mean,mfcc6_var,mfcc7_mean,mfcc7_var,mfcc8_mean,mfcc8_var,mfcc9_mean,mfcc9_var,mfcc10_mean,mfcc10_var,mfcc11_mean,mfcc11_var,mfcc12_mean,mfcc12_var,mfcc13_mean,mfcc13_var,mfcc14_mean,mfcc14_var,mfcc15_mean,mfcc15_var,mfcc16_mean,mfcc16_var,mfcc17_mean,mfcc17_var,mfcc18_mean,mfcc18_var,mfcc19_mean,mfcc19_var,mfcc20_mean,mfcc20_var
0.4877041,0.06745071,0.11605348,0.00030653347,3274.50233695886,268192.5587575601,2722.4884522973516,151273.66571768574,6408.00146824246,1687519.1282076729,0.18301936811194897,0.002186167414544937,0.0003943256,0.0069540846,0.0024365596,0.002323884,95.703125,-52.940304,348.85107,50.09013,196.94159,-11.491268,260.2043,46.324932,222.09177,6.5430007,116.34565,10.116378,81.851776,5.4855285,66.73695,8.844899,65.202774,5.929942,57.59235,6.625154,51.407864,-4.0330343,56.706837,9.778293,54.307533,-3.1172316,53.32109,3.653597,57.85395,-6.502194,49.80674,1.0854731,47.405632,-4.482196,41.07208,4.709674,36.599598,-2.755327,44.850822,0.49856457,37.1307
