chroma_stft_mean,chroma_stft_var,rms_mean,rms_var,spectral_centroid_mean,spectral_centroid_var,spectral_bandwidth_mean,spectral_bandwidth_var,rolloff_mean,rolloff_var,zero_crossing_rate_mean,zero_crossing_rate_var,harmony_mean,harmony_var,perceptr_mean,perceptr_var,tempo,mfcc1_mean,mfcc1_var,mfcc2_mean,mfcc2_var,mfcc3_mean,mfcc3_var,mfcc4_mean,mfcc4_var,mfcc5_mean,mfcc5_var,mfcc6_mean,mfcc6_var,mfcc7_mean,mfcc7_var,mfcc8_mean,mfcc8_var,mfcc9_mean,mfcc9_var,mfcc10_mean,mfcc10_var,mfcc11_mean,mfcc11_var,mfcc12_mean,mfcc12_var,mfcc13_mean,mfcc13_var,mfcc14_mean,mfcc14_var,mfcc15_mean,mfcc15_var,mfcc16_mean,mfcc16_var,mfcc17_mean,mfcc17_var,mfcc18_mean,mfcc18_var,mfcc19_mean,mfcc19_var,mfcc20_mean,mfcc20_var
0.4463737,0.07493515,0.22039165,0.0015616345,2566.91858339228,166904.43468768013,2408.7330633112547,39800.37490453531,5444.63627012036,577871.2398889569,0.1251472774071926,0.0018088827491985445,-1.0854246e-05,0.0221459,-7.864771e-05,0.012326427,135.99917763157896,-12.502043,800.03076,91.31737,219.14156,-23.075956,163.00328,50.965084,164.18864,-12.095052,96.39539,30.911148,53.477493,-14.991018,110.3442,23.05281,53.00325,-14.263137,65.641014,23.069014,72.259155,-17.673542,52.553795,13.15619,40.956818,-15.185923,54.711452,3.9460368,39.840496,-9.08401,37.190132,5.5478163,39.54663,-9.836834,31.479218,5.62546,32.446648,-7.034442,28.39306,1.4145368,32.82709
