chroma_stft_mean,chroma_stft_var,rms_mean,rms_var,spectral_centroid_mean,spectral_centroid_var,spectral_bandwidth_mean,spectral_bandwidth_var,rolloff_mean,rolloff_var,zero_crossing_rate_mean,zero_crossing_rate_var,harmony_mean,harmony_var,perceptr_mean,perceptr_var,tempo,mfcc1_mean,mfcc1_var,mfcc2_mean,mfcc2_var,mfcc3_mean,mfcc3_var,mfcc4_mean,mfcc4_var,mfcc5_mean,mfcc5_var,mfcc6_mean,mfcc6_var,mfcc7_mean,mfcc7_var,mfcc8_mean,mfcc8_var,mfcc9_mean,mfcc9_var,mfcc10_mean,mfcc10_var,mfcc11_mean,mfcc11_var,mfcc12_mean,mfcc12_var,mfcc13_mean,mfcc13_var,mfcc14_mean,mfcc14_var,mfcc15_mean,mfcc15_var,mfcc16_mean,mfcc16_var,mfcc17_mean,mfcc17_var,mfcc18_mean,mfcc18_var,mfcc19_mean,mfcc19_var,mfcc20_mean,mfcc20_var
0.457042,0.07600308,0.09754965,0.00036312063,2269.1618713103626,135768.48404392137,1928.9447572525814,88448.30962228066,4186.5592938841355,726465.2924683243,0.1373478888727765,0.001084185236346423,-0.001573508,0.0042267353,-0.002190426,0.0025299457,117.45383522727273,-100.42342,1325.6073,104.69321,394.0878,-57.254005,329.21243,56.57685,112.95485,-5.555651,93.56586,22.83327,101.26753,-6.1715164,110.30306,23.097109,78.76856,-19.071957,50.131084,17.795355,52.07293,-13.782983,48.07739,9.962791,50.02425,-14.858659,48.876656,0.34510985,71.09164,-7.337757,52.97333,6.9754963,40.780434,-12.673841,40.807056,-0.5505391,31.094152,-11.756444,37.40294,-1.5362891,30.366365
