chroma_stft_mean,chroma_stft_var,rms_mean,rms_var,spectral_centroid_mean,spectral_centroid_var,spectral_bandwidth_mean,spectral_bandwidth_var,rolloff_mean,rolloff_var,zero_crossing_rate_mean,zero_crossing_rate_var,harmony_mean,harmony_var,perceptr_mean,perceptr_var,tempo,mfcc1_mean,mfcc1_var,mfcc2_mean,mfcc2_var,mfcc3_mean,mfcc3_var,mfcc4_mean,mfcc4_var,mfcc5_mean,mfcc5_var,mfcc6_mean,mfcc6_var,mfcc7_mean,mfcc7_var,mfcc8_mean,mfcc8_var,mfcc9_mean,mfcc9_var,mfcc10_mean,mfcc10_var,mfcc11_mean,mfcc11_var,mfcc12_mean,mfcc12_var,mfcc13_mean,mfcc13_var,mfcc14_mean,mfcc14_var,mfcc15_mean,mfcc15_var,mfcc16_mean,mfcc16_var,mfcc17_mean,mfcc17_var,mfcc18_mean,mfcc18_var,mfcc19_mean,mfcc19_var,mfcc20_mean,mfcc20_var
0.5336742,0.069381244,0.2694679,0.0017449906,2814.947126588473,364094.62075005285,2547.9267859040733,103444.51448635632,5897.1582824282195,1239866.866361729,0.13179062137470998,0.0021543567092326566,-7.970604e-06,0.036024813,-0.0003149144,0.013796009,99.38401442307692,-1.694594,1264.3114,73.40456,422.0722,-15.908845,294.78534,55.804432,214.44412,-1.902661,101.24808,34.030216,120.9447,-8.318228,103.72792,32.759865,97.23294,-9.707088,79.393776,20.836563,55.589344,-9.03743,55.018753,13.959178,56.6054,-9.585644,46.996204,4.956871,36.032276,-6.618671,37.888783,6.479055,32.885162,-6.448527,26.752653,2.229512,27.607952,-3.010702,28.8254,1.9822059,21.484186
