chroma_stft_mean,chroma_stft_var,rms_mean,rms_var,spectral_centroid_mean,spectral_centroid_var,spectral_bandwidth_mean,spectral_bandwidth_var,rolloff_mean,rolloff_var,zero_crossing_rate_mean,zero_crossing_rate_var,harmony_mean,harmony_var,perceptr_mean,perceptr_var,tempo,mfcc1_mean,mfcc1_var,mfcc2_mean,mfcc2_var,mfcc3_mean,mfcc3_var,mfcc4_mean,mfcc4_var,mfcc5_mean,mfcc5_var,mfcc6_mean,mfcc6_var,mfcc7_mean,mfcc7_var,mfcc8_mean,mfcc8_var,mfcc9_mean,mfcc9_var,mfcc10_mean,mfcc10_var,mfcc11_mean,mfcc11_var,mfcc12_mean,mfcc12_var,mfcc13_mean,mfcc13_var,mfcc14_mean,mfcc14_var,mfcc15_mean,mfcc15_var,mfcc16_mean,mfcc16_var,mfcc17_mean,mfcc17_var,mfcc18_mean,mfcc18_var,mfcc19_mean,mfcc19_var,mfcc20_mean,mfcc20_var
0.55526906,0.062256567,0.10085118,0.0009651394,2699.3192596794,214732.7150148028,2324.2361798620072,56754.48880208101,5384.857899960121,764684.574222427,0.16142736731438515,0.0022584375015557703,-0.002024715,0.003188938,-0.003762341,0.0035153988,112.34714673913044,-89.35648,3149.5413,82.35881,375.9566,-23.250645,210.18712,68.10648,139.4556,-13.07544,83.6856,22.44569,92.367584,-18.51355,62.390602,26.229427,50.860718,-14.34578,55.863743,21.501032,43.55509,-13.874236,36.753624,12.476178,35.513874,-14.113441,27.984861,3.7539756,46.356575,-10.1055975,36.486362,5.3978124,34.737373,-11.110423,23.206663,2.683608,33.283146,-5.685,24.417467,3.0929544,25.058422
