chroma_stft_mean,chroma_stft_var,rms_mean,rms_var,spectral_centroid_mean,spectral_centroid_var,spectral_bandwidth_mean,spectral_bandwidth_var,rolloff_mean,rolloff_var,zero_crossing_rate_mean,zero_crossing_rate_var,harmony_mean,harmony_var,perceptr_mean,perceptr_var,tempo,mfcc1_mean,mfcc1_var,mfcc2_mean,mfcc2_var,mfcc3_mean,mfcc3_var,mfcc4_mean,mfcc4_var,mfcc5_mean,mfcc5_var,mfcc6_mean,mfcc6_var,mfcc7_mean,mfcc7_var,mfcc8_mean,mfcc8_var,mfcc9_mean,mfcc9_var,mfcc10_mean,mfcc10_var,mfcc11_mean,mfcc11_var,mfcc12_mean,mfcc12_var,mfcc13_mean,mfcc13_var,mfcc14_mean,mfcc14_var,mfcc15_mean,mfcc15_var,mfcc16_mean,mfcc16_var,mfcc17_mean,mfcc17_var,mfcc18_mean,mfcc18_var,mfcc19_mean,mfcc19_var,mfcc20_mean,mfcc20_var
0.6347416,0.04797519,0.063436955,0.00010783112,3403.076270500999,267807.26002244954,2825.1012483991854,53340.288390800735,6902.990354462732,789468.0407977324,0.19235071357791958,0.002361824490763959,-1.2979856e-06,0.001722421,-8.992039e-05,0.0008747497,135.99917763157896,-107.15857,1127.3877,47.66012,322.08752,-8.623368,182.35811,38.404957,182.75574,8.464611,102.79662,9.544071,96.17171,1.011235,111.446526,20.752398,80.361115,0.7103535,62.77696,11.781386,63.803474,1.1649987,49.654144,11.065437,42.729504,-2.537655,43.61262,7.584563,42.633415,-4.201381,36.75403,7.0797973,36.84952,-6.6220603,39.422897,4.549069,32.3832,-4.2646813,30.51475,4.2875566,32.46356
