chroma_stft_mean,chroma_stft_var,rms_mean,rms_var,spectral_centroid_mean,spectral_centroid_var,spectral_bandwidth_mean,spectral_bandwidth_var,rolloff_mean,rolloff_var,zero_crossing_rate_mean,zero_crossing_rate_var,harmony_mean,harmony_var,perceptr_mean,perceptr_var,tempo,mfcc1_mean,mfcc1_var,mfcc2_mean,mfcc2_var,mfcc3_mean,mfcc3_var,mfcc4_mean,mfcc4_var,mfcc5_mean,mfcc5_var,mfcc6_mean,mfcc6_var,mfcc7_mean,mfcc7_var,mfcc8_mean,mfcc8_var,mfcc9_mean,mfcc9_var,mfcc10_mean,mfcc10_var,mfcc11_mean,mfcc11_var,mfcc12_mean,mfcc12_var,mfcc13_mean,mfcc13_var,mfcc14_mean,mfcc14_var,mfcc15_mean,mfcc15_var,mfcc16_mean,mfcc16_var,mfcc17_mean,mfcc17_var,mfcc18_mean,mfcc18_var,mfcc19_mean,mfcc19_var,mfcc20_mean,mfcc20_var
0.4303723,0.0811005,0.08802084,0.0009982974,2390.3250702324603,366649.13637246145,2027.623777033118,119178.63483671764,4449.812277950986,1237368.2484526352,0.14432166292053364,0.0038640447070301723,-0.0015411804,0.0037066427,-0.0016682978,0.002459039,123.046875,-135.4813,5768.015,93.3442,724.59485,-43.302967,711.2244,59.231857,223.61122,-8.526451,134.49602,20.959759,138.01625,-6.542696,158.76514,21.902744,93.356186,-18.983,81.63883,17.052896,74.36938,-15.888565,74.71295,11.074282,46.798653,-18.491041,59.525013,-0.81779605,72.19033,-5.623021,88.3993,4.6707034,80.17477,-8.742449,109.49502,2.119905,101.77823,-8.560504,84.97129,0.22010235,51.872486
