chroma_stft_mean,chroma_stft_var,rms_mean,rms_var,spectral_centroid_mean,spectral_centroid_var,spectral_bandwidth_mean,spectral_bandwidth_var,rolloff_mean,rolloff_var,zero_crossing_rate_mean,zero_crossing_rate_var,harmony_mean,harmony_var,perceptr_mean,perceptr_var,tempo,mfcc1_mean,mfcc1_var,mfcc2_mean,mfcc2_var,mfcc3_mean,mfcc3_var,mfcc4_mean,mfcc4_var,mfcc5_mean,mfcc5_var,mfcc6_mean,mfcc6_var,mfcc7_mean,mfcc7_var,mfcc8_mean,mfcc8_var,mfcc9_mean,mfcc9_var,mfcc10_mean,mfcc10_var,mfcc11_mean,mfcc11_var,mfcc12_mean,mfcc12_var,mfcc13_mean,mfcc13_var,mfcc14_mean,mfcc14_var,mfcc15_mean,mfcc15_var,mfcc16_mean,mfcc16_var,mfcc17_mean,mfcc17_var,mfcc18_mean,mfcc18_var,mfcc19_mean,mfcc19_var,mfcc20_mean,mfcc20_var
0.50919664,0.075234964,0.10457902,0.000570218,2710.685063554155,211162.4113182034,2194.85859517659,58620.011612139686,5083.10161687935,840780.0965868839,0.1665242985063805,0.002153875978027969,-0.0012583707,0.0035871603,-0.002505722,0.0037262284,107.666015625,-74.115265,798.4838,80.08523,284.78897,-46.961487,238.8023,51.019073,86.14308,-9.135112,65.79291,31.777958,89.00685,-6.3894787,99.37369,24.861723,46.428402,-19.146336,63.45107,20.790165,46.081177,-11.678598,46.2843,13.847807,32.279648,-16.471899,35.213203,7.7532353,33.32437,-10.609654,29.542017,7.502063,30.319479,-10.357538,41.42256,4.9837775,39.934155,-8.218247,40.253185,1.2317387,31.992907
