chroma_stft_mean,chroma_stft_var,rms_mean,rms_var,spectral_centroid_mean,spectral_centroid_var,spectral_bandwidth_mean,spectral_bandwidth_var,rolloff_mean,rolloff_var,zero_crossing_rate_mean,zero_crossing_rate_var,harmony_mean,harmony_var,perceptr_mean,perceptr_var,tempo,mfcc1_mean,mfcc1_var,mfcc2_mean,mfcc2_var,mfcc3_mean,mfcc3_var,mfcc4_mean,mfcc4_var,mfcc5_mean,mfcc5_var,mfcc6_mean,mfcc6_var,mfcc7_mean,mfcc7_var,mfcc8_mean,mfcc8_var,mfcc9_mean,mfcc9_var,mfcc10_mean,mfcc10_var,mfcc11_mean,mfcc11_var,mfcc12_mean,mfcc12_var,mfcc13_mean,mfcc13_var,mfcc14_mean,mfcc14_var,mfcc15_mean,mfcc15_var,mfcc16_mean,mfcc16_var,mfcc17_mean,mfcc17_var,mfcc18_mean,mfcc18_var,mfcc19_mean,mfcc19_var,mfcc20_mean,mfcc20_var
0.30133316,0.07911946,0.14927524,0.0020143525,1855.3403240392308,39240.31965309501,2097.186988828385,30002.410997604555,3670.061140975716,241881.87723791628,0.08738873839009288,0.0003646326133164136,-0.00042158473,0.016834278,-0.001177371,0.00180505,143.5546875,-78.184715,1563.9756,114.06263,100.65694,-20.667086,163.8247,22.802532,80.837135,0.011496151,45.397366,2.6445055,31.620737,-6.5449467,27.877445,-4.067176,31.669765,-8.844391,37.322006,-3.4907415,42.899162,-7.059298,43.18138,-0.6931688,24.380735,-3.1066408,30.095062,-1.9314107,45.184555,-3.6360688,32.687645,-0.14246981,26.287605,-5.4540825,36.902744,-4.0236354,26.010439,-5.5394487,29.735704,0.38075033,37.021526
0.31768143,0.082561605,0.09809849,0.004754798,2594.1883337543645,363984.88956276106,2451.33012417471,111622.17589653336,5263.751504148123,1736660.2841866533,0.13138091379643962,0.001023538711674802,-0.00081793586,0.010957697,-0.0008110997,0.0008556835,123.046875,-118.57087,4529.856,82.66995,531.43335,-20.304905,83.52714,14.842946,135.18462,-4.1962852,44.31825,2.6941745,29.004946,-8.059777,46.844315,-3.1002095,24.802242,-7.125094,29.191551,-0.33865187,41.927288,-2.3946018,66.94409,1.9430041,45.38677,-2.068686,48.659275,-0.9993538,69.34174,-2.6879342,44.391876,1.4742318,41.23664,-4.169502,40.745537,-0.41409776,32.42319,-2.0752637,52.604176,0.10056723,68.11372
