chroma_stft_mean,chroma_stft_var,rms_mean,rms_var,spectral_centroid_mean,spectral_centroid_var,spectral_bandwidth_mean,spectral_bandwidth_var,rolloff_mean,rolloff_var,zero_crossing_rate_mean,zero_crossing_rate_var,harmony_mean,harmony_var,perceptr_mean,perceptr_var,tempo,mfcc1_mean,mfcc1_var,mfcc2_mean,mfcc2_var,mfcc3_mean,mfcc3_var,mfcc4_mean,mfcc4_var,mfcc5_mean,mfcc5_var,mfcc6_mean,mfcc6_var,mfcc7_mean,mfcc7_var,mfcc8_mean,mfcc8_var,mfcc9_mean,mfcc9_var,mfcc10_mean,mfcc10_var,mfcc11_mean,mfcc11_var,mfcc12_mean,mfcc12_var,mfcc13_mean,mfcc13_var,mfcc14_mean,mfcc14_var,mfcc15_mean,mfcc15_var,mfcc16_mean,mfcc16_var,mfcc17_mean,mfcc17_var,mfcc18_mean,mfcc18_var,mfcc19_mean,mfcc19_var,mfcc20_mean,mfcc20_var
0.31342074,0.095686905,0.03762123,0.0019208802,1392.096608560634,93004.03276665778,2297.4982618669087,117507.15712691401,3100.397918984617,1306572.346679326,0.03728624467879257,0.0006016419909650301,-0.0009050282,0.0019592643,-0.0008866129,0.00044727387,123.046875,-366.78342,16542.676,104.00711,575.3301,25.228582,655.81134,31.06478,127.2821,17.36722,117.35933,22.322758,55.791748,9.846028,59.35675,8.582385,40.249065,2.4295886,42.52415,6.0373707,65.701904,0.680064,80.058754,3.9917548,61.706207,-0.12552966,56.35097,1.4883155,41.333725,-1.2159935,42.213367,0.49497542,56.62105,-1.2531972,49.992516,3.6424785,63.51328,2.0029526,87.447876,5.3385024,88.64935
0.45630223,0.06875913,0.12333899,0.0007338963,1663.4697932316503,335146.36952397507,1862.5851636424188,180157.3402274247,3340.129802692047,1713744.5335465316,0.08278710332817338,0.00156418458315016,-0.00012494587,0.009465391,-0.0016924863,0.0018492861,135.99917763157896,-93.79668,2717.9856,134.33081,1272.4027,-27.3459,122.18836,25.738256,50.901928,2.6182275,49.012512,9.974818,17.312168,-0.30210653,20.947622,3.8451824,21.284056,-0.5804095,20.637354,5.837339,16.22609,-3.0679805,23.169468,3.209004,18.419006,-4.116598,14.075389,-3.2438293,15.989554,-2.5317802,15.07312,-0.46002302,21.541466,-4.386555,16.147345,1.0646864,15.652615,-4.926916,20.712564,0.18000372,20.275019
