chroma_stft_mean,chroma_stft_var,rms_mean,rms_var,spectral_centroid_mean,spectral_centroid_var,spectral_bandwidth_mean,spectral_bandwidth_var,rolloff_mean,rolloff_var,zero_crossing_rate_mean,zero_crossing_rate_var,harmony_mean,harmony_var,perceptr_mean,perceptr_var,tempo,mfcc1_mean,mfcc1_var,mfcc2_mean,mfcc2_var,mfcc3_mean,mfcc3_var,mfcc4_mean,mfcc4_var,mfcc5_mean,mfcc5_var,mfcc6_mean,mfcc6_var,mfcc7_mean,mfcc7_var,mfcc8_mean,mfcc8_var,mfcc9_mean,mfcc9_var,mfcc10_mean,mfcc10_var,mfcc11_mean,mfcc11_var,mfcc12_mean,mfcc12_var,mfcc13_mean,mfcc13_var,mfcc14_mean,mfcc14_var,mfcc15_mean,mfcc15_var,mfcc16_mean,mfcc16_var,mfcc17_mean,mfcc17_var,mfcc18_mean,mfcc18_var,mfcc19_mean,mfcc19_var,mfcc20_mean,mfcc20_var
0.3929949,0.086650275,0.05166333,0.00046366281,2875.155262931994,335893.91584335925,2802.961209947392,120470.96716835638,6139.435961517546,1340641.1815823454,0.11831247281032482,0.0030284509765546802,4.0514797e-06,0.0021779712,0.00017737737,0.0003476417,123.046875,-178.03915,2505.606,61.93402,370.78192,1.4865072,320.56534,36.045277,108.00128,7.582727,91.42883,5.1545825,57.67414,-0.90878826,50.0838,2.9489563,52.804317,1.4483311,36.757492,2.140209,48.77431,5.176123,26.261831,2.027973,33.043484,0.5181929,35.695087,6.528275,39.55757,2.6016333,31.620022,4.851193,47.767487,7.9307103,49.75606,4.53006,49.963753,-1.6014934,62.16815,3.73127,72.1174
