chroma_stft_mean,chroma_stft_var,rms_mean,rms_var,spectral_centroid_mean,spectral_centroid_var,spectral_bandwidth_mean,spectral_bandwidth_var,rolloff_mean,rolloff_var,zero_crossing_rate_mean,zero_crossing_rate_var,harmony_mean,harmony_var,perceptr_mean,perceptr_var,tempo,mfcc1_mean,mfcc1_var,mfcc2_mean,mfcc2_var,mfcc3_mean,mfcc3_var,mfcc4_mean,mfcc4_var,mfcc5_mean,mfcc5_var,mfcc6_mean,mfcc6_var,mfcc7_mean,mfcc7_var,mfcc8_mean,mfcc8_var,mfcc9_mean,mfcc9_var,mfcc10_mean,mfcc10_var,mfcc11_mean,mfcc11_var,mfcc12_mean,mfcc12_var,mfcc13_mean,mfcc13_var,mfcc14_mean,mfcc14_var,mfcc15_mean,mfcc15_var,mfcc16_mean,mfcc16_var,mfcc17_mean,mfcc17_var,mfcc18_mean,mfcc18_var,mfcc19_mean,mfcc19_var,mfcc20_mean,mfcc20_var
0.19865003,0.084613875,0.039290268,0.0010215086,1171.8345898377142,167159.23168750692,1278.0267644982482,68095.47382069443,2019.0500493945765,623723.5368580762,0.06491837055297757,0.001158129426220904,8.891766e-05,0.0024084507,5.920087e-05,4.556407e-05,129.19921875,-358.2756,5180.5737,137.95386,1001.52124,-10.996048,560.8138,20.851852,345.037,1.9459159,138.54541,-3.4097786,131.05496,-11.533094,113.38468,-3.2747328,63.878353,-11.018584,72.49007,-8.387629,49.88651,-7.478257,81.29433,-0.9960915,71.555565,-6.7370696,97.74095,2.3955078,155.97685,-2.6338346,141.24416,-0.28783217,175.73763,-1.4399863,138.55882,-1.6889197,148.17998,0.90655446,143.74615,4.4276047,178.21826
