chroma_stft_mean,chroma_stft_var,rms_mean,rms_var,spectral_centroid_mean,spectral_centroid_var,spectral_bandwidth_mean,spectral_bandwidth_var,rolloff_mean,rolloff_var,zero_crossing_rate_mean,zero_crossing_rate_var,harmony_mean,harmony_var,perceptr_mean,perceptr_var,tempo,mfcc1_mean,mfcc1_var,mfcc2_mean,mfcc2_var,mfcc3_mean,mfcc3_var,mfcc4_mean,mfcc4_var,mfcc5_mean,mfcc5_var,mfcc6_mean,mfcc6_var,mfcc7_mean,mfcc7_var,mfcc8_mean,mfcc8_var,mfcc9_mean,mfcc9_var,mfcc10_mean,mfcc10_var,mfcc11_mean,mfcc11_var,mfcc12_mean,mfcc12_var,mfcc13_mean,mfcc13_var,mfcc14_mean,mfcc14_var,mfcc15_mean,mfcc15_var,mfcc16_mean,mfcc16_var,mfcc17_mean,mfcc17_var,mfcc18_mean,mfcc18_var,mfcc19_mean,mfcc19_var,mfcc20_mean,mfcc20_var
0.3374714,0.07998933,0.052383415,0.00041330548,4135.738578404693,541016.446157652,3220.6479293446114,67493.69122274758,8257.483788156178,1197437.436632093,0.26163718097447797,0.0077604351199463024,-7.3640025e-05,0.0021845195,-0.00020082337,0.0003799083,135.99917763157896,-156.65346,2089.2224,22.764954,782.7151,10.47278,238.3366,24.15443,115.99415,10.1406765,101.73897,2.9690418,74.81167,2.4916866,77.41283,0.48640963,63.61903,2.690116,69.2024,1.229519,85.620995,3.3203456,96.52813,-7.8132577,68.35085,1.1047308,87.465225,1.879782,96.21705,2.3282378,83.07504,0.716821,70.44067,2.9861107,87.14326,1.0177087,108.171936,7.6097193,115.06436,-2.0569487,69.547966
