chroma_stft_mean,chroma_stft_var,rms_mean,rms_var,spectral_centroid_mean,spectral_centroid_var,spectral_bandwidth_mean,spectral_bandwidth_var,rolloff_mean,rolloff_var,zero_crossing_rate_mean,zero_crossing_rate_var,harmony_mean,harmony_var,perceptr_mean,perceptr_var,tempo,mfcc1_mean,mfcc1_var,mfcc2_mean,mfcc2_var,mfcc3_mean,mfcc3_var,mfcc4_mean,mfcc4_var,mfcc5_mean,mfcc5_var,mfcc6_mean,mfcc6_var,mfcc7_mean,mfcc7_var,mfcc8_mean,mfcc8_var,mfcc9_mean,mfcc9_var,mfcc10_mean,mfcc10_var,mfcc11_mean,mfcc11_var,mfcc12_mean,mfcc12_var,mfcc13_mean,mfcc13_var,mfcc14_mean,mfcc14_var,mfcc15_mean,mfcc15_var,mfcc16_mean,mfcc16_var,mfcc17_mean,mfcc17_var,mfcc18_mean,mfcc18_var,mfcc19_mean,mfcc19_var,mfcc20_mean,mfcc20_var
0.25413656,0.08901638,0.11169214,0.0014382018,1761.2131331366036,121113.3520501995,1793.1994885944387,84467.59107138455,3462.7322451421114,687484.8547608004,0.08571960496423048,0.000833821409965209,-0.00044260392,0.010101115,-0.0008740673,0.0013978984,151.99908088235293,-173.19873,3003.4849,111.66873,465.89526,-35.907608,525.50085,45.83885,208.3677,-11.437211,82.35532,19.691479,106.85361,-8.076202,90.33597,17.946383,90.39575,-8.960496,219.1846,14.693592,96.42809,-10.340895,81.233086,4.6789846,104.05149,-11.800859,88.32857,3.2474103,87.94706,-7.979046,75.49785,0.10194939,46.857754,-3.5761998,67.22283,-0.43275574,138.5303,-2.1089988,137.91664,-4.8926234,131.04292
