chroma_stft_mean,chroma_stft_var,rms_mean,rms_var,spectral_centroid_mean,spectral_centroid_var,spectral_bandwidth_mean,spectral_bandwidth_var,rolloff_mean,rolloff_var,zero_crossing_rate_mean,zero_crossing_rate_var,harmony_mean,harmony_var,perceptr_mean,perceptr_var,tempo,mfcc1_mean,mfcc1_var,mfcc2_mean,mfcc2_var,mfcc3_mean,mfcc3_var,mfcc4_mean,mfcc4_var,mfcc5_mean,mfcc5_var,mfcc6_mean,mfcc6_var,mfcc7_mean,mfcc7_var,mfcc8_mean,mfcc8_var,mfcc9_mean,mfcc9_var,mfcc10_mean,mfcc10_var,mfcc11_mean,mfcc11_var,mfcc12_mean,mfcc12_var,mfcc13_mean,mfcc13_var,mfcc14_mean,mfcc14_var,mfcc15_mean,mfcc15_var,mfcc16_mean,mfcc16_var,mfcc17_mean,mfcc17_var,mfcc18_mean,mfcc18_var,mfcc19_mean,mfcc19_var,mfcc20_mean,mfcc20_var
0.31165588,0.08982235,0.12999395,0.0015939656,1759.6144140848987,266924.2733585565,1779.7270091119315,30118.795331265435,3574.320201475493,579460.714613734,0.07934929065158546,0.002250989495776937,-0.00016056285,0.011265589,-3.7247755e-05,0.0027247656,99.38401442307692,-146.37517,2848.117,118.19466,634.0435,-34.673393,394.59436,58.782375,130.72723,-14.961517,69.564926,34.299007,53.70988,-6.591182,60.320633,13.8928995,45.35228,-14.637521,76.03636,9.193353,71.21105,-11.336161,74.744316,1.0952282,82.57913,-5.4995704,78.91529,-0.15550436,95.37574,-2.1968448,84.235435,-2.720152,91.16844,1.1273836,99.76022,-5.592761,85.814995,-2.7644794,99.9338,-7.1448135,134.68579
