chroma_stft_mean,chroma_stft_var,rms_mean,rms_var,spectral_centroid_mean,spectral_centroid_var,spectral_bandwidth_mean,spectral_bandwidth_var,rolloff_mean,rolloff_var,zero_crossing_rate_mean,zero_crossing_rate_var,harmony_mean,harmony_var,perceptr_mean,perceptr_var,tempo,mfcc1_mean,mfcc1_var,mfcc2_mean,mfcc2_var,mfcc3_mean,mfcc3_var,mfcc4_mean,mfcc4_var,mfcc5_mean,mfcc5_var,mfcc6_mean,mfcc6_var,mfcc7_mean,mfcc7_var,mfcc8_mean,mfcc8_var,mfcc9_mean,mfcc9_var,mfcc10_mean,mfcc10_var,mfcc11_mean,mfcc11_var,mfcc12_mean,mfcc12_var,mfcc13_mean,mfcc13_var,mfcc14_mean,mfcc14_var,mfcc15_mean,mfcc15_var,mfcc16_mean,mfcc16_var,mfcc17_mean,mfcc17_var,mfcc18_mean,mfcc18_var,mfcc19_mean,mfcc19_var,mfcc20_mean,mfcc20_var
0.30817124,0.0894917,0.07820094,0.0016645314,1617.409384435443,159934.97479064664,1568.4366650433094,17717.842632650372,3103.562413899362,441648.15023575054,0.10058782567188708,0.002149514233829088,-0.00022821863,0.0042113797,-0.00084570074,0.0014392785,95.703125,-216.33937,7644.7812,135.02339,384.85953,-35.487026,866.9371,61.59968,153.12144,-14.557851,217.93465,11.047007,94.77686,1.2091343,73.83613,10.954964,100.94875,-8.300718,106.60555,-1.4434432,113.74959,0.1189478,111.23235,8.277707,151.17154,-4.579705,111.734245,0.578077,143.6818,-6.100091,99.97835,0.20015994,81.45128,-0.60074586,77.32673,-5.046078,87.984085,-1.2558515,121.21859,-7.220031,148.31825
