chroma_stft_mean,chroma_stft_var,rms_mean,rms_var,spectral_centroid_mean,spectral_centroid_var,spectral_bandwidth_mean,spectral_bandwidth_var,rolloff_mean,rolloff_var,zero_crossing_rate_mean,zero_crossing_rate_var,harmony_mean,harmony_var,perceptr_mean,perceptr_var,tempo,mfcc1_mean,mfcc1_var,mfcc2_mean,mfcc2_var,mfcc3_mean,mfcc3_var,mfcc4_mean,mfcc4_var,mfcc5_mean,mfcc5_var,mfcc6_mean,mfcc6_var,mfcc7_mean,mfcc7_var,mfcc8_mean,mfcc8_var,mfcc9_mean,mfcc9_var,mfcc10_mean,mfcc10_var,mfcc11_mean,mfcc11_var,mfcc12_mean,mfcc12_var,mfcc13_mean,mfcc13_var,mfcc14_mean,mfcc14_var,mfcc15_mean,mfcc15_var,mfcc16_mean,mfcc16_var,mfcc17_mean,mfcc17_var,mfcc18_mean,mfcc18_var,mfcc19_mean,mfcc19_var,mfcc20_mean,mfcc20_var
0.34445786,0.08498813,0.046740487,0.0015428542,1503.9322999254405,554590.3474654895,1754.3003588891916,283569.5817742154,2799.366367278132,2685705.4587929985,0.07841653373936582,0.0024458517642570988,-0.00044514594,0.0018131806,-0.00050230627,0.0007540874,123.046875,-252.09982,12157.225,137.90314,1465.4672,-11.128929,731.8261,8.363254,119.988,0.73125356,117.53525,1.5888377,53.209343,-3.731885,56.283455,-4.1349125,38.266983,-5.499282,43.680336,-2.6316204,37.643986,-3.5324266,43.067963,-3.1432617,59.09873,-1.846344,43.779278,-0.9992474,41.17558,-2.5792701,48.968212,-1.9601097,50.278206,-1.5086896,41.090797,0.21448863,55.62529,-1.9954913,50.003765,-3.354487,49.878914
