chroma_stft_mean,chroma_stft_var,rms_mean,rms_var,spectral_centroid_mean,spectral_centroid_var,spectral_bandwidth_mean,spectral_bandwidth_var,rolloff_mean,rolloff_var,zero_crossing_rate_mean,zero_crossing_rate_var,harmony_mean,harmony_var,perceptr_mean,perceptr_var,tempo,mfcc1_mean,mfcc1_var,mfcc2_mean,mfcc2_var,mfcc3_mean,mfcc3_var,mfcc4_mean,mfcc4_var,mfcc5_mean,mfcc5_var,mfcc6_mean,mfcc6_var,mfcc7_mean,mfcc7_var,mfcc8_mean,mfcc8_var,mfcc9_mean,mfcc9_var,mfcc10_mean,mfcc10_var,mfcc11_mean,mfcc11_var,mfcc12_mean,mfcc12_var,mfcc13_mean,mfcc13_var,mfcc14_mean,mfcc14_var,mfcc15_mean,mfcc15_var,mfcc16_mean,mfcc16_var,mfcc17_mean,mfcc17_var,mfcc18_mean,mfcc18_var,mfcc19_mean,mfcc19_var,mfcc20_mean,mfcc20_var
0.3584823,0.091464534,0.05389259,0.000556554,1981.982382184166,253178.28713415473,2145.059569858149,89856.31478521778,4262.017100039879,1275215.414162385,0.09353588130800464,0.0019449513476573407,-0.0009363486,0.0022133645,-0.0010860625,0.00046510517,103.359375,-201.77866,2150.835,109.287796,517.39404,-15.506362,188.08582,44.262638,75.513535,-11.043766,58.825634,18.838415,50.888596,-11.305835,54.31098,18.402468,39.184063,-18.90308,37.41166,11.213676,42.70927,-11.905747,33.827667,6.9541726,27.938856,-11.655336,30.517256,7.0774937,32.77236,-9.114692,35.775517,9.886353,46.613476,-5.6547847,44.951633,-3.3263865,44.74307,-5.450314,71.105156,-0.3119409,66.85178
