chroma_stft_mean,chroma_stft_var,rms_mean,rms_var,spectral_centroid_mean,spectral_centroid_var,spectral_bandwidth_mean,spectral_bandwidth_var,rolloff_mean,rolloff_var,zero_crossing_rate_mean,zero_crossing_rate_var,harmony_mean,harmony_var,perceptr_mean,perceptr_var,tempo,mfcc1_mean,mfcc1_var,mfcc2_mean,mfcc2_var,mfcc3_mean,mfcc3_var,mfcc4_mean,mfcc4_var,mfcc5_mean,mfcc5_var,mfcc6_mean,mfcc6_var,mfcc7_mean,mfcc7_var,mfcc8_mean,mfcc8_var,mfcc9_mean,mfcc9_var,mfcc10_mean,mfcc10_var,mfcc11_mean,mfcc11_var,mfcc12_mean,mfcc12_var,mfcc13_mean,mfcc13_var,mfcc14_mean,mfcc14_var,mfcc15_mean,mfcc15_var,mfcc16_mean,mfcc16_var,mfcc17_mean,mfcc17_var,mfcc18_mean,mfcc18_var,mfcc19_mean,mfcc19_var,mfcc20_mean,mfcc20_var
0.2852012,0.090727575,0.09949224,0.0039380766,1344.620126251233,186885.27159917852,1548.9896603738437,40272.65763579175,2773.0951933185906,1120402.7959210859,0.061185832366589324,0.0008595647824262294,-0.0010358411,0.009038414,-0.0006786423,0.0016340491,129.19921875,-206.79463,4666.453,141.81705,532.18744,-13.789803,530.96606,49.32459,160.81558,-24.800514,204.2182,11.800834,117.48508,-12.790984,98.279945,-16.55076,94.592575,-8.390814,64.38965,-1.2141522,44.089237,-7.660741,49.336693,-1.3785262,30.676147,-9.3491535,51.042995,-7.501379,50.77652,-2.871112,46.604305,-6.1422997,58.541233,-0.9398251,68.56101,-1.2982668,64.23433,-2.2419662,97.13524,-3.2707608,101.073654
