chroma_stft_mean,chroma_stft_var,rms_mean,rms_var,spectral_centroid_mean,spectral_centroid_var,spectral_bandwidth_mean,spectral_bandwidth_var,rolloff_mean,rolloff_var,zero_crossing_rate_mean,zero_crossing_rate_var,harmony_mean,harmony_var,perceptr_mean,perceptr_var,tempo,mfcc1_mean,mfcc1_var,mfcc2_mean,mfcc2_var,mfcc3_mean,mfcc3_var,mfcc4_mean,mfcc4_var,mfcc5_mean,mfcc5_var,mfcc6_mean,mfcc6_var,mfcc7_mean,mfcc7_var,mfcc8_mean,mfcc8_var,mfcc9_mean,mfcc9_var,mfcc10_mean,mfcc10_var,mfcc11_mean,mfcc11_var,mfcc12_mean,mfcc12_var,mfcc13_mean,mfcc13_var,mfcc14_mean,mfcc14_var,mfcc15_mean,mfcc15_var,mfcc16_mean,mfcc16_var,mfcc17_mean,mfcc17_var,mfcc18_mean,mfcc18_var,mfcc19_mean,mfcc19_var,mfcc20_mean,mfcc20_var
0.27652484,0.08982852,0.08646611,0.0013433755,1004.7574201659102,126071.9724746854,1246.8335111965357,99903.79236312064,1811.2538065545243,560931.6391764585,0.04966836148975251,0.0005498047144882264,-0.017776227,0.0063128048,-0.0013358133,0.0006893506,103.359375,-246.96924,3601.0503,168.01538,794.1272,-19.797491,623.52795,21.995052,204.01663,-0.73890436,137.26694,15.092532,101.72835,-1.2764798,91.103935,4.740402,94.83485,-2.0533223,78.49488,6.5338626,64.25916,-1.3891008,65.37692,5.62546,84.80717,-0.2856671,111.04135,5.6628947,84.67883,3.2056053,79.36442,1.8701104,134.25366,7.0246053,148.48688,5.050238,149.03246,2.454401,128.66043,-0.9111908,163.87053
