chroma_stft_mean,chroma_stft_var,rms_mean,rms_var,spectral_centroid_mean,spectral_centroid_var,spectral_bandwidth_mean,spectral_bandwidth_var,rolloff_mean,rolloff_var,zero_crossing_rate_mean,zero_crossing_rate_var,harmony_mean,harmony_var,perceptr_mean,perceptr_var,tempo,mfcc1_mean,mfcc1_var,mfcc2_mean,mfcc2_var,mfcc3_mean,mfcc3_var,mfcc4_mean,mfcc4_var,mfcc5_mean,mfcc5_var,mfcc6_mean,mfcc6_var,mfcc7_mean,mfcc7_var,mfcc8_mean,mfcc8_var,mfcc9_mean,mfcc9_var,mfcc10_mean,mfcc10_var,mfcc11_mean,mfcc11_var,mfcc12_mean,mfcc12_var,mfcc13_mean,mfcc13_var,mfcc14_mean,mfcc14_var,mfcc15_mean,mfcc15_var,mfcc16_mean,mfcc16_var,mfcc17_mean,mfcc17_var,mfcc18_mean,mfcc18_var,mfcc19_mean,mfcc19_var,mfcc20_mean,mfcc20_var
0.32968155,0.091430835,0.06414246,0.0016506321,829.6061468763755,171099.83643483766,1037.8346398077947,64604.906243786805,1554.3458730604698,721762.4148843724,0.03306037920533643,0.0004560738122840374,-1.9264749e-06,0.0049467967,-2.8675677e-05,0.0003451877,112.34714673913044,-318.75613,11648.2295,162.64056,556.9602,-16.489927,2924.1106,39.124428,268.84195,31.428144,200.1416,15.258032,132.314,-0.6904928,85.60332,5.8004074,79.05867,-8.641589,174.81488,-4.0020485,98.748764,1.3683022,49.221096,0.07209229,41.250824,-3.1007144,47.19131,-1.5460941,39.117954,-1.5932206,42.218956,-4.877635,35.51037,-4.2504344,29.53531,-1.2879182,33.55352,-0.7554633,35.18512,-4.4301324,26.5874
