chroma_stft_mean,chroma_stft_var,rms_mean,rms_var,spectral_centroid_mean,spectral_centroid_var,spectral_bandwidth_mean,spectral_bandwidth_var,rolloff_mean,rolloff_var,zero_crossing_rate_mean,zero_crossing_rate_var,harmony_mean,harmony_var,perceptr_mean,perceptr_var,tempo,mfcc1_mean,mfcc1_var,mfcc2_mean,mfcc2_var,mfcc3_mean,mfcc3_var,mfcc4_mean,mfcc4_var,mfcc5_mean,mfcc5_var,mfcc6_mean,mfcc6_var,mfcc7_mean,mfcc7_var,mfcc8_mean,mfcc8_var,mfcc9_mean,mfcc9_var,mfcc10_mean,mfcc10_var,mfcc11_mean,mfcc11_var,mfcc12_mean,mfcc12_var,mfcc13_mean,mfcc13_var,mfcc14_mean,mfcc14_var,mfcc15_mean,mfcc15_var,mfcc16_mean,mfcc16_var,mfcc17_mean,mfcc17_var,mfcc18_mean,mfcc18_var,mfcc19_mean,mfcc19_var,mfcc20_mean,mfcc20_var
0.2495568,0.08757101,0.060548145,0.0012767597,1465.858099684535,143300.7272898307,1738.8147828826811,58820.21070065484,2822.465015951276,739407.5274218154,0.06984498864075793,0.0012247292570392023,4.211369e-05,0.0043874485,0.00011208704,0.00015120897,117.45383522727273,-259.90985,2795.0835,123.19317,668.84186,-6.395086,366.11194,37.57145,183.88591,-2.9789445,82.23471,13.065518,108.68519,-14.084049,86.207405,5.309153,72.81829,-11.972437,75.67513,3.51741,52.52832,-9.638736,53.142105,5.3370905,67.630646,-7.83725,60.28398,3.2650764,63.64616,-0.55111635,124.64998,2.8901606,109.80356,-0.025584351,113.61086,2.1009786,160.02603,1.1095953,136.82501,2.9331732,95.866554
