chroma_stft_mean,chroma_stft_var,rms_mean,rms_var,spectral_centroid_mean,spectral_centroid_var,spectral_bandwidth_mean,spectral_bandwidth_var,rolloff_mean,rolloff_var,zero_crossing_rate_mean,zero_crossing_rate_var,harmony_mean,harmony_var,perceptr_mean,perceptr_var,tempo,mfcc1_mean,mfcc1_var,mfcc2_mean,mfcc2_var,mfcc3_mean,mfcc3_var,mfcc4_mean,mfcc4_var,mfcc5_mean,mfcc5_var,mfcc6_mean,mfcc6_var,mfcc7_mean,mfcc7_var,mfcc8_mean,mfcc8_var,mfcc9_mean,mfcc9_var,mfcc10_mean,mfcc10_var,mfcc11_mean,mfcc11_var,mfcc12_mean,mfcc12_var,mfcc13_mean,mfcc13_var,mfcc14_mean,mfcc14_var,mfcc15_mean,mfcc15_var,mfcc16_mean,mfcc16_var,mfcc17_mean,mfcc17_var,mfcc18_mean,mfcc18_var,mfcc19_mean,mfcc19_var,mfcc20_mean,mfcc20_var
0.31937426,0.08102088,0.05944417,0.0012987254,813.4170141933301,92865.65292661122,1059.436025497957,219972.5598558572,1416.9114115066704,437656.13265761954,0.044649978248259864,0.00020913035427532988,-3.4873165e-06,0.00367266,-3.7916263e-05,0.0003076777,123.046875,-297.30292,9862.571,193.07446,874.2939,10.171171,1128.7506,-1.5964475,255.03949,3.3883607,146.04523,9.993823,103.37908,-7.2564507,144.48573,4.6935673,78.342026,-5.391065,88.36285,-2.859529,89.92779,-10.230401,51.051273,0.3792567,100.86945,-4.969516,72.6709,3.2385476,51.639385,-4.474768,41.1848,-1.8852346,47.354244,-2.2755752,54.609673,3.8763874,38.860344,0.34211776,50.061325,-2.2191534,56.314613
