chroma_stft_mean,chroma_stft_var,rms_mean,rms_var,spectral_centroid_mean,spectral_centroid_var,spectral_bandwidth_mean,spectral_bandwidth_var,rolloff_mean,rolloff_var,zero_crossing_rate_mean,zero_crossing_rate_var,harmony_mean,harmony_var,perceptr_mean,perceptr_var,tempo,mfcc1_mean,mfcc1_var,mfcc2_mean,mfcc2_var,mfcc3_mean,mfcc3_var,mfcc4_mean,mfcc4_var,mfcc5_mean,mfcc5_var,mfcc6_mean,mfcc6_var,mfcc7_mean,mfcc7_var,mfcc8_mean,mfcc8_var,mfcc9_mean,mfcc9_var,mfcc10_mean,mfcc10_var,mfcc11_mean,mfcc11_var,mfcc12_mean,mfcc12_var,mfcc13_mean,mfcc13_var,mfcc14_mean,mfcc14_var,mfcc15_mean,mfcc15_var,mfcc16_mean,mfcc16_var,mfcc17_mean,mfcc17_var,mfcc18_mean,mfcc18_var,mfcc19_mean,mfcc19_var,mfcc20_mean,mfcc20_var
0.26457494,0.08998065,0.091462374,0.0012332137,844.1729949398201,51346.99369144417,1104.4627955493022,26299.3266183432,1608.811720562645,428491.6194558009,0.037725674303944315,0.00013211194262051931,-0.001882259,0.0075809686,-0.0009764222,0.00056678493,123.046875,-261.9065,2606.2163,182.52736,458.95117,-16.897043,651.4692,49.855297,228.7089,-1.2192539,91.04131,6.34592,67.5805,5.9968686,71.140495,-8.87631,55.377403,-10.314593,56.920967,-3.2035499,61.1333,-5.370093,52.662968,-3.5455356,33.228058,-2.8951979,39.03833,-7.470301,38.55045,-0.5418842,29.025715,1.1262025,43.18225,-1.972131,35.85593,-5.219658,65.09994,-1.8623403,42.79543,-3.5038111,53.91054
