chroma_stft_mean,chroma_stft_var,rms_mean,rms_var,spectral_centroid_mean,spectral_centroid_var,spectral_bandwidth_mean,spectral_bandwidth_var,rolloff_mean,rolloff_var,zero_crossing_rate_mean,zero_crossing_rate_var,harmony_mean,harmony_var,perceptr_mean,perceptr_var,tempo,mfcc1_mean,mfcc1_var,mfcc2_mean,mfcc2_var,mfcc3_mean,mfcc3_var,mfcc4_mean,mfcc4_var,mfcc5_mean,mfcc5_var,mfcc6_mean,mfcc6_var,mfcc7_mean,mfcc7_var,mfcc8_mean,mfcc8_var,mfcc9_mean,mfcc9_var,mfcc10_mean,mfcc10_var,mfcc11_mean,mfcc11_var,mfcc12_mean,mfcc12_var,mfcc13_mean,mfcc13_var,mfcc14_mean,mfcc14_var,mfcc15_mean,mfcc15_var,mfcc16_mean,mfcc16_var,mfcc17_mean,mfcc17_var,mfcc18_mean,mfcc18_var,mfcc19_mean,mfcc19_var,mfcc20_mean,mfcc20_var
0.32241195,0.086352065,0.080526754,0.0011671575,1481.581485296113,283196.8451427114,1411.8576431665492,55655.43161632894,2657.4937010585845,785033.421626431,0.09950288210556844,0.003196601339673539,0.000118332806,0.0031313375,0.0003805209,0.0018676411,123.046875,-196.93747,2874.8735,152.82791,804.6832,-36.87057,639.9534,41.80115,277.23557,-8.697372,114.541954,4.414522,68.95923,-11.569147,70.91308,1.4216536,51.705643,-14.735709,53.269726,0.47330493,54.47553,-10.165451,91.250015,-6.9279656,50.432304,-6.249939,55.613495,-3.714289,57.494236,-4.5639653,51.0563,-6.406651,56.074924,-2.893205,67.097786,-4.862206,60.75385,-5.8822265,104.053,-9.122444,101.46324
