chroma_stft_mean,chroma_stft_var,rms_mean,rms_var,spectral_centroid_mean,spectral_centroid_var,spectral_bandwidth_mean,spectral_bandwidth_var,rolloff_mean,rolloff_var,zero_crossing_rate_mean,zero_crossing_rate_var,harmony_mean,harmony_var,perceptr_mean,perceptr_var,tempo,mfcc1_mean,mfcc1_var,mfcc2_mean,mfcc2_var,mfcc3_mean,mfcc3_var,mfcc4_mean,mfcc4_var,mfcc5_mean,mfcc5_var,mfcc6_mean,mfcc6_var,mfcc7_mean,mfcc7_var,mfcc8_mean,mfcc8_var,mfcc9_mean,mfcc9_var,mfcc10_mean,mfcc10_var,mfcc11_mean,mfcc11_var,mfcc12_mean,mfcc12_var,mfcc13_mean,mfcc13_var,mfcc14_mean,mfcc14_var,mfcc15_mean,mfcc15_var,mfcc16_mean,mfcc16_var,mfcc17_mean,mfcc17_var,mfcc18_mean,mfcc18_var,mfcc19_mean,mfcc19_var,mfcc20_mean,mfcc20_var
0.20992807,0.09467785,0.1843305,0.008212192,2049.705424466469,524630.0246593383,2467.129879372664,139689.62489933206,4562.441089037123,3129336.976366761,0.06476844970514307,0.0019381040338441425,-0.0008323769,0.035448015,-0.00078097376,0.0026819014,123.046875,-165.51665,3311.2444,87.27495,926.79517,24.825937,573.3545,28.404272,284.30267,-2.765304,145.86887,-1.3249931,194.61858,-14.071616,149.56664,-4.758404,123.45743,-19.202238,96.866394,-0.6024584,239.48878,-11.94831,92.29696,-8.32714,83.78077,-8.228104,62.722897,-0.42032897,97.111015,-6.421835,118.49118,-1.5319239,163.45811,2.0175717,190.49742,-0.44929022,131.8142,-0.90894735,138.54411,1.5428528,213.25807
