chroma_stft_mean,chroma_stft_var,rms_mean,rms_var,spectral_centroid_mean,spectral_centroid_var,spectral_bandwidth_mean,spectral_bandwidth_var,rolloff_mean,rolloff_var,zero_crossing_rate_mean,zero_crossing_rate_var,harmony_mean,harmony_var,perceptr_mean,perceptr_var,tempo,mfcc1_mean,mfcc1_var,mfcc2_mean,mfcc2_var,mfcc3_mean,mfcc3_var,mfcc4_mean,mfcc4_var,mfcc5_mean,mfcc5_var,mfcc6_mean,mfcc6_var,mfcc7_mean,mfcc7_var,mfcc8_mean,mfcc8_var,mfcc9_mean,mfcc9_var,mfcc10_mean,mfcc10_var,mfcc11_mean,mfcc11_var,mfcc12_mean,mfcc12_var,mfcc13_mean,mfcc13_var,mfcc14_mean,mfcc14_var,mfcc15_mean,mfcc15_var,mfcc16_mean,mfcc16_var,mfcc17_mean,mfcc17_var,mfcc18_mean,mfcc18_var,mfcc19_mean,mfcc19_var,mfcc20_mean,mfcc20_var
0.27480835,0.09213876,0.098547824,0.0013576496,1219.5124856006719,265242.65707986034,1458.875395903912,139153.6098771052,2416.473374510586,1252802.736110501,0.048039624419953596,0.0006949413301949512,2.3372438e-07,0.008513611,-1.6568127e-05,0.0010134038,135.99917763157896,-234.40953,6415.0264,142.74026,1387.4265,-14.29672,607.01324,51.963947,373.03094,-8.197965,197.15912,12.785138,126.31608,-4.2762494,198.1723,12.085669,119.060326,-13.715139,105.45396,-1.5637431,67.01263,-3.9804888,103.51009,4.9272647,65.87169,-3.9477925,55.26177,2.1964936,56.383385,-6.67365,57.24716,-9.764631,56.463608,-4.477752,59.224556,-5.545833,105.16492,-1.1712635,149.53972,-1.0995276,132.90285
