chroma_stft_mean,chroma_stft_var,rms_mean,rms_var,spectral_centroid_mean,spectral_centroid_var,spectral_bandwidth_mean,spectral_bandwidth_var,rolloff_mean,rolloff_var,zero_crossing_rate_mean,zero_crossing_rate_var,harmony_mean,harmony_var,perceptr_mean,perceptr_var,tempo,mfcc1_mean,mfcc1_var,mfcc2_mean,mfcc2_var,mfcc3_mean,mfcc3_var,mfcc4_mean,mfcc4_var,mfcc5_mean,mfcc5_var,mfcc6_mean,mfcc6_var,mfcc7_mean,mfcc7_var,mfcc8_mean,mfcc8_var,mfcc9_mean,mfcc9_var,mfcc10_mean,mfcc10_var,mfcc11_mean,mfcc11_var,mfcc12_mean,mfcc12_var,mfcc13_mean,mfcc13_var,mfcc14_mean,mfcc14_var,mfcc15_mean,mfcc15_var,mfcc16_mean,mfcc16_var,mfcc17_mean,mfcc17_var,mfcc18_mean,mfcc18_var,mfcc19_mean,mfcc19_var,mfcc20_mean,mfcc20_var
0.34905425,0.09474158,0.05883789,0.00083563663,2034.491720462784,314424.5826454142,2084.482331117057,136858.59155421084,4342.462682170823,1568812.7531491397,0.09322282240912606,0.0026010092883265437,4.3658394e-05,0.002411318,0.00033245765,0.0008726764,103.359375,-202.62045,3002.8801,105.849625,677.40344,-20.564375,526.76807,43.892128,171.27739,-14.27648,86.94274,25.298754,49.210335,-15.593871,68.668365,15.321755,61.780575,-13.293831,58.847343,12.2762575,61.917103,-8.766582,64.3142,10.162179,59.622654,-1.8646474,64.97049,6.1884303,71.39902,0.2264468,87.21616,8.043182,111.23336,-3.1625729,63.151646,-0.46440646,85.129005,-3.5874963,69.64818,0.7153451,66.5712
