chroma_stft_mean,chroma_stft_var,rms_mean,rms_var,spectral_centroid_mean,spectral_centroid_var,spectral_bandwidth_mean,spectral_bandwidth_var,rolloff_mean,rolloff_var,zero_crossing_rate_mean,zero_crossing_rate_var,harmony_mean,harmony_var,perceptr_mean,perceptr_var,tempo,mfcc1_mean,mfcc1_var,mfcc2_mean,mfcc2_var,mfcc3_mean,mfcc3_var,mfcc4_mean,mfcc4_var,mfcc5_mean,mfcc5_var,mfcc6_mean,mfcc6_var,mfcc7_mean,mfcc7_var,mfcc8_mean,mfcc8_var,mfcc9_mean,mfcc9_var,mfcc10_mean,mfcc10_var,mfcc11_mean,mfcc11_var,mfcc12_mean,mfcc12_var,mfcc13_mean,mfcc13_var,mfcc14_mean,mfcc14_var,mfcc15_mean,mfcc15_var,mfcc16_mean,mfcc16_var,mfcc17_mean,mfcc17_var,mfcc18_mean,mfcc18_var,mfcc19_mean,mfcc19_var,mfcc20_mean,mfcc20_var
0.26457426,0.08997798,0.091461584,0.0012331674,871.7965368873743,50292.72163045685,1205.6555880351484,27508.716119771158,1632.701418847883,431804.95652781485,0.03777854311678268,0.00013126990476705288,-0.0018765308,0.007580826,-0.00097486813,0.0005667265,123.046875,-260.38052,2638.5105,180.59885,492.05365,-15.351955,611.9391,48.54308,205.11346,-0.07772124,82.54579,5.433352,67.790184,6.595534,70.55702,-9.157926,51.29053,-10.286931,52.12016,-2.9881866,57.987022,-5.819793,52.36184,-2.9285157,32.249332,-3.6202679,38.270985,-6.6759596,37.22502,-1.3550661,29.889269,1.8960898,44.752277,-2.6753025,36.532845,-4.598643,61.776657,-2.3765159,44.48298,-3.1127245,52.320126
