chroma_stft_mean,chroma_stft_var,rms_mean,rms_var,spectral_centroid_mean,spectral_centroid_var,spectral_bandwidth_mean,spectral_bandwidth_var,rolloff_mean,rolloff_var,zero_crossing_rate_mean,zero_crossing_rate_var,harmony_mean,harmony_var,perceptr_mean,perceptr_var,tempo,mfcc1_mean,mfcc1_var,mfcc2_mean,mfcc2_var,mfcc3_mean,mfcc3_var,mfcc4_mean,mfcc4_var,mfcc5_mean,mfcc5_var,mfcc6_mean,mfcc6_var,mfcc7_mean,mfcc7_var,mfcc8_mean,mfcc8_var,mfcc9_mean,mfcc9_var,mfcc10_mean,mfcc10_var,mfcc11_mean,mfcc11_var,mfcc12_mean,mfcc12_var,mfcc13_mean,mfcc13_var,mfcc14_mean,mfcc14_var,mfcc15_mean,mfcc15_var,mfcc16_mean,mfcc16_var,mfcc17_mean,mfcc17_var,mfcc18_mean,mfcc18_var,mfcc19_mean,mfcc19_var,mfcc20_mean,mfcc20_var
0.30742407,0.0878634,0.1457161,0.003059259,2777.8434123208845,265963.9199911191,2691.227405583129,129966.44448485835,5813.698384933295,1508963.4512939802,0.1308816554282676,0.0014388759115568893,3.21831e-06,0.017379038,-5.8098234e-05,0.0022999682,135.99917763157896,-77.04768,1590.7325,64.53718,476.02234,-2.8516347,307.4099,28.523897,88.87121,4.68933,74.99489,-2.8045924,44.707047,-5.941858,60.59942,1.9067211,31.852692,-5.199494,43.26582,-2.319647,36.078003,-2.938013,70.138084,-6.1523376,52.890297,-0.76270944,34.11811,-4.483344,54.70113,-4.1556463,49.637905,2.132082,98.94432,0.849533,81.131165,-2.6578803,70.066635,-3.3279898,60.623066,-8.30848,72.50609
