chroma_stft_mean,chroma_stft_var,rms_mean,rms_var,spectral_centroid_mean,spectral_centroid_var,spectral_bandwidth_mean,spectral_bandwidth_var,rolloff_mean,rolloff_var,zero_crossing_rate_mean,zero_crossing_rate_var,harmony_mean,harmony_var,perceptr_mean,perceptr_var,tempo,mfcc1_mean,mfcc1_var,mfcc2_mean,mfcc2_var,mfcc3_mean,mfcc3_var,mfcc4_mean,mfcc4_var,mfcc5_mean,mfcc5_var,mfcc6_mean,mfcc6_var,mfcc7_mean,mfcc7_var,mfcc8_mean,mfcc8_var,mfcc9_mean,mfcc9_var,mfcc10_mean,mfcc10_var,mfcc11_mean,mfcc11_var,mfcc12_mean,mfcc12_var,mfcc13_mean,mfcc13_var,mfcc14_mean,mfcc14_var,mfcc15_mean,mfcc15_var,mfcc16_mean,mfcc16_var,mfcc17_mean,mfcc17_var,mfcc18_mean,mfcc18_var,mfcc19_mean,mfcc19_var,mfcc20_mean,mfcc20_var
0.4327793,0.08707003,0.047954846,0.00041152033,2915.2020776967365,466077.76097072376,2420.424422331274,55391.68027360824,5865.116609719403,1067249.7052391258,0.18137212695765662,0.007393345761369681,3.9169336e-05,0.0013302894,0.0003140388,0.00058221666,123.046875,-174.72078,1373.6346,75.8943,680.8283,-12.799819,273.48776,52.615498,69.620834,-29.40738,58.780464,22.755056,46.99317,-22.368855,56.118317,18.625555,31.153952,-24.709671,45.66388,21.171358,41.729137,-13.808962,27.314457,13.011256,32.0129,-7.8632345,26.120422,8.019593,39.78018,-5.972562,49.52474,9.52948,52.41228,-6.0014534,44.0734,2.349863,57.273094,-3.3544953,68.40357,2.5056329,58.573906
