chroma_stft_mean,chroma_stft_var,rms_mean,rms_var,spectral_centroid_mean,spectral_centroid_var,spectral_bandwidth_mean,spectral_bandwidth_var,rolloff_mean,rolloff_var,zero_crossing_rate_mean,zero_crossing_rate_var,harmony_mean,harmony_var,perceptr_mean,perceptr_var,tempo,mfcc1_mean,mfcc1_var,mfcc2_mean,mfcc2_var,mfcc3_mean,mfcc3_var,mfcc4_mean,mfcc4_var,mfcc5_mean,mfcc5_var,mfcc6_mean,mfcc6_var,mfcc7_mean,mfcc7_var,mfcc8_mean,mfcc8_var,mfcc9_mean,mfcc9_var,mfcc10_mean,mfcc10_var,mfcc11_mean,mfcc11_var,mfcc12_mean,mfcc12_var,mfcc13_mean,mfcc13_var,mfcc14_mean,mfcc14_var,mfcc15_mean,mfcc15_var,mfcc16_mean,mfcc16_var,mfcc17_mean,mfcc17_var,mfcc18_mean,mfcc18_var,mfcc19_mean,mfcc19_var,mfcc20_mean,mfcc20_var
0.26954064,0.08030362,0.045283854,0.00015084073,2152.8430463253017,239020.29508263085,2775.45858091221,137453.06150306948,5015.7957851471865,2671043.9806720093,0.08172045690738593,0.00070465416052672,7.743295e-07,0.0016560969,-2.6701451e-05,0.0001655638,112.34714673913044,-215.3706,1516.7416,100.935074,296.2231,17.103338,277.91373,12.981271,118.56424,16.05995,94.82787,4.7681456,86.99537,4.571938,51.29938,-3.135014,42.698586,-4.15295,39.251053,-2.2979836,41.47919,-4.922637,52.882015,-3.3403125,50.628654,-1.4198282,37.669647,-5.0278635,43.347885,-0.6783642,54.45245,1.3401786,69.673485,1.9982684,102.38185,-0.24758887,114.53879,0.9631241,87.610756,-2.1385093,69.782715
