chroma_stft_mean,chroma_stft_var,rms_mean,rms_var,spectral_centroid_mean,spectral_centroid_var,spectral_bandwidth_mean,spectral_bandwidth_var,rolloff_mean,rolloff_var,zero_crossing_rate_mean,zero_crossing_rate_var,harmony_mean,harmony_var,perceptr_mean,perceptr_var,tempo,mfcc1_mean,mfcc1_var,mfcc2_mean,mfcc2_var,mfcc3_mean,mfcc3_var,mfcc4_mean,mfcc4_var,mfcc5_mean,mfcc5_var,mfcc6_mean,mfcc6_var,mfcc7_mean,mfcc7_var,mfcc8_mean,mfcc8_var,mfcc9_mean,mfcc9_var,mfcc10_mean,mfcc10_var,mfcc11_mean,mfcc11_var,mfcc12_mean,mfcc12_var,mfcc13_mean,mfcc13_var,mfcc14_mean,mfcc14_var,mfcc15_mean,mfcc15_var,mfcc16_mean,mfcc16_var,mfcc17_mean,mfcc17_var,mfcc18_mean,mfcc18_var,mfcc19_mean,mfcc19_var,mfcc20_mean,mfcc20_var
0.36640865,0.0918518,0.1882998,0.0045628008,2289.4808402193494,373045.4841593264,2592.510132215596,147948.4978015843,5243.550127456044,1955063.9905669398,0.07725502618178325,0.001972205084459097,-0.00023405929,0.032591008,-0.0013565851,0.0022889094,107.666015625,-91.53226,2225.4717,82.66672,589.5641,12.093825,270.9988,36.692665,111.527145,-0.7732234,133.96136,13.448074,64.92143,5.6481614,55.613823,9.667837,29.773417,-3.7435045,41.034943,1.8151722,43.97699,1.5047321,40.3192,1.2590994,55.462875,0.8051053,37.299255,4.3877897,66.9238,0.5562199,60.338165,3.8528633,59.616364,-0.3032065,53.609554,0.23201063,71.354645,1.7619368,77.427315,1.664221,51.67656
