chroma_stft_mean,chroma_stft_var,rms_mean,rms_var,spectral_centroid_mean,spectral_centroid_var,spectral_bandwidth_mean,spectral_bandwidth_var,rolloff_mean,rolloff_var,zero_crossing_rate_mean,zero_crossing_rate_var,harmony_mean,harmony_var,perceptr_mean,perceptr_var,tempo,mfcc1_mean,mfcc1_var,mfcc2_mean,mfcc2_var,mfcc3_mean,mfcc3_var,mfcc4_mean,mfcc4_var,mfcc5_mean,mfcc5_var,mfcc6_mean,mfcc6_var,mfcc7_mean,mfcc7_var,mfcc8_mean,mfcc8_var,mfcc9_mean,mfcc9_var,mfcc10_mean,mfcc10_var,mfcc11_mean,mfcc11_var,mfcc12_mean,mfcc12_var,mfcc13_mean,mfcc13_var,mfcc14_mean,mfcc14_var,mfcc15_mean,mfcc15_var,mfcc16_mean,mfcc16_var,mfcc17_mean,mfcc17_var,mfcc18_mean,mfcc18_var,mfcc19_mean,mfcc19_var,mfcc20_mean,mfcc20_var
0.31167248,0.089816,0.13001709,0.0015956215,1804.7976374158895,297879.62412326847,1861.9248653104196,38651.90542484416,3646.755365429234,670721.3207888631,0.07952338009957463,0.002281795253021651,-0.0001570057,0.011266795,-3.3110988e-05,0.002728594,99.38401442307692,-141.05447,3126.0923,110.755295,885.9149,-27.479687,354.5889,51.97261,101.654175,-8.659801,49.495304,28.612816,65.41748,-1.6032472,51.191887,9.656118,47.05294,-11.177464,58.861042,6.511756,44.303555,-9.40914,68.71561,-0.12349947,64.827965,-4.9262433,73.603966,-0.16181067,92.51482,-2.6677046,84.50882,-1.8637869,86.71699,-0.020290814,98.18618,-4.2446775,80.70229,-4.2264557,100.69568,-5.646439,133.66068
