chroma_stft_mean,chroma_stft_var,rms_mean,rms_var,spectral_centroid_mean,spectral_centroid_var,spectral_bandwidth_mean,spectral_bandwidth_var,rolloff_mean,rolloff_var,zero_crossing_rate_mean,zero_crossing_rate_var,harmony_mean,harmony_var,perceptr_mean,perceptr_var,tempo,mfcc1_mean,mfcc1_var,mfcc2_mean,mfcc2_var,mfcc3_mean,mfcc3_var,mfcc4_mean,mfcc4_var,mfcc5_mean,mfcc5_var,mfcc6_mean,mfcc6_var,mfcc7_mean,mfcc7_var,mfcc8_mean,mfcc8_var,mfcc9_mean,mfcc9_var,mfcc10_mean,mfcc10_var,mfcc11_mean,mfcc11_var,mfcc12_mean,mfcc12_var,mfcc13_mean,mfcc13_var,mfcc14_mean,mfcc14_var,mfcc15_mean,mfcc15_var,mfcc16_mean,mfcc16_var,mfcc17_mean,mfcc17_var,mfcc18_mean,mfcc18_var,mfcc19_mean,mfcc19_var,mfcc20_mean,mfcc20_var
0.35731745,0.09267386,0.11852421,0.0014090309,1304.644766298671,174221.07342665605,1636.7321754152056,117992.9257966441,2724.341556699536,1065558.4680848883,0.04626700865235885,0.0006638851597781616,5.056101e-07,0.011920837,-2.038634e-05,0.0012177713,107.666015625,-189.98238,3074.2551,134.4189,522.3501,-25.65002,762.36163,45.729492,122.596,8.180399,156.83209,21.443512,99.6304,-4.585944,124.92331,14.390953,133.16904,-12.663227,87.06745,10.280889,76.35994,-7.9422946,69.497925,-1.1352843,57.145054,-5.053429,49.805557,2.4141688,49.31858,-5.01387,39.26145,-2.1558049,45.15365,-4.2381005,62.64257,1.8452003,68.11991,-0.4446255,75.25724,-4.7743845,64.655365
