chroma_stft_mean,chroma_stft_var,rms_mean,rms_var,spectral_centroid_mean,spectral_centroid_var,spectral_bandwidth_mean,spectral_bandwidth_var,rolloff_mean,rolloff_var,zero_crossing_rate_mean,zero_crossing_rate_var,harmony_mean,harmony_var,perceptr_mean,perceptr_var,tempo,mfcc1_mean,mfcc1_var,mfcc2_mean,mfcc2_var,mfcc3_mean,mfcc3_var,mfcc4_mean,mfcc4_var,mfcc5_mean,mfcc5_var,mfcc6_mean,mfcc6_var,mfcc7_mean,mfcc7_var,mfcc8_mean,mfcc8_var,mfcc9_mean,mfcc9_var,mfcc10_mean,mfcc10_var,mfcc11_mean,mfcc11_var,mfcc12_mean,mfcc12_var,mfcc13_mean,mfcc13_var,mfcc14_mean,mfcc14_var,mfcc15_mean,mfcc15_var,mfcc16_mean,mfcc16_var,mfcc17_mean,mfcc17_var,mfcc18_mean,mfcc18_var,mfcc19_mean,mfcc19_var,mfcc20_mean,mfcc20_var
0.3728192,0.0884529,0.19825299,0.0021512886,2976.3136721854653,269831.6955589454,3035.9683679183013,63174.99561347087,6860.818077674279,993223.0122766618,0.11474045973557692,0.0019185137431297075,-7.090387e-05,0.028004594,-0.0013247104,0.00419119,123.046875,-37.92366,1284.0137,65.09798,313.22528,14.327614,125.65053,21.301477,86.46959,7.4935293,54.016357,6.316901,49.25683,1.9001935,58.558083,6.5574055,47.815025,-2.9158833,46.298985,5.5678763,48.851994,2.4430566,54.313213,2.9960213,63.664932,0.5928096,61.89915,2.013222,57.733864,-1.7618654,44.766087,4.5223846,41.51154,0.08443759,33.64239,-2.0270913,38.237778,-3.86741,62.609905,-2.1163511,61.254845
