chroma_stft_mean,chroma_stft_var,rms_mean,rms_var,spectral_centroid_mean,spectral_centroid_var,spectral_bandwidth_mean,spectral_bandwidth_var,rolloff_mean,rolloff_var,zero_crossing_rate_mean,zero_crossing_rate_var,harmony_mean,harmony_var,perceptr_mean,perceptr_var,tempo,mfcc1_mean,mfcc1_var,mfcc2_mean,mfcc2_var,mfcc3_mean,mfcc3_var,mfcc4_mean,mfcc4_var,mfcc5_mean,mfcc5_var,mfcc6_mean,mfcc6_var,mfcc7_mean,mfcc7_var,mfcc8_mean,mfcc8_var,mfcc9_mean,mfcc9_var,mfcc10_mean,mfcc10_var,mfcc11_mean,mfcc11_var,mfcc12_mean,mfcc12_var,mfcc13_mean,mfcc13_var,mfcc14_mean,mfcc14_var,mfcc15_mean,mfcc15_var,mfcc16_mean,mfcc16_var,mfcc17_mean,mfcc17_var,mfcc18_mean,mfcc18_var,mfcc19_mean,mfcc19_var,mfcc20_mean,mfcc20_var
0.34522498,0.09213056,0.049843065,0.00093951024,1934.3602751013964,278698.23912357877,2187.2734417477054,114977.44900646391,4327.366124836862,1652882.523167428,0.08414373670726992,0.0016368935059668242,2.3353574e-05,0.0016686156,9.954981e-05,0.000817116,103.359375,-233.11557,3329.9644,105.91353,521.83746,-2.6636257,394.07996,37.423096,78.89369,-8.166696,60.78068,15.727242,50.140873,-15.060575,73.01977,8.37382,52.882614,-16.369574,76.14516,8.638241,53.40112,-9.372576,47.32712,7.0943284,65.19338,-5.9968605,67.29031,1.988795,42.02452,-5.7236624,54.307014,-0.93714124,62.15782,-6.908052,62.904152,-3.766251,56.319866,-1.6244079,52.852016,-2.4380083,61.784645
