chroma_stft_mean,chroma_stft_var,rms_mean,rms_var,spectral_centroid_mean,spectral_centroid_var,spectral_bandwidth_mean,spectral_bandwidth_var,rolloff_mean,rolloff_var,zero_crossing_rate_mean,zero_crossing_rate_var,harmony_mean,harmony_var,perceptr_mean,perceptr_var,tempo,mfcc1_mean,mfcc1_var,mfcc2_mean,mfcc2_var,mfcc3_mean,mfcc3_var,mfcc4_mean,mfcc4_var,mfcc5_mean,mfcc5_var,mfcc6_mean,mfcc6_var,mfcc7_mean,mfcc7_var,mfcc8_mean,mfcc8_var,mfcc9_mean,mfcc9_var,mfcc10_mean,mfcc10_var,mfcc11_mean,mfcc11_var,mfcc12_mean,mfcc12_var,mfcc13_mean,mfcc13_var,mfcc14_mean,mfcc14_var,mfcc15_mean,mfcc15_var,mfcc16_mean,mfcc16_var,mfcc17_mean,mfcc17_var,mfcc18_mean,mfcc18_var,mfcc19_mean,mfcc19_var,mfcc20_mean,mfcc20_var
0.24822201,0.096403986,0.107499525,0.002232897,1268.2111446452,286388.73504708573,1545.9686200555814,236437.27815677488,2486.5520433040892,1862044.81084122,0.057875111779775716,0.000906713825670627,3.0714173e-06,0.010314478,-1.5395977e-05,0.001339456,107.666015625,-246.27443,9177.292,120.21053,770.602,-0.9766384,892.1369,30.696602,202.24495,0.17293577,297.5,23.16143,104.98729,0.43138686,168.78825,9.16699,81.32581,-0.5621409,153.33932,5.726498,185.6553,-3.7532182,131.8637,4.230339,184.60378,-0.28523403,207.58774,7.447655,221.78311,0.70549446,261.08347,7.0812564,229.17856,0.88288313,405.9287,0.974251,332.78204,1.7270818,193.03664,-1.3540722,212.84537
