chroma_stft_mean,chroma_stft_var,rms_mean,rms_var,spectral_centroid_mean,spectral_centroid_var,spectral_bandwidth_mean,spectral_bandwidth_var,rolloff_mean,rolloff_var,zero_crossing_rate_mean,zero_crossing_rate_var,harmony_mean,harmony_var,perceptr_mean,perceptr_var,tempo,mfcc1_mean,mfcc1_var,mfcc2_mean,mfcc2_var,mfcc3_mean,mfcc3_var,mfcc4_mean,mfcc4_var,mfcc5_mean,mfcc5_var,mfcc6_mean,mfcc6_var,mfcc7_mean,mfcc7_var,mfcc8_mean,mfcc8_var,mfcc9_mean,mfcc9_var,mfcc10_mean,mfcc10_var,mfcc11_mean,mfcc11_var,mfcc12_mean,mfcc12_var,mfcc13_mean,mfcc13_var,mfcc14_mean,mfcc14_var,mfcc15_mean,mfcc15_var,mfcc16_mean,mfcc16_var,mfcc17_mean,mfcc17_var,mfcc18_mean,mfcc18_var,mfcc19_mean,mfcc19_var,mfcc20_mean,mfcc20_var
0.17189649,0.08261621,0.108704925,0.0021764145,1039.4057429757265,122451.2975180208,1422.0398263486102,76981.82391482794,1837.7997661687934,915366.0649110841,0.04775035648685228,0.0005222274922739694,-3.845728e-07,0.013115203,-2.7031865e-05,0.00030903998,95.703125,-270.31265,2917.0596,137.58981,546.8804,5.64002,345.07837,42.490513,220.50957,-7.95947,175.91788,9.938035,103.67771,-6.8108325,81.89666,8.250218,55.442177,-6.1824946,50.990448,5.4758544,52.85296,-5.440319,56.807774,-5.177866,82.32534,-6.9937267,77.466095,-3.2327614,78.75151,-2.0183146,98.77452,4.39564,162.92766,1.9801577,181.23878,4.9817076,162.34175,6.5850425,393.37378,-2.414641,473.17026
