chroma_stft_mean,chroma_stft_var,rms_mean,rms_var,spectral_centroid_mean,spectral_centroid_var,spectral_bandwidth_mean,spectral_bandwidth_var,rolloff_mean,rolloff_var,zero_crossing_rate_mean,zero_crossing_rate_var,harmony_mean,harmony_var,perceptr_mean,perceptr_var,tempo,mfcc1_mean,mfcc1_var,mfcc2_mean,mfcc2_var,mfcc3_mean,mfcc3_var,mfcc4_mean,mfcc4_var,mfcc5_mean,mfcc5_var,mfcc6_mean,mfcc6_var,mfcc7_mean,mfcc7_var,mfcc8_mean,mfcc8_var,mfcc9_mean,mfcc9_var,mfcc10_mean,mfcc10_var,mfcc11_mean,mfcc11_var,mfcc12_mean,mfcc12_var,mfcc13_mean,mfcc13_var,mfcc14_mean,mfcc14_var,mfcc15_mean,mfcc15_var,mfcc16_mean,mfcc16_var,mfcc17_mean,mfcc17_var,mfcc18_mean,mfcc18_var,mfcc19_mean,mfcc19_var,mfcc20_mean,mfcc20_var
0.29594263,0.0963633,0.0392551,0.00042290924,1492.5309939204085,269035.6304457915,2014.4559100407412,165934.81686575798,3377.149003951566,2285792.8933922593,0.046179019842420725,0.0005377657448425836,-3.3424717e-06,0.0016363567,-2.8335886e-05,0.000105795705,135.99917763157896,-315.03824,1948.1013,112.72009,529.71246,9.759592,281.70804,38.984005,93.126595,3.9417918,84.37511,20.022207,79.87453,-7.2148595,63.170116,15.278688,58.335,-13.678443,46.337997,10.154262,56.90454,-4.878445,59.163567,4.704112,84.23458,-2.7004826,66.39238,3.8329659,90.5204,0.8454218,118.60985,3.3494496,74.813644,-2.1096168,88.612144,-1.2433063,92.20003,1.7869991,78.626816,-2.2293556,88.0266
