chroma_stft_mean,chroma_stft_var,rms_mean,rms_var,spectral_centroid_mean,spectral_centroid_var,spectral_bandwidth_mean,spectral_bandwidth_var,rolloff_mean,rolloff_var,zero_crossing_rate_mean,zero_crossing_rate_var,harmony_mean,harmony_var,perceptr_mean,perceptr_var,tempo,mfcc1_mean,mfcc1_var,mfcc2_mean,mfcc2_var,mfcc3_mean,mfcc3_var,mfcc4_mean,mfcc4_var,mfcc5_mean,mfcc5_var,mfcc6_mean,mfcc6_var,mfcc7_mean,mfcc7_var,mfcc8_mean,mfcc8_var,mfcc9_mean,mfcc9_var,mfcc10_mean,mfcc10_var,mfcc11_mean,mfcc11_var,mfcc12_mean,mfcc12_var,mfcc13_mean,mfcc13_var,mfcc14_mean,mfcc14_var,mfcc15_mean,mfcc15_var,mfcc16_mean,mfcc16_var,mfcc17_mean,mfcc17_var,mfcc18_mean,mfcc18_var,mfcc19_mean,mfcc19_var,mfcc20_mean,mfcc20_var
0.27725595,0.092585094,0.10030232,0.0012470668,971.5184947924256,59142.48947927803,1301.6314592280007,24946.162944049265,1795.6992731293503,401106.6506817162,0.04257072336620263,0.00021045424137803228,-0.0006769508,0.008769544,-0.0007424988,0.00075690565,123.046875,-228.37425,3049.074,170.4156,438.2611,-16.073597,454.38794,43.94548,111.44369,1.099621,55.164303,3.9970205,47.585148,1.0797172,61.989494,-7.2045374,30.365112,-12.516271,47.01553,-4.418202,40.13268,-6.0617275,41.069008,-1.3315177,34.466652,-3.1522162,33.274376,-6.4780517,36.27841,-3.3078966,35.492096,2.1470587,63.022152,-2.3049195,42.11273,-7.3606663,56.045486,-5.196266,44.407898,-2.8602986,48.626022
