chroma_stft_mean,chroma_stft_var,rms_mean,rms_var,spectral_centroid_mean,spectral_centroid_var,spectral_bandwidth_mean,spectral_bandwidth_var,rolloff_mean,rolloff_var,zero_crossing_rate_mean,zero_crossing_rate_var,harmony_mean,harmony_var,perceptr_mean,perceptr_var,tempo,mfcc1_mean,mfcc1_var,mfcc2_mean,mfcc2_var,mfcc3_mean,mfcc3_var,mfcc4_mean,mfcc4_var,mfcc5_mean,mfcc5_var,mfcc6_mean,mfcc6_var,mfcc7_mean,mfcc7_var,mfcc8_mean,mfcc8_var,mfcc9_mean,mfcc9_var,mfcc10_mean,mfcc10_var,mfcc11_mean,mfcc11_var,mfcc12_mean,mfcc12_var,mfcc13_mean,mfcc13_var,mfcc14_mean,mfcc14_var,mfcc15_mean,mfcc15_var,mfcc16_mean,mfcc16_var,mfcc17_mean,mfcc17_var,mfcc18_mean,mfcc18_var,mfcc19_mean,mfcc19_var,mfcc20_mean,mfcc20_var
0.24766147,0.09018886,0.08223485,0.0015969756,1337.777103820417,143380.56162683436,1518.833998927612,33021.4059103923,2754.5096908533933,701951.0565383064,0.07649135368329467,0.00114507455167112,-0.00016060239,0.005846577,-0.0010515972,0.00094646675,99.38401442307692,-235.76547,5288.5874,144.76729,292.12872,-22.573074,495.1948,62.554108,173.15398,-9.30633,294.4413,2.031492,145.94269,-0.33484936,194.69122,1.9981358,165.86789,5.5365386,76.565346,0.30647504,109.84462,9.452853,137.25688,2.900288,152.49706,2.563639,94.13381,8.4407215,74.177986,-2.317485,115.465195,2.5718155,94.89241,-0.053889807,94.50308,-1.6254398,93.48235,3.2587993,75.72605,-1.310626,91.21059
