chroma_stft_mean,chroma_stft_var,rms_mean,rms_var,spectral_centroid_mean,spectral_centroid_var,spectral_bandwidth_mean,spectral_bandwidth_var,rolloff_mean,rolloff_var,zero_crossing_rate_mean,zero_crossing_rate_var,harmony_mean,harmony_var,perceptr_mean,perceptr_var,tempo,mfcc1_mean,mfcc1_var,mfcc2_mean,mfcc2_var,mfcc3_mean,mfcc3_var,mfcc4_mean,mfcc4_var,mfcc5_mean,mfcc5_var,mfcc6_mean,mfcc6_var,mfcc7_mean,mfcc7_var,mfcc8_mean,mfcc8_var,mfcc9_mean,mfcc9_var,mfcc10_mean,mfcc10_var,mfcc11_mean,mfcc11_var,mfcc12_mean,mfcc12_var,mfcc13_mean,mfcc13_var,mfcc14_mean,mfcc14_var,mfcc15_mean,mfcc15_var,mfcc16_mean,mfcc16_var,mfcc17_mean,mfcc17_var,mfcc18_mean,mfcc18_var,mfcc19_mean,mfcc19_var,mfcc20_mean,mfcc20_var
0.40153858,0.08237793,0.047818083,0.00036566774,3905.0663421586682,1218747.7596578887,3328.8714437290246,136123.89279621796,8036.631063297564,2544266.626428465,0.2066977988447409,0.011145831443735368,-0.00021901993,0.0012088923,-0.0007767797,0.0006443349,99.38401442307692,-158.35344,4384.2446,49.6283,662.13873,21.610638,337.77618,16.520687,95.3365,11.4244,72.782845,6.255049,49.961987,5.6390004,49.862076,-0.1856411,33.257584,-0.23795122,26.51292,-1.9907087,30.383713,2.0271473,34.559635,2.6864684,32.124214,-1.4627907,28.91796,-1.8032867,36.326897,-1.8263931,34.26755,-3.3095734,28.980938,-1.5251852,33.745255,-1.1921352,37.887222,-2.9823663,33.787575,-1.8667789,25.658516
