chroma_stft_mean,chroma_stft_var,rms_mean,rms_var,spectral_centroid_mean,spectral_centroid_var,spectral_bandwidth_mean,spectral_bandwidth_var,rolloff_mean,rolloff_var,zero_crossing_rate_mean,zero_crossing_rate_var,harmony_mean,harmony_var,perceptr_mean,perceptr_var,tempo,mfcc1_mean,mfcc1_var,mfcc2_mean,mfcc2_var,mfcc3_mean,mfcc3_var,mfcc4_mean,mfcc4_var,mfcc5_mean,mfcc5_var,mfcc6_mean,mfcc6_var,mfcc7_mean,mfcc7_var,mfcc8_mean,mfcc8_var,mfcc9_mean,mfcc9_var,mfcc10_mean,mfcc10_var,mfcc11_mean,mfcc11_var,mfcc12_mean,mfcc12_var,mfcc13_mean,mfcc13_var,mfcc14_mean,mfcc14_var,mfcc15_mean,mfcc15_var,mfcc16_mean,mfcc16_var,mfcc17_mean,mfcc17_var,mfcc18_mean,mfcc18_var,mfcc19_mean,mfcc19_var,mfcc20_mean,mfcc20_var
0.27007103,0.08671358,0.06135448,0.00041622316,1875.1521594572132,286399.1849409247,2569.4886461121373,181621.53037623529,4292.518307714618,2474879.461558232,0.054141818324632635,0.0002342930215283106,-1.7514272e-05,0.0035008243,-0.00019356971,0.00019311969,135.99917763157896,-217.63109,1702.9915,105.63394,470.58,19.312328,133.39377,28.34839,70.44236,8.654819,48.041256,0.14195953,46.59769,6.3652163,30.456963,-2.540636,36.532406,-12.9904175,70.20848,-11.146648,38.984615,-6.1566696,30.77154,-7.739082,34.072105,0.42071104,24.080061,-1.2591244,39.010204,1.7055951,53.501343,-2.3079402,102.53417,-3.8136706,73.62432,-3.6811101,44.188198,0.5816415,34.245335,0.5806901,53.521305
