chroma_stft_mean,chroma_stft_var,rms_mean,rms_var,spectral_centroid_mean,spectral_centroid_var,spectral_bandwidth_mean,spectral_bandwidth_var,rolloff_mean,rolloff_var,zero_crossing_rate_mean,zero_crossing_rate_var,harmony_mean,harmony_var,perceptr_mean,perceptr_var,tempo,mfcc1_mean,mfcc1_var,mfcc2_mean,mfcc2_var,mfcc3_mean,mfcc3_var,mfcc4_mean,mfcc4_var,mfcc5_mean,mfcc5_var,mfcc6_mean,mfcc6_var,mfcc7_mean,mfcc7_var,mfcc8_mean,mfcc8_var,mfcc9_mean,mfcc9_var,mfcc10_mean,mfcc10_var,mfcc11_mean,mfcc11_var,mfcc12_mean,mfcc12_var,mfcc13_mean,mfcc13_var,mfcc14_mean,mfcc14_var,mfcc15_mean,mfcc15_var,mfcc16_mean,mfcc16_var,mfcc17_mean,mfcc17_var,mfcc18_mean,mfcc18_var,mfcc19_mean,mfcc19_var,mfcc20_mean,mfcc20_var
0.20181762,0.0953565,0.03193886,0.0003146745,1367.435200194701,422359.20611179,1638.9549228243136,235847.23113735273,2631.480659077726,2573227.0443170853,0.05861036591260634,0.0029478037168710223,-6.990923e-06,0.0013033693,-2.873452e-05,1.0078989e-05,123.046875,-414.08255,4343.901,104.827614,1120.8691,-7.8329196,913.5048,37.852913,174.57712,0.19328839,223.98138,23.407959,133.54123,-7.2962813,95.2183,5.7442174,95.38984,-1.0660863,86.83131,8.488759,51.857998,-5.5004673,49.777245,0.87730217,50.11676,-1.4534107,89.30453,7.7231297,103.00855,1.2383413,246.23526,6.024334,378.92532,5.2394285,286.70584,2.4316692,218.06375,7.619887,300.14435,9.826578,506.30685
