chroma_stft_mean,chroma_stft_var,rms_mean,rms_var,spectral_centroid_mean,spectral_centroid_var,spectral_bandwidth_mean,spectral_bandwidth_var,rolloff_mean,rolloff_var,zero_crossing_rate_mean,zero_crossing_rate_var,harmony_mean,harmony_var,perceptr_mean,perceptr_var,tempo,mfcc1_mean,mfcc1_var,mfcc2_mean,mfcc2_var,mfcc3_mean,mfcc3_var,mfcc4_mean,mfcc4_var,mfcc5_mean,mfcc5_var,mfcc6_mean,mfcc6_var,mfcc7_mean,mfcc7_var,mfcc8_mean,mfcc8_var,mfcc9_mean,mfcc9_var,mfcc10_mean,mfcc10_var,mfcc11_mean,mfcc11_var,mfcc12_mean,mfcc12_var,mfcc13_mean,mfcc13_var,mfcc14_mean,mfcc14_var,mfcc15_mean,mfcc15_var,mfcc16_mean,mfcc16_var,mfcc17_mean,mfcc17_var,mfcc18_mean,mfcc18_var,mfcc19_mean,mfcc19_var,mfcc20_mean,mfcc20_var
0.25042978,0.090454265,0.11046955,0.0034930073,1295.2393474800779,82100.22422003778,1446.1536900917415,32080.861244351927,2695.60563868547,492286.57513784856,0.05863604505027069,0.0004181807110371462,-0.0008658824,0.0087003745,-0.0011236288,0.0028024437,107.666015625,-204.23126,4034.5005,147.6004,253.69917,-25.210436,516.10065,49.35248,116.1867,-15.658071,150.56647,2.7013893,167.49318,-7.84962,89.468285,-10.641352,60.138783,-4.8027873,79.74868,-3.6693347,74.5223,-3.5079243,57.4395,1.5647384,54.689556,1.4762619,105.15225,-2.7308109,92.810425,-0.2829897,112.3576,-2.2225704,116.23741,1.5169793,63.17555,-1.0501516,67.48222,-1.7721422,73.549255,-2.475663,72.65032
