chroma_stft_mean,chroma_stft_var,rms_mean,rms_var,spectral_centroid_mean,spectral_centroid_var,spectral_bandwidth_mean,spectral_bandwidth_var,rolloff_mean,rolloff_var,zero_crossing_rate_mean,zero_crossing_rate_var,harmony_mean,harmony_var,perceptr_mean,perceptr_var,tempo,mfcc1_mean,mfcc1_var,mfcc2_mean,mfcc2_var,mfcc3_mean,mfcc3_var,mfcc4_mean,mfcc4_var,mfcc5_mean,mfcc5_var,mfcc6_mean,mfcc6_var,mfcc7_mean,mfcc7_var,mfcc8_mean,mfcc8_var,mfcc9_mean,mfcc9_var,mfcc10_mean,mfcc10_var,mfcc11_mean,mfcc11_var,mfcc12_mean,mfcc12_var,mfcc13_mean,mfcc13_var,mfcc14_mean,mfcc14_var,mfcc15_mean,mfcc15_var,mfcc16_mean,mfcc16_var,mfcc17_mean,mfcc17_var,mfcc18_mean,mfcc18_var,mfcc19_mean,mfcc19_var,mfcc20_mean,mfcc20_var
0.2849138,0.09221311,0.10660699,0.0020714893,1427.9245373060999,177767.98745772403,1887.552795508065,152542.277912456,2730.2785922092517,1409658.1902661435,0.05241074233855375,0.0004330011422129113,-0.003968521,0.010793829,-0.0018108595,0.0007771233,95.703125,-190.4065,2346.8635,129.51292,556.24866,-7.829625,439.55685,20.722414,198.70816,2.1996531,64.38284,7.7903314,65.238976,6.1863093,46.270206,1.3470623,56.081135,-1.5960288,53.406116,2.017078,48.523575,-1.9909496,42.37384,1.1614684,44.66616,-1.3529068,60.980476,6.4120717,58.46035,-0.19784161,63.75205,-1.5667161,90.171394,2.2386713,85.60137,2.039861,87.548485,0.17610659,114.132744,1.1900403,163.39293
