chroma_stft_mean,chroma_stft_var,rms_mean,rms_var,spectral_centroid_mean,spectral_centroid_var,spectral_bandwidth_mean,spectral_bandwidth_var,rolloff_mean,rolloff_var,zero_crossing_rate_mean,zero_crossing_rate_var,harmony_mean,harmony_var,perceptr_mean,perceptr_var,tempo,mfcc1_mean,mfcc1_var,mfcc2_mean,mfcc2_var,mfcc3_mean,mfcc3_var,mfcc4_mean,mfcc4_var,mfcc5_mean,mfcc5_var,mfcc6_mean,mfcc6_var,mfcc7_mean,mfcc7_var,mfcc8_mean,mfcc8_var,mfcc9_mean,mfcc9_var,mfcc10_mean,mfcc10_var,mfcc11_mean,mfcc11_var,mfcc12_mean,mfcc12_var,mfcc13_mean,mfcc13_var,mfcc14_mean,mfcc14_var,mfcc15_mean,mfcc15_var,mfcc16_mean,mfcc16_var,mfcc17_mean,mfcc17_var,mfcc18_mean,mfcc18_var,mfcc19_mean,mfcc19_var,mfcc20_mean,mfcc20_var
0.322421,0.086353734,0.080529675,0.0011671185,1545.8301777915788,285267.0110917347,1580.916969126098,56797.26967108958,2722.1682519757833,797422.2210207863,0.099600311774942,0.003184420982171352,0.00012080452,0.0031308401,0.0003860437,0.0018682821,123.046875,-190.61761,3086.7551,144.0196,949.24884,-28.387869,564.9626,33.796574,214.84523,-1.2907627,76.300156,-2.2981575,53.765263,-5.6472545,51.78418,-3.6466973,39.164223,-10.5329075,50.776596,-2.8500469,44.545795,-7.7049165,79.31666,-8.587104,46.533783,-5.3027043,56.53839,-4.027534,57.894783,-4.785586,52.316006,-5.7510605,56.596355,-3.8774357,65.01297,-3.6527278,61.207874,-7.231783,104.57889,-7.698559,101.24079
