chroma_stft_mean,chroma_stft_var,rms_mean,rms_var,spectral_centroid_mean,spectral_centroid_var,spectral_bandwidth_mean,spectral_bandwidth_var,rolloff_mean,rolloff_var,zero_crossing_rate_mean,zero_crossing_rate_var,harmony_mean,harmony_var,perceptr_mean,perceptr_var,tempo,mfcc1_mean,mfcc1_var,mfcc2_mean,mfcc2_var,mfcc3_mean,mfcc3_var,mfcc4_mean,mfcc4_var,mfcc5_mean,mfcc5_var,mfcc6_mean,mfcc6_var,mfcc7_mean,mfcc7_var,mfcc8_mean,mfcc8_var,mfcc9_mean,mfcc9_var,mfcc10_mean,mfcc10_var,mfcc11_mean,mfcc11_var,mfcc12_mean,mfcc12_var,mfcc13_mean,mfcc13_var,mfcc14_mean,mfcc14_var,mfcc15_mean,mfcc15_var,mfcc16_mean,mfcc16_var,mfcc17_mean,mfcc17_var,mfcc18_mean,mfcc18_var,mfcc19_mean,mfcc19_var,mfcc20_mean,mfcc20_var
0.23671558,0.095412165,0.13801786,0.001298992,1353.9940370893112,197201.83333368055,1567.0213086501299,96427.72885644803,2830.3671852341936,1253747.8230585267,0.054932207076566125,0.0006188227513107256,-0.002602749,0.015038945,-0.0015644961,0.0017397032,103.359375,-177.28923,1319.8007,144.32109,710.79785,-17.248318,496.86374,55.66755,387.47284,-21.235043,150.58244,0.34852907,165.52736,-1.5764662,117.899086,-10.412312,83.31725,-5.180942,76.76125,-0.5102532,71.64507,-8.733682,61.2998,3.8595126,74.91443,-7.9607005,68.90196,-3.0144796,60.344994,-2.7411132,56.319073,-2.6054983,51.652172,-2.2250628,61.113888,-1.9552925,109.8953,-0.030367468,153.16168,0.7568652,172.70508
