chroma_stft_mean,chroma_stft_var,rms_mean,rms_var,spectral_centroid_mean,spectral_centroid_var,spectral_bandwidth_mean,spectral_bandwidth_var,rolloff_mean,rolloff_var,zero_crossing_rate_mean,zero_crossing_rate_var,harmony_mean,harmony_var,perceptr_mean,perceptr_var,tempo,mfcc1_mean,mfcc1_var,mfcc2_mean,mfcc2_var,mfcc3_mean,mfcc3_var,mfcc4_mean,mfcc4_var,mfcc5_mean,mfcc5_var,mfcc6_mean,mfcc6_var,mfcc7_mean,mfcc7_var,mfcc8_mean,mfcc8_var,mfcc9_mean,mfcc9_var,mfcc10_mean,mfcc10_var,mfcc11_mean,mfcc11_var,mfcc12_mean,mfcc12_var,mfcc13_mean,mfcc13_var,mfcc14_mean,mfcc14_var,mfcc15_mean,mfcc15_var,mfcc16_mean,mfcc16_var,mfcc17_mean,mfcc17_var,mfcc18_mean,mfcc18_var,mfcc19_mean,mfcc19_var,mfcc20_mean,mfcc20_var
0.41029474,0.08357508,0.19040252,0.0007887913,2486.0099199626684,208223.09904316324,2760.0110054655725,101232.39288143776,5797.288135213589,1376812.2288083658,0.08126299096903669,0.0008190122864896078,-9.13919e-05,0.023849119,-0.0014513724,0.0046415636,151.99908088235293,-54.897827,1002.16254,77.32104,342.94672,8.338181,213.58434,31.679045,117.57276,11.310491,91.16022,11.7354355,47.955246,7.8756256,45.79227,13.472068,36.30754,-2.214122,38.16569,5.59056,45.83136,1.5235485,46.419357,7.4191575,34.09908,-0.92256814,28.71469,1.6063807,28.15499,-6.0470095,28.325596,1.2126086,24.705927,3.2296352,35.91949,2.954987,55.926517,2.4378674,59.841755,1.9185343,41.536522
