chroma_stft_mean,chroma_stft_var,rms_mean,rms_var,spectral_centroid_mean,spectral_centroid_var,spectral_bandwidth_mean,spectral_bandwidth_var,rolloff_mean,rolloff_var,zero_crossing_rate_mean,zero_crossing_rate_var,harmony_mean,harmony_var,perceptr_mean,perceptr_var,tempo,mfcc1_mean,mfcc1_var,mfcc2_mean,mfcc2_var,mfcc3_mean,mfcc3_var,mfcc4_mean,mfcc4_var,mfcc5_mean,mfcc5_var,mfcc6_mean,mfcc6_var,mfcc7_mean,mfcc7_var,mfcc8_mean,mfcc8_var,mfcc9_mean,mfcc9_var,mfcc10_mean,mfcc10_var,mfcc11_mean,mfcc11_var,mfcc12_mean,mfcc12_var,mfcc13_mean,mfcc13_var,mfcc14_mean,mfcc14_var,mfcc15_mean,mfcc15_var,mfcc16_mean,mfcc16_var,mfcc17_mean,mfcc17_var,mfcc18_mean,mfcc18_var,mfcc19_mean,mfcc19_var,mfcc20_mean,mfcc20_var
0.27866605,0.0932355,0.10030164,0.001247033,937.3823871861689,57878.10852516795,1186.6650247074126,22606.407423645654,1763.0913754350347,390462.8342827307,0.042621704007153906,0.0002110699251231558,-0.0006825167,0.008769509,-0.00074488705,0.000756921,123.046875,-231.30544,2867.6304,174.38911,365.32114,-19.74983,537.56866,47.356174,144.28534,-1.9784858,71.83535,6.66748,51.00023,-1.1242052,64.317444,-5.4987464,39.033394,-13.734889,58.758198,-3.6913314,45.829014,-6.3084717,49.677803,-1.4986175,32.45945,-2.635248,33.2537,-7.2727995,35.299522,-2.3152075,35.81618,1.0291827,62.53269,-1.1133434,42.67837,-8.564613,57.292053,-4.049291,42.88263,-3.9139073,50.119328
