chroma_stft_mean,chroma_stft_var,rms_mean,rms_var,spectral_centroid_mean,spectral_centroid_var,spectral_bandwidth_mean,spectral_bandwidth_var,rolloff_mean,rolloff_var,zero_crossing_rate_mean,zero_crossing_rate_var,harmony_mean,harmony_var,perceptr_mean,perceptr_var,tempo,mfcc1_mean,mfcc1_var,mfcc2_mean,mfcc2_var,mfcc3_mean,mfcc3_var,mfcc4_mean,mfcc4_var,mfcc5_mean,mfcc5_var,mfcc6_mean,mfcc6_var,mfcc7_mean,mfcc7_var,mfcc8_mean,mfcc8_var,mfcc9_mean,mfcc9_var,mfcc10_mean,mfcc10_var,mfcc11_mean,mfcc11_var,mfcc12_mean,mfcc12_var,mfcc13_mean,mfcc13_var,mfcc14_mean,mfcc14_var,mfcc15_mean,mfcc15_var,mfcc16_mean,mfcc16_var,mfcc17_mean,mfcc17_var,mfcc18_mean,mfcc18_var,mfcc19_mean,mfcc19_var,mfcc20_mean,mfcc20_var
0.27654222,0.089827664,0.08647344,0.0013444083,1117.2614806332522,161872.72675553724,1545.152703760625,143609.96283792192,1956.4655348209108,867276.1953973641,0.05004033135150812,0.0005505379757340303,-0.0177685,0.0063131214,-0.0013359886,0.00069108524,103.359375,-237.89583,3763.5386,155.84558,976.2189,-9.223945,600.3925,13.184577,159.06479,6.6045504,78.85767,8.891064,63.931084,3.986958,51.26904,0.2617938,61.63539,1.7506257,52.619507,3.356517,49.073425,1.1839763,46.02781,3.6197555,74.26798,1.1614975,95.89079,4.803461,86.12697,3.4798465,73.11025,2.0671203,123.22566,6.5401206,153.08076,5.662667,138.27202,1.7992731,131.1156,-0.25749728,162.92404
