chroma_stft_mean,chroma_stft_var,rms_mean,rms_var,spectral_centroid_mean,spectral_centroid_var,spectral_bandwidth_mean,spectral_bandwidth_var,rolloff_mean,rolloff_var,zero_crossing_rate_mean,zero_crossing_rate_var,harmony_mean,harmony_var,perceptr_mean,perceptr_var,tempo,mfcc1_mean,mfcc1_var,mfcc2_mean,mfcc2_var,mfcc3_mean,mfcc3_var,mfcc4_mean,mfcc4_var,mfcc5_mean,mfcc5_var,mfcc6_mean,mfcc6_var,mfcc7_mean,mfcc7_var,mfcc8_mean,mfcc8_var,mfcc9_mean,mfcc9_var,mfcc10_mean,mfcc10_var,mfcc11_mean,mfcc11_var,mfcc12_mean,mfcc12_var,mfcc13_mean,mfcc13_var,mfcc14_mean,mfcc14_var,mfcc15_mean,mfcc15_var,mfcc16_mean,mfcc16_var,mfcc17_mean,mfcc17_var,mfcc18_mean,mfcc18_var,mfcc19_mean,mfcc19_var,mfcc20_mean,mfcc20_var
0.31436896,0.08891055,0.05546204,0.00031097807,1790.2436399601108,87970.69393881105,2313.009871801148,49008.90052471209,4398.1775553763055,941972.0959005035,0.06107594076276102,0.0003194084261738469,6.637225e-05,0.0019407201,0.0004605061,0.0004792376,151.99908088235293,-217.6363,890.2806,112.63075,138.4972,12.674138,122.085205,39.518566,61.728096,-9.819439,51.468956,17.37019,51.61636,-12.366685,53.01637,20.703709,80.698364,-18.293848,71.268715,16.35072,51.498325,-10.01516,59.188816,9.042705,87.051186,-6.878432,76.18236,7.313042,64.96677,-4.784163,85.999084,8.559464,84.78199,-2.7796254,80.84371,1.2767965,59.72883,-0.35621938,60.68333,0.3498662,72.787605
