chroma_stft_mean,chroma_stft_var,rms_mean,rms_var,spectral_centroid_mean,spectral_centroid_var,spectral_bandwidth_mean,spectral_bandwidth_var,rolloff_mean,rolloff_var,zero_crossing_rate_mean,zero_crossing_rate_var,harmony_mean,harmony_var,perceptr_mean,perceptr_var,tempo,mfcc1_mean,mfcc1_var,mfcc2_mean,mfcc2_var,mfcc3_mean,mfcc3_var,mfcc4_mean,mfcc4_var,mfcc5_mean,mfcc5_var,mfcc6_mean,mfcc6_var,mfcc7_mean,mfcc7_var,mfcc8_mean,mfcc8_var,mfcc9_mean,mfcc9_var,mfcc10_mean,mfcc10_var,mfcc11_mean,mfcc11_var,mfcc12_mean,mfcc12_var,mfcc13_mean,mfcc13_var,mfcc14_mean,mfcc14_var,mfcc15_mean,mfcc15_var,mfcc16_mean,mfcc16_var,mfcc17_mean,mfcc17_var,mfcc18_mean,mfcc18_var,mfcc19_mean,mfcc19_var,mfcc20_mean,mfcc20_var
0.35339326,0.08775298,0.052224174,0.00031457865,1993.412986778348,64708.74124249877,2127.1930773765253,36027.15979424433,4248.252836789443,398827.77454404347,0.08770822759570766,0.0006712850405843578,2.46621e-05,0.0020384567,0.0002825704,0.00031506902,103.359375,-192.11354,561.51337,105.56805,138.03192,-26.025105,211.34123,40.168938,62.18936,-6.6581745,37.857883,26.505718,23.73396,-10.3861,31.856213,18.47399,35.33471,-13.997672,27.499722,14.939583,26.395338,-12.698397,25.163815,9.578539,29.109655,-5.196666,38.120605,7.8364625,43.43276,-3.8585918,47.21109,12.365724,57.28641,-1.1080321,47.833252,-0.78146327,56.97994,-2.983506,55.716297,0.35514876,64.05849
