chroma_stft_mean,chroma_stft_var,rms_mean,rms_var,spectral_centroid_mean,spectral_centroid_var,spectral_bandwidth_mean,spectral_bandwidth_var,rolloff_mean,rolloff_var,zero_crossing_rate_mean,zero_crossing_rate_var,harmony_mean,harmony_var,perceptr_mean,perceptr_var,tempo,mfcc1_mean,mfcc1_var,mfcc2_mean,mfcc2_var,mfcc3_mean,mfcc3_var,mfcc4_mean,mfcc4_var,mfcc5_mean,mfcc5_var,mfcc6_mean,mfcc6_var,mfcc7_mean,mfcc7_var,mfcc8_mean,mfcc8_var,mfcc9_mean,mfcc9_var,mfcc10_mean,mfcc10_var,mfcc11_mean,mfcc11_var,mfcc12_mean,mfcc12_var,mfcc13_mean,mfcc13_var,mfcc14_mean,mfcc14_var,mfcc15_mean,mfcc15_var,mfcc16_mean,mfcc16_var,mfcc17_mean,mfcc17_var,mfcc18_mean,mfcc18_var,mfcc19_mean,mfcc19_var,mfcc20_mean,mfcc20_var
0.2681593,0.09955648,0.069333844,0.0014500256,1697.9171784792436,163570.36095905423,2065.918166230218,103078.06632260347,3806.189333037268,1247583.9269350022,0.06359853840390564,0.0007366832267844692,-4.0672016e-06,0.0041823154,-3.0431249e-05,0.0007497291,103.359375,-237.67996,3500.8005,108.312355,383.9266,2.04028,412.01633,41.773415,142.25517,-10.450012,105.62018,16.938732,57.569157,-8.598846,49.704727,12.791259,48.174263,-9.114674,56.774605,15.943176,95.161156,-6.5168304,94.19472,7.1786127,99.36012,-8.255826,105.16035,-0.20214957,100.09164,-8.687973,96.840805,-2.2431567,69.87305,-4.7271276,49.470104,-3.512939,106.52406,1.4619244,160.12578,2.4132962,172.5839
