chroma_stft_mean,chroma_stft_var,rms_mean,rms_var,spectral_centroid_mean,spectral_centroid_var,spectral_bandwidth_mean,spectral_bandwidth_var,rolloff_mean,rolloff_var,zero_crossing_rate_mean,zero_crossing_rate_var,harmony_mean,harmony_var,perceptr_mean,perceptr_var,tempo,mfcc1_mean,mfcc1_var,mfcc2_mean,mfcc2_var,mfcc3_mean,mfcc3_var,mfcc4_mean,mfcc4_var,mfcc5_mean,mfcc5_var,mfcc6_mean,mfcc6_var,mfcc7_mean,mfcc7_var,mfcc8_mean,mfcc8_var,mfcc9_mean,mfcc9_var,mfcc10_mean,mfcc10_var,mfcc11_mean,mfcc11_var,mfcc12_mean,mfcc12_var,mfcc13_mean,mfcc13_var,mfcc14_mean,mfcc14_var,mfcc15_mean,mfcc15_var,mfcc16_mean,mfcc16_var,mfcc17_mean,mfcc17_var,mfcc18_mean,mfcc18_var,mfcc19_mean,mfcc19_var,mfcc20_mean,mfcc20_var
0.3706841,0.08051593,0.07571336,0.0003674653,3029.524006692204,216044.52941333223,2829.078711471935,64716.483060797145,6202.203666527697,1047467.5633782488,0.14034857163573086,0.0012723511897748145,1.1130574e-06,0.003313185,-3.775137e-05,0.0009899936,135.99917763157896,-117.26823,1621.5352,56.985897,279.64526,-2.100188,105.26118,35.6115,78.336655,4.705522,79.36642,3.8937654,36.219482,11.592541,45.015377,6.0795307,36.13379,0.58258206,35.33473,2.2728043,37.955692,2.699062,43.63387,-1.8532667,41.006645,1.6794041,56.37527,0.39268085,75.16133,2.0522196,63.23987,-1.1954169,45.07988,-1.0621412,80.27175,-6.274984,76.39288,-5.3885856,64.99711,-4.8695765,82.2268
