chroma_stft_mean,chroma_stft_var,rms_mean,rms_var,spectral_centroid_mean,spectral_centroid_var,spectral_bandwidth_mean,spectral_bandwidth_var,rolloff_mean,rolloff_var,zero_crossing_rate_mean,zero_crossing_rate_var,harmony_mean,harmony_var,perceptr_mean,perceptr_var,tempo,mfcc1_mean,mfcc1_var,mfcc2_mean,mfcc2_var,mfcc3_mean,mfcc3_var,mfcc4_mean,mfcc4_var,mfcc5_mean,mfcc5_var,mfcc6_mean,mfcc6_var,mfcc7_mean,mfcc7_var,mfcc8_mean,mfcc8_var,mfcc9_mean,mfcc9_var,mfcc10_mean,mfcc10_var,mfcc11_mean,mfcc11_var,mfcc12_mean,mfcc12_var,mfcc13_mean,mfcc13_var,mfcc14_mean,mfcc14_var,mfcc15_mean,mfcc15_var,mfcc16_mean,mfcc16_var,mfcc17_mean,mfcc17_var,mfcc18_mean,mfcc18_var,mfcc19_mean,mfcc19_var,mfcc20_mean,mfcc20_var
0.390099,0.08388915,0.12258277,0.0010060898,3488.5019910192823,559997.837531024,3241.5783078348077,81269.3174856166,7659.9582185324825,1345882.932175415,0.17507016446732404,0.003947906829941883,-0.0008777958,0.0077438657,-0.0023765182,0.0033950857,123.046875,-58.583794,1524.0201,64.91177,393.09055,15.929983,174.19597,5.428903,167.23589,7.5244966,99.63531,9.883128,44.408928,1.5946642,62.171814,5.3538227,63.72616,-1.2404983,46.858948,-2.0384183,41.30641,2.4422328,51.78746,-0.71972054,34.962875,-0.3092655,40.325737,-1.4839802,54.25323,3.290024,47.462215,3.6443791,47.508533,-2.5047874,44.14462,-1.1560522,60.168964,-2.3028479,62.656994,-2.2165213,59.645657
