chroma_stft_mean,chroma_stft_var,rms_mean,rms_var,spectral_centroid_mean,spectral_centroid_var,spectral_bandwidth_mean,spectral_bandwidth_var,rolloff_mean,rolloff_var,zero_crossing_rate_mean,zero_crossing_rate_var,harmony_mean,harmony_var,perceptr_mean,perceptr_var,tempo,mfcc1_mean,mfcc1_var,mfcc2_mean,mfcc2_var,mfcc3_mean,mfcc3_var,mfcc4_mean,mfcc4_var,mfcc5_mean,mfcc5_var,mfcc6_mean,mfcc6_var,mfcc7_mean,mfcc7_var,mfcc8_mean,mfcc8_var,mfcc9_mean,mfcc9_var,mfcc10_mean,mfcc10_var,mfcc11_mean,mfcc11_var,mfcc12_mean,mfcc12_var,mfcc13_mean,mfcc13_var,mfcc14_mean,mfcc14_var,mfcc15_mean,mfcc15_var,mfcc16_mean,mfcc16_var,mfcc17_mean,mfcc17_var,mfcc18_mean,mfcc18_var,mfcc19_mean,mfcc19_var,mfcc20_mean,mfcc20_var
0.3808173,0.100258,0.053596962,0.0011297062,1937.0023676443107,918601.7957880389,2008.2836647392955,183812.97913550827,3985.824209686775,2689572.40212995,0.0835791733130317,0.005583384855288103,-6.0328116e-06,0.0018540743,-2.3115761e-05,0.0012293493,117.45383522727273,-256.37222,12504.605,103.12504,1342.4264,-8.427773,652.6007,48.58596,361.14062,-4.1882467,430.41168,17.339882,210.1495,-6.681784,281.92664,17.037977,189.00304,-4.612256,190.97542,5.318705,110.15308,-10.017794,132.7214,8.225862,99.171364,-6.2077765,88.990845,3.4253097,88.998245,-3.6573415,80.95432,1.7009529,61.840923,-5.408959,60.290695,-3.248392,43.171024,-3.8748896,74.63042,-1.0370969,56.56753
