chroma_stft_mean,chroma_stft_var,rms_mean,rms_var,spectral_centroid_mean,spectral_centroid_var,spectral_bandwidth_mean,spectral_bandwidth_var,rolloff_mean,rolloff_var,zero_crossing_rate_mean,zero_crossing_rate_var,harmony_mean,harmony_var,perceptr_mean,perceptr_var,tempo,mfcc1_mean,mfcc1_var,mfcc2_mean,mfcc2_var,mfcc3_mean,mfcc3_var,mfcc4_mean,mfcc4_var,mfcc5_mean,mfcc5_var,mfcc6_mean,mfcc6_var,mfcc7_mean,mfcc7_var,mfcc8_mean,mfcc8_var,mfcc9_mean,mfcc9_var,mfcc10_mean,mfcc10_var,mfcc11_mean,mfcc11_var,mfcc12_mean,mfcc12_var,mfcc13_mean,mfcc13_var,mfcc14_mean,mfcc14_var,mfcc15_mean,mfcc15_var,mfcc16_mean,mfcc16_var,mfcc17_mean,mfcc17_var,mfcc18_mean,mfcc18_var,mfcc19_mean,mfcc19_var,mfcc20_mean,mfcc20_var
0.36023065,0.08710101,0.042990003,0.0008277141,2209.486739749316,401680.7273376428,2174.99242288391,132158.92744560746,4575.022941288428,1717178.1961304287,0.10714657953886311,0.0028186301687346234,-0.0017856082,0.0012955145,-0.00045125256,0.000752853,151.99908088235293,-245.10092,9069.441,95.093445,807.30566,-21.263948,613.45264,45.649635,282.59692,-3.5521014,155.6659,14.970439,250.7529,-20.681795,201.29999,19.520777,116.406105,-21.715769,206.1135,7.3187175,117.04829,-9.291167,89.405525,0.81458414,80.98189,-13.00813,62.470158,0.062346775,86.7315,-8.231255,49.97947,1.058531,74.11151,-8.031603,59.388813,-0.39880127,44.6934,-4.3575134,54.686424,-4.222828,47.73326
