chroma_stft_mean,chroma_stft_var,rms_mean,rms_var,spectral_centroid_mean,spectral_centroid_var,spectral_bandwidth_mean,spectral_bandwidth_var,rolloff_mean,rolloff_var,zero_crossing_rate_mean,zero_crossing_rate_var,harmony_mean,harmony_var,perceptr_mean,perceptr_var,tempo,mfcc1_mean,mfcc1_var,mfcc2_mean,mfcc2_var,mfcc3_mean,mfcc3_var,mfcc4_mean,mfcc4_var,mfcc5_mean,mfcc5_var,mfcc6_mean,mfcc6_var,mfcc7_mean,mfcc7_var,mfcc8_mean,mfcc8_var,mfcc9_mean,mfcc9_var,mfcc10_mean,mfcc10_var,mfcc11_mean,mfcc11_var,mfcc12_mean,mfcc12_var,mfcc13_mean,mfcc13_var,mfcc14_mean,mfcc14_var,mfcc15_mean,mfcc15_var,mfcc16_mean,mfcc16_var,mfcc17_mean,mfcc17_var,mfcc18_mean,mfcc18_var,mfcc19_mean,mfcc19_var,mfcc20_mean,mfcc20_var
0.39295337,0.084606245,0.10020051,0.0015440265,2414.1618650276037,478627.1596991313,2339.259342442016,106984.62739366943,5213.041924213312,1489285.5088924265,0.11988569762664346,0.0036452169451631003,-0.0010921438,0.0045192675,-0.0021055108,0.0034183492,103.359375,-123.67157,2574.7747,94.75338,738.39777,-9.5527525,390.94666,53.26699,217.41383,-13.762559,127.90852,17.746737,148.85995,-19.215258,126.71633,25.295883,86.16048,-18.705511,97.757065,15.396704,71.94733,-12.512173,67.87181,9.378815,54.848686,-11.606869,49.609577,0.66548324,72.8282,-6.9870534,55.078186,3.364005,43.20413,-7.142924,46.84878,0.5123948,35.518116,-8.73698,43.580803,-1.4573004,37.463593
