chroma_stft_mean,chroma_stft_var,rms_mean,rms_var,spectral_centroid_mean,spectral_centroid_var,spectral_bandwidth_mean,spectral_bandwidth_var,rolloff_mean,rolloff_var,zero_crossing_rate_mean,zero_crossing_rate_var,harmony_mean,harmony_var,perceptr_mean,perceptr_var,tempo,mfcc1_mean,mfcc1_var,mfcc2_mean,mfcc2_var,mfcc3_mean,mfcc3_var,mfcc4_mean,mfcc4_var,mfcc5_mean,mfcc5_var,mfcc6_mean,mfcc6_var,mfcc7_mean,mfcc7_var,mfcc8_mean,mfcc8_var,mfcc9_mean,mfcc9_var,mfcc10_mean,mfcc10_var,mfcc11_mean,mfcc11_var,mfcc12_mean,mfcc12_var,mfcc13_mean,mfcc13_var,mfcc14_mean,mfcc14_var,mfcc15_mean,mfcc15_var,mfcc16_mean,mfcc16_var,mfcc17_mean,mfcc17_var,mfcc18_mean,mfcc18_var,mfcc19_mean,mfcc19_var,mfcc20_mean,mfcc20_var
0.40201995,0.08270973,0.09118249,0.00055585016,2467.2607802086277,282447.9203664307,2399.0100705715486,44682.183773626966,5402.8105627356435,789595.5114377433,0.11827508700696056,0.0025487040423852877,-0.0015138135,0.0046206233,-0.0021506057,0.0018980711,123.046875,-121.12452,1691.0704,91.73827,414.5582,-14.719739,243.1912,52.961185,83.87854,-11.417392,73.58477,31.010504,91.61753,-17.489897,62.766144,24.197327,70.98854,-24.775946,75.77711,17.118109,59.504833,-15.880233,52.36309,10.380572,49.65524,-8.630905,38.66214,7.14643,43.13511,-11.839626,36.148655,3.1697454,31.86968,-10.362881,31.488604,1.5105857,33.543667,-10.3583765,40.23707,-2.4793756,31.073555
