chroma_stft_mean,chroma_stft_var,rms_mean,rms_var,spectral_centroid_mean,spectral_centroid_var,spectral_bandwidth_mean,spectral_bandwidth_var,rolloff_mean,rolloff_var,zero_crossing_rate_mean,zero_crossing_rate_var,harmony_mean,harmony_var,perceptr_mean,perceptr_var,tempo,mfcc1_mean,mfcc1_var,mfcc2_mean,mfcc2_var,mfcc3_mean,mfcc3_var,mfcc4_mean,mfcc4_var,mfcc5_mean,mfcc5_var,mfcc6_mean,mfcc6_var,mfcc7_mean,mfcc7_var,mfcc8_mean,mfcc8_var,mfcc9_mean,mfcc9_var,mfcc10_mean,mfcc10_var,mfcc11_mean,mfcc11_var,mfcc12_mean,mfcc12_var,mfcc13_mean,mfcc13_var,mfcc14_mean,mfcc14_var,mfcc15_mean,mfcc15_var,mfcc16_mean,mfcc16_var,mfcc17_mean,mfcc17_var,mfcc18_mean,mfcc18_var,mfcc19_mean,mfcc19_var,mfcc20_mean,mfcc20_var
0.29427958,0.08255681,0.13569559,0.0016731044,2294.7279252035287,394330.89217635966,2206.963201047237,120162.62132422402,4847.935057460847,1676202.0417473824,0.11556707088650425,0.002368106960200071,-0.00017187196,0.013435858,-0.0008655131,0.0023602254,151.99908088235293,-88.36004,3051.7417,105.4332,587.41046,-24.50932,163.95229,41.850685,114.92063,-22.360504,119.49369,23.726532,122.91411,-19.787085,78.92691,15.147273,132.1313,-27.103638,102.34786,13.853663,128.96454,-15.209694,62.00082,8.935021,44.61788,-12.798515,51.524967,-1.1130918,58.737793,-10.047855,81.62888,1.7791517,45.14175,-7.34602,78.71724,7.0953918,63.015793,0.587253,61.066647,2.505291,71.106224
