chroma_stft_mean,chroma_stft_var,rms_mean,rms_var,spectral_centroid_mean,spectral_centroid_var,spectral_bandwidth_mean,spectral_bandwidth_var,rolloff_mean,rolloff_var,zero_crossing_rate_mean,zero_crossing_rate_var,harmony_mean,harmony_var,perceptr_mean,perceptr_var,tempo,mfcc1_mean,mfcc1_var,mfcc2_mean,mfcc2_var,mfcc3_mean,mfcc3_var,mfcc4_mean,mfcc4_var,mfcc5_mean,mfcc5_var,mfcc6_mean,mfcc6_var,mfcc7_mean,mfcc7_var,mfcc8_mean,mfcc8_var,mfcc9_mean,mfcc9_var,mfcc10_mean,mfcc10_var,mfcc11_mean,mfcc11_var,mfcc12_mean,mfcc12_var,mfcc13_mean,mfcc13_var,mfcc14_mean,mfcc14_var,mfcc15_mean,mfcc15_var,mfcc16_mean,mfcc16_var,mfcc17_mean,mfcc17_var,mfcc18_mean,mfcc18_var,mfcc19_mean,mfcc19_var,mfcc20_mean,mfcc20_var
0.409179,0.07496382,0.19013606,0.0018895561,3361.7679741880775,304146.65095283533,2933.0521726160387,55090.83357073359,6920.343484900667,1019780.5274290435,0.18754758193155452,0.003566753324311317,0.00075825263,0.01717522,0.0018897648,0.0090954965,117.45383522727273,4.082787,1102.141,52.608704,241.68637,-11.054907,121.98788,19.704363,108.11997,11.284098,86.076965,7.05907,61.67451,5.062799,63.56528,4.5616736,46.35466,0.02562405,46.400753,5.1544223,41.203453,3.4035957,43.032578,1.1689492,31.621895,0.5820398,32.748417,1.2743222,26.069847,0.714491,25.660059,-0.8116799,32.27577,-3.0142307,30.055552,-1.7169989,34.139248,-1.6961086,29.692446,-1.2938507,42.001865
