chroma_stft_mean,chroma_stft_var,rms_mean,rms_var,spectral_centroid_mean,spectral_centroid_var,spectral_bandwidth_mean,spectral_bandwidth_var,rolloff_mean,rolloff_var,zero_crossing_rate_mean,zero_crossing_rate_var,harmony_mean,harmony_var,perceptr_mean,perceptr_var,tempo,mfcc1_mean,mfcc1_var,mfcc2_mean,mfcc2_var,mfcc3_mean,mfcc3_var,mfcc4_mean,mfcc4_var,mfcc5_mean,mfcc5_var,mfcc6_mean,mfcc6_var,mfcc7_mean,mfcc7_var,mfcc8_mean,mfcc8_var,mfcc9_mean,mfcc9_var,mfcc10_mean,mfcc10_var,mfcc11_mean,mfcc11_var,mfcc12_mean,mfcc12_var,mfcc13_mean,mfcc13_var,mfcc14_mean,mfcc14_var,mfcc15_mean,mfcc15_var,mfcc16_mean,mfcc16_var,mfcc17_mean,mfcc17_var,mfcc18_mean,mfcc18_var,mfcc19_mean,mfcc19_var,mfcc20_mean,mfcc20_var
0.39801338,0.0806496,0.15243913,0.0020374388,2188.057530674935,319669.5237185187,2120.196511919214,88581.08200000894,4431.917903041618,1389786.8932440972,0.11753303545533643,0.0025779670821172054,-7.584562e-05,0.011763808,-0.0010503078,0.0050624763,99.38401442307692,-56.960926,2017.259,115.221,500.94974,-30.44724,311.79138,37.199028,116.47399,-21.998432,141.39107,21.875807,106.19867,-19.772882,65.65412,15.003683,51.934456,-24.094864,74.56734,17.788218,64.71467,-17.29499,53.993893,6.7472944,42.67623,-10.742702,50.312397,0.8205284,30.504324,-10.17275,33.73866,3.6925101,32.830185,-8.560947,35.746563,-0.9104864,44.6608,-2.530952,31.029322,-1.9617608,35.436157
