chroma_stft_mean,chroma_stft_var,rms_mean,rms_var,spectral_centroid_mean,spectral_centroid_var,spectral_bandwidth_mean,spectral_bandwidth_var,rolloff_mean,rolloff_var,zero_crossing_rate_mean,zero_crossing_rate_var,harmony_mean,harmony_var,perceptr_mean,perceptr_var,tempo,mfcc1_mean,mfcc1_var,mfcc2_mean,mfcc2_var,mfcc3_mean,mfcc3_var,mfcc4_mean,mfcc4_var,mfcc5_mean,mfcc5_var,mfcc6_mean,mfcc6_var,mfcc7_mean,mfcc7_var,mfcc8_mean,mfcc8_var,mfcc9_mean,mfcc9_var,mfcc10_mean,mfcc10_var,mfcc11_mean,mfcc11_var,mfcc12_mean,mfcc12_var,mfcc13_mean,mfcc13_var,mfcc14_mean,mfcc14_var,mfcc15_mean,mfcc15_var,mfcc16_mean,mfcc16_var,mfcc17_mean,mfcc17_var,mfcc18_mean,mfcc18_var,mfcc19_mean,mfcc19_var,mfcc20_mean,mfcc20_var
0.33894858,0.09835816,0.07587266,0.0013045726,1863.7644718857396,812510.1143545058,2067.3721800251296,208396.97290553572,3986.232224749855,2731982.455711036,0.0682249371616396,0.003194016440927993,-7.31593e-06,0.002384797,-3.8242277e-05,0.0031431962,112.34714673913044,-204.6047,5790.9287,106.97547,879.35144,-10.207929,353.56155,45.585976,237.64252,3.0347538,232.51035,24.002531,165.01701,-7.5044093,178.97116,20.065851,135.20998,-5.168004,156.28174,8.738427,83.872665,-10.105714,79.201836,4.3647547,74.70653,-6.9585676,60.2256,4.7029552,54.139023,-8.221911,71.09522,-0.8157995,52.276466,-9.628987,57.548325,-7.3858194,55.1181,-9.435307,38.82911,-3.1338713,46.77503
