chroma_stft_mean,chroma_stft_var,rms_mean,rms_var,spectral_centroid_mean,spectral_centroid_var,spectral_bandwidth_mean,spectral_bandwidth_var,rolloff_mean,rolloff_var,zero_crossing_rate_mean,zero_crossing_rate_var,harmony_mean,harmony_var,perceptr_mean,perceptr_var,tempo,mfcc1_mean,mfcc1_var,mfcc2_mean,mfcc2_var,mfcc3_mean,mfcc3_var,mfcc4_mean,mfcc4_var,mfcc5_mean,mfcc5_var,mfcc6_mean,mfcc6_var,mfcc7_mean,mfcc7_var,mfcc8_mean,mfcc8_var,mfcc9_mean,mfcc9_var,mfcc10_mean,mfcc10_var,mfcc11_mean,mfcc11_var,mfcc12_mean,mfcc12_var,mfcc13_mean,mfcc13_var,mfcc14_mean,mfcc14_var,mfcc15_mean,mfcc15_var,mfcc16_mean,mfcc16_var,mfcc17_mean,mfcc17_var,mfcc18_mean,mfcc18_var,mfcc19_mean,mfcc19_var,mfcc20_mean,mfcc20_var
0.3455759,0.09340036,0.14581469,0.0023138083,1659.5913676702992,508713.21180505457,1953.1940258764896,113756.47818721923,3580.332178527407,1872447.1287300645,0.07118068143368136,0.0029309644677357554,-0.0018356537,0.014280175,0.0006385307,0.00406804,95.703125,-132.39337,2249.816,124.67918,815.2657,-9.69277,321.39124,46.452026,183.1471,-6.3060913,230.93825,30.534199,156.08202,-11.145722,121.68908,20.404236,71.731026,-11.221901,64.62939,9.368879,95.31313,-5.829724,67.3595,7.8187475,79.22588,-8.726418,71.57132,5.6184525,70.5245,-4.086974,48.96956,-0.63233465,46.611004,-8.114819,55.911587,-0.6764859,47.43872,-7.6060433,46.784687,-0.21058932,75.959564
