chroma_stft_mean,chroma_stft_var,rms_mean,rms_var,spectral_centroid_mean,spectral_centroid_var,spectral_bandwidth_mean,spectral_bandwidth_var,rolloff_mean,rolloff_var,zero_crossing_rate_mean,zero_crossing_rate_var,harmony_mean,harmony_var,perceptr_mean,perceptr_var,tempo,mfcc1_mean,mfcc1_var,mfcc2_mean,mfcc2_var,mfcc3_mean,mfcc3_var,mfcc4_mean,mfcc4_var,mfcc5_mean,mfcc5_var,mfcc6_mean,mfcc6_var,mfcc7_mean,mfcc7_var,mfcc8_mean,mfcc8_var,mfcc9_mean,mfcc9_var,mfcc10_mean,mfcc10_var,mfcc11_mean,mfcc11_var,mfcc12_mean,mfcc12_var,mfcc13_mean,mfcc13_var,mfcc14_mean,mfcc14_var,mfcc15_mean,mfcc15_var,mfcc16_mean,mfcc16_var,mfcc17_mean,mfcc17_var,mfcc18_mean,mfcc18_var,mfcc19_mean,mfcc19_var,mfcc20_mean,mfcc20_var
0.40852216,0.09061156,0.12687102,0.0017825323,2301.7700377608585,411367.80172325496,2355.0290595188444,76175.64699222028,5092.044640915024,1215685.1812809866,0.11151731982308585,0.0032004194261543092,-0.0013457001,0.0071784128,0.00018605299,0.005693764,117.45383522727273,-113.657845,3622.0054,94.94122,629.13635,-4.128477,401.54095,51.786396,160.62334,-13.776981,151.22032,34.347267,134.20415,-17.60313,114.480194,22.537716,91.21249,-12.411016,84.27876,17.204842,80.89607,-9.231343,80.952126,9.977349,71.849846,-13.473844,46.040604,7.5857787,54.521976,-7.2646394,42.555923,3.645773,60.444176,-8.463105,52.82699,0.39540547,57.310047,-9.240809,68.6082,-0.28658116,78.6476
