chroma_stft_mean,chroma_stft_var,rms_mean,rms_var,spectral_centroid_mean,spectral_centroid_var,spectral_bandwidth_mean,spectral_bandwidth_var,rolloff_mean,rolloff_var,zero_crossing_rate_mean,zero_crossing_rate_var,harmony_mean,harmony_var,perceptr_mean,perceptr_var,tempo,mfcc1_mean,mfcc1_var,mfcc2_mean,mfcc2_var,mfcc3_mean,mfcc3_var,mfcc4_mean,mfcc4_var,mfcc5_mean,mfcc5_var,mfcc6_mean,mfcc6_var,mfcc7_mean,mfcc7_var,mfcc8_mean,mfcc8_var,mfcc9_mean,mfcc9_var,mfcc10_mean,mfcc10_var,mfcc11_mean,mfcc11_var,mfcc12_mean,mfcc12_var,mfcc13_mean,mfcc13_var,mfcc14_mean,mfcc14_var,mfcc15_mean,mfcc15_var,mfcc16_mean,mfcc16_var,mfcc17_mean,mfcc17_var,mfcc18_mean,mfcc18_var,mfcc19_mean,mfcc19_var,mfcc20_mean,mfcc20_var
0.41583455,0.07889999,0.1737927,0.002264349,2342.4462721453447,256753.78776336182,2113.056605899798,71786.97384057776,4595.4403481184745,1022631.6429731476,0.13844302856728538,0.0022189663220703033,-0.00012232403,0.012301611,-0.0010018394,0.007948015,99.38401442307692,-34.634476,1172.2921,106.50069,487.05115,-41.059685,388.48367,33.66809,123.67771,-27.229921,97.133354,21.403963,89.96701,-21.319082,109.18148,14.005236,44.25576,-27.781681,109.881165,16.053364,78.824425,-18.818726,45.204353,5.6487145,45.785976,-14.2938385,45.625946,0.8131218,50.945045,-10.533708,41.822525,4.444997,53.350143,-7.4688435,40.093975,2.0704763,57.733807,-2.8995843,40.79359,-0.35772064,38.37125
