chroma_stft_mean,chroma_stft_var,rms_mean,rms_var,spectral_centroid_mean,spectral_centroid_var,spectral_bandwidth_mean,spectral_bandwidth_var,rolloff_mean,rolloff_var,zero_crossing_rate_mean,zero_crossing_rate_var,harmony_mean,harmony_var,perceptr_mean,perceptr_var,tempo,mfcc1_mean,mfcc1_var,mfcc2_mean,mfcc2_var,mfcc3_mean,mfcc3_var,mfcc4_mean,mfcc4_var,mfcc5_mean,mfcc5_var,mfcc6_mean,mfcc6_var,mfcc7_mean,mfcc7_var,mfcc8_mean,mfcc8_var,mfcc9_mean,mfcc9_var,mfcc10_mean,mfcc10_var,mfcc11_mean,mfcc11_var,mfcc12_mean,mfcc12_var,mfcc13_mean,mfcc13_var,mfcc14_mean,mfcc14_var,mfcc15_mean,mfcc15_var,mfcc16_mean,mfcc16_var,mfcc17_mean,mfcc17_var,mfcc18_mean,mfcc18_var,mfcc19_mean,mfcc19_var,mfcc20_mean,mfcc20_var
0.34380922,0.09238893,0.082274765,0.003098614,2335.5199316347857,1047256.593484541,2098.8864328445857,186228.27598729407,4500.064745414008,2909157.011472703,0.11416000519624904,0.006500616080961253,-7.3152305e-06,0.004551255,-3.1261665e-05,0.0028814597,135.99917763157896,-174.93277,3596.765,90.93342,1643.9993,-18.715298,630.86145,41.614548,258.27713,-8.878751,308.18402,9.084968,174.4287,-12.457277,203.44652,13.13021,169.51787,-9.69108,135.0254,4.335098,110.431786,-13.485934,121.491615,6.740899,111.03234,-10.384655,107.58305,7.1451287,61.77806,-5.790337,87.306496,0.795939,64.283356,-8.14087,77.15437,-5.7169795,62.04592,-3.3500679,47.338272,-0.4135662,67.251274
