chroma_stft_mean,chroma_stft_var,rms_mean,rms_var,spectral_centroid_mean,spectral_centroid_var,spectral_bandwidth_mean,spectral_bandwidth_var,rolloff_mean,rolloff_var,zero_crossing_rate_mean,zero_crossing_rate_var,harmony_mean,harmony_var,perceptr_mean,perceptr_var,tempo,mfcc1_mean,mfcc1_var,mfcc2_mean,mfcc2_var,mfcc3_mean,mfcc3_var,mfcc4_mean,mfcc4_var,mfcc5_mean,mfcc5_var,mfcc6_mean,mfcc6_var,mfcc7_mean,mfcc7_var,mfcc8_mean,mfcc8_var,mfcc9_mean,mfcc9_var,mfcc10_mean,mfcc10_var,mfcc11_mean,mfcc11_var,mfcc12_mean,mfcc12_var,mfcc13_mean,mfcc13_var,mfcc14_mean,mfcc14_var,mfcc15_mean,mfcc15_var,mfcc16_mean,mfcc16_var,mfcc17_mean,mfcc17_var,mfcc18_mean,mfcc18_var,mfcc19_mean,mfcc19_var,mfcc20_mean,mfcc20_var
0.42131665,0.07875683,0.19099241,0.0007785821,2788.3693356571966,281769.06783682347,2648.3386460310135,82063.71660840983,5832.197276824111,1242505.7921792935,0.13492539898700306,0.0015101520204161896,0.00016742054,0.023535639,0.0016020874,0.0049826885,135.99917763157896,-28.048374,665.76434,65.66149,337.99814,-7.321227,253.27672,33.75632,173.30717,11.126422,93.249405,14.604361,75.4717,2.0925806,78.151665,10.009483,37.76835,-0.22511585,47.724094,10.134864,52.337765,-2.8547633,73.325775,3.096317,36.726067,-1.6673214,39.646713,-0.11128814,35.388645,-1.6675025,44.26725,1.8607966,31.972698,-3.9520955,33.249073,-1.6541672,38.05971,-6.4595456,37.648663,-3.9630878,65.14303
