chroma_stft_mean,chroma_stft_var,rms_mean,rms_var,spectral_centroid_mean,spectral_centroid_var,spectral_bandwidth_mean,spectral_bandwidth_var,rolloff_mean,rolloff_var,zero_crossing_rate_mean,zero_crossing_rate_var,harmony_mean,harmony_var,perceptr_mean,perceptr_var,tempo,mfcc1_mean,mfcc1_var,mfcc2_mean,mfcc2_var,mfcc3_mean,mfcc3_var,mfcc4_mean,mfcc4_var,mfcc5_mean,mfcc5_var,mfcc6_mean,mfcc6_var,mfcc7_mean,mfcc7_var,mfcc8_mean,mfcc8_var,mfcc9_mean,mfcc9_var,mfcc10_mean,mfcc10_var,mfcc11_mean,mfcc11_var,mfcc12_mean,mfcc12_var,mfcc13_mean,mfcc13_var,mfcc14_mean,mfcc14_var,mfcc15_mean,mfcc15_var,mfcc16_mean,mfcc16_var,mfcc17_mean,mfcc17_var,mfcc18_mean,mfcc18_var,mfcc19_mean,mfcc19_var,mfcc20_mean,mfcc20_var
0.44346303,0.06970151,0.10823642,0.0001636582,2474.465349821513,258120.10182358103,2123.435980729778,83126.70395275022,4754.649491099913,1165113.5088650053,0.15013458889211137,0.0018154139276444416,3.6462357e-06,0.0065109567,-1.2601592e-05,0.001881215,143.5546875,-74.30769,834.4356,100.11084,444.7073,-47.357513,293.89404,49.609303,117.75851,-18.40536,67.879456,24.60919,48.287643,-15.910987,63.19673,23.892094,42.511074,-22.828266,33.43626,23.324926,51.0172,-16.943434,34.65527,14.924825,31.38182,-11.495659,29.204176,4.220348,26.133345,-13.625411,29.466496,4.4772468,25.680119,-11.660445,31.332973,4.3243303,29.795757,-10.592984,23.709063,-0.8472349,24.043697
