chroma_stft_mean,chroma_stft_var,rms_mean,rms_var,spectral_centroid_mean,spectral_centroid_var,spectral_bandwidth_mean,spectral_bandwidth_var,rolloff_mean,rolloff_var,zero_crossing_rate_mean,zero_crossing_rate_var,harmony_mean,harmony_var,perceptr_mean,perceptr_var,tempo,mfcc1_mean,mfcc1_var,mfcc2_mean,mfcc2_var,mfcc3_mean,mfcc3_var,mfcc4_mean,mfcc4_var,mfcc5_mean,mfcc5_var,mfcc6_mean,mfcc6_var,mfcc7_mean,mfcc7_var,mfcc8_mean,mfcc8_var,mfcc9_mean,mfcc9_var,mfcc10_mean,mfcc10_var,mfcc11_mean,mfcc11_var,mfcc12_mean,mfcc12_var,mfcc13_mean,mfcc13_var,mfcc14_mean,mfcc14_var,mfcc15_mean,mfcc15_var,mfcc16_mean,mfcc16_var,mfcc17_mean,mfcc17_var,mfcc18_mean,mfcc18_var,mfcc19_mean,mfcc19_var,mfcc20_mean,mfcc20_var
0.38928163,0.07340323,0.10190492,0.00037229186,2628.9166256267,93869.63127955413,2210.5134196593885,37252.501062892756,5085.982702834976,461576.1622150322,0.14664940122293116,0.0010224855149872998,-6.5555673e-07,0.0076352134,-1.5967715e-05,0.0009082508,112.34714673913044,-90.240295,615.1335,80.06857,135.39134,-46.36335,215.38481,56.045547,49.603756,-8.0926485,36.045444,27.47739,27.30978,-17.326693,31.374378,22.967056,22.371315,-17.591236,45.97616,18.405153,36.648746,-17.44015,38.165886,7.6492333,36.20978,-19.298676,27.288317,1.1883795,24.305473,-14.477152,31.768661,4.5136366,26.19375,-12.766622,24.66195,2.994773,31.54899,-6.4113603,31.566893,2.257085,38.418896
