chroma_stft_mean,chroma_stft_var,rms_mean,rms_var,spectral_centroid_mean,spectral_centroid_var,spectral_bandwidth_mean,spectral_bandwidth_var,rolloff_mean,rolloff_var,zero_crossing_rate_mean,zero_crossing_rate_var,harmony_mean,harmony_var,perceptr_mean,perceptr_var,tempo,mfcc1_mean,mfcc1_var,mfcc2_mean,mfcc2_var,mfcc3_mean,mfcc3_var,mfcc4_mean,mfcc4_var,mfcc5_mean,mfcc5_var,mfcc6_mean,mfcc6_var,mfcc7_mean,mfcc7_var,mfcc8_mean,mfcc8_var,mfcc9_mean,mfcc9_var,mfcc10_mean,mfcc10_var,mfcc11_mean,mfcc11_var,mfcc12_mean,mfcc12_var,mfcc13_mean,mfcc13_var,mfcc14_mean,mfcc14_var,mfcc15_mean,mfcc15_var,mfcc16_mean,mfcc16_var,mfcc17_mean,mfcc17_var,mfcc18_mean,mfcc18_var,mfcc19_mean,mfcc19_var,mfcc20_mean,mfcc20_var
0.34060147,0.09699719,0.11331169,0.0055646226,2186.669241082053,1757258.3549406645,2448.838699727777,526187.7770300893,4462.893740483613,7096376.796014876,0.08856659053557618,0.006689176752031415,0.0019247613,0.011482785,0.00094064284,0.0029685292,129.19921875,-181.23041,9539.946,103.43169,1941.7494,9.386158,766.82684,19.07884,317.76508,13.772365,201.5027,-0.52121776,275.6908,4.389383,162.38377,-7.6141815,96.55759,-8.117305,111.139015,-0.13711448,91.18098,-5.1818705,89.11477,-6.3062778,81.6461,-5.4519362,57.09807,-5.9776015,65.71563,-1.1736681,55.671482,-2.670375,52.197422,-5.186531,47.453175,-5.2856364,69.4191,-5.795397,64.57333,-3.7094035,56.41395
