chroma_stft_mean,chroma_stft_var,rms_mean,rms_var,spectral_centroid_mean,spectral_centroid_var,spectral_bandwidth_mean,spectral_bandwidth_var,rolloff_mean,rolloff_var,zero_crossing_rate_mean,zero_crossing_rate_var,harmony_mean,harmony_var,perceptr_mean,perceptr_var,tempo,mfcc1_mean,mfcc1_var,mfcc2_mean,mfcc2_var,mfcc3_mean,mfcc3_var,mfcc4_mean,mfcc4_var,mfcc5_mean,mfcc5_var,mfcc6_mean,mfcc6_var,mfcc7_mean,mfcc7_var,mfcc8_mean,mfcc8_var,mfcc9_mean,mfcc9_var,mfcc10_mean,mfcc10_var,mfcc11_mean,mfcc11_var,mfcc12_mean,mfcc12_var,mfcc13_mean,mfcc13_var,mfcc14_mean,mfcc14_var,mfcc15_mean,mfcc15_var,mfcc16_mean,mfcc16_var,mfcc17_mean,mfcc17_var,mfcc18_mean,mfcc18_var,mfcc19_mean,mfcc19_var,mfcc20_mean,mfcc20_var
0.3686486,0.08703797,0.16167404,0.002189703,3031.127685864391,756601.9642453535,3055.50668319491,86209.39396934981,6732.748151102088,1724444.0657381804,0.12085810614849188,0.005824996416173913,0.00067785947,0.016551329,0.0017743666,0.0051295976,89.10290948275862,-66.28536,2348.8074,66.77525,577.9758,25.18438,351.23438,26.29693,132.9412,5.29162,130.9955,10.455606,76.83613,2.4704697,85.86747,0.75241023,70.6321,-0.37136126,65.858284,1.7261298,70.12339,3.2138004,46.505173,5.0352135,55.97229,-1.9417019,52.42711,-3.0782735,53.951748,0.37914827,56.69846,-0.7798834,38.998405,3.713943,58.64901,2.3967676,58.23898,0.19798735,45.319725,-1.700898,44.616863
