chroma_stft_mean,chroma_stft_var,rms_mean,rms_var,spectral_centroid_mean,spectral_centroid_var,spectral_bandwidth_mean,spectral_bandwidth_var,rolloff_mean,rolloff_var,zero_crossing_rate_mean,zero_crossing_rate_var,harmony_mean,harmony_var,perceptr_mean,perceptr_var,tempo,mfcc1_mean,mfcc1_var,mfcc2_mean,mfcc2_var,mfcc3_mean,mfcc3_var,mfcc4_mean,mfcc4_var,mfcc5_mean,mfcc5_var,mfcc6_mean,mfcc6_var,mfcc7_mean,mfcc7_var,mfcc8_mean,mfcc8_var,mfcc9_mean,mfcc9_var,mfcc10_mean,mfcc10_var,mfcc11_mean,mfcc11_var,mfcc12_mean,mfcc12_var,mfcc13_mean,mfcc13_var,mfcc14_mean,mfcc14_var,mfcc15_mean,mfcc15_var,mfcc16_mean,mfcc16_var,mfcc17_mean,mfcc17_var,mfcc18_mean,mfcc18_var,mfcc19_mean,mfcc19_var,mfcc20_mean,mfcc20_var
0.38743302,0.08594111,0.12909234,0.005181232,1996.329188697747,253392.62109674935,2097.039295804868,96076.68022004551,4227.868737311485,1270933.2585690813,0.09022025147428461,0.001637011879503814,1.7870727e-05,0.012361938,6.824333e-05,0.0037518006,123.046875,-116.62627,5845.3877,109.25263,485.50604,-23.163752,368.8555,40.67948,161.10097,-11.888837,195.70766,23.152943,127.25556,-15.409277,130.27263,15.1249895,63.69785,-13.522578,111.76194,12.695887,59.18774,-10.871556,77.22884,8.497991,54.672256,-11.577596,39.065804,2.1976976,59.77731,-6.180506,72.42433,1.98998,72.00899,-7.9558887,35.61278,2.0833836,33.016693,-2.3929138,30.403519,-1.5417932,57.880424
