chroma_stft_mean,chroma_stft_var,rms_mean,rms_var,spectral_centroid_mean,spectral_centroid_var,spectral_bandwidth_mean,spectral_bandwidth_var,rolloff_mean,rolloff_var,zero_crossing_rate_mean,zero_crossing_rate_var,harmony_mean,harmony_var,perceptr_mean,perceptr_var,tempo,mfcc1_mean,mfcc1_var,mfcc2_mean,mfcc2_var,mfcc3_mean,mfcc3_var,mfcc4_mean,mfcc4_var,mfcc5_mean,mfcc5_var,mfcc6_mean,mfcc6_var,mfcc7_mean,mfcc7_var,mfcc8_mean,mfcc8_var,mfcc9_mean,mfcc9_var,mfcc10_mean,mfcc10_var,mfcc11_mean,mfcc11_var,mfcc12_mean,mfcc12_var,mfcc13_mean,mfcc13_var,mfcc14_mean,mfcc14_var,mfcc15_mean,mfcc15_var,mfcc16_mean,mfcc16_var,mfcc17_mean,mfcc17_var,mfcc18_mean,mfcc18_var,mfcc19_mean,mfcc19_var,mfcc20_mean,mfcc20_var
0.4358935,0.07695942,0.11220418,0.0014599024,2321.1497598885144,163419.97771851416,2118.769457100269,63337.004032645025,4701.357727758846,778530.1815056916,0.12819063285479504,0.0018804624146087807,-0.0001846812,0.0063791475,-0.0008244736,0.0031956555,123.046875,-84.1865,2007.754,102.343544,285.00836,-41.35082,250.36818,47.032593,197.4144,-16.946978,63.791286,26.23382,75.668625,-18.950123,70.07896,18.797083,72.515625,-21.695303,70.56399,11.054098,80.26724,-19.2392,50.57359,5.2341566,54.867035,-16.756317,27.454802,1.0997113,40.570305,-9.67043,39.871044,1.0988564,35.23382,-7.537694,38.1435,3.24615,37.50602,-4.7154517,27.683077,-0.3217646,21.855265
