chroma_stft_mean,chroma_stft_var,rms_mean,rms_var,spectral_centroid_mean,spectral_centroid_var,spectral_bandwidth_mean,spectral_bandwidth_var,rolloff_mean,rolloff_var,zero_crossing_rate_mean,zero_crossing_rate_var,harmony_mean,harmony_var,perceptr_mean,perceptr_var,tempo,mfcc1_mean,mfcc1_var,mfcc2_mean,mfcc2_var,mfcc3_mean,mfcc3_var,mfcc4_mean,mfcc4_var,mfcc5_mean,mfcc5_var,mfcc6_mean,mfcc6_var,mfcc7_mean,mfcc7_var,mfcc8_mean,mfcc8_var,mfcc9_mean,mfcc9_var,mfcc10_mean,mfcc10_var,mfcc11_mean,mfcc11_var,mfcc12_mean,mfcc12_var,mfcc13_mean,mfcc13_var,mfcc14_mean,mfcc14_var,mfcc15_mean,mfcc15_var,mfcc16_mean,mfcc16_var,mfcc17_mean,mfcc17_var,mfcc18_mean,mfcc18_var,mfcc19_mean,mfcc19_var,mfcc20_mean,mfcc20_var
0.34340003,0.086551,0.10520216,0.0013842286,1609.7586945896003,349316.94404837454,1816.0413405600689,126973.804223066,3380.4464318082946,1497994.2014098773,0.07325653760634183,0.001771492615693374,-6.885993e-07,0.0070949127,-3.0759857e-05,0.002625758,107.666015625,-156.29813,2890.8564,130.7896,678.51013,-25.229616,211.59167,43.48547,182.36917,-12.138993,130.52576,25.392202,91.07907,-7.9401684,113.46653,17.616287,65.850235,-8.628423,93.40981,9.566106,65.08754,-8.367283,62.18366,5.763708,52.27227,-7.0483007,49.09521,-1.8863184,52.427307,-7.683533,57.783176,3.004139,57.388535,-6.433903,66.59235,-1.3064598,47.297905,-7.830779,73.390785,-4.1460037,94.280525
