chroma_stft_mean,chroma_stft_var,rms_mean,rms_var,spectral_centroid_mean,spectral_centroid_var,spectral_bandwidth_mean,spectral_bandwidth_var,rolloff_mean,rolloff_var,zero_crossing_rate_mean,zero_crossing_rate_var,harmony_mean,harmony_var,perceptr_mean,perceptr_var,tempo,mfcc1_mean,mfcc1_var,mfcc2_mean,mfcc2_var,mfcc3_mean,mfcc3_var,mfcc4_mean,mfcc4_var,mfcc5_mean,mfcc5_var,mfcc6_mean,mfcc6_var,mfcc7_mean,mfcc7_var,mfcc8_mean,mfcc8_var,mfcc9_mean,mfcc9_var,mfcc10_mean,mfcc10_var,mfcc11_mean,mfcc11_var,mfcc12_mean,mfcc12_var,mfcc13_mean,mfcc13_var,mfcc14_mean,mfcc14_var,mfcc15_mean,mfcc15_var,mfcc16_mean,mfcc16_var,mfcc17_mean,mfcc17_var,mfcc18_mean,mfcc18_var,mfcc19_mean,mfcc19_var,mfcc20_mean,mfcc20_var
0.42793378,0.07712987,0.21626079,0.0014510712,2850.236430403512,406562.65581786935,2621.690044153678,116903.76141721006,5897.606074892241,1702671.8688486305,0.14704748862547892,0.002449327108715504,-7.551909e-05,0.026801882,-0.0013890484,0.008240882,135.99917763157896,-0.4265769,936.84235,72.35004,483.59146,-13.061866,260.93298,23.915257,94.16434,10.229573,95.88121,10.317129,76.82701,-5.016699,67.39622,14.344585,53.25978,-0.6939212,43.75453,9.888121,51.981323,0.72519857,38.074524,5.222892,39.79672,-4.0965514,34.95359,0.29972786,29.596762,-0.30989182,33.06472,-1.2404759,33.757515,-6.1593857,32.159348,1.0186315,29.26246,-3.3828042,34.27243,1.3313693,49.57334
