chroma_stft_mean,chroma_stft_var,rms_mean,rms_var,spectral_centroid_mean,spectral_centroid_var,spectral_bandwidth_mean,spectral_bandwidth_var,rolloff_mean,rolloff_var,zero_crossing_rate_mean,zero_crossing_rate_var,harmony_mean,harmony_var,perceptr_mean,perceptr_var,tempo,mfcc1_mean,mfcc1_var,mfcc2_mean,mfcc2_var,mfcc3_mean,mfcc3_var,mfcc4_mean,mfcc4_var,mfcc5_mean,mfcc5_var,mfcc6_mean,mfcc6_var,mfcc7_mean,mfcc7_var,mfcc8_mean,mfcc8_var,mfcc9_mean,mfcc9_var,mfcc10_mean,mfcc10_var,mfcc11_mean,mfcc11_var,mfcc12_mean,mfcc12_var,mfcc13_mean,mfcc13_var,mfcc14_mean,mfcc14_var,mfcc15_mean,mfcc15_var,mfcc16_mean,mfcc16_var,mfcc17_mean,mfcc17_var,mfcc18_mean,mfcc18_var,mfcc19_mean,mfcc19_var,mfcc20_mean,mfcc20_var
0.39886934,0.0751171,0.07642329,0.0005892539,2006.8272650214387,182135.83754584196,2068.83925947132,82342.1775129205,4149.1717911651685,1046246.005695648,0.09766418032192575,0.0008675365527162448,4.4185676e-06,0.0039830864,-1.1928615e-05,0.0008178896,117.45383522727273,-142.41621,3282.1492,116.20546,344.5908,-32.160263,190.75334,49.11151,66.63826,-8.389906,81.14929,22.885155,44.59847,-18.317211,63.994255,20.110556,43.963993,-22.102661,36.81463,10.792424,53.117,-12.998068,43.62885,14.083412,38.2325,-16.392958,34.81606,4.162846,29.09569,-4.3739843,43.540905,3.7363334,33.842625,-10.860102,39.25241,1.8778214,32.02782,-7.4682636,39.17617,-2.7918549,31.719292
