chroma_stft_mean,chroma_stft_var,rms_mean,rms_var,spectral_centroid_mean,spectral_centroid_var,spectral_bandwidth_mean,spectral_bandwidth_var,rolloff_mean,rolloff_var,zero_crossing_rate_mean,zero_crossing_rate_var,harmony_mean,harmony_var,perceptr_mean,perceptr_var,tempo,mfcc1_mean,mfcc1_var,mfcc2_mean,mfcc2_var,mfcc3_mean,mfcc3_var,mfcc4_mean,mfcc4_var,mfcc5_mean,mfcc5_var,mfcc6_mean,mfcc6_var,mfcc7_mean,mfcc7_var,mfcc8_mean,mfcc8_var,mfcc9_mean,mfcc9_var,mfcc10_mean,mfcc10_var,mfcc11_mean,mfcc11_var,mfcc12_mean,mfcc12_var,mfcc13_mean,mfcc13_var,mfcc14_mean,mfcc14_var,mfcc15_mean,mfcc15_var,mfcc16_mean,mfcc16_var,mfcc17_mean,mfcc17_var,mfcc18_mean,mfcc18_var,mfcc19_mean,mfcc19_var,mfcc20_mean,mfcc20_var
0.34448424,0.088035464,0.18003525,0.0035813993,1676.1460477207688,209843.5693677243,1653.5278079437442,80587.52820133096,3255.327363689095,731885.8244540886,0.08730529171500387,0.0013243877174166697,1.8552499e-05,0.02368593,-2.257144e-05,0.005117294,112.34714673913044,-98.38649,2694.7002,136.57487,671.14886,-46.714024,339.4148,46.476673,255.2408,-17.152012,213.64883,10.547506,147.66106,-14.580566,116.87941,16.551332,113.08001,-12.312679,99.419655,3.7018619,85.8813,-12.647758,87.86799,2.9513052,78.73793,-12.505246,64.52926,0.109871894,62.32761,-0.7819079,72.17648,-5.6888523,63.223953,-8.629558,65.66598,-1.8903698,52.954563,-2.185492,41.101074,-3.397589,44.949505
