chroma_stft_mean,chroma_stft_var,rms_mean,rms_var,spectral_centroid_mean,spectral_centroid_var,spectral_bandwidth_mean,spectral_bandwidth_var,rolloff_mean,rolloff_var,zero_crossing_rate_mean,zero_crossing_rate_var,harmony_mean,harmony_var,perceptr_mean,perceptr_var,tempo,mfcc1_mean,mfcc1_var,mfcc2_mean,mfcc2_var,mfcc3_mean,mfcc3_var,mfcc4_mean,mfcc4_var,mfcc5_mean,mfcc5_var,mfcc6_mean,mfcc6_var,mfcc7_mean,mfcc7_var,mfcc8_mean,mfcc8_var,mfcc9_mean,mfcc9_var,mfcc10_mean,mfcc10_var,mfcc11_mean,mfcc11_var,mfcc12_mean,mfcc12_var,mfcc13_mean,mfcc13_var,mfcc14_mean,mfcc14_var,mfcc15_mean,mfcc15_var,mfcc16_mean,mfcc16_var,mfcc17_mean,mfcc17_var,mfcc18_mean,mfcc18_var,mfcc19_mean,mfcc19_var,mfcc20_mean,mfcc20_var
0.41659114,0.07374329,0.1068667,0.00021669529,2471.4537522284268,108657.0152047494,2102.1934648698248,25988.308875157203,4687.268717825551,458196.73856206826,0.15093857248163187,0.0009732999995177241,-4.04188e-07,0.0059936983,-1.4540941e-05,0.0020338655,129.19921875,-70.11194,566.8039,94.16672,200.07758,-50.33251,88.21024,46.95689,61.875168,-16.10815,50.261684,19.98747,36.163544,-23.955923,38.01727,16.344193,36.634796,-22.179579,30.416027,14.427519,34.87974,-20.087427,29.928564,12.139044,25.6943,-14.7731085,28.172438,4.9046216,28.626356,-13.62448,26.455097,0.82260996,26.049313,-15.060138,21.806318,-1.6115502,23.839111,-16.089869,21.049044,-2.1866071,23.574179
