chroma_stft_mean,chroma_stft_var,rms_mean,rms_var,spectral_centroid_mean,spectral_centroid_var,spectral_bandwidth_mean,spectral_bandwidth_var,rolloff_mean,rolloff_var,zero_crossing_rate_mean,zero_crossing_rate_var,harmony_mean,harmony_var,perceptr_mean,perceptr_var,tempo,mfcc1_mean,mfcc1_var,mfcc2_mean,mfcc2_var,mfcc3_mean,mfcc3_var,mfcc4_mean,mfcc4_var,mfcc5_mean,mfcc5_var,mfcc6_mean,mfcc6_var,mfcc7_mean,mfcc7_var,mfcc8_mean,mfcc8_var,mfcc9_mean,mfcc9_var,mfcc10_mean,mfcc10_var,mfcc11_mean,mfcc11_var,mfcc12_mean,mfcc12_var,mfcc13_mean,mfcc13_var,mfcc14_mean,mfcc14_var,mfcc15_mean,mfcc15_var,mfcc16_mean,mfcc16_var,mfcc17_mean,mfcc17_var,mfcc18_mean,mfcc18_var,mfcc19_mean,mfcc19_var,mfcc20_mean,mfcc20_var
0.35197702,0.08047889,0.07944595,0.00034580586,2008.174520929767,282095.5480265935,2106.3140915695667,88556.0907466611,4253.6236473136605,1222211.0255678669,0.08922745069605569,0.001304727902572771,-2.2440743e-06,0.004597858,-1.5523934e-05,0.00068114145,103.359375,-153.63004,2539.2595,109.904785,453.89743,-23.091644,188.18266,59.014496,130.92365,-7.5204816,89.95815,19.728552,58.24438,-16.488035,89.07758,18.078283,43.772224,-22.212603,77.558586,15.408715,61.031563,-12.378634,42.648254,12.347538,43.48227,-12.310061,49.127956,5.780296,56.37114,-10.265627,36.62775,1.8031518,45.036552,-13.29347,41.667393,2.4838254,36.720837,-6.716792,54.836437,-1.1984035,49.9469
