chroma_stft_mean,chroma_stft_var,rms_mean,rms_var,spectral_centroid_mean,spectral_centroid_var,spectral_bandwidth_mean,spectral_bandwidth_var,rolloff_mean,rolloff_var,zero_crossing_rate_mean,zero_crossing_rate_var,harmony_mean,harmony_var,perceptr_mean,perceptr_var,tempo,mfcc1_mean,mfcc1_var,mfcc2_mean,mfcc2_var,mfcc3_mean,mfcc3_var,mfcc4_mean,mfcc4_var,mfcc5_mean,mfcc5_var,mfcc6_mean,mfcc6_var,mfcc7_mean,mfcc7_var,mfcc8_mean,mfcc8_var,mfcc9_mean,mfcc9_var,mfcc10_mean,mfcc10_var,mfcc11_mean,mfcc11_var,mfcc12_mean,mfcc12_var,mfcc13_mean,mfcc13_var,mfcc14_mean,mfcc14_var,mfcc15_mean,mfcc15_var,mfcc16_mean,mfcc16_var,mfcc17_mean,mfcc17_var,mfcc18_mean,mfcc18_var,mfcc19_mean,mfcc19_var,mfcc20_mean,mfcc20_var
0.32347274,0.087020785,0.12787735,0.0013891462,1674.1340437310519,239963.90586267368,1948.294443985897,199873.2620946291,3431.789715052204,1547797.2762920612,0.07487394564481825,0.000705522968416734,-0.00012662828,0.012377675,-0.00092411716,0.0019667333,117.45383522727273,-119.03785,2551.3303,128.89801,868.8368,-17.83216,365.3226,29.174347,96.34928,2.7172754,118.55282,7.998563,88.17125,-7.062791,101.984726,3.8721452,70.86873,-1.5170449,60.103863,-3.9864912,59.388786,-7.0405617,51.002186,-2.8676345,37.830994,-4.180409,43.010506,-1.8484714,52.09728,-2.9512167,59.220436,-2.2554915,61.556976,-0.5738735,64.23991,-0.09969944,67.42295,-2.7955196,43.418865,-2.6253781,49.06586
