chroma_stft_mean,chroma_stft_var,rms_mean,rms_var,spectral_centroid_mean,spectral_centroid_var,spectral_bandwidth_mean,spectral_bandwidth_var,rolloff_mean,rolloff_var,zero_crossing_rate_mean,zero_crossing_rate_var,harmony_mean,harmony_var,perceptr_mean,perceptr_var,tempo,mfcc1_mean,mfcc1_var,mfcc2_mean,mfcc2_var,mfcc3_mean,mfcc3_var,mfcc4_mean,mfcc4_var,mfcc5_mean,mfcc5_var,mfcc6_mean,mfcc6_var,mfcc7_mean,mfcc7_var,mfcc8_mean,mfcc8_var,mfcc9_mean,mfcc9_var,mfcc10_mean,mfcc10_var,mfcc11_mean,mfcc11_var,mfcc12_mean,mfcc12_var,mfcc13_mean,mfcc13_var,mfcc14_mean,mfcc14_var,mfcc15_mean,mfcc15_var,mfcc16_mean,mfcc16_var,mfcc17_mean,mfcc17_var,mfcc18_mean,mfcc18_var,mfcc19_mean,mfcc19_var,mfcc20_mean,mfcc20_var
0.33565226,0.08684513,0.09362348,0.0014671555,2553.6435090564128,359682.14925966796,2219.1017939026833,71404.11080472259,5123.536742314385,1055025.9931930825,0.1361319061774942,0.0035474332312964594,6.503513e-08,0.0050771055,-4.4494122e-06,0.0025377243,117.45383522727273,-121.46697,5140.886,89.52725,709.6337,-33.490353,262.56293,41.959053,227.09247,-25.940279,154.54106,23.04037,118.90244,-20.253145,136.94424,14.365855,101.99708,-16.338196,110.551765,17.046362,105.720695,-16.961536,67.83721,9.144575,66.50532,-10.106951,51.1791,4.2052097,68.51308,-9.360472,62.834663,1.6120548,57.579853,-10.548402,73.00669,1.0753498,45.456047,-1.6400307,63.560257,7.538744,73.96335
