chroma_stft_mean,chroma_stft_var,rms_mean,rms_var,spectral_centroid_mean,spectral_centroid_var,spectral_bandwidth_mean,spectral_bandwidth_var,rolloff_mean,rolloff_var,zero_crossing_rate_mean,zero_crossing_rate_var,harmony_mean,harmony_var,perceptr_mean,perceptr_var,tempo,mfcc1_mean,mfcc1_var,mfcc2_mean,mfcc2_var,mfcc3_mean,mfcc3_var,mfcc4_mean,mfcc4_var,mfcc5_mean,mfcc5_var,mfcc6_mean,mfcc6_var,mfcc7_mean,mfcc7_var,mfcc8_mean,mfcc8_var,mfcc9_mean,mfcc9_var,mfcc10_mean,mfcc10_var,mfcc11_mean,mfcc11_var,mfcc12_mean,mfcc12_var,mfcc13_mean,mfcc13_var,mfcc14_mean,mfcc14_var,mfcc15_mean,mfcc15_var,mfcc16_mean,mfcc16_var,mfcc17_mean,mfcc17_var,mfcc18_mean,mfcc18_var,mfcc19_mean,mfcc19_var,mfcc20_mean,mfcc20_var
0.3216622,0.08172419,0.14554074,0.0005761986,1646.6359257324248,118168.04169192548,1701.4258606418757,53341.7531869118,3184.299435361079,506144.1572043013,0.08525284887374324,0.0007798133065946844,-4.798752e-07,0.013957846,-9.768159e-06,0.0025041576,129.19921875,-93.35886,1341.4579,137.46744,515.4383,-45.09206,158.88356,37.811535,154.03087,-9.419834,142.27719,12.59467,97.01912,-7.4806423,51.04652,5.539186,65.141045,-3.7403598,62.572765,-2.0107427,37.89442,-2.4594233,54.319756,-9.579354,46.57619,-3.1679165,56.90796,-5.562454,57.104046,-7.494168,48.334137,-5.683579,41.602528,-2.0150528,48.536877,-3.879438,68.98612,-6.2089562,41.68234,-8.088406,66.68692
