chroma_stft_mean,chroma_stft_var,rms_mean,rms_var,spectral_centroid_mean,spectral_centroid_var,spectral_bandwidth_mean,spectral_bandwidth_var,rolloff_mean,rolloff_var,zero_crossing_rate_mean,zero_crossing_rate_var,harmony_mean,harmony_var,perceptr_mean,perceptr_var,tempo,mfcc1_mean,mfcc1_var,mfcc2_mean,mfcc2_var,mfcc3_mean,mfcc3_var,mfcc4_mean,mfcc4_var,mfcc5_mean,mfcc5_var,mfcc6_mean,mfcc6_var,mfcc7_mean,mfcc7_var,mfcc8_mean,mfcc8_var,mfcc9_mean,mfcc9_var,mfcc10_mean,mfcc10_var,mfcc11_mean,mfcc11_var,mfcc12_mean,mfcc12_var,mfcc13_mean,mfcc13_var,mfcc14_mean,mfcc14_var,mfcc15_mean,mfcc15_var,mfcc16_mean,mfcc16_var,mfcc17_mean,mfcc17_var,mfcc18_mean,mfcc18_var,mfcc19_mean,mfcc19_var,mfcc20_mean,mfcc20_var
0.3583181,0.08581702,0.054431498,0.00033657285,1609.7851807206855,422325.21032572805,1797.061552918547,120233.3321956634,3246.925584124855,1753429.869007857,0.07630480230085074,0.0021712966553924305,-6.354518e-07,0.0026638734,-1.6359752e-05,0.00019120956,123.046875,-235.20059,7713.9443,123.87175,799.3343,-22.546131,518.84174,52.951675,227.68184,-1.453821,182.415,24.660513,126.350266,-7.088473,118.52415,14.8901,93.551216,-12.783066,79.31469,16.71823,76.07009,-2.9434726,79.11752,10.081299,45.597046,-15.028531,43.000504,3.1190753,67.36639,-7.1235514,58.072083,1.7955873,59.10209,-7.077187,73.670845,0.02340448,76.48678,-2.03388,72.16987,1.1501083,49.735138
