chroma_stft_mean,chroma_stft_var,rms_mean,rms_var,spectral_centroid_mean,spectral_centroid_var,spectral_bandwidth_mean,spectral_bandwidth_var,rolloff_mean,rolloff_var,zero_crossing_rate_mean,zero_crossing_rate_var,harmony_mean,harmony_var,perceptr_mean,perceptr_var,tempo,mfcc1_mean,mfcc1_var,mfcc2_mean,mfcc2_var,mfcc3_mean,mfcc3_var,mfcc4_mean,mfcc4_var,mfcc5_mean,mfcc5_var,mfcc6_mean,mfcc6_var,mfcc7_mean,mfcc7_var,mfcc8_mean,mfcc8_var,mfcc9_mean,mfcc9_var,mfcc10_mean,mfcc10_var,mfcc11_mean,mfcc11_var,mfcc12_mean,mfcc12_var,mfcc13_mean,mfcc13_var,mfcc14_mean,mfcc14_var,mfcc15_mean,mfcc15_var,mfcc16_mean,mfcc16_var,mfcc17_mean,mfcc17_var,mfcc18_mean,mfcc18_var,mfcc19_mean,mfcc19_var,mfcc20_mean,mfcc20_var
0.3686047,0.08260171,0.104332164,0.0008794316,2606.2611466468375,259094.84157390293,2318.766347066926,58907.954159079796,5339.318422817575,883076.9401880255,0.14967274204853054,0.0023288708558556388,1.1343342e-06,0.0058524422,-1.5940615e-05,0.0023661067,117.45383522727273,-87.96438,1492.0117,93.53565,317.8392,-23.224028,197.53947,48.123466,93.04175,-21.444712,82.391785,27.754807,64.91292,-20.335535,96.937645,18.751484,68.46188,-15.218708,60.092354,16.133469,55.609375,-21.41218,67.19669,10.867748,36.394863,-12.026507,52.610195,5.123499,65.4726,-7.3036647,41.427692,4.6613207,50.55591,-10.165855,83.08381,5.499814,53.999046,-4.3694463,75.589066,0.31226498,53.51493
