chroma_stft_mean,chroma_stft_var,rms_mean,rms_var,spectral_centroid_mean,spectral_centroid_var,spectral_bandwidth_mean,spectral_bandwidth_var,rolloff_mean,rolloff_var,zero_crossing_rate_mean,zero_crossing_rate_var,harmony_mean,harmony_var,perceptr_mean,perceptr_var,tempo,mfcc1_mean,mfcc1_var,mfcc2_mean,mfcc2_var,mfcc3_mean,mfcc3_var,mfcc4_mean,mfcc4_var,mfcc5_mean,mfcc5_var,mfcc6_mean,mfcc6_var,mfcc7_mean,mfcc7_var,mfcc8_mean,mfcc8_var,mfcc9_mean,mfcc9_var,mfcc10_mean,mfcc10_var,mfcc11_mean,mfcc11_var,mfcc12_mean,mfcc12_var,mfcc13_mean,mfcc13_var,mfcc14_mean,mfcc14_var,mfcc15_mean,mfcc15_var,mfcc16_mean,mfcc16_var,mfcc17_mean,mfcc17_var,mfcc18_mean,mfcc18_var,mfcc19_mean,mfcc19_var,mfcc20_mean,mfcc20_var
0.39827147,0.08778343,0.15342064,0.0026921474,1857.97259864943,379959.17208678275,2182.350232035478,106105.55571025322,4191.671972429669,1648787.6290652694,0.07170823665893271,0.001792337409446518,7.6176366e-07,0.011402281,-2.1695287e-05,0.0078042033,161.4990234375,-108.94804,2676.7957,114.95368,459.32266,-5.21129,334.68292,46.19136,170.23799,-9.136667,125.25786,20.517895,140.06793,-17.024096,107.52481,24.221981,85.436325,-8.050692,77.78536,13.43937,63.898064,-18.37755,53.233856,8.584026,56.306385,-11.401218,47.909935,1.8885924,50.249237,-10.55389,45.45109,-0.25589058,31.901972,-11.798589,45.530426,-6.499075,39.328686,-4.303899,48.186466,-2.7363358,33.10914
