chroma_stft_mean,chroma_stft_var,rms_mean,rms_var,spectral_centroid_mean,spectral_centroid_var,spectral_bandwidth_mean,spectral_bandwidth_var,rolloff_mean,rolloff_var,zero_crossing_rate_mean,zero_crossing_rate_var,harmony_mean,harmony_var,perceptr_mean,perceptr_var,tempo,mfcc1_mean,mfcc1_var,mfcc2_mean,mfcc2_var,mfcc3_mean,mfcc3_var,mfcc4_mean,mfcc4_var,mfcc5_mean,mfcc5_var,mfcc6_mean,mfcc6_var,mfcc7_mean,mfcc7_var,mfcc8_mean,mfcc8_var,mfcc9_mean,mfcc9_var,mfcc10_mean,mfcc10_var,mfcc11_mean,mfcc11_var,mfcc12_mean,mfcc12_var,mfcc13_mean,mfcc13_var,mfcc14_mean,mfcc14_var,mfcc15_mean,mfcc15_var,mfcc16_mean,mfcc16_var,mfcc17_mean,mfcc17_var,mfcc18_mean,mfcc18_var,mfcc19_mean,mfcc19_var,mfcc20_mean,mfcc20_var
0.39021087,0.08513443,0.096469395,0.00049786555,2944.617225098909,723938.0399382507,2831.3006101810506,108819.10714004627,6333.584516839473,1186604.3592237195,0.11491716212296983,0.0036779132800871858,-7.978856e-06,0.0056060096,-0.00033766436,0.0018663176,117.45383522727273,-131.4277,2446.1104,67.74452,837.3521,32.890038,808.2437,34.585876,345.97614,-3.2927592,127.6195,21.882212,188.8335,-5.809261,107.42544,10.232336,68.281586,-7.0489717,70.05697,2.2989485,79.06558,-4.3683047,50.851627,-3.317443,46.40254,-6.280927,45.706448,-0.22606148,38.359303,-1.96103,41.914715,-1.9077443,34.960606,-0.885315,30.652906,0.94890165,28.93585,-1.5479158,33.41491,-1.1732566,34.76184
