chroma_stft_mean,chroma_stft_var,rms_mean,rms_var,spectral_centroid_mean,spectral_centroid_var,spectral_bandwidth_mean,spectral_bandwidth_var,rolloff_mean,rolloff_var,zero_crossing_rate_mean,zero_crossing_rate_var,harmony_mean,harmony_var,perceptr_mean,perceptr_var,tempo,mfcc1_mean,mfcc1_var,mfcc2_mean,mfcc2_var,mfcc3_mean,mfcc3_var,mfcc4_mean,mfcc4_var,mfcc5_mean,mfcc5_var,mfcc6_mean,mfcc6_var,mfcc7_mean,mfcc7_var,mfcc8_mean,mfcc8_var,mfcc9_mean,mfcc9_var,mfcc10_mean,mfcc10_var,mfcc11_mean,mfcc11_var,mfcc12_mean,mfcc12_var,mfcc13_mean,mfcc13_var,mfcc14_mean,mfcc14_var,mfcc15_mean,mfcc15_var,mfcc16_mean,mfcc16_var,mfcc17_mean,mfcc17_var,mfcc18_mean,mfcc18_var,mfcc19_mean,mfcc19_var,mfcc20_mean,mfcc20_var
0.43164626,0.073649384,0.14712149,0.0023021814,1712.2893709831192,272340.28414422827,2249.6243303381407,209501.98783615377,3618.4024819641822,2654087.748277674,0.06657807364172467,0.000366298502920158,0.0009101993,0.012063061,0.0016194795,0.0043336307,129.19921875,-91.9124,2090.7444,129.96863,490.79214,1.8372804,371.9452,11.621115,215.79417,3.2257633,77.20834,-1.9720752,115.263725,-2.2193565,50.430584,-0.85540605,62.139603,-4.3434763,52.963318,-3.5430148,57.75,-1.5521153,32.725235,-0.5419181,32.133102,0.4020132,36.31314,-1.6473914,34.495026,-4.5720263,26.585136,-2.96968,25.444357,-4.286571,27.336246,-2.6720417,33.09165,-3.5486424,27.259464,-1.4414598,26.957638
