chroma_stft_mean,chroma_stft_var,rms_mean,rms_var,spectral_centroid_mean,spectral_centroid_var,spectral_bandwidth_mean,spectral_bandwidth_var,rolloff_mean,rolloff_var,zero_crossing_rate_mean,zero_crossing_rate_var,harmony_mean,harmony_var,perceptr_mean,perceptr_var,tempo,mfcc1_mean,mfcc1_var,mfcc2_mean,mfcc2_var,mfcc3_mean,mfcc3_var,mfcc4_mean,mfcc4_var,mfcc5_mean,mfcc5_var,mfcc6_mean,mfcc6_var,mfcc7_mean,mfcc7_var,mfcc8_mean,mfcc8_var,mfcc9_mean,mfcc9_var,mfcc10_mean,mfcc10_var,mfcc11_mean,mfcc11_var,mfcc12_mean,mfcc12_var,mfcc13_mean,mfcc13_var,mfcc14_mean,mfcc14_var,mfcc15_mean,mfcc15_var,mfcc16_mean,mfcc16_var,mfcc17_mean,mfcc17_var,mfcc18_mean,mfcc18_var,mfcc19_mean,mfcc19_var,mfcc20_mean,mfcc20_var
0.4572786,0.0793851,0.12408983,0.00046121614,1867.4143288199461,398291.3145882947,2422.37169970984,281194.02554722305,4271.110007159948,2937795.019213241,0.05698049593967518,0.0006292575380888801,-1.37093e-05,0.010284816,-0.0011600744,0.0018313394,129.19921875,-124.00335,2411.4407,109.49398,582.7755,5.874346,366.42242,32.895947,128.0278,10.985754,82.428276,11.695206,55.336052,12.678273,58.267715,12.968339,47.407696,1.6449655,39.5946,4.5004187,34.82377,9.672361,34.55702,3.0521114,31.941204,3.5316381,25.036432,0.73924416,27.893574,1.7675536,31.319014,-0.6834702,24.65033,-0.03675565,29.270546,-1.0077115,24.51019,-5.555849,31.888042,-0.84583056,34.50292
