chroma_stft_mean,chroma_stft_var,rms_mean,rms_var,spectral_centroid_mean,spectral_centroid_var,spectral_bandwidth_mean,spectral_bandwidth_var,rolloff_mean,rolloff_var,zero_crossing_rate_mean,zero_crossing_rate_var,harmony_mean,harmony_var,perceptr_mean,perceptr_var,tempo,mfcc1_mean,mfcc1_var,mfcc2_mean,mfcc2_var,mfcc3_mean,mfcc3_var,mfcc4_mean,mfcc4_var,mfcc5_mean,mfcc5_var,mfcc6_mean,mfcc6_var,mfcc7_mean,mfcc7_var,mfcc8_mean,mfcc8_var,mfcc9_mean,mfcc9_var,mfcc10_mean,mfcc10_var,mfcc11_mean,mfcc11_var,mfcc12_mean,mfcc12_var,mfcc13_mean,mfcc13_var,mfcc14_mean,mfcc14_var,mfcc15_mean,mfcc15_var,mfcc16_mean,mfcc16_var,mfcc17_mean,mfcc17_var,mfcc18_mean,mfcc18_var,mfcc19_mean,mfcc19_var,mfcc20_mean,mfcc20_var
0.48839208,0.072431296,0.17567988,0.0020568091,3303.2031125307344,461255.7479751487,2913.5971014748784,77295.9167353955,6717.260232381091,1251054.4986110996,0.17753347351121423,0.004664278567085413,0.00014145525,0.0137455575,0.0023904322,0.007596335,135.99917763157896,-7.8688965,1581.2212,59.537727,341.1879,3.64771,230.01051,28.984354,97.32063,4.1384044,70.77349,10.26854,44.85929,2.558714,75.497536,7.6040683,38.760998,-1.399824,39.622032,2.9641616,43.75981,4.0499907,36.83417,-0.75281394,31.857248,1.0675513,28.170095,-3.0407865,24.473433,-1.0089142,43.417362,-0.6948098,29.200983,-0.6862662,26.342106,1.5193398,24.043852,-0.4616992,26.609587,0.5018843,25.102264
