chroma_stft_mean,chroma_stft_var,rms_mean,rms_var,spectral_centroid_mean,spectral_centroid_var,spectral_bandwidth_mean,spectral_bandwidth_var,rolloff_mean,rolloff_var,zero_crossing_rate_mean,zero_crossing_rate_var,harmony_mean,harmony_var,perceptr_mean,perceptr_var,tempo,mfcc1_mean,mfcc1_var,mfcc2_mean,mfcc2_var,mfcc3_mean,mfcc3_var,mfcc4_mean,mfcc4_var,mfcc5_mean,mfcc5_var,mfcc6_mean,mfcc6_var,mfcc7_mean,mfcc7_var,mfcc8_mean,mfcc8_var,mfcc9_mean,mfcc9_var,mfcc10_mean,mfcc10_var,mfcc11_mean,mfcc11_var,mfcc12_mean,mfcc12_var,mfcc13_mean,mfcc13_var,mfcc14_mean,mfcc14_var,mfcc15_mean,mfcc15_var,mfcc16_mean,mfcc16_var,mfcc17_mean,mfcc17_var,mfcc18_mean,mfcc18_var,mfcc19_mean,mfcc19_var,mfcc20_mean,mfcc20_var
0.3801126,0.0983729,0.15122105,0.0039843195,1421.3550411262565,428174.6869999092,1902.3217903706209,172098.8055912823,3042.7015547962587,2532761.4487996837,0.0430986562258314,0.0009387563717807856,4.490462e-05,0.015294028,-5.6494082e-05,0.0051913294,95.703125,-156.54553,5366.8706,130.7242,735.01373,-1.4807918,405.91968,36.234592,150.961,0.3509126,246.40099,31.955034,96.25902,-0.6218728,142.61745,20.156782,73.1298,-11.339355,106.01003,13.855699,49.58929,-3.7898722,83.45811,11.537828,70.01547,-3.2142534,68.85041,5.058525,50.319134,-1.7850621,57.22465,3.542804,28.201982,-2.4448647,32.993206,-0.7330248,33.035183,-1.4241273,39.34434,0.6442886,35.79731
