chroma_stft_mean,chroma_stft_var,rms_mean,rms_var,spectral_centroid_mean,spectral_centroid_var,spectral_bandwidth_mean,spectral_bandwidth_var,rolloff_mean,rolloff_var,zero_crossing_rate_mean,zero_crossing_rate_var,harmony_mean,harmony_var,perceptr_mean,perceptr_var,tempo,mfcc1_mean,mfcc1_var,mfcc2_mean,mfcc2_var,mfcc3_mean,mfcc3_var,mfcc4_mean,mfcc4_var,mfcc5_mean,mfcc5_var,mfcc6_mean,mfcc6_var,mfcc7_mean,mfcc7_var,mfcc8_mean,mfcc8_var,mfcc9_mean,mfcc9_var,mfcc10_mean,mfcc10_var,mfcc11_mean,mfcc11_var,mfcc12_mean,mfcc12_var,mfcc13_mean,mfcc13_var,mfcc14_mean,mfcc14_var,mfcc15_mean,mfcc15_var,mfcc16_mean,mfcc16_var,mfcc17_mean,mfcc17_var,mfcc18_mean,mfcc18_var,mfcc19_mean,mfcc19_var,mfcc20_mean,mfcc20_var
0.35672423,0.0890916,0.106824376,0.0007864033,2581.5076039009978,418226.72718224727,2376.171880945244,64758.22956545094,5390.361939892691,1148461.6403391208,0.1392005631283836,0.0041446697122625295,-3.208761e-06,0.0068817423,-2.3020693e-05,0.0021785332,129.19921875,-94.26873,1765.9264,91.89087,458.99216,-17.601385,270.06952,45.527332,90.09071,-15.701893,158.03256,32.63561,58.695446,-18.013712,84.24471,21.570967,55.874584,-15.723526,63.36098,16.806913,46.116962,-18.290829,49.99637,13.340856,51.998386,-15.457929,56.0967,5.2054644,46.132195,-11.220916,47.853268,6.2067647,41.009117,-7.958713,50.226845,7.710797,82.0365,-4.605024,78.97908,0.5353574,49.352657
