chroma_stft_mean,chroma_stft_var,rms_mean,rms_var,spectral_centroid_mean,spectral_centroid_var,spectral_bandwidth_mean,spectral_bandwidth_var,rolloff_mean,rolloff_var,zero_crossing_rate_mean,zero_crossing_rate_var,harmony_mean,harmony_var,perceptr_mean,perceptr_var,tempo,mfcc1_mean,mfcc1_var,mfcc2_mean,mfcc2_var,mfcc3_mean,mfcc3_var,mfcc4_mean,mfcc4_var,mfcc5_mean,mfcc5_var,mfcc6_mean,mfcc6_var,mfcc7_mean,mfcc7_var,mfcc8_mean,mfcc8_var,mfcc9_mean,mfcc9_var,mfcc10_mean,mfcc10_var,mfcc11_mean,mfcc11_var,mfcc12_mean,mfcc12_var,mfcc13_mean,mfcc13_var,mfcc14_mean,mfcc14_var,mfcc15_mean,mfcc15_var,mfcc16_mean,mfcc16_var,mfcc17_mean,mfcc17_var,mfcc18_mean,mfcc18_var,mfcc19_mean,mfcc19_var,mfcc20_mean,mfcc20_var
0.25567335,0.09060569,0.15463758,0.0014856848,2495.684155844957,273562.17946557904,2249.689678791998,37773.713361439266,5213.03359737529,530482.2492918686,0.12063605713457076,0.0017713309119406103,-0.010913615,0.017524138,-0.002450204,0.0030414716,123.046875,-89.01616,2194.838,86.21833,735.64935,-24.412226,264.20645,47.093178,231.40753,-33.65718,156.60121,29.464834,64.91188,-19.750496,85.782715,21.63578,91.17631,-16.746689,81.44832,6.538771,101.885925,-13.391208,87.8943,7.4855866,137.7818,-12.85139,111.63943,8.587704,114.44189,-7.8912563,95.04516,11.49762,130.29507,0.67780876,199.19116,9.797574,172.2165,-2.1274855,180.2818,0.5861888,148.7114
