chroma_stft_mean,chroma_stft_var,rms_mean,rms_var,spectral_centroid_mean,spectral_centroid_var,spectral_bandwidth_mean,spectral_bandwidth_var,rolloff_mean,rolloff_var,zero_crossing_rate_mean,zero_crossing_rate_var,harmony_mean,harmony_var,perceptr_mean,perceptr_var,tempo,mfcc1_mean,mfcc1_var,mfcc2_mean,mfcc2_var,mfcc3_mean,mfcc3_var,mfcc4_mean,mfcc4_var,mfcc5_mean,mfcc5_var,mfcc6_mean,mfcc6_var,mfcc7_mean,mfcc7_var,mfcc8_mean,mfcc8_var,mfcc9_mean,mfcc9_var,mfcc10_mean,mfcc10_var,mfcc11_mean,mfcc11_var,mfcc12_mean,mfcc12_var,mfcc13_mean,mfcc13_var,mfcc14_mean,mfcc14_var,mfcc15_mean,mfcc15_var,mfcc16_mean,mfcc16_var,mfcc17_mean,mfcc17_var,mfcc18_mean,mfcc18_var,mfcc19_mean,mfcc19_var,mfcc20_mean,mfcc20_var
0.44458494,0.08034319,0.118909925,0.0019524745,2794.8199158537072,611225.542911794,2732.106675435166,206325.9889990377,5878.15643806192,2741626.558334707,0.13765528325599383,0.004258426751473014,-3.3323e-06,0.0055308198,-1.7353785e-05,0.0048546693,161.4990234375,-74.18399,3571.1052,76.735054,716.29944,-3.8043847,514.9018,28.03363,263.04367,8.136066,172.60889,6.016018,83.43493,4.299718,92.6286,0.50605327,49.28731,2.8456137,68.30144,-0.9449358,43.446625,-2.3550398,71.645035,-0.28597206,41.455826,-1.456242,45.570957,-3.60794,36.47304,-1.5270268,32.377865,-1.5173227,35.94905,-5.024079,30.484928,-2.399194,27.1192,-2.9785542,27.838947,-4.949774,24.943335
