chroma_stft_mean,chroma_stft_var,rms_mean,rms_var,spectral_centroid_mean,spectral_centroid_var,spectral_bandwidth_mean,spectral_bandwidth_var,rolloff_mean,rolloff_var,zero_crossing_rate_mean,zero_crossing_rate_var,harmony_mean,harmony_var,perceptr_mean,perceptr_var,tempo,mfcc1_mean,mfcc1_var,mfcc2_mean,mfcc2_var,mfcc3_mean,mfcc3_var,mfcc4_mean,mfcc4_var,mfcc5_mean,mfcc5_var,mfcc6_mean,mfcc6_var,mfcc7_mean,mfcc7_var,mfcc8_mean,mfcc8_var,mfcc9_mean,mfcc9_var,mfcc10_mean,mfcc10_var,mfcc11_mean,mfcc11_var,mfcc12_mean,mfcc12_var,mfcc13_mean,mfcc13_var,mfcc14_mean,mfcc14_var,mfcc15_mean,mfcc15_var,mfcc16_mean,mfcc16_var,mfcc17_mean,mfcc17_var,mfcc18_mean,mfcc18_var,mfcc19_mean,mfcc19_var,mfcc20_mean,mfcc20_var
0.3579974,0.091972694,0.14435397,0.0020931913,1877.9683471767146,520864.1531537471,2204.2471697055175,135983.7201160206,4285.490456424014,2197507.6213933183,0.0717101248308198,0.003289194227969901,-0.0016926399,0.01373559,0.0007077244,0.0040045674,99.38401442307692,-130.98306,2599.3145,111.02361,681.01984,-2.1509993,361.20593,41.78348,212.08304,-3.2020328,195.8134,34.655052,125.05832,-17.60973,112.80124,19.878576,85.947334,-9.146214,83.71482,14.884945,85.93179,-6.846543,68.87672,9.2045965,48.224407,-6.9707727,59.373672,6.3224635,61.064137,-9.627941,48.508762,0.5147618,57.00809,-12.772728,34.26398,-4.880867,51.996265,-2.5171673,68.15845,-3.1253643,50.07331
