chroma_stft_mean,chroma_stft_var,rms_mean,rms_var,spectral_centroid_mean,spectral_centroid_var,spectral_bandwidth_mean,spectral_bandwidth_var,rolloff_mean,rolloff_var,zero_crossing_rate_mean,zero_crossing_rate_var,harmony_mean,harmony_var,perceptr_mean,perceptr_var,tempo,mfcc1_mean,mfcc1_var,mfcc2_mean,mfcc2_var,mfcc3_mean,mfcc3_var,mfcc4_mean,mfcc4_var,mfcc5_mean,mfcc5_var,mfcc6_mean,mfcc6_var,mfcc7_mean,mfcc7_var,mfcc8_mean,mfcc8_var,mfcc9_mean,mfcc9_var,mfcc10_mean,mfcc10_var,mfcc11_mean,mfcc11_var,mfcc12_mean,mfcc12_var,mfcc13_mean,mfcc13_var,mfcc14_mean,mfcc14_var,mfcc15_mean,mfcc15_var,mfcc16_mean,mfcc16_var,mfcc17_mean,mfcc17_var,mfcc18_mean,mfcc18_var,mfcc19_mean,mfcc19_var,mfcc20_mean,mfcc20_var
0.41147804,0.08462332,0.21929601,0.004281777,2794.963091628599,337551.7673638641,2633.9623220905196,95459.17183457605,5862.422884064193,1569694.1733657727,0.14055017052051083,0.0035422740809959432,-0.00017772742,0.028942104,-0.0011713638,0.008926366,135.99917763157896,-15.92807,1142.6138,67.15309,446.87427,-20.1219,410.7705,15.576831,229.11185,4.8012633,226.8246,10.825858,188.82094,5.9594,112.03912,11.79642,96.057335,-0.39681533,99.74888,5.6550355,89.65114,0.11372404,83.49224,1.097924,93.88436,-1.7415591,74.604225,5.704884,77.67993,-0.59419173,64.62638,1.7240587,69.589226,-1.5776424,55.31495,1.5810982,47.192097,0.4128151,72.59255,2.9387238,49.90895
