chroma_stft_mean,chroma_stft_var,rms_mean,rms_var,spectral_centroid_mean,spectral_centroid_var,spectral_bandwidth_mean,spectral_bandwidth_var,rolloff_mean,rolloff_var,zero_crossing_rate_mean,zero_crossing_rate_var,harmony_mean,harmony_var,perceptr_mean,perceptr_var,tempo,mfcc1_mean,mfcc1_var,mfcc2_mean,mfcc2_var,mfcc3_mean,mfcc3_var,mfcc4_mean,mfcc4_var,mfcc5_mean,mfcc5_var,mfcc6_mean,mfcc6_var,mfcc7_mean,mfcc7_var,mfcc8_mean,mfcc8_var,mfcc9_mean,mfcc9_var,mfcc10_mean,mfcc10_var,mfcc11_mean,mfcc11_var,mfcc12_mean,mfcc12_var,mfcc13_mean,mfcc13_var,mfcc14_mean,mfcc14_var,mfcc15_mean,mfcc15_var,mfcc16_mean,mfcc16_var,mfcc17_mean,mfcc17_var,mfcc18_mean,mfcc18_var,mfcc19_mean,mfcc19_var,mfcc20_mean,mfcc20_var
0.45848677,0.07466455,0.1692631,0.0021605878,2223.969176505625,292542.2203949527,2287.7718650942998,52746.56139950785,4917.48080862094,927123.5042518869,0.11002037715100542,0.0024382915333306453,-0.0015788544,0.0136269145,0.00013029225,0.007007165,95.703125,-61.69562,1825.4062,103.5662,352.39572,-16.91641,179.09325,49.247673,119.008965,-14.815669,65.16943,31.691504,69.835434,-17.215197,66.996605,24.615047,43.469296,-14.486075,55.052658,18.019432,68.19767,-11.67271,38.489376,11.470351,46.565544,-9.824016,39.986763,8.85506,31.294422,-8.564864,30.433657,4.4088697,30.809406,-8.275844,30.012562,1.5914819,49.31584,-7.034197,32.45559,-0.8262323,37.853497
