chroma_stft_mean,chroma_stft_var,rms_mean,rms_var,spectral_centroid_mean,spectral_centroid_var,spectral_bandwidth_mean,spectral_bandwidth_var,rolloff_mean,rolloff_var,zero_crossing_rate_mean,zero_crossing_rate_var,harmony_mean,harmony_var,perceptr_mean,perceptr_var,tempo,mfcc1_mean,mfcc1_var,mfcc2_mean,mfcc2_var,mfcc3_mean,mfcc3_var,mfcc4_mean,mfcc4_var,mfcc5_mean,mfcc5_var,mfcc6_mean,mfcc6_var,mfcc7_mean,mfcc7_var,mfcc8_mean,mfcc8_var,mfcc9_mean,mfcc9_var,mfcc10_mean,mfcc10_var,mfcc11_mean,mfcc11_var,mfcc12_mean,mfcc12_var,mfcc13_mean,mfcc13_var,mfcc14_mean,mfcc14_var,mfcc15_mean,mfcc15_var,mfcc16_mean,mfcc16_var,mfcc17_mean,mfcc17_var,mfcc18_mean,mfcc18_var,mfcc19_mean,mfcc19_var,mfcc20_mean,mfcc20_var
0.36140597,0.08205194,0.12061557,0.0013690103,2429.0679000761247,443292.6410578483,2502.1928426870404,217442.85081155496,5035.572025449536,2737111.0522091636,0.11818445475638051,0.0016775927327495313,-1.1976509e-06,0.00836704,-8.152278e-06,0.0035738833,103.359375,-83.05496,2543.5295,91.50623,711.97125,-13.687614,436.33508,16.134861,85.12732,10.328306,81.79013,5.5332937,79.24218,-9.451849,76.06832,-6.618414,55.604336,-3.033612,60.31488,4.933539,38.702,2.640077,35.67999,1.0502369,43.68819,-3.671963,50.919617,-1.6092173,47.009,-4.436815,49.870037,-1.8672622,33.44069,2.0092478,52.562553,-1.0250852,47.538292,-3.1809008,45.208015,-2.296022,59.262894
