chroma_stft_mean,chroma_stft_var,rms_mean,rms_var,spectral_centroid_mean,spectral_centroid_var,spectral_bandwidth_mean,spectral_bandwidth_var,rolloff_mean,rolloff_var,zero_crossing_rate_mean,zero_crossing_rate_var,harmony_mean,harmony_var,perceptr_mean,perceptr_var,tempo,mfcc1_mean,mfcc1_var,mfcc2_mean,mfcc2_var,mfcc3_mean,mfcc3_var,mfcc4_mean,mfcc4_var,mfcc5_mean,mfcc5_var,mfcc6_mean,mfcc6_var,mfcc7_mean,mfcc7_var,mfcc8_mean,mfcc8_var,mfcc9_mean,mfcc9_var,mfcc10_mean,mfcc10_var,mfcc11_mean,mfcc11_var,mfcc12_mean,mfcc12_var,mfcc13_mean,mfcc13_var,mfcc14_mean,mfcc14_var,mfcc15_mean,mfcc15_var,mfcc16_mean,mfcc16_var,mfcc17_mean,mfcc17_var,mfcc18_mean,mfcc18_var,mfcc19_mean,mfcc19_var,mfcc20_mean,mfcc20_var
0.4804928,0.07871578,0.14066513,0.0021791435,2209.1820036909885,279551.7377500488,2142.847846063407,98776.37219218187,4593.891556246374,1262346.0392462937,0.11578005667536737,0.0025068845349651083,-3.1078278e-05,0.008231059,-0.0010118923,0.0058019087,117.45383522727273,-67.59407,1402.3757,109.12802,455.35165,-32.71142,349.39316,45.652374,172.49678,-11.680288,92.29317,27.491209,119.12785,-16.32995,87.156784,22.081251,48.36575,-15.446939,60.937027,19.393972,52.546585,-11.610448,62.4529,11.576828,35.680756,-10.516491,43.39706,4.444856,35.242413,-7.0086017,40.490833,5.033096,38.264317,-6.755646,45.72285,3.815808,41.124023,-2.6504467,36.23899,-0.06662984,32.412056
