chroma_stft_mean,chroma_stft_var,rms_mean,rms_var,spectral_centroid_mean,spectral_centroid_var,spectral_bandwidth_mean,spectral_bandwidth_var,rolloff_mean,rolloff_var,zero_crossing_rate_mean,zero_crossing_rate_var,harmony_mean,harmony_var,perceptr_mean,perceptr_var,tempo,mfcc1_mean,mfcc1_var,mfcc2_mean,mfcc2_var,mfcc3_mean,mfcc3_var,mfcc4_mean,mfcc4_var,mfcc5_mean,mfcc5_var,mfcc6_mean,mfcc6_var,mfcc7_mean,mfcc7_var,mfcc8_mean,mfcc8_var,mfcc9_mean,mfcc9_var,mfcc10_mean,mfcc10_var,mfcc11_mean,mfcc11_var,mfcc12_mean,mfcc12_var,mfcc13_mean,mfcc13_var,mfcc14_mean,mfcc14_var,mfcc15_mean,mfcc15_var,mfcc16_mean,mfcc16_var,mfcc17_mean,mfcc17_var,mfcc18_mean,mfcc18_var,mfcc19_mean,mfcc19_var,mfcc20_mean,mfcc20_var
0.39452082,0.089172505,0.14119698,0.005085804,1721.1466519043972,700827.7016918475,2312.3177475220837,366493.6595991424,3811.3186652588456,3938968.659589977,0.05330347000676721,0.0014560690209360694,0.00073073484,0.011767945,0.001972549,0.0058336854,123.046875,-144.9571,5061.9224,118.46496,1283.4542,20.525068,336.8459,28.564392,117.969765,2.3535557,85.25601,10.06956,70.69358,11.9176,55.727192,4.8517795,53.14918,-0.084927425,66.456406,3.2985027,43.166622,3.4143987,54.186592,3.6505976,37.387367,5.3643227,60.76607,2.256821,61.086887,1.8704137,33.315628,0.86951476,32.42998,-1.1844798,25.780334,0.809846,28.64136,1.8097508,39.66248,1.7877816,32.45772
