chroma_stft_mean,chroma_stft_var,rms_mean,rms_var,spectral_centroid_mean,spectral_centroid_var,spectral_bandwidth_mean,spectral_bandwidth_var,rolloff_mean,rolloff_var,zero_crossing_rate_mean,zero_crossing_rate_var,harmony_mean,harmony_var,perceptr_mean,perceptr_var,tempo,mfcc1_mean,mfcc1_var,mfcc2_mean,mfcc2_var,mfcc3_mean,mfcc3_var,mfcc4_mean,mfcc4_var,mfcc5_mean,mfcc5_var,mfcc6_mean,mfcc6_var,mfcc7_mean,mfcc7_var,mfcc8_mean,mfcc8_var,mfcc9_mean,mfcc9_var,mfcc10_mean,mfcc10_var,mfcc11_mean,mfcc11_var,mfcc12_mean,mfcc12_var,mfcc13_mean,mfcc13_var,mfcc14_mean,mfcc14_var,mfcc15_mean,mfcc15_var,mfcc16_mean,mfcc16_var,mfcc17_mean,mfcc17_var,mfcc18_mean,mfcc18_var,mfcc19_mean,mfcc19_var,mfcc20_mean,mfcc20_var
0.46141502,0.086454384,0.13890117,0.001976533,2997.8538382881115,545375.0560727351,2691.25507193247,138567.42017321594,5962.265828922564,2004819.2728563282,0.1562231879592034,0.005149487848221891,-7.370236e-06,0.010131419,-1.4988305e-05,0.005189588,107.666015625,-58.31212,1855.2865,62.513268,688.6699,-12.654888,334.88348,31.943604,274.5803,8.115569,107.29471,2.2606413,124.77639,3.90708,175.12642,1.4533548,105.03777,-2.7132814,88.82468,1.1064517,84.99962,-0.459575,35.341,-2.3795288,49.154915,1.2424839,52.770714,-1.495535,46.91817,-0.46652865,50.25527,1.0434523,69.31019,-2.066976,53.12408,-1.5088785,51.921825,-3.2097237,46.560043,-5.0582547,35.896217
