chroma_stft_mean,chroma_stft_var,rms_mean,rms_var,spectral_centroid_mean,spectral_centroid_var,spectral_bandwidth_mean,spectral_bandwidth_var,rolloff_mean,rolloff_var,zero_crossing_rate_mean,zero_crossing_rate_var,harmony_mean,harmony_var,perceptr_mean,perceptr_var,tempo,mfcc1_mean,mfcc1_var,mfcc2_mean,mfcc2_var,mfcc3_mean,mfcc3_var,mfcc4_mean,mfcc4_var,mfcc5_mean,mfcc5_var,mfcc6_mean,mfcc6_var,mfcc7_mean,mfcc7_var,mfcc8_mean,mfcc8_var,mfcc9_mean,mfcc9_var,mfcc10_mean,mfcc10_var,mfcc11_mean,mfcc11_var,mfcc12_mean,mfcc12_var,mfcc13_mean,mfcc13_var,mfcc14_mean,mfcc14_var,mfcc15_mean,mfcc15_var,mfcc16_mean,mfcc16_var,mfcc17_mean,mfcc17_var,mfcc18_mean,mfcc18_var,mfcc19_mean,mfcc19_var,mfcc20_mean,mfcc20_var
0.41892448,0.0767066,0.16600236,0.0012083016,2312.0661578932613,158624.82103008757,2060.9445133516815,69999.23796599137,4528.392648364994,812959.2884436091,0.14054758495262953,0.001161095990578981,-4.3338874e-05,0.01421909,-0.0010579997,0.005278054,123.046875,-41.4065,1034.918,105.41008,245.18456,-43.93526,210.75938,54.118137,117.89297,-18.419096,84.451454,23.529263,62.116642,-17.622051,62.20274,20.664349,43.5014,-18.46505,54.673,17.480465,37.986702,-15.180026,38.345615,11.313596,33.415684,-14.159313,40.367252,2.8339908,43.952553,-9.473336,38.796467,3.3448844,35.59401,-8.205554,35.74229,3.7005937,35.037518,-3.680544,41.60093,-0.15843825,43.968918
