chroma_stft_mean,chroma_stft_var,rms_mean,rms_var,spectral_centroid_mean,spectral_centroid_var,spectral_bandwidth_mean,spectral_bandwidth_var,rolloff_mean,rolloff_var,zero_crossing_rate_mean,zero_crossing_rate_var,harmony_mean,harmony_var,perceptr_mean,perceptr_var,tempo,mfcc1_mean,mfcc1_var,mfcc2_mean,mfcc2_var,mfcc3_mean,mfcc3_var,mfcc4_mean,mfcc4_var,mfcc5_mean,mfcc5_var,mfcc6_mean,mfcc6_var,mfcc7_mean,mfcc7_var,mfcc8_mean,mfcc8_var,mfcc9_mean,mfcc9_var,mfcc10_mean,mfcc10_var,mfcc11_mean,mfcc11_var,mfcc12_mean,mfcc12_var,mfcc13_mean,mfcc13_var,mfcc14_mean,mfcc14_var,mfcc15_mean,mfcc15_var,mfcc16_mean,mfcc16_var,mfcc17_mean,mfcc17_var,mfcc18_mean,mfcc18_var,mfcc19_mean,mfcc19_var,mfcc20_mean,mfcc20_var
0.22564939,0.086386725,0.055756837,0.0012372273,2200.3688928202637,560667.1509349641,2579.579748350041,209208.79719820907,4626.45781975058,3152732.8933506785,0.08708475323859242,0.0028528366900681616,-6.5341446e-06,0.0038802805,-8.010868e-06,0.00015964668,123.046875,-240.68845,2766.3142,97.13303,984.20825,0.40796417,431.52145,-0.27154103,351.13052,-10.476205,199.89206,-15.742858,135.01585,1.3774213,150.26202,-17.877535,166.74863,-9.08661,113.10291,-8.762851,89.741905,-14.263193,80.84716,-5.5000772,94.78728,-8.357249,132.34163,-9.307712,106.626656,-3.1655118,118.36033,1.7585725,95.375084,1.5771222,104.54029,5.6218495,174.3937,4.95973,139.99951,3.723435,193.95096
