chroma_stft_mean,chroma_stft_var,rms_mean,rms_var,spectral_centroid_mean,spectral_centroid_var,spectral_bandwidth_mean,spectral_bandwidth_var,rolloff_mean,rolloff_var,zero_crossing_rate_mean,zero_crossing_rate_var,harmony_mean,harmony_var,perceptr_mean,perceptr_var,tempo,mfcc1_mean,mfcc1_var,mfcc2_mean,mfcc2_var,mfcc3_mean,mfcc3_var,mfcc4_mean,mfcc4_var,mfcc5_mean,mfcc5_var,mfcc6_mean,mfcc6_var,mfcc7_mean,mfcc7_var,mfcc8_mean,mfcc8_var,mfcc9_mean,mfcc9_var,mfcc10_mean,mfcc10_var,mfcc11_mean,mfcc11_var,mfcc12_mean,mfcc12_var,mfcc13_mean,mfcc13_var,mfcc14_mean,mfcc14_var,mfcc15_mean,mfcc15_var,mfcc16_mean,mfcc16_var,mfcc17_mean,mfcc17_var,mfcc18_mean,mfcc18_var,mfcc19_mean,mfcc19_var,mfcc20_mean,mfcc20_var
0.38881102,0.09371366,0.14656842,0.010428339,3488.897943286259,915575.5050948752,3205.348888911562,119601.15140463943,7496.760520138486,2396063.8286347436,0.1533135150812065,0.007382187424646443,-9.719909e-07,0.011056228,3.714416e-05,0.013649837,112.34714673913044,-97.05398,6511.1562,51.834522,618.7845,18.751598,427.72302,20.487318,295.31772,5.6106114,156.63478,3.575838,193.0315,5.5739875,145.20786,0.7409073,142.00262,7.338095,116.576904,1.6581378,74.73328,-2.6979017,104.182495,-0.44195834,90.235115,-1.0840604,58.32021,-3.4507062,58.644485,-2.4759772,44.76673,-3.3027513,47.586357,-2.2284987,52.390224,-2.6495564,49.132248,-2.7440858,57.722473,0.3057482,62.461292
