chroma_stft_mean,chroma_stft_var,rms_mean,rms_var,spectral_centroid_mean,spectral_centroid_var,spectral_bandwidth_mean,spectral_bandwidth_var,rolloff_mean,rolloff_var,zero_crossing_rate_mean,zero_crossing_rate_var,harmony_mean,harmony_var,perceptr_mean,perceptr_var,tempo,mfcc1_mean,mfcc1_var,mfcc2_mean,mfcc2_var,mfcc3_mean,mfcc3_var,mfcc4_mean,mfcc4_var,mfcc5_mean,mfcc5_var,mfcc6_mean,mfcc6_var,mfcc7_mean,mfcc7_var,mfcc8_mean,mfcc8_var,mfcc9_mean,mfcc9_var,mfcc10_mean,mfcc10_var,mfcc11_mean,mfcc11_var,mfcc12_mean,mfcc12_var,mfcc13_mean,mfcc13_var,mfcc14_mean,mfcc14_var,mfcc15_mean,mfcc15_var,mfcc16_mean,mfcc16_var,mfcc17_mean,mfcc17_var,mfcc18_mean,mfcc18_var,mfcc19_mean,mfcc19_var,mfcc20_mean,mfcc20_var
0.37659606,0.08803176,0.21086523,0.0058019003,3131.3254325021653,1199192.948112251,2944.9857252295656,192136.4305247858,6553.363079593242,3401497.5243743723,0.15598678883894046,0.011588475963752006,3.6868553e-07,0.020487199,-5.848858e-05,0.015610871,92.28515625,-25.120617,3879.19,70.808525,825.8247,2.9293947,464.40118,7.5330973,298.6773,1.4523044,198.78212,2.8564467,248.91246,1.9144237,129.72878,-6.8212695,103.81511,0.2993657,123.063095,-1.943024,97.923546,-6.645997,80.92769,-0.24678151,57.959644,-0.7579965,67.855835,-4.249286,54.43546,-2.4382405,44.98759,-5.674394,34.774372,-1.5684769,48.41766,0.66765034,68.26251,1.6919546,73.85924,0.7857563,58.09165
