chroma_stft_mean,chroma_stft_var,rms_mean,rms_var,spectral_centroid_mean,spectral_centroid_var,spectral_bandwidth_mean,spectral_bandwidth_var,rolloff_mean,rolloff_var,zero_crossing_rate_mean,zero_crossing_rate_var,harmony_mean,harmony_var,perceptr_mean,perceptr_var,tempo,mfcc1_mean,mfcc1_var,mfcc2_mean,mfcc2_var,mfcc3_mean,mfcc3_var,mfcc4_mean,mfcc4_var,mfcc5_mean,mfcc5_var,mfcc6_mean,mfcc6_var,mfcc7_mean,mfcc7_var,mfcc8_mean,mfcc8_var,mfcc9_mean,mfcc9_var,mfcc10_mean,mfcc10_var,mfcc11_mean,mfcc11_var,mfcc12_mean,mfcc12_var,mfcc13_mean,mfcc13_var,mfcc14_mean,mfcc14_var,mfcc15_mean,mfcc15_var,mfcc16_mean,mfcc16_var,mfcc17_mean,mfcc17_var,mfcc18_mean,mfcc18_var,mfcc19_mean,mfcc19_var,mfcc20_mean,mfcc20_var
0.4100085,0.08659809,0.20743433,0.0037408872,3433.9852325067322,838745.4677859038,3405.766699592917,91906.6440138541,7932.862007866879,1550716.7355887932,0.12767176322022428,0.005567693050138955,-1.2164993e-05,0.021277297,3.194715e-05,0.013078065,123.046875,-48.96048,2195.9536,62.627907,459.51944,34.227123,455.1799,12.322167,276.11374,16.563198,106.25498,8.6150255,154.13899,8.76582,103.66747,5.259592,84.68611,6.7995486,75.960075,9.060048,86.20854,-4.08107,58.392807,-0.7451284,58.332573,-0.38003916,42.51073,-0.47521964,68.44893,0.6501814,69.87074,1.7141889,78.782394,1.3645209,87.70449,1.9240907,116.108376,3.8515859,128.18143,1.6070632,82.20063
