chroma_stft_mean,chroma_stft_var,rms_mean,rms_var,spectral_centroid_mean,spectral_centroid_var,spectral_bandwidth_mean,spectral_bandwidth_var,rolloff_mean,rolloff_var,zero_crossing_rate_mean,zero_crossing_rate_var,harmony_mean,harmony_var,perceptr_mean,perceptr_var,tempo,mfcc1_mean,mfcc1_var,mfcc2_mean,mfcc2_var,mfcc3_mean,mfcc3_var,mfcc4_mean,mfcc4_var,mfcc5_mean,mfcc5_var,mfcc6_mean,mfcc6_var,mfcc7_mean,mfcc7_var,mfcc8_mean,mfcc8_var,mfcc9_mean,mfcc9_var,mfcc10_mean,mfcc10_var,mfcc11_mean,mfcc11_var,mfcc12_mean,mfcc12_var,mfcc13_mean,mfcc13_var,mfcc14_mean,mfcc14_var,mfcc15_mean,mfcc15_var,mfcc16_mean,mfcc16_var,mfcc17_mean,mfcc17_var,mfcc18_mean,mfcc18_var,mfcc19_mean,mfcc19_var,mfcc20_mean,mfcc20_var
0.37761196,0.08568332,0.15790229,0.002739115,2682.2841409756757,805299.0615939526,2923.9677288760545,190731.57542057813,5956.0789882721865,3896392.825852954,0.1018672509425754,0.0028268000784801997,-5.6274484e-07,0.012225785,1.5113559e-05,0.007644005,83.35433467741936,-75.35941,4655.0464,83.35071,821.38226,10.695162,349.8251,14.4605,217.57623,14.239106,144.94328,7.397378,131.7548,5.2808986,110.7071,-0.3932319,98.54305,5.7210793,99.968155,3.3658254,70.61434,-2.5226784,61.910606,-4.2161746,65.166954,-1.8445051,60.04009,-5.9071975,55.244453,-1.2714547,53.251015,-3.7691815,79.08238,-2.8537426,82.17175,-0.9322696,73.31303,-1.1161617,75.45184,-2.7156475,96.588356
