chroma_stft_mean,chroma_stft_var,rms_mean,rms_var,spectral_centroid_mean,spectral_centroid_var,spectral_bandwidth_mean,spectral_bandwidth_var,rolloff_mean,rolloff_var,zero_crossing_rate_mean,zero_crossing_rate_var,harmony_mean,harmony_var,perceptr_mean,perceptr_var,tempo,mfcc1_mean,mfcc1_var,mfcc2_mean,mfcc2_var,mfcc3_mean,mfcc3_var,mfcc4_mean,mfcc4_var,mfcc5_mean,mfcc5_var,mfcc6_mean,mfcc6_var,mfcc7_mean,mfcc7_var,mfcc8_mean,mfcc8_var,mfcc9_mean,mfcc9_var,mfcc10_mean,mfcc10_var,mfcc11_mean,mfcc11_var,mfcc12_mean,mfcc12_var,mfcc13_mean,mfcc13_var,mfcc14_mean,mfcc14_var,mfcc15_mean,mfcc15_var,mfcc16_mean,mfcc16_var,mfcc17_mean,mfcc17_var,mfcc18_mean,mfcc18_var,mfcc19_mean,mfcc19_var,mfcc20_mean,mfcc20_var
0.3494472,0.08580183,0.19454771,0.0048368154,2945.9657785971135,718039.3872065865,3051.3134268784397,162619.46613434717,6654.684044645446,2883252.85964439,0.12120741794760248,0.0033815910035516596,4.4606327e-06,0.019551177,-1.1322419e-05,0.011235094,99.38401442307692,-45.62334,3370.0735,74.72907,490.09396,15.965053,284.51715,14.792886,262.12094,8.999276,109.90845,8.206914,115.11484,5.6837645,65.37686,5.250796,53.747227,5.3961926,79.6769,2.4387598,51.725197,0.777687,53.249527,1.1752402,48.746117,-2.3549676,50.47243,-2.947357,45.760174,-2.5958154,48.783756,-2.696771,39.013805,-1.5035548,45.753754,1.5576279,70.715485,1.6043419,80.997635,-0.018029114,106.38113
