chroma_stft_mean,chroma_stft_var,rms_mean,rms_var,spectral_centroid_mean,spectral_centroid_var,spectral_bandwidth_mean,spectral_bandwidth_var,rolloff_mean,rolloff_var,zero_crossing_rate_mean,zero_crossing_rate_var,harmony_mean,harmony_var,perceptr_mean,perceptr_var,tempo,mfcc1_mean,mfcc1_var,mfcc2_mean,mfcc2_var,mfcc3_mean,mfcc3_var,mfcc4_mean,mfcc4_var,mfcc5_mean,mfcc5_var,mfcc6_mean,mfcc6_var,mfcc7_mean,mfcc7_var,mfcc8_mean,mfcc8_var,mfcc9_mean,mfcc9_var,mfcc10_mean,mfcc10_var,mfcc11_mean,mfcc11_var,mfcc12_mean,mfcc12_var,mfcc13_mean,mfcc13_var,mfcc14_mean,mfcc14_var,mfcc15_mean,mfcc15_var,mfcc16_mean,mfcc16_var,mfcc17_mean,mfcc17_var,mfcc18_mean,mfcc18_var,mfcc19_mean,mfcc19_var,mfcc20_mean,mfcc20_var
0.3302879,0.093821734,0.18959826,0.006510381,2927.9899764980723,1581819.6518752326,3200.83575564453,293165.7344003749,6815.933262942285,5626756.4845539555,0.10568551213263727,0.0076709876360752105,-7.936724e-06,0.021743078,1.2861575e-05,0.011405177,151.99908088235293,-106.827194,5106.1553,81.033424,1243.4788,47.809032,548.8052,13.651416,242.08058,13.011486,125.917015,6.8780904,196.18274,7.5865817,121.28171,-2.6358707,100.57843,-2.5064442,147.74707,1.8714427,101.90915,-5.1371155,81.18802,-2.7479076,56.071236,-3.6657841,61.896378,-7.8779287,63.161858,-4.8035975,66.33847,-6.376539,57.83363,-7.391505,66.46036,-4.730377,81.327354,-0.12420272,122.21531,-2.3227947,90.052155
