chroma_stft_mean,chroma_stft_var,rms_mean,rms_var,spectral_centroid_mean,spectral_centroid_var,spectral_bandwidth_mean,spectral_bandwidth_var,rolloff_mean,rolloff_var,zero_crossing_rate_mean,zero_crossing_rate_var,harmony_mean,harmony_var,perceptr_mean,perceptr_var,tempo,mfcc1_mean,mfcc1_var,mfcc2_mean,mfcc2_var,mfcc3_mean,mfcc3_var,mfcc4_mean,mfcc4_var,mfcc5_mean,mfcc5_var,mfcc6_mean,mfcc6_var,mfcc7_mean,mfcc7_var,mfcc8_mean,mfcc8_var,mfcc9_mean,mfcc9_var,mfcc10_mean,mfcc10_var,mfcc11_mean,mfcc11_var,mfcc12_mean,mfcc12_var,mfcc13_mean,mfcc13_var,mfcc14_mean,mfcc14_var,mfcc15_mean,mfcc15_var,mfcc16_mean,mfcc16_var,mfcc17_mean,mfcc17_var,mfcc18_mean,mfcc18_var,mfcc19_mean,mfcc19_var,mfcc20_mean,mfcc20_var
0.38405436,0.09458615,0.27967092,0.010732409,3934.6761086207894,1098627.0685782956,3509.6560955592213,123420.48832809308,8525.399801515372,1724477.1686578144,0.18711179186001548,0.010679917045705693,6.517257e-05,0.048874676,0.0010365441,0.018717717,83.35433467741936,-19.463871,4037.5112,51.930267,609.16864,36.98562,671.3907,13.087389,369.3159,14.581278,263.87787,3.2041862,218.37294,15.301875,113.12477,-0.7822041,112.38915,7.2343636,95.66414,10.400961,92.917336,-0.37910375,72.82406,6.2263556,78.90988,-1.1840756,54.950134,-2.121196,58.526302,-1.5716726,65.11913,-0.76383215,56.48103,0.023975722,87.423164,2.8406339,87.708336,0.8253879,103.12949,1.8610222,60.999382
