chroma_stft_mean,chroma_stft_var,rms_mean,rms_var,spectral_centroid_mean,spectral_centroid_var,spectral_bandwidth_mean,spectral_bandwidth_var,rolloff_mean,rolloff_var,zero_crossing_rate_mean,zero_crossing_rate_var,harmony_mean,harmony_var,perceptr_mean,perceptr_var,tempo,mfcc1_mean,mfcc1_var,mfcc2_mean,mfcc2_var,mfcc3_mean,mfcc3_var,mfcc4_mean,mfcc4_var,mfcc5_mean,mfcc5_var,mfcc6_mean,mfcc6_var,mfcc7_mean,mfcc7_var,mfcc8_mean,mfcc8_var,mfcc9_mean,mfcc9_var,mfcc10_mean,mfcc10_var,mfcc11_mean,mfcc11_var,mfcc12_mean,mfcc12_var,mfcc13_mean,mfcc13_var,mfcc14_mean,mfcc14_var,mfcc15_mean,mfcc15_var,mfcc16_mean,mfcc16_var,mfcc17_mean,mfcc17_var,mfcc18_mean,mfcc18_var,mfcc19_mean,mfcc19_var,mfcc20_mean,mfcc20_var
0.42676926,0.08914072,0.09786053,0.0021464096,4225.461048306688,1637052.7100813664,3404.380733308111,105212.00984693221,8483.38257685615,2099240.357308954,0.22864062197892498,0.018660875090691247,-1.1210401e-05,0.0038333237,1.0090111e-05,0.0046376158,95.703125,-113.163,6191.099,41.597984,878.24286,21.517519,621.7652,11.098094,412.99313,17.437098,237.42715,0.60965693,213.3081,3.0298927,130.57716,0.085250445,150.5465,3.4522667,149.33026,0.28739417,92.6547,0.61870235,84.1536,1.2615824,74.08573,2.8980768,72.816124,-0.776011,48.555134,0.21645002,56.901417,-1.4073851,48.512283,-0.7568182,56.607452,-0.8675164,74.39764,-1.5359048,81.10825,1.0719894,79.86755
