chroma_stft_mean,chroma_stft_var,rms_mean,rms_var,spectral_centroid_mean,spectral_centroid_var,spectral_bandwidth_mean,spectral_bandwidth_var,rolloff_mean,rolloff_var,zero_crossing_rate_mean,zero_crossing_rate_var,harmony_mean,harmony_var,perceptr_mean,perceptr_var,tempo,mfcc1_mean,mfcc1_var,mfcc2_mean,mfcc2_var,mfcc3_mean,mfcc3_var,mfcc4_mean,mfcc4_var,mfcc5_mean,mfcc5_var,mfcc6_mean,mfcc6_var,mfcc7_mean,mfcc7_var,mfcc8_mean,mfcc8_var,mfcc9_mean,mfcc9_var,mfcc10_mean,mfcc10_var,mfcc11_mean,mfcc11_var,mfcc12_mean,mfcc12_var,mfcc13_mean,mfcc13_var,mfcc14_mean,mfcc14_var,mfcc15_mean,mfcc15_var,mfcc16_mean,mfcc16_var,mfcc17_mean,mfcc17_var,mfcc18_mean,mfcc18_var,mfcc19_mean,mfcc19_var,mfcc20_mean,mfcc20_var
0.40990362,0.08113938,0.12934098,0.001810816,1837.4928259861476,787403.7990526911,2067.3993701581285,408882.1366605734,3671.361171784368,3150265.5722910617,0.08532308886794276,0.002095526299754044,1.4185579e-06,0.010402862,6.290531e-05,0.0037895,92.28515625,-125.878746,2745.6045,126.59248,1228.8708,-23.16423,507.2409,36.222904,368.473,20.941078,142.78128,-1.1781331,182.02643,16.49263,104.42438,-3.6442106,90.05692,6.5201015,92.1369,9.341533,79.24412,-6.4032426,70.35074,3.8655267,60.197083,-7.9430027,57.974556,2.04483,68.86275,-2.3307312,66.48117,-1.4820094,68.72704,4.7480507,77.792885,-3.500787,72.01733,4.8901486,61.28334,-3.1965349,60.909004
