chroma_stft_mean,chroma_stft_var,rms_mean,rms_var,spectral_centroid_mean,spectral_centroid_var,spectral_bandwidth_mean,spectral_bandwidth_var,rolloff_mean,rolloff_var,zero_crossing_rate_mean,zero_crossing_rate_var,harmony_mean,harmony_var,perceptr_mean,perceptr_var,tempo,mfcc1_mean,mfcc1_var,mfcc2_mean,mfcc2_var,mfcc3_mean,mfcc3_var,mfcc4_mean,mfcc4_var,mfcc5_mean,mfcc5_var,mfcc6_mean,mfcc6_var,mfcc7_mean,mfcc7_var,mfcc8_mean,mfcc8_var,mfcc9_mean,mfcc9_var,mfcc10_mean,mfcc10_var,mfcc11_mean,mfcc11_var,mfcc12_mean,mfcc12_var,mfcc13_mean,mfcc13_var,mfcc14_mean,mfcc14_var,mfcc15_mean,mfcc15_var,mfcc16_mean,mfcc16_var,mfcc17_mean,mfcc17_var,mfcc18_mean,mfcc18_var,mfcc19_mean,mfcc19_var,mfcc20_mean,mfcc20_var
0.39462188,0.08950427,0.25651452,0.007126958,2944.414729189786,1255013.689501051,3162.449253817359,213961.5434308214,6878.242991861224,4171494.0869309953,0.11505650920823667,0.00823828044259158,1.4642436e-05,0.03525164,-3.802142e-05,0.016691219,99.38401442307692,-44.171143,4479.8013,76.18005,816.8491,22.90793,508.47858,16.79628,295.74704,22.996109,166.62347,3.277612,233.33221,6.9057794,111.822975,0.09506846,80.47612,6.4955173,63.79197,6.5422907,94.47218,0.85485625,45.48574,2.7227676,44.393036,4.5149565,51.26342,2.8544383,54.76363,1.3217162,46.95875,1.8024472,50.29904,0.38091743,65.39264,-1.1074567,76.97646,-0.42596692,75.438065,1.5640906,71.98405
