chroma_stft_mean,chroma_stft_var,rms_mean,rms_var,spectral_centroid_mean,spectral_centroid_var,spectral_bandwidth_mean,spectral_bandwidth_var,rolloff_mean,rolloff_var,zero_crossing_rate_mean,zero_crossing_rate_var,harmony_mean,harmony_var,perceptr_mean,perceptr_var,tempo,mfcc1_mean,mfcc1_var,mfcc2_mean,mfcc2_var,mfcc3_mean,mfcc3_var,mfcc4_mean,mfcc4_var,mfcc5_mean,mfcc5_var,mfcc6_mean,mfcc6_var,mfcc7_mean,mfcc7_var,mfcc8_mean,mfcc8_var,mfcc9_mean,mfcc9_var,mfcc10_mean,mfcc10_var,mfcc11_mean,mfcc11_var,mfcc12_mean,mfcc12_var,mfcc13_mean,mfcc13_var,mfcc14_mean,mfcc14_var,mfcc15_mean,mfcc15_var,mfcc16_mean,mfcc16_var,mfcc17_mean,mfcc17_var,mfcc18_mean,mfcc18_var,mfcc19_mean,mfcc19_var,mfcc20_mean,mfcc20_var
0.35763046,0.08470641,0.20309304,0.0063377786,3070.672740776136,609003.4851565062,2975.765677265415,125019.75531780306,6653.076964907193,2280585.7830417478,0.14867918600154678,0.004605940713558664,-1.1970183e-05,0.022783319,2.2641034e-05,0.0114915855,95.703125,-18.16849,3335.7185,72.28313,499.33835,-4.8913684,292.33978,-0.37640294,228.98836,1.6872772,109.111946,-0.92444575,134.46701,-1.3286743,80.79638,-0.3421871,88.718025,0.6516298,108.72591,-0.18650606,71.8216,-1.2240083,78.77627,-1.0513293,63.261433,2.5230043,40.386402,1.2420253,38.19429,1.7439938,40.74786,-3.4468458,48.314934,0.3918493,46.473095,-0.85870826,38.4771,0.9233995,35.871723,1.6603035,42.6958
