chroma_stft_mean,chroma_stft_var,rms_mean,rms_var,spectral_centroid_mean,spectral_centroid_var,spectral_bandwidth_mean,spectral_bandwidth_var,rolloff_mean,rolloff_var,zero_crossing_rate_mean,zero_crossing_rate_var,harmony_mean,harmony_var,perceptr_mean,perceptr_var,tempo,mfcc1_mean,mfcc1_var,mfcc2_mean,mfcc2_var,mfcc3_mean,mfcc3_var,mfcc4_mean,mfcc4_var,mfcc5_mean,mfcc5_var,mfcc6_mean,mfcc6_var,mfcc7_mean,mfcc7_var,mfcc8_mean,mfcc8_var,mfcc9_mean,mfcc9_var,mfcc10_mean,mfcc10_var,mfcc11_mean,mfcc11_var,mfcc12_mean,mfcc12_var,mfcc13_mean,mfcc13_var,mfcc14_mean,mfcc14_var,mfcc15_mean,mfcc15_var,mfcc16_mean,mfcc16_var,mfcc17_mean,mfcc17_var,mfcc18_mean,mfcc18_var,mfcc19_mean,mfcc19_var,mfcc20_mean,mfcc20_var
0.4230361,0.08534158,0.13989581,0.002499339,2835.1193752816057,437532.6626895298,2731.752386690104,163886.60932545565,5944.9793131888055,2066062.8188546938,0.1370099061049884,0.0024319545597932314,-0.00013842456,0.010610813,-0.000598561,0.0044944235,99.38401442307692,-68.98024,9193.759,73.7614,495.8764,-12.468053,523.8652,9.550569,252.43509,-0.0406108,174.0623,12.724537,233.60402,3.1635811,135.78041,-0.07432033,162.85573,2.5329218,110.36514,2.8792171,57.23033,-1.6728503,72.57148,-3.015692,95.89413,1.6231787,44.36293,1.0967094,42.982082,0.93440706,29.837904,-0.41497242,35.48443,-1.2391863,34.023094,-0.7579691,32.95879,-1.7024553,36.50733,-1.037584,50.94707
