chroma_stft_mean,chroma_stft_var,rms_mean,rms_var,spectral_centroid_mean,spectral_centroid_var,spectral_bandwidth_mean,spectral_bandwidth_var,rolloff_mean,rolloff_var,zero_crossing_rate_mean,zero_crossing_rate_var,harmony_mean,harmony_var,perceptr_mean,perceptr_var,tempo,mfcc1_mean,mfcc1_var,mfcc2_mean,mfcc2_var,mfcc3_mean,mfcc3_var,mfcc4_mean,mfcc4_var,mfcc5_mean,mfcc5_var,mfcc6_mean,mfcc6_var,mfcc7_mean,mfcc7_var,mfcc8_mean,mfcc8_var,mfcc9_mean,mfcc9_var,mfcc10_mean,mfcc10_var,mfcc11_mean,mfcc11_var,mfcc12_mean,mfcc12_var,mfcc13_mean,mfcc13_var,mfcc14_mean,mfcc14_var,mfcc15_mean,mfcc15_var,mfcc16_mean,mfcc16_var,mfcc17_mean,mfcc17_var,mfcc18_mean,mfcc18_var,mfcc19_mean,mfcc19_var,mfcc20_mean,mfcc20_var
0.45196876,0.08528887,0.24084239,0.008047265,3237.8331637065016,633246.0156430267,2954.271045120286,167248.9136175241,6701.355971758991,2240157.894647093,0.16480568445475638,0.0038351810949879,-4.817228e-05,0.019521788,-0.001116697,0.025659893,103.359375,4.770377,4031.1106,64.47058,524.9474,-2.4510317,744.348,10.431801,250.28813,3.2528353,118.639626,7.8335495,161.05069,3.1029253,92.409485,1.4057888,116.36648,6.74539,95.63524,4.8804116,90.69688,3.2767138,69.381546,1.7484332,67.59638,3.3328586,54.180504,2.34681,59.545685,1.4260108,41.36637,-0.6030356,47.287968,-2.1771777,38.8755,-1.6003815,51.836113,-0.61300397,57.297592,-4.0475216,53.092518
