chroma_stft_mean,chroma_stft_var,rms_mean,rms_var,spectral_centroid_mean,spectral_centroid_var,spectral_bandwidth_mean,spectral_bandwidth_var,rolloff_mean,rolloff_var,zero_crossing_rate_mean,zero_crossing_rate_var,harmony_mean,harmony_var,perceptr_mean,perceptr_var,tempo,mfcc1_mean,mfcc1_var,mfcc2_mean,mfcc2_var,mfcc3_mean,mfcc3_var,mfcc4_mean,mfcc4_var,mfcc5_mean,mfcc5_var,mfcc6_mean,mfcc6_var,mfcc7_mean,mfcc7_var,mfcc8_mean,mfcc8_var,mfcc9_mean,mfcc9_var,mfcc10_mean,mfcc10_var,mfcc11_mean,mfcc11_var,mfcc12_mean,mfcc12_var,mfcc13_mean,mfcc13_var,mfcc14_mean,mfcc14_var,mfcc15_mean,mfcc15_var,mfcc16_mean,mfcc16_var,mfcc17_mean,mfcc17_var,mfcc18_mean,mfcc18_var,mfcc19_mean,mfcc19_var,mfcc20_mean,mfcc20_var
0.36610878,0.08526597,0.1983218,0.006053899,3110.8981962269786,607493.8039578667,2992.0106380347183,120295.89715682504,6744.988602994489,2183333.8564044028,0.15285733275328692,0.004725775148591775,1.8938657e-05,0.02090574,-3.1268606e-05,0.011420896,95.703125,-18.84539,3374.669,71.32566,495.48764,-3.766896,284.5831,-1.4087266,247.31259,0.70546305,123.88206,-1.058955,142.44643,-1.0548252,86.42157,-0.24742083,95.92906,0.62572324,119.48216,0.4270431,80.20246,-1.5037423,85.00077,-1.0761551,71.306244,2.4198709,47.12731,1.245244,43.41188,0.9670449,49.36763,-3.5875123,53.989407,0.8897862,48.130535,-0.50545114,41.482452,0.7039658,39.179153,1.6666039,48.366367
