chroma_stft_mean,chroma_stft_var,rms_mean,rms_var,spectral_centroid_mean,spectral_centroid_var,spectral_bandwidth_mean,spectral_bandwidth_var,rolloff_mean,rolloff_var,zero_crossing_rate_mean,zero_crossing_rate_var,harmony_mean,harmony_var,perceptr_mean,perceptr_var,tempo,mfcc1_mean,mfcc1_var,mfcc2_mean,mfcc2_var,mfcc3_mean,mfcc3_var,mfcc4_mean,mfcc4_var,mfcc5_mean,mfcc5_var,mfcc6_mean,mfcc6_var,mfcc7_mean,mfcc7_var,mfcc8_mean,mfcc8_var,mfcc9_mean,mfcc9_var,mfcc10_mean,mfcc10_var,mfcc11_mean,mfcc11_var,mfcc12_mean,mfcc12_var,mfcc13_mean,mfcc13_var,mfcc14_mean,mfcc14_var,mfcc15_mean,mfcc15_var,mfcc16_mean,mfcc16_var,mfcc17_mean,mfcc17_var,mfcc18_mean,mfcc18_var,mfcc19_mean,mfcc19_var,mfcc20_mean,mfcc20_var
0.41194078,0.08486567,0.28242227,0.009632333,3194.0815505953037,531767.3086627506,3052.790791870117,108489.76594892179,6993.553044790458,2114383.798092325,0.15931563587587008,0.004142511889991967,-1.1865139e-05,0.037952345,-0.0001965024,0.021802265,107.666015625,24.324636,3055.4038,68.961525,414.97665,-4.2270355,316.43848,-1.0471315,209.41553,5.240408,115.73483,2.989915,123.90578,4.3333716,77.08685,4.280864,75.01106,6.4307766,65.289474,3.6318948,63.969425,0.111121796,50.522614,-0.010404771,57.38002,2.0621688,45.78566,1.5450562,48.974194,3.9916553,50.851242,2.8139195,50.813877,2.196408,52.626415,1.5725131,49.95303,-0.4667123,43.778397,0.52372575,44.704975
