chroma_stft_mean,chroma_stft_var,rms_mean,rms_var,spectral_centroid_mean,spectral_centroid_var,spectral_bandwidth_mean,spectral_bandwidth_var,rolloff_mean,rolloff_var,zero_crossing_rate_mean,zero_crossing_rate_var,harmony_mean,harmony_var,perceptr_mean,perceptr_var,tempo,mfcc1_mean,mfcc1_var,mfcc2_mean,mfcc2_var,mfcc3_mean,mfcc3_var,mfcc4_mean,mfcc4_var,mfcc5_mean,mfcc5_var,mfcc6_mean,mfcc6_var,mfcc7_mean,mfcc7_var,mfcc8_mean,mfcc8_var,mfcc9_mean,mfcc9_var,mfcc10_mean,mfcc10_var,mfcc11_mean,mfcc11_var,mfcc12_mean,mfcc12_var,mfcc13_mean,mfcc13_var,mfcc14_mean,mfcc14_var,mfcc15_mean,mfcc15_var,mfcc16_mean,mfcc16_var,mfcc17_mean,mfcc17_var,mfcc18_mean,mfcc18_var,mfcc19_mean,mfcc19_var,mfcc20_mean,mfcc20_var
0.47351146,0.08054017,0.25418848,0.004963204,2702.9067305248905,1133895.5617295748,2725.929593439329,228777.846825591,5775.678042524652,3545537.0072114184,0.10325052566705337,0.005311057050884446,8.90412e-06,0.040180936,-0.00025880928,0.012418571,135.99917763157896,-50.853703,2300.7869,68.05084,1062.619,12.076207,358.54257,36.321774,312.04504,8.664504,218.11415,19.5016,144.29196,10.7166815,89.6475,12.310911,73.89386,1.6588453,81.03947,10.158866,74.01021,4.8325033,57.714737,1.6959492,49.992065,2.7262328,47.71889,3.1593668,57.098736,2.4581017,48.768627,1.4157499,53.953915,1.063467,42.356705,1.8988597,41.09404,2.2660375,52.76861,2.421802,55.036007
