chroma_stft_mean,chroma_stft_var,rms_mean,rms_var,spectral_centroid_mean,spectral_centroid_var,spectral_bandwidth_mean,spectral_bandwidth_var,rolloff_mean,rolloff_var,zero_crossing_rate_mean,zero_crossing_rate_var,harmony_mean,harmony_var,perceptr_mean,perceptr_var,tempo,mfcc1_mean,mfcc1_var,mfcc2_mean,mfcc2_var,mfcc3_mean,mfcc3_var,mfcc4_mean,mfcc4_var,mfcc5_mean,mfcc5_var,mfcc6_mean,mfcc6_var,mfcc7_mean,mfcc7_var,mfcc8_mean,mfcc8_var,mfcc9_mean,mfcc9_var,mfcc10_mean,mfcc10_var,mfcc11_mean,mfcc11_var,mfcc12_mean,mfcc12_var,mfcc13_mean,mfcc13_var,mfcc14_mean,mfcc14_var,mfcc15_mean,mfcc15_var,mfcc16_mean,mfcc16_var,mfcc17_mean,mfcc17_var,mfcc18_mean,mfcc18_var,mfcc19_mean,mfcc19_var,mfcc20_mean,mfcc20_var
0.41281492,0.08935026,0.2022344,0.0055193272,2843.3506413882114,1167292.64639967,3039.5268473844667,333875.16080637247,6481.061145047854,6048507.528603557,0.12496148129350348,0.007398071339511408,1.4597767e-06,0.021192832,2.0743022e-05,0.012542364,117.45383522727273,-71.62305,5432.93,81.1083,1128.5688,16.360794,980.402,8.947616,399.1246,13.826506,246.43224,-0.7539969,271.88766,12.51142,220.73492,-0.6541831,155.92168,3.0359156,126.63363,3.063342,125.947556,-3.2248902,120.39627,-1.329191,75.67503,-0.6551507,74.234436,-3.9937603,86.208275,-0.9416913,56.670124,1.9190705,61.08063,3.5300243,70.58624,5.9984536,105.688995,6.094781,101.93951,2.5749643,80.53141
