chroma_stft_mean,chroma_stft_var,rms_mean,rms_var,spectral_centroid_mean,spectral_centroid_var,spectral_bandwidth_mean,spectral_bandwidth_var,rolloff_mean,rolloff_var,zero_crossing_rate_mean,zero_crossing_rate_var,harmony_mean,harmony_var,perceptr_mean,perceptr_var,tempo,mfcc1_mean,mfcc1_var,mfcc2_mean,mfcc2_var,mfcc3_mean,mfcc3_var,mfcc4_mean,mfcc4_var,mfcc5_mean,mfcc5_var,mfcc6_mean,mfcc6_var,mfcc7_mean,mfcc7_var,mfcc8_mean,mfcc8_var,mfcc9_mean,mfcc9_var,mfcc10_mean,mfcc10_var,mfcc11_mean,mfcc11_var,mfcc12_mean,mfcc12_var,mfcc13_mean,mfcc13_var,mfcc14_mean,mfcc14_var,mfcc15_mean,mfcc15_var,mfcc16_mean,mfcc16_var,mfcc17_mean,mfcc17_var,mfcc18_mean,mfcc18_var,mfcc19_mean,mfcc19_var,mfcc20_mean,mfcc20_var
0.29227325,0.08556775,0.1992373,0.0056398464,1962.10174151712,261163.1557453631,2325.133286197485,179256.1914590226,3820.6530506815543,1859669.52253505,0.09577563080046404,0.0014775287043945352,4.0721857e-06,0.02982594,0.00016631011,0.005512637,129.19921875,-76.910484,5769.4717,113.30772,446.8763,-6.22412,397.95248,19.930395,132.09906,15.107155,100.00128,-3.2840233,143.49913,4.7830315,76.62545,1.0138454,57.92678,2.2947927,54.21023,-0.014044789,55.016476,-3.773473,44.68898,4.239927,67.6173,2.3016148,94.88341,-2.9147508,64.40601,4.521826,58.052967,3.4229362,72.79302,-0.54634535,79.0858,-0.57216114,87.43458,0.6366079,66.6138,-2.0010724,107.325935
