chroma_stft_mean,chroma_stft_var,rms_mean,rms_var,spectral_centroid_mean,spectral_centroid_var,spectral_bandwidth_mean,spectral_bandwidth_var,rolloff_mean,rolloff_var,zero_crossing_rate_mean,zero_crossing_rate_var,harmony_mean,harmony_var,perceptr_mean,perceptr_var,tempo,mfcc1_mean,mfcc1_var,mfcc2_mean,mfcc2_var,mfcc3_mean,mfcc3_var,mfcc4_mean,mfcc4_var,mfcc5_mean,mfcc5_var,mfcc6_mean,mfcc6_var,mfcc7_mean,mfcc7_var,mfcc8_mean,mfcc8_var,mfcc9_mean,mfcc9_var,mfcc10_mean,mfcc10_var,mfcc11_mean,mfcc11_var,mfcc12_mean,mfcc12_var,mfcc13_mean,mfcc13_var,mfcc14_mean,mfcc14_var,mfcc15_mean,mfcc15_var,mfcc16_mean,mfcc16_var,mfcc17_mean,mfcc17_var,mfcc18_mean,mfcc18_var,mfcc19_mean,mfcc19_var,mfcc20_mean,mfcc20_var
0.41511118,0.090216324,0.20334217,0.005555103,2838.5120944344094,1171699.687940707,3045.8682152156275,334830.27720307227,6486.948219529438,6050643.327763573,0.1221488604505027,0.007217659205282159,2.9832813e-06,0.021506064,-2.4048551e-05,0.012651986,117.45383522727273,-72.144135,5426.209,81.281204,1089.2786,16.711231,1012.634,8.694823,404.70813,14.176612,248.24734,-1.0479518,264.307,12.842173,221.47061,-0.52597433,160.02649,3.1425319,131.40222,3.158665,122.77376,-3.4713526,119.96093,-1.1356596,75.57599,-0.681559,72.59378,-3.9962845,88.60242,-1.0828953,57.597713,1.7924242,63.33488,3.5001466,72.08859,5.922616,111.3167,6.341417,105.54766,2.435463,80.982666
