chroma_stft_mean,chroma_stft_var,rms_mean,rms_var,spectral_centroid_mean,spectral_centroid_var,spectral_bandwidth_mean,spectral_bandwidth_var,rolloff_mean,rolloff_var,zero_crossing_rate_mean,zero_crossing_rate_var,harmony_mean,harmony_var,perceptr_mean,perceptr_var,tempo,mfcc1_mean,mfcc1_var,mfcc2_mean,mfcc2_var,mfcc3_mean,mfcc3_var,mfcc4_mean,mfcc4_var,mfcc5_mean,mfcc5_var,mfcc6_mean,mfcc6_var,mfcc7_mean,mfcc7_var,mfcc8_mean,mfcc8_var,mfcc9_mean,mfcc9_var,mfcc10_mean,mfcc10_var,mfcc11_mean,mfcc11_var,mfcc12_mean,mfcc12_var,mfcc13_mean,mfcc13_var,mfcc14_mean,mfcc14_var,mfcc15_mean,mfcc15_var,mfcc16_mean,mfcc16_var,mfcc17_mean,mfcc17_var,mfcc18_mean,mfcc18_var,mfcc19_mean,mfcc19_var,mfcc20_mean,mfcc20_var
0.46497998,0.0842966,0.15650387,0.0041842116,4052.736284626131,1101109.571858207,3426.4159903430204,153215.8368089331,8382.994217662414,2380079.904731572,0.2106100909947796,0.008529831186217073,-0.0033449389,0.008657172,-0.0040992144,0.012843359,129.19921875,-52.642086,2847.4998,47.784134,482.88263,13.462857,433.90067,2.220573,173.81216,13.260102,139.20583,9.145648,81.52997,14.452528,93.55488,0.8663765,86.73648,9.462137,84.27131,6.998185,88.325806,-0.6944441,58.401997,1.7346818,67.08322,8.505544,69.679146,6.939219,70.14148,3.1842377,63.566845,2.2537808,57.224503,-0.908449,56.373665,2.0330076,59.967133,2.2775352,81.51866,3.4585629,62.364304
