chroma_stft_mean,chroma_stft_var,rms_mean,rms_var,spectral_centroid_mean,spectral_centroid_var,spectral_bandwidth_mean,spectral_bandwidth_var,rolloff_mean,rolloff_var,zero_crossing_rate_mean,zero_crossing_rate_var,harmony_mean,harmony_var,perceptr_mean,perceptr_var,tempo,mfcc1_mean,mfcc1_var,mfcc2_mean,mfcc2_var,mfcc3_mean,mfcc3_var,mfcc4_mean,mfcc4_var,mfcc5_mean,mfcc5_var,mfcc6_mean,mfcc6_var,mfcc7_mean,mfcc7_var,mfcc8_mean,mfcc8_var,mfcc9_mean,mfcc9_var,mfcc10_mean,mfcc10_var,mfcc11_mean,mfcc11_var,mfcc12_mean,mfcc12_var,mfcc13_mean,mfcc13_var,mfcc14_mean,mfcc14_var,mfcc15_mean,mfcc15_var,mfcc16_mean,mfcc16_var,mfcc17_mean,mfcc17_var,mfcc18_mean,mfcc18_var,mfcc19_mean,mfcc19_var,mfcc20_mean,mfcc20_var
0.3795776,0.09101017,0.22344695,0.0071976404,3001.3998390078727,795761.0223163248,2971.8793280275754,179832.3160743321,6442.932553744925,3234845.06303863,0.14367213179137664,0.005705895426921001,0.00027438358,0.02681334,0.0018024754,0.016645228,92.28515625,-37.086514,2869.836,68.898674,705.4403,10.490168,460.91748,23.945831,199.12674,15.35745,136.22319,3.5560462,155.30177,11.680305,152.75523,2.9196262,98.084145,2.5507562,85.87946,4.7550306,118.18125,-1.5914154,52.113857,2.5622606,54.023167,-1.0137556,49.29911,-1.6478769,51.2533,0.51025325,50.95582,-2.8272688,60.828983,-3.4260342,79.61486,-4.1053457,110.97335,-4.2154727,86.05,1.0942317,59.311913
