chroma_stft_mean,chroma_stft_var,rms_mean,rms_var,spectral_centroid_mean,spectral_centroid_var,spectral_bandwidth_mean,spectral_bandwidth_var,rolloff_mean,rolloff_var,zero_crossing_rate_mean,zero_crossing_rate_var,harmony_mean,harmony_var,perceptr_mean,perceptr_var,tempo,mfcc1_mean,mfcc1_var,mfcc2_mean,mfcc2_var,mfcc3_mean,mfcc3_var,mfcc4_mean,mfcc4_var,mfcc5_mean,mfcc5_var,mfcc6_mean,mfcc6_var,mfcc7_mean,mfcc7_var,mfcc8_mean,mfcc8_var,mfcc9_mean,mfcc9_var,mfcc10_mean,mfcc10_var,mfcc11_mean,mfcc11_var,mfcc12_mean,mfcc12_var,mfcc13_mean,mfcc13_var,mfcc14_mean,mfcc14_var,mfcc15_mean,mfcc15_var,mfcc16_mean,mfcc16_var,mfcc17_mean,mfcc17_var,mfcc18_mean,mfcc18_var,mfcc19_mean,mfcc19_var,mfcc20_mean,mfcc20_var
0.47322983,0.09768577,0.24992587,0.015147779,3682.7414342574343,2138981.483665429,3222.7138439826213,233409.37993632825,7568.646112782772,4649173.771253492,0.14555350625966745,0.017096249461030333,-2.2205395e-05,0.045225937,7.060628e-05,0.019448489,89.10290948275862,-80.39707,6039.9917,35.971542,1681.4138,20.43451,877.65063,26.347641,448.7021,17.400066,245.0753,4.578968,222.42648,13.495072,160.74184,3.620712,137.49246,7.3269696,137.53174,5.481911,140.58865,3.9622955,111.528015,5.3203077,104.81117,3.5403306,109.26183,0.5193595,86.594955,0.19200471,79.92912,-1.1236726,92.64961,3.528806,66.070885,1.4388639,71.46193,0.4688538,63.27115,-1.793002,93.4957
