chroma_stft_mean,chroma_stft_var,rms_mean,rms_var,spectral_centroid_mean,spectral_centroid_var,spectral_bandwidth_mean,spectral_bandwidth_var,rolloff_mean,rolloff_var,zero_crossing_rate_mean,zero_crossing_rate_var,harmony_mean,harmony_var,perceptr_mean,perceptr_var,tempo,mfcc1_mean,mfcc1_var,mfcc2_mean,mfcc2_var,mfcc3_mean,mfcc3_var,mfcc4_mean,mfcc4_var,mfcc5_mean,mfcc5_var,mfcc6_mean,mfcc6_var,mfcc7_mean,mfcc7_var,mfcc8_mean,mfcc8_var,mfcc9_mean,mfcc9_var,mfcc10_mean,mfcc10_var,mfcc11_mean,mfcc11_var,mfcc12_mean,mfcc12_var,mfcc13_mean,mfcc13_var,mfcc14_mean,mfcc14_var,mfcc15_mean,mfcc15_var,mfcc16_mean,mfcc16_var,mfcc17_mean,mfcc17_var,mfcc18_mean,mfcc18_var,mfcc19_mean,mfcc19_var,mfcc20_mean,mfcc20_var
0.32321796,0.086744964,0.13958415,0.0059679616,2290.14021271062,549856.2099713673,2436.188548647075,197987.01999734488,4748.687475076131,2631439.0582916425,0.10673155935808198,0.002455241835948479,1.9967144e-06,0.014234962,4.3217893e-05,0.0043698526,112.34714673913044,-113.55395,19902.553,90.0178,454.853,-5.540907,831.4968,25.571491,197.12758,2.6110346,101.43281,3.1918452,148.13794,1.1313877,95.379265,6.1513777,128.43927,2.7998388,104.87128,-1.8603817,125.31448,-7.1145787,89.4148,-3.4467704,82.35886,-5.915337,61.42259,-4.3468876,70.06542,-4.9419427,87.11865,-4.3776097,41.954464,-3.3065085,47.447052,-5.42316,47.289337,-0.56623006,45.013706,-2.1706102,45.478966
