chroma_stft_mean,chroma_stft_var,rms_mean,rms_var,spectral_centroid_mean,spectral_centroid_var,spectral_bandwidth_mean,spectral_bandwidth_var,rolloff_mean,rolloff_var,zero_crossing_rate_mean,zero_crossing_rate_var,harmony_mean,harmony_var,perceptr_mean,perceptr_var,tempo,mfcc1_mean,mfcc1_var,mfcc2_mean,mfcc2_var,mfcc3_mean,mfcc3_var,mfcc4_mean,mfcc4_var,mfcc5_mean,mfcc5_var,mfcc6_mean,mfcc6_var,mfcc7_mean,mfcc7_var,mfcc8_mean,mfcc8_var,mfcc9_mean,mfcc9_var,mfcc10_mean,mfcc10_var,mfcc11_mean,mfcc11_var,mfcc12_mean,mfcc12_var,mfcc13_mean,mfcc13_var,mfcc14_mean,mfcc14_var,mfcc15_mean,mfcc15_var,mfcc16_mean,mfcc16_var,mfcc17_mean,mfcc17_var,mfcc18_mean,mfcc18_var,mfcc19_mean,mfcc19_var,mfcc20_mean,mfcc20_var
0.44702187,0.08521579,0.21315025,0.0042577824,4157.988001710874,1069618.5061065413,3451.4209556625515,131917.36167915477,8677.730976290602,2034029.9361593588,0.23009564723511214,0.01244079118075726,1.8342656e-05,0.016948167,-3.1858267e-06,0.017324893,112.34714673913044,-14.19234,3062.2607,44.35686,718.35956,12.703167,336.7986,10.150148,267.95395,11.26891,171.63171,3.9660032,184.37796,12.500947,121.658485,-2.1676476,100.06593,10.718737,94.29739,2.298257,73.280136,5.0476875,59.728165,-0.86594415,56.478283,3.802936,79.894516,1.6671032,89.56967,1.5021021,95.13044,-0.19007094,78.582504,-1.0180193,98.80752,4.7853785,90.961334,4.856835,94.879944,3.0484767,66.13486
