chroma_stft_mean,chroma_stft_var,rms_mean,rms_var,spectral_centroid_mean,spectral_centroid_var,spectral_bandwidth_mean,spectral_bandwidth_var,rolloff_mean,rolloff_var,zero_crossing_rate_mean,zero_crossing_rate_var,harmony_mean,harmony_var,perceptr_mean,perceptr_var,tempo,mfcc1_mean,mfcc1_var,mfcc2_mean,mfcc2_var,mfcc3_mean,mfcc3_var,mfcc4_mean,mfcc4_var,mfcc5_mean,mfcc5_var,mfcc6_mean,mfcc6_var,mfcc7_mean,mfcc7_var,mfcc8_mean,mfcc8_var,mfcc9_mean,mfcc9_var,mfcc10_mean,mfcc10_var,mfcc11_mean,mfcc11_var,mfcc12_mean,mfcc12_var,mfcc13_mean,mfcc13_var,mfcc14_mean,mfcc14_var,mfcc15_mean,mfcc15_var,mfcc16_mean,mfcc16_var,mfcc17_mean,mfcc17_var,mfcc18_mean,mfcc18_var,mfcc19_mean,mfcc19_var,mfcc20_mean,mfcc20_var
0.41398925,0.09201564,0.20830256,0.006605225,3046.523748324695,1375434.770051097,3095.301264191177,187018.60043077765,6630.777692684164,3860326.471665467,0.11862590934358082,0.007739028762934564,-3.5859378e-07,0.02375462,-3.8225327e-05,0.0125090685,143.5546875,-78.1564,4132.1255,65.98365,1105.7649,24.558346,940.01013,25.632708,364.8862,13.826037,233.32228,3.5993836,287.352,16.210995,184.97717,0.5761337,150.20284,3.3100328,110.96991,4.1550455,100.00631,2.710868,97.0339,3.645202,82.69398,1.3963099,66.46428,2.0116167,70.358376,-1.8056042,55.97672,-3.9560373,54.386734,-0.96098554,52.948994,-1.0172712,56.50574,-0.46881825,52.95656,-0.7515634,66.91095
