chroma_stft_mean,chroma_stft_var,rms_mean,rms_var,spectral_centroid_mean,spectral_centroid_var,spectral_bandwidth_mean,spectral_bandwidth_var,rolloff_mean,rolloff_var,zero_crossing_rate_mean,zero_crossing_rate_var,harmony_mean,harmony_var,perceptr_mean,perceptr_var,tempo,mfcc1_mean,mfcc1_var,mfcc2_mean,mfcc2_var,mfcc3_mean,mfcc3_var,mfcc4_mean,mfcc4_var,mfcc5_mean,mfcc5_var,mfcc6_mean,mfcc6_var,mfcc7_mean,mfcc7_var,mfcc8_mean,mfcc8_var,mfcc9_mean,mfcc9_var,mfcc10_mean,mfcc10_var,mfcc11_mean,mfcc11_var,mfcc12_mean,mfcc12_var,mfcc13_mean,mfcc13_var,mfcc14_mean,mfcc14_var,mfcc15_mean,mfcc15_var,mfcc16_mean,mfcc16_var,mfcc17_mean,mfcc17_var,mfcc18_mean,mfcc18_var,mfcc19_mean,mfcc19_var,mfcc20_mean,mfcc20_var
0.4330699,0.09437626,0.24072388,0.017025296,3941.417696318185,1352037.8644289535,3361.6411249924004,98164.87015020855,8260.423161977958,1431470.5785231479,0.16747971348124516,0.01795781165742292,-6.2019963e-06,0.028184645,0.000114123046,0.031145453,103.359375,-56.15306,4992.436,36.4485,1155.6512,11.9794,640.601,-6.415675,484.15265,3.7821662,384.9012,5.2883554,306.47543,3.3959649,167.90977,4.2619233,217.57181,7.989973,140.52081,5.857593,157.14987,1.5882744,111.697845,4.8537254,107.0014,0.49577478,108.28537,2.50689,93.44344,0.27404612,83.872955,-2.5961719,106.554634,-1.4263086,66.238976,-1.8727229,62.704967,-5.4025173,69.47511,-4.3224535,74.967636
