chroma_stft_mean,chroma_stft_var,rms_mean,rms_var,spectral_centroid_mean,spectral_centroid_var,spectral_bandwidth_mean,spectral_bandwidth_var,rolloff_mean,rolloff_var,zero_crossing_rate_mean,zero_crossing_rate_var,harmony_mean,harmony_var,perceptr_mean,perceptr_var,tempo,mfcc1_mean,mfcc1_var,mfcc2_mean,mfcc2_var,mfcc3_mean,mfcc3_var,mfcc4_mean,mfcc4_var,mfcc5_mean,mfcc5_var,mfcc6_mean,mfcc6_var,mfcc7_mean,mfcc7_var,mfcc8_mean,mfcc8_var,mfcc9_mean,mfcc9_var,mfcc10_mean,mfcc10_var,mfcc11_mean,mfcc11_var,mfcc12_mean,mfcc12_var,mfcc13_mean,mfcc13_var,mfcc14_mean,mfcc14_var,mfcc15_mean,mfcc15_var,mfcc16_mean,mfcc16_var,mfcc17_mean,mfcc17_var,mfcc18_mean,mfcc18_var,mfcc19_mean,mfcc19_var,mfcc20_mean,mfcc20_var
0.47559872,0.097321056,0.25176802,0.01525678,3728.3891590040334,2097593.138664332,3224.6342590024806,220141.12511323794,7635.0859533606435,4481713.855943832,0.14473441729505027,0.016465154277826275,-6.049697e-06,0.045692462,0.00023135266,0.019957561,89.10290948275862,-77.92487,6147.833,32.37364,1732.1086,20.107264,850.34436,27.610147,419.67084,16.27146,221.75282,5.3237567,211.51535,13.487586,151.03645,3.502206,128.03317,7.34457,130.78511,5.269122,142.48521,4.0074425,111.1838,5.2748632,104.12302,3.7537496,103.203835,0.7842269,81.26616,0.40508813,76.02424,-0.7130379,87.07829,3.0615726,62.24873,1.4090438,67.915276,0.54731596,60.343845,-1.9010549,90.81912
