chroma_stft_mean,chroma_stft_var,rms_mean,rms_var,spectral_centroid_mean,spectral_centroid_var,spectral_bandwidth_mean,spectral_bandwidth_var,rolloff_mean,rolloff_var,zero_crossing_rate_mean,zero_crossing_rate_var,harmony_mean,harmony_var,perceptr_mean,perceptr_var,tempo,mfcc1_mean,mfcc1_var,mfcc2_mean,mfcc2_var,mfcc3_mean,mfcc3_var,mfcc4_mean,mfcc4_var,mfcc5_mean,mfcc5_var,mfcc6_mean,mfcc6_var,mfcc7_mean,mfcc7_var,mfcc8_mean,mfcc8_var,mfcc9_mean,mfcc9_var,mfcc10_mean,mfcc10_var,mfcc11_mean,mfcc11_var,mfcc12_mean,mfcc12_var,mfcc13_mean,mfcc13_var,mfcc14_mean,mfcc14_var,mfcc15_mean,mfcc15_var,mfcc16_mean,mfcc16_var,mfcc17_mean,mfcc17_var,mfcc18_mean,mfcc18_var,mfcc19_mean,mfcc19_var,mfcc20_mean,mfcc20_var
0.39028412,0.09982146,0.27340764,0.015246808,3497.720405933398,1376255.9931387252,3294.82979917523,157998.37263490167,7662.173157446346,3119360.073976744,0.13598953801720803,0.008349700610971818,-7.786891e-05,0.05252251,0.00019546527,0.020507993,129.19921875,-46.88898,4433.025,55.891518,945.4861,26.080194,563.32166,16.541317,245.42847,7.097385,212.65588,-3.3452632,328.0754,9.254672,189.2375,-0.8496664,105.65857,8.30775,119.55611,7.1216865,127.34234,-0.54325235,122.63531,1.7571971,81.85042,-1.830214,77.7847,5.210744,88.65962,-3.090102,55.660255,-0.85528505,90.871994,-3.867172,83.420746,-2.339084,101.86925,-0.230069,79.9129,2.2158806,101.283295
