chroma_stft_mean,chroma_stft_var,rms_mean,rms_var,spectral_centroid_mean,spectral_centroid_var,spectral_bandwidth_mean,spectral_bandwidth_var,rolloff_mean,rolloff_var,zero_crossing_rate_mean,zero_crossing_rate_var,harmony_mean,harmony_var,perceptr_mean,perceptr_var,tempo,mfcc1_mean,mfcc1_var,mfcc2_mean,mfcc2_var,mfcc3_mean,mfcc3_var,mfcc4_mean,mfcc4_var,mfcc5_mean,mfcc5_var,mfcc6_mean,mfcc6_var,mfcc7_mean,mfcc7_var,mfcc8_mean,mfcc8_var,mfcc9_mean,mfcc9_var,mfcc10_mean,mfcc10_var,mfcc11_mean,mfcc11_var,mfcc12_mean,mfcc12_var,mfcc13_mean,mfcc13_var,mfcc14_mean,mfcc14_var,mfcc15_mean,mfcc15_var,mfcc16_mean,mfcc16_var,mfcc17_mean,mfcc17_var,mfcc18_mean,mfcc18_var,mfcc19_mean,mfcc19_var,mfcc20_mean,mfcc20_var
0.35436416,0.085175596,0.24325845,0.006662015,2844.9380068612104,909609.5528393347,3219.567936576407,190989.90620082634,6841.255177367314,3929901.178283892,0.0997370154195669,0.002957280190018325,-1.6240789e-05,0.035307016,-4.897837e-05,0.012280326,107.666015625,-63.56813,3649.557,79.03118,826.23737,42.745155,625.9504,16.09252,211.11551,15.271024,173.65593,10.789156,148.51428,13.308312,126.98183,3.6865609,97.07669,4.9269943,99.99715,10.664272,108.26285,-0.016068343,79.68736,3.4758782,83.33732,3.4151354,74.26656,-2.4490998,76.943474,0.8538385,74.688225,-5.1147494,74.68641,-4.2915134,83.950615,-1.5654281,64.95549,-0.05966831,90.610695,2.6608708,95.56647
