chroma_stft_mean,chroma_stft_var,rms_mean,rms_var,spectral_centroid_mean,spectral_centroid_var,spectral_bandwidth_mean,spectral_bandwidth_var,rolloff_mean,rolloff_var,zero_crossing_rate_mean,zero_crossing_rate_var,harmony_mean,harmony_var,perceptr_mean,perceptr_var,tempo,mfcc1_mean,mfcc1_var,mfcc2_mean,mfcc2_var,mfcc3_mean,mfcc3_var,mfcc4_mean,mfcc4_var,mfcc5_mean,mfcc5_var,mfcc6_mean,mfcc6_var,mfcc7_mean,mfcc7_var,mfcc8_mean,mfcc8_var,mfcc9_mean,mfcc9_var,mfcc10_mean,mfcc10_var,mfcc11_mean,mfcc11_var,mfcc12_mean,mfcc12_var,mfcc13_mean,mfcc13_var,mfcc14_mean,mfcc14_var,mfcc15_mean,mfcc15_var,mfcc16_mean,mfcc16_var,mfcc17_mean,mfcc17_var,mfcc18_mean,mfcc18_var,mfcc19_mean,mfcc19_var,mfcc20_mean,mfcc20_var
0.32983235,0.09845158,0.39773378,0.0071940166,2467.9251572056874,312020.38091696583,2624.879762315866,123604.94943345543,5480.674825079756,1606079.000497696,0.09815737081883218,0.001282594063065379,-2.4144712e-05,0.085632786,-8.094333e-05,0.038633466,107.666015625,-6.970078,1585.4059,68.913506,498.50412,3.7833157,514.5439,28.208189,240.36205,2.2899938,179.51437,13.620598,150.00578,1.0365927,113.580345,5.998481,147.37108,2.752038,153.5308,15.027528,196.88582,-8.769488,188.3292,0.7971256,167.0512,-7.2107625,168.13228,2.9348762,206.2846,0.5577972,263.9825,11.352592,251.43846,11.470961,232.58998,14.175334,263.01016,-0.92836416,222.28195,0.8000537,218.0625
