chroma_stft_mean,chroma_stft_var,rms_mean,rms_var,spectral_centroid_mean,spectral_centroid_var,spectral_bandwidth_mean,spectral_bandwidth_var,rolloff_mean,rolloff_var,zero_crossing_rate_mean,zero_crossing_rate_var,harmony_mean,harmony_var,perceptr_mean,perceptr_var,tempo,mfcc1_mean,mfcc1_var,mfcc2_mean,mfcc2_var,mfcc3_mean,mfcc3_var,mfcc4_mean,mfcc4_var,mfcc5_mean,mfcc5_var,mfcc6_mean,mfcc6_var,mfcc7_mean,mfcc7_var,mfcc8_mean,mfcc8_var,mfcc9_mean,mfcc9_var,mfcc10_mean,mfcc10_var,mfcc11_mean,mfcc11_var,mfcc12_mean,mfcc12_var,mfcc13_mean,mfcc13_var,mfcc14_mean,mfcc14_var,mfcc15_mean,mfcc15_var,mfcc16_mean,mfcc16_var,mfcc17_mean,mfcc17_var,mfcc18_mean,mfcc18_var,mfcc19_mean,mfcc19_var,mfcc20_mean,mfcc20_var
0.40741664,0.09393671,0.245588,0.013580564,3262.9888381783744,1228202.0994828173,2931.274188813361,192677.41044755254,6715.594864776682,3537183.3980157194,0.1549981420388631,0.01114207685705107,-3.478871e-05,0.023166154,3.383004e-05,0.032637604,129.19921875,-29.299528,3188.7717,53.877113,1416.3049,-1.7004117,507.34918,15.489958,429.25412,1.0905542,443.21753,0.53732526,349.22357,4.8971496,167.06131,-3.2253232,125.11943,-1.6960156,129.5295,2.227417,144.99753,-7.136839,85.057625,-5.9993052,88.0132,-2.9869275,78.17801,-3.800679,82.71012,-4.8925123,82.91037,-6.728301,81.932495,-0.42717898,74.21777,-4.024591,71.82049,4.3790174,125.61258,4.464227,119.34433
