chroma_stft_mean,chroma_stft_var,rms_mean,rms_var,spectral_centroid_mean,spectral_centroid_var,spectral_bandwidth_mean,spectral_bandwidth_var,rolloff_mean,rolloff_var,zero_crossing_rate_mean,zero_crossing_rate_var,harmony_mean,harmony_var,perceptr_mean,perceptr_var,tempo,mfcc1_mean,mfcc1_var,mfcc2_mean,mfcc2_var,mfcc3_mean,mfcc3_var,mfcc4_mean,mfcc4_var,mfcc5_mean,mfcc5_var,mfcc6_mean,mfcc6_var,mfcc7_mean,mfcc7_var,mfcc8_mean,mfcc8_var,mfcc9_mean,mfcc9_var,mfcc10_mean,mfcc10_var,mfcc11_mean,mfcc11_var,mfcc12_mean,mfcc12_var,mfcc13_mean,mfcc13_var,mfcc14_mean,mfcc14_var,mfcc15_mean,mfcc15_var,mfcc16_mean,mfcc16_var,mfcc17_mean,mfcc17_var,mfcc18_mean,mfcc18_var,mfcc19_mean,mfcc19_var,mfcc20_mean,mfcc20_var
0.3459126,0.097308405,0.13344808,0.0060747177,2519.3455234656853,578029.3853130533,2684.3184920573453,157864.96551002844,5497.911379785382,2518749.8866331796,0.10012635646268368,0.0036263040918889555,0.00017929912,0.012566107,-0.00020977756,0.0073546055,117.45383522727273,-111.60004,4854.0103,85.56209,779.7025,3.5251434,301.5994,16.362411,287.20703,2.2031198,239.43571,5.9770145,123.981514,-5.0359426,158.19206,-3.964266,88.38346,-0.10538265,119.45403,1.5665889,91.94201,-5.7904086,98.41745,-5.087383,65.63498,-0.21282525,76.13469,-4.4040766,65.83078,-0.77949345,64.84205,1.5529196,68.64209,0.36164993,56.730164,0.578991,54.48308,-0.69337356,57.957615,-1.8098047,57.970272
