chroma_stft_mean,chroma_stft_var,rms_mean,rms_var,spectral_centroid_mean,spectral_centroid_var,spectral_bandwidth_mean,spectral_bandwidth_var,rolloff_mean,rolloff_var,zero_crossing_rate_mean,zero_crossing_rate_var,harmony_mean,harmony_var,perceptr_mean,perceptr_var,tempo,mfcc1_mean,mfcc1_var,mfcc2_mean,mfcc2_var,mfcc3_mean,mfcc3_var,mfcc4_mean,mfcc4_var,mfcc5_mean,mfcc5_var,mfcc6_mean,mfcc6_var,mfcc7_mean,mfcc7_var,mfcc8_mean,mfcc8_var,mfcc9_mean,mfcc9_var,mfcc10_mean,mfcc10_var,mfcc11_mean,mfcc11_var,mfcc12_mean,mfcc12_var,mfcc13_mean,mfcc13_var,mfcc14_mean,mfcc14_var,mfcc15_mean,mfcc15_var,mfcc16_mean,mfcc16_var,mfcc17_mean,mfcc17_var,mfcc18_mean,mfcc18_var,mfcc19_mean,mfcc19_var,mfcc20_mean,mfcc20_var
0.42355037,0.082038864,0.25978214,0.0092290845,3669.810466570258,880049.4697974222,3295.063698977605,111377.13213761654,7876.372738725348,1663836.3046929857,0.16179669373549885,0.007166419905580263,-1.360381e-05,0.041293535,-0.00028043453,0.01795051,129.19921875,-8.573005,3027.9224,54.295788,536.0344,20.964115,423.02213,13.100406,169.16953,9.715855,107.05213,6.0221763,121.919205,10.730787,98.6298,6.106817,67.4121,0.69694126,67.87839,5.0039897,87.102516,-3.447254,74.034096,0.8748061,52.814144,-1.9368967,62.9504,-2.7831306,49.103157,-2.6666436,54.886395,-3.3114786,54.859062,1.708261,56.62685,-0.15276632,58.424835,4.84682,77.35322,2.9062352,76.16453
