chroma_stft_mean,chroma_stft_var,rms_mean,rms_var,spectral_centroid_mean,spectral_centroid_var,spectral_bandwidth_mean,spectral_bandwidth_var,rolloff_mean,rolloff_var,zero_crossing_rate_mean,zero_crossing_rate_var,harmony_mean,harmony_var,perceptr_mean,perceptr_var,tempo,mfcc1_mean,mfcc1_var,mfcc2_mean,mfcc2_var,mfcc3_mean,mfcc3_var,mfcc4_mean,mfcc4_var,mfcc5_mean,mfcc5_var,mfcc6_mean,mfcc6_var,mfcc7_mean,mfcc7_var,mfcc8_mean,mfcc8_var,mfcc9_mean,mfcc9_var,mfcc10_mean,mfcc10_var,mfcc11_mean,mfcc11_var,mfcc12_mean,mfcc12_var,mfcc13_mean,mfcc13_var,mfcc14_mean,mfcc14_var,mfcc15_mean,mfcc15_var,mfcc16_mean,mfcc16_var,mfcc17_mean,mfcc17_var,mfcc18_mean,mfcc18_var,mfcc19_mean,mfcc19_var,mfcc20_mean,mfcc20_var
0.48068455,0.075895995,0.23431744,0.004888434,2568.447243315681,402962.10466640355,2558.8094069334275,175010.5149378625,5349.868526591502,2235900.563643406,0.13159538440158547,0.0026080619763703067,8.56975e-06,0.020431152,-1.8891436e-05,0.016559362,117.45383522727273,9.566639,2168.0952,88.86886,807.2999,-20.312077,293.68643,5.1106977,187.91043,-2.9176502,119.09986,-0.17563917,89.18705,0.33215404,96.36064,1.6097705,62.144142,-2.2632651,52.268272,-0.9502327,64.4928,-6.214681,52.985077,-2.9705684,46.499866,-1.8106345,37.809486,-0.3268125,37.09114,-1.3463806,34.204945,-1.6712213,33.718407,-0.18919091,37.616436,1.7147777,30.997854,-0.12731566,32.213127,-3.901235,31.890377
