chroma_stft_mean,chroma_stft_var,rms_mean,rms_var,spectral_centroid_mean,spectral_centroid_var,spectral_bandwidth_mean,spectral_bandwidth_var,rolloff_mean,rolloff_var,zero_crossing_rate_mean,zero_crossing_rate_var,harmony_mean,harmony_var,perceptr_mean,perceptr_var,tempo,mfcc1_mean,mfcc1_var,mfcc2_mean,mfcc2_var,mfcc3_mean,mfcc3_var,mfcc4_mean,mfcc4_var,mfcc5_mean,mfcc5_var,mfcc6_mean,mfcc6_var,mfcc7_mean,mfcc7_var,mfcc8_mean,mfcc8_var,mfcc9_mean,mfcc9_var,mfcc10_mean,mfcc10_var,mfcc11_mean,mfcc11_var,mfcc12_mean,mfcc12_var,mfcc13_mean,mfcc13_var,mfcc14_mean,mfcc14_var,mfcc15_mean,mfcc15_var,mfcc16_mean,mfcc16_var,mfcc17_mean,mfcc17_var,mfcc18_mean,mfcc18_var,mfcc19_mean,mfcc19_var,mfcc20_mean,mfcc20_var
0.25170586,0.0914691,0.08430226,0.0023815343,1967.744332450365,887033.0790953519,2326.158326790175,494012.61358155904,4125.7567226471865,5239894.186888923,0.08230050331109823,0.00238403013297467,-3.0118154e-06,0.0070281965,-1.9521967e-06,0.0009564062,129.19921875,-224.40593,3679.6604,107.35062,2010.7576,-1.587121,691.1502,13.89054,671.072,8.119407,181.74039,-9.372528,213.78377,8.1145,143.44055,9.291045,132.73938,9.097891,114.60303,6.020981,178.32526,-6.6624274,178.06447,2.067856,200.32788,6.1881623,239.56917,8.312806,159.23224,7.5629983,196.13387,2.055172,201.67104,4.5488586,213.8185,1.2237833,130.65872,-1.6463919,139.94606,-3.7158313,175.52959
