chroma_stft_mean,chroma_stft_var,rms_mean,rms_var,spectral_centroid_mean,spectral_centroid_var,spectral_bandwidth_mean,spectral_bandwidth_var,rolloff_mean,rolloff_var,zero_crossing_rate_mean,zero_crossing_rate_var,harmony_mean,harmony_var,perceptr_mean,perceptr_var,tempo,mfcc1_mean,mfcc1_var,mfcc2_mean,mfcc2_var,mfcc3_mean,mfcc3_var,mfcc4_mean,mfcc4_var,mfcc5_mean,mfcc5_var,mfcc6_mean,mfcc6_var,mfcc7_mean,mfcc7_var,mfcc8_mean,mfcc8_var,mfcc9_mean,mfcc9_var,mfcc10_mean,mfcc10_var,mfcc11_mean,mfcc11_var,mfcc12_mean,mfcc12_var,mfcc13_mean,mfcc13_var,mfcc14_mean,mfcc14_var,mfcc15_mean,mfcc15_var,mfcc16_mean,mfcc16_var,mfcc17_mean,mfcc17_var,mfcc18_mean,mfcc18_var,mfcc19_mean,mfcc19_var,mfcc20_mean,mfcc20_var
0.44521752,0.092748985,0.23100165,0.016217662,4036.598130555536,1293802.793438125,3342.1673492869427,108473.07317977399,8331.018094728828,1910382.92916323,0.21382753589037123,0.013473513042164858,-3.3455708e-05,0.016652424,-0.00020999865,0.033531584,112.34714673913044,-34.210648,5024.2617,40.406387,936.2127,17.489128,494.87915,13.413984,262.62625,13.248571,138.8924,7.451953,118.36736,18.189602,124.881256,2.7271252,80.423775,4.3492947,72.13024,5.8229604,100.07401,-1.1435416,80.414444,3.1195772,72.24786,2.4273856,66.58377,-2.0804284,63.913193,-1.2731378,71.80731,0.15447493,82.77059,2.3218355,104.03495,4.3090773,102.68102,2.135174,114.314926,2.950754,123.62304
