chroma_stft_mean,chroma_stft_var,rms_mean,rms_var,spectral_centroid_mean,spectral_centroid_var,spectral_bandwidth_mean,spectral_bandwidth_var,rolloff_mean,rolloff_var,zero_crossing_rate_mean,zero_crossing_rate_var,harmony_mean,harmony_var,perceptr_mean,perceptr_var,tempo,mfcc1_mean,mfcc1_var,mfcc2_mean,mfcc2_var,mfcc3_mean,mfcc3_var,mfcc4_mean,mfcc4_var,mfcc5_mean,mfcc5_var,mfcc6_mean,mfcc6_var,mfcc7_mean,mfcc7_var,mfcc8_mean,mfcc8_var,mfcc9_mean,mfcc9_var,mfcc10_mean,mfcc10_var,mfcc11_mean,mfcc11_var,mfcc12_mean,mfcc12_var,mfcc13_mean,mfcc13_var,mfcc14_mean,mfcc14_var,mfcc15_mean,mfcc15_var,mfcc16_mean,mfcc16_var,mfcc17_mean,mfcc17_var,mfcc18_mean,mfcc18_var,mfcc19_mean,mfcc19_var,mfcc20_mean,mfcc20_var
0.44389048,0.095258586,0.19529577,0.0044871746,2516.3904027255376,1046600.1281195487,2465.9151106406716,392273.66531262785,5087.9478366081785,4502168.678785392,0.12202575164346481,0.005891557494199131,-0.0036576465,0.017956428,-0.0034501608,0.015391045,117.45383522727273,-81.73381,7151.992,78.610695,1694.4354,-17.252422,1092.4841,24.50192,301.3501,8.414266,270.62543,2.1506557,198.23221,5.5259156,222.39182,1.9490923,115.59307,8.798311,123.643936,-0.12679602,99.129715,0.4980501,70.24725,4.6413984,64.31501,2.3908505,77.60474,5.500485,92.05684,0.62395775,83.30853,-1.7902766,83.43798,2.3145907,91.364525,7.849369,149.33469,5.016517,103.75933,-3.3292644,92.5058
