chroma_stft_mean,chroma_stft_var,rms_mean,rms_var,spectral_centroid_mean,spectral_centroid_var,spectral_bandwidth_mean,spectral_bandwidth_var,rolloff_mean,rolloff_var,zero_crossing_rate_mean,zero_crossing_rate_var,harmony_mean,harmony_var,perceptr_mean,perceptr_var,tempo,mfcc1_mean,mfcc1_var,mfcc2_mean,mfcc2_var,mfcc3_mean,mfcc3_var,mfcc4_mean,mfcc4_var,mfcc5_mean,mfcc5_var,mfcc6_mean,mfcc6_var,mfcc7_mean,mfcc7_var,mfcc8_mean,mfcc8_var,mfcc9_mean,mfcc9_var,mfcc10_mean,mfcc10_var,mfcc11_mean,mfcc11_var,mfcc12_mean,mfcc12_var,mfcc13_mean,mfcc13_var,mfcc14_mean,mfcc14_var,mfcc15_mean,mfcc15_var,mfcc16_mean,mfcc16_var,mfcc17_mean,mfcc17_var,mfcc18_mean,mfcc18_var,mfcc19_mean,mfcc19_var,mfcc20_mean,mfcc20_var
0.40371543,0.08613127,0.19541577,0.0018930883,2884.9162662284352,974468.2931026638,3009.471410755311,142089.88036556766,6428.876851163718,2915865.479627553,0.12125651041666667,0.007915193931931656,7.0772667e-06,0.024925202,-1.863844e-05,0.0065347985,172.265625,-52.421513,2217.5552,74.03342,601.95416,12.680926,637.9209,24.495552,160.57674,21.09758,119.10023,1.903934,145.74739,6.8095055,85.28794,4.729847,59.89609,8.409067,68.36884,8.243973,56.098946,-2.2749782,60.20692,-1.1975456,47.891834,-2.679471,40.073788,0.2626681,49.67415,-1.0600877,32.509712,-0.83907855,42.368782,-1.2490488,60.60616,-2.3340123,53.43416,3.812872,54.530567,0.29528308,89.09658
