chroma_stft_mean,chroma_stft_var,rms_mean,rms_var,spectral_centroid_mean,spectral_centroid_var,spectral_bandwidth_mean,spectral_bandwidth_var,rolloff_mean,rolloff_var,zero_crossing_rate_mean,zero_crossing_rate_var,harmony_mean,harmony_var,perceptr_mean,perceptr_var,tempo,mfcc1_mean,mfcc1_var,mfcc2_mean,mfcc2_var,mfcc3_mean,mfcc3_var,mfcc4_mean,mfcc4_var,mfcc5_mean,mfcc5_var,mfcc6_mean,mfcc6_var,mfcc7_mean,mfcc7_var,mfcc8_mean,mfcc8_var,mfcc9_mean,mfcc9_var,mfcc10_mean,mfcc10_var,mfcc11_mean,mfcc11_var,mfcc12_mean,mfcc12_var,mfcc13_mean,mfcc13_var,mfcc14_mean,mfcc14_var,mfcc15_mean,mfcc15_var,mfcc16_mean,mfcc16_var,mfcc17_mean,mfcc17_var,mfcc18_mean,mfcc18_var,mfcc19_mean,mfcc19_var,mfcc20_mean,mfcc20_var
0.46200797,0.09015058,0.20792219,0.0072679175,3169.134248059376,626753.67258109,3341.543632201225,83186.93312256373,7556.0892410455335,1690112.626509239,0.1003438738640758,0.0035675616066315327,-6.0566645e-06,0.028281743,-6.856174e-07,0.00920915,129.19921875,-62.048714,2498.926,64.204506,444.72748,29.86741,189.937,23.252483,102.521645,16.257404,101.119835,7.4441085,103.426186,8.867356,60.508,6.4148307,66.891396,7.411366,53.33694,3.0190263,63.42048,1.4687114,41.497074,2.979093,39.29775,1.8576168,38.67297,0.52641416,46.80658,-0.3369487,42.83289,0.8092006,40.100044,1.2933501,40.00177,1.1808063,44.803104,0.85407,57.62322,0.10139455,65.01859
