chroma_stft_mean,chroma_stft_var,rms_mean,rms_var,spectral_centroid_mean,spectral_centroid_var,spectral_bandwidth_mean,spectral_bandwidth_var,rolloff_mean,rolloff_var,zero_crossing_rate_mean,zero_crossing_rate_var,harmony_mean,harmony_var,perceptr_mean,perceptr_var,tempo,mfcc1_mean,mfcc1_var,mfcc2_mean,mfcc2_var,mfcc3_mean,mfcc3_var,mfcc4_mean,mfcc4_var,mfcc5_mean,mfcc5_var,mfcc6_mean,mfcc6_var,mfcc7_mean,mfcc7_var,mfcc8_mean,mfcc8_var,mfcc9_mean,mfcc9_var,mfcc10_mean,mfcc10_var,mfcc11_mean,mfcc11_var,mfcc12_mean,mfcc12_var,mfcc13_mean,mfcc13_var,mfcc14_mean,mfcc14_var,mfcc15_mean,mfcc15_var,mfcc16_mean,mfcc16_var,mfcc17_mean,mfcc17_var,mfcc18_mean,mfcc18_var,mfcc19_mean,mfcc19_var,mfcc20_mean,mfcc20_var
0.43354028,0.091244176,0.21566187,0.008241732,3151.406047783485,829368.2243886333,3220.6233816096524,135543.33471980758,7294.5599124492455,3081499.3548364886,0.12755734000386698,0.0048754740956718995,4.939876e-06,0.020294568,-4.0299026e-05,0.017015835,112.34714673913044,-44.98689,3533.5562,69.775894,831.2601,11.840672,406.78537,8.117906,338.78748,12.628617,203.97269,7.8121014,260.25256,11.339223,125.32072,0.18483151,128.19069,9.635791,113.169655,2.8409944,85.947975,3.853339,75.641846,-0.84170926,64.44038,2.1321976,82.64905,1.0832055,95.71428,-0.07710416,112.0785,0.6480727,106.0127,-1.4845344,129.42757,3.7256293,105.666016,4.553656,118.252655,4.274244,86.00937
