chroma_stft_mean,chroma_stft_var,rms_mean,rms_var,spectral_centroid_mean,spectral_centroid_var,spectral_bandwidth_mean,spectral_bandwidth_var,rolloff_mean,rolloff_var,zero_crossing_rate_mean,zero_crossing_rate_var,harmony_mean,harmony_var,perceptr_mean,perceptr_var,tempo,mfcc1_mean,mfcc1_var,mfcc2_mean,mfcc2_var,mfcc3_mean,mfcc3_var,mfcc4_mean,mfcc4_var,mfcc5_mean,mfcc5_var,mfcc6_mean,mfcc6_var,mfcc7_mean,mfcc7_var,mfcc8_mean,mfcc8_var,mfcc9_mean,mfcc9_var,mfcc10_mean,mfcc10_var,mfcc11_mean,mfcc11_var,mfcc12_mean,mfcc12_var,mfcc13_mean,mfcc13_var,mfcc14_mean,mfcc14_var,mfcc15_mean,mfcc15_var,mfcc16_mean,mfcc16_var,mfcc17_mean,mfcc17_var,mfcc18_mean,mfcc18_var,mfcc19_mean,mfcc19_var,mfcc20_mean,mfcc20_var
0.2981575,0.08304156,0.14295633,0.0019756886,2489.447357851833,550955.1761122827,2941.850498795865,206961.3001378365,5976.6962392147625,3036797.935859704,0.08426080336426914,0.0016288675447420663,-3.6712045e-06,0.014048387,-0.0002524405,0.0030619116,123.046875,-104.46266,2084.821,86.86334,508.47473,28.752209,351.48236,26.619091,280.41656,8.907512,237.62195,5.6653743,153.6377,7.7535825,97.0138,0.4625298,96.39848,6.6260905,77.39675,6.566947,98.6337,0.37621835,86.50797,2.1416807,66.4682,-0.022565307,72.79613,-0.3600164,68.07664,1.3141513,71.5119,1.3167619,57.200745,1.9381444,67.62674,1.227499,78.85393,-0.123662986,90.03905,0.8406308,67.905106
