chroma_stft_mean,chroma_stft_var,rms_mean,rms_var,spectral_centroid_mean,spectral_centroid_var,spectral_bandwidth_mean,spectral_bandwidth_var,rolloff_mean,rolloff_var,zero_crossing_rate_mean,zero_crossing_rate_var,harmony_mean,harmony_var,perceptr_mean,perceptr_var,tempo,mfcc1_mean,mfcc1_var,mfcc2_mean,mfcc2_var,mfcc3_mean,mfcc3_var,mfcc4_mean,mfcc4_var,mfcc5_mean,mfcc5_var,mfcc6_mean,mfcc6_var,mfcc7_mean,mfcc7_var,mfcc8_mean,mfcc8_var,mfcc9_mean,mfcc9_var,mfcc10_mean,mfcc10_var,mfcc11_mean,mfcc11_var,mfcc12_mean,mfcc12_var,mfcc13_mean,mfcc13_var,mfcc14_mean,mfcc14_var,mfcc15_mean,mfcc15_var,mfcc16_mean,mfcc16_var,mfcc17_mean,mfcc17_var,mfcc18_mean,mfcc18_var,mfcc19_mean,mfcc19_var,mfcc20_mean,mfcc20_var
0.3329856,0.086064376,0.1985883,0.007012117,2806.873512822643,809182.8528642172,2858.2355915164476,278813.4514388553,6104.063553599913,4098216.791855981,0.12851841949439288,0.003508885937085355,3.0807176e-05,0.029584374,-5.2173717e-05,0.0074538114,151.99908088235293,-42.241444,2741.9663,82.16851,894.2975,-2.2273612,387.38626,19.91206,192.14076,13.8555565,120.20244,0.85311663,177.16885,7.9228992,109.68407,-0.7122788,90.26945,6.8727417,65.00638,-1.9014206,81.76902,-4.6892295,61.321617,-3.1699986,62.43991,-2.9372368,66.19363,3.6071599,82.944305,-0.065995716,60.99374,1.5997884,36.064632,0.8589904,82.51025,-1.2455213,132.49614,2.5273066,89.82267,0.7808852,54.924793
