chroma_stft_mean,chroma_stft_var,rms_mean,rms_var,spectral_centroid_mean,spectral_centroid_var,spectral_bandwidth_mean,spectral_bandwidth_var,rolloff_mean,rolloff_var,zero_crossing_rate_mean,zero_crossing_rate_var,harmony_mean,harmony_var,perceptr_mean,perceptr_var,tempo,mfcc1_mean,mfcc1_var,mfcc2_mean,mfcc2_var,mfcc3_mean,mfcc3_var,mfcc4_mean,mfcc4_var,mfcc5_mean,mfcc5_var,mfcc6_mean,mfcc6_var,mfcc7_mean,mfcc7_var,mfcc8_mean,mfcc8_var,mfcc9_mean,mfcc9_var,mfcc10_mean,mfcc10_var,mfcc11_mean,mfcc11_var,mfcc12_mean,mfcc12_var,mfcc13_mean,mfcc13_var,mfcc14_mean,mfcc14_var,mfcc15_mean,mfcc15_var,mfcc16_mean,mfcc16_var,mfcc17_mean,mfcc17_var,mfcc18_mean,mfcc18_var,mfcc19_mean,mfcc19_var,mfcc20_mean,mfcc20_var
0.3991621,0.09515722,0.21295623,0.0056250594,3633.1617304451615,673346.7585010194,3133.8022963309218,98186.16088363121,7532.774094583817,1373879.7590785786,0.18300841671500387,0.007770493323365958,8.20444e-06,0.020984577,0.00017638177,0.0148227755,117.45383522727273,-26.940434,4425.0845,46.743645,590.83514,8.683473,552.25,8.586894,361.23248,6.084411,121.88856,12.43607,149.59967,6.9747324,149.52478,2.499159,135.59581,1.1518143,130.54102,7.257162,81.16379,-3.1354442,104.54841,1.2637734,90.19973,3.8410106,115.57985,4.6863008,101.0414,1.7072084,123.294395,-0.98170704,91.927376,-1.3003608,92.64171,-2.6790752,80.15772,-1.2707309,77.67955,-2.4859216,102.16801
