chroma_stft_mean,chroma_stft_var,rms_mean,rms_var,spectral_centroid_mean,spectral_centroid_var,spectral_bandwidth_mean,spectral_bandwidth_var,rolloff_mean,rolloff_var,zero_crossing_rate_mean,zero_crossing_rate_var,harmony_mean,harmony_var,perceptr_mean,perceptr_var,tempo,mfcc1_mean,mfcc1_var,mfcc2_mean,mfcc2_var,mfcc3_mean,mfcc3_var,mfcc4_mean,mfcc4_var,mfcc5_mean,mfcc5_var,mfcc6_mean,mfcc6_var,mfcc7_mean,mfcc7_var,mfcc8_mean,mfcc8_var,mfcc9_mean,mfcc9_var,mfcc10_mean,mfcc10_var,mfcc11_mean,mfcc11_var,mfcc12_mean,mfcc12_var,mfcc13_mean,mfcc13_var,mfcc14_mean,mfcc14_var,mfcc15_mean,mfcc15_var,mfcc16_mean,mfcc16_var,mfcc17_mean,mfcc17_var,mfcc18_mean,mfcc18_var,mfcc19_mean,mfcc19_var,mfcc20_mean,mfcc20_var
0.42457318,0.09569107,0.26519832,0.008603036,3694.9173925155565,772277.3944700197,3245.8503220882585,122469.01993423492,7867.8210760767115,1553096.0860274187,0.16674106063901778,0.009885800315407292,3.4142538e-06,0.030537985,0.00017929007,0.025843473,117.45383522727273,-8.454617,3052.1775,42.056644,464.77374,8.262312,599.2492,17.968647,329.86218,14.042866,223.50357,7.3565307,226.62749,5.724671,165.07509,-1.8928553,104.91962,4.611337,100.57674,2.078214,68.96294,-1.0689781,65.526985,-0.6599501,64.612595,-2.4383576,53.20466,-1.4805456,39.983902,-3.7609415,56.067818,-1.6544564,55.291378,-2.3662355,75.33051,0.053278547,81.74322,-0.98366827,89.19466,-2.602307,65.89413
