chroma_stft_mean,chroma_stft_var,rms_mean,rms_var,spectral_centroid_mean,spectral_centroid_var,spectral_bandwidth_mean,spectral_bandwidth_var,rolloff_mean,rolloff_var,zero_crossing_rate_mean,zero_crossing_rate_var,harmony_mean,harmony_var,perceptr_mean,perceptr_var,tempo,mfcc1_mean,mfcc1_var,mfcc2_mean,mfcc2_var,mfcc3_mean,mfcc3_var,mfcc4_mean,mfcc4_var,mfcc5_mean,mfcc5_var,mfcc6_mean,mfcc6_var,mfcc7_mean,mfcc7_var,mfcc8_mean,mfcc8_var,mfcc9_mean,mfcc9_var,mfcc10_mean,mfcc10_var,mfcc11_mean,mfcc11_var,mfcc12_mean,mfcc12_var,mfcc13_mean,mfcc13_var,mfcc14_mean,mfcc14_var,mfcc15_mean,mfcc15_var,mfcc16_mean,mfcc16_var,mfcc17_mean,mfcc17_var,mfcc18_mean,mfcc18_var,mfcc19_mean,mfcc19_var,mfcc20_mean,mfcc20_var
0.3896536,0.090932846,0.18578337,0.007515183,3422.0718638777685,1080118.0072872129,3409.782871188017,163704.69467221072,7953.037936394287,2700525.51095539,0.1267201245891338,0.009450020863294937,-1.9351692e-05,0.02534096,-8.946978e-06,0.00723437,135.99917763157896,-94.507706,4169.451,55.67104,619.3284,29.26626,325.3052,27.035044,293.3518,20.046722,140.73381,1.1847869,224.80858,12.946829,136.18828,-0.79853857,161.86072,8.866569,119.535095,-0.6815192,125.6785,-5.3425074,96.85951,2.2080843,74.16853,-4.6136193,71.35774,-0.9867294,49.635887,-1.4889774,61.33307,3.1169028,112.50387,2.5042708,92.40724,4.1002727,112.86938,9.17729,87.59621,4.741727,88.58237
