chroma_stft_mean,chroma_stft_var,rms_mean,rms_var,spectral_centroid_mean,spectral_centroid_var,spectral_bandwidth_mean,spectral_bandwidth_var,rolloff_mean,rolloff_var,zero_crossing_rate_mean,zero_crossing_rate_var,harmony_mean,harmony_var,perceptr_mean,perceptr_var,tempo,mfcc1_mean,mfcc1_var,mfcc2_mean,mfcc2_var,mfcc3_mean,mfcc3_var,mfcc4_mean,mfcc4_var,mfcc5_mean,mfcc5_var,mfcc6_mean,mfcc6_var,mfcc7_mean,mfcc7_var,mfcc8_mean,mfcc8_var,mfcc9_mean,mfcc9_var,mfcc10_mean,mfcc10_var,mfcc11_mean,mfcc11_var,mfcc12_mean,mfcc12_var,mfcc13_mean,mfcc13_var,mfcc14_mean,mfcc14_var,mfcc15_mean,mfcc15_var,mfcc16_mean,mfcc16_var,mfcc17_mean,mfcc17_var,mfcc18_mean,mfcc18_var,mfcc19_mean,mfcc19_var,mfcc20_mean,mfcc20_var
0.378008,0.087883465,0.18395777,0.003179413,1900.384454029494,761644.2154644026,2420.0936288076728,327188.3508935314,4189.7318191705335,4038739.4119037264,0.06617287195475638,0.0022335802267451008,3.583234e-06,0.025729658,-1.6460658e-06,0.004161937,107.666015625,-111.209496,4670.9883,103.16529,1120.6461,10.905522,262.86972,34.357307,256.5427,22.339897,124.0923,17.869793,127.85114,6.80789,109.43001,6.3318367,64.85296,5.4936476,53.99069,0.61402774,68.15596,0.33871174,62.60894,3.8301575,56.04916,2.0371509,51.18755,-5.515562,67.199814,1.202086,74.14598,0.39945257,62.216297,0.34034628,63.018005,1.6778243,66.46909,-4.0568786,53.101425,-6.401182,76.68715
