chroma_stft_mean,chroma_stft_var,rms_mean,rms_var,spectral_centroid_mean,spectral_centroid_var,spectral_bandwidth_mean,spectral_bandwidth_var,rolloff_mean,rolloff_var,zero_crossing_rate_mean,zero_crossing_rate_var,harmony_mean,harmony_var,perceptr_mean,perceptr_var,tempo,mfcc1_mean,mfcc1_var,mfcc2_mean,mfcc2_var,mfcc3_mean,mfcc3_var,mfcc4_mean,mfcc4_var,mfcc5_mean,mfcc5_var,mfcc6_mean,mfcc6_var,mfcc7_mean,mfcc7_var,mfcc8_mean,mfcc8_var,mfcc9_mean,mfcc9_var,mfcc10_mean,mfcc10_var,mfcc11_mean,mfcc11_var,mfcc12_mean,mfcc12_var,mfcc13_mean,mfcc13_var,mfcc14_mean,mfcc14_var,mfcc15_mean,mfcc15_var,mfcc16_mean,mfcc16_var,mfcc17_mean,mfcc17_var,mfcc18_mean,mfcc18_var,mfcc19_mean,mfcc19_var,mfcc20_mean,mfcc20_var
0.41301465,0.09765839,0.26224416,0.014840736,3702.062802894826,1404082.1673367,3431.8534035602524,179377.02457903043,8072.9693844257545,2673796.678289113,0.14939442551237433,0.00982001576581104,-2.5317458e-05,0.028918719,-0.0004416026,0.030420557,107.666015625,-59.16709,5427.711,45.31407,1440.8834,36.86272,895.2551,15.6994,494.6746,15.664842,334.7171,1.6692803,328.9509,7.293103,219.53712,8.811882,187.13005,5.8277197,188.77106,7.989068,147.81265,-2.2795846,113.31006,1.9039612,108.30502,-0.9152531,116.196915,0.042237367,98.49339,0.09695182,93.33559,-0.82935286,129.69032,5.5751543,205.32909,3.8229442,170.98001,5.5785375,166.52542,4.9321375,155.19604
