chroma_stft_mean,chroma_stft_var,rms_mean,rms_var,spectral_centroid_mean,spectral_centroid_var,spectral_bandwidth_mean,spectral_bandwidth_var,rolloff_mean,rolloff_var,zero_crossing_rate_mean,zero_crossing_rate_var,harmony_mean,harmony_var,perceptr_mean,perceptr_var,tempo,mfcc1_mean,mfcc1_var,mfcc2_mean,mfcc2_var,mfcc3_mean,mfcc3_var,mfcc4_mean,mfcc4_var,mfcc5_mean,mfcc5_var,mfcc6_mean,mfcc6_var,mfcc7_mean,mfcc7_var,mfcc8_mean,mfcc8_var,mfcc9_mean,mfcc9_var,mfcc10_mean,mfcc10_var,mfcc11_mean,mfcc11_var,mfcc12_mean,mfcc12_var,mfcc13_mean,mfcc13_var,mfcc14_mean,mfcc14_var,mfcc15_mean,mfcc15_var,mfcc16_mean,mfcc16_var,mfcc17_mean,mfcc17_var,mfcc18_mean,mfcc18_var,mfcc19_mean,mfcc19_var,mfcc20_mean,mfcc20_var
0.38674167,0.08903726,0.1960698,0.006240664,3207.617470903022,842189.7137396564,3125.923874181563,128144.25415881816,7020.323829031323,2435910.520629917,0.1415838136842614,0.006964838291186281,4.371882e-07,0.019188955,-1.7527529e-05,0.012575669,103.359375,-45.799076,4353.2686,65.26662,578.07324,12.929744,453.08197,14.511338,261.66364,7.0173607,113.296776,4.4101133,185.95383,6.6034317,150.88269,3.2921526,86.701164,7.733731,77.044556,4.0534663,77.27199,3.6582375,50.40797,2.6003695,59.324596,4.0506835,57.965595,2.3965278,59.17083,1.7817205,42.219734,-2.376754,41.812218,-1.3439595,54.70814,-2.8729863,78.717094,-0.8414324,74.26504,-2.5950575,64.92086
