chroma_stft_mean,chroma_stft_var,rms_mean,rms_var,spectral_centroid_mean,spectral_centroid_var,spectral_bandwidth_mean,spectral_bandwidth_var,rolloff_mean,rolloff_var,zero_crossing_rate_mean,zero_crossing_rate_var,harmony_mean,harmony_var,perceptr_mean,perceptr_var,tempo,mfcc1_mean,mfcc1_var,mfcc2_mean,mfcc2_var,mfcc3_mean,mfcc3_var,mfcc4_mean,mfcc4_var,mfcc5_mean,mfcc5_var,mfcc6_mean,mfcc6_var,mfcc7_mean,mfcc7_var,mfcc8_mean,mfcc8_var,mfcc9_mean,mfcc9_var,mfcc10_mean,mfcc10_var,mfcc11_mean,mfcc11_var,mfcc12_mean,mfcc12_var,mfcc13_mean,mfcc13_var,mfcc14_mean,mfcc14_var,mfcc15_mean,mfcc15_var,mfcc16_mean,mfcc16_var,mfcc17_mean,mfcc17_var,mfcc18_mean,mfcc18_var,mfcc19_mean,mfcc19_var,mfcc20_mean,mfcc20_var
0.43535957,0.082602136,0.14306945,0.0010683732,2789.3877172068255,373264.1292723814,2795.7392914058632,173251.15606038301,6113.039884987674,1839268.2881413775,0.12616349151682135,0.0025108115945669833,-0.00041484833,0.012423351,-0.0016707765,0.00299555,112.34714673913044,-53.10433,916.6293,78.31421,414.63794,2.261835,830.6075,18.830137,216.90651,3.8708808,163.91092,2.5123835,131.99199,-3.8090515,77.78211,6.8069897,109.77746,-0.8187624,63.60272,8.751581,63.042336,-4.80215,59.900475,-2.151533,46.841404,1.2934912,38.188786,-1.7429283,34.43121,-1.9417518,35.032455,-1.5897936,37.026016,2.6281075,32.06961,2.4259229,42.292828,4.0184865,39.56527,3.9073112,44.81256
