chroma_stft_mean,chroma_stft_var,rms_mean,rms_var,spectral_centroid_mean,spectral_centroid_var,spectral_bandwidth_mean,spectral_bandwidth_var,rolloff_mean,rolloff_var,zero_crossing_rate_mean,zero_crossing_rate_var,harmony_mean,harmony_var,perceptr_mean,perceptr_var,tempo,mfcc1_mean,mfcc1_var,mfcc2_mean,mfcc2_var,mfcc3_mean,mfcc3_var,mfcc4_mean,mfcc4_var,mfcc5_mean,mfcc5_var,mfcc6_mean,mfcc6_var,mfcc7_mean,mfcc7_var,mfcc8_mean,mfcc8_var,mfcc9_mean,mfcc9_var,mfcc10_mean,mfcc10_var,mfcc11_mean,mfcc11_var,mfcc12_mean,mfcc12_var,mfcc13_mean,mfcc13_var,mfcc14_mean,mfcc14_var,mfcc15_mean,mfcc15_var,mfcc16_mean,mfcc16_var,mfcc17_mean,mfcc17_var,mfcc18_mean,mfcc18_var,mfcc19_mean,mfcc19_var,mfcc20_mean,mfcc20_var
0.38583064,0.08524795,0.16415471,0.0026410809,2679.229420619229,579406.4169116799,2661.758074512505,192213.82440370385,5533.5918807098315,2745191.800730512,0.12588517498066512,0.0033644355195089023,-2.969373e-07,0.014542259,8.535158e-06,0.006367811,99.38401442307692,-50.826904,2230.573,80.23307,660.31433,-9.298024,415.64923,20.2835,155.51608,12.087593,156.66777,6.780584,108.18266,6.277933,78.56498,3.4262054,75.68798,-3.9560766,72.98799,2.5737891,107.109085,-5.7011876,57.533993,0.491023,64.59147,-0.57155305,65.06184,-0.5888254,59.915844,-3.399248,58.99996,-6.794382,74.870514,-5.5181403,69.91911,-1.623132,52.68327,-1.6058779,67.07883,-1.5109358,109.46134
