chroma_stft_mean,chroma_stft_var,rms_mean,rms_var,spectral_centroid_mean,spectral_centroid_var,spectral_bandwidth_mean,spectral_bandwidth_var,rolloff_mean,rolloff_var,zero_crossing_rate_mean,zero_crossing_rate_var,harmony_mean,harmony_var,perceptr_mean,perceptr_var,tempo,mfcc1_mean,mfcc1_var,mfcc2_mean,mfcc2_var,mfcc3_mean,mfcc3_var,mfcc4_mean,mfcc4_var,mfcc5_mean,mfcc5_var,mfcc6_mean,mfcc6_var,mfcc7_mean,mfcc7_var,mfcc8_mean,mfcc8_var,mfcc9_mean,mfcc9_var,mfcc10_mean,mfcc10_var,mfcc11_mean,mfcc11_var,mfcc12_mean,mfcc12_var,mfcc13_mean,mfcc13_var,mfcc14_mean,mfcc14_var,mfcc15_mean,mfcc15_var,mfcc16_mean,mfcc16_var,mfcc17_mean,mfcc17_var,mfcc18_mean,mfcc18_var,mfcc19_mean,mfcc19_var,mfcc20_mean,mfcc20_var
0.4259999,0.08302088,0.078025505,0.00027207498,1997.9152625255454,278572.8837790566,2291.452673927379,126663.20504686008,4139.121297672564,1756172.9011542972,0.08802619574149265,0.0012877784627316614,0.0016497578,0.0031784931,0.0027011533,0.0011455015,117.45383522727273,-135.34387,1519.1259,107.812935,391.3478,-13.434144,465.46472,19.037148,281.1457,8.81838,165.71399,12.483625,92.67353,1.0202106,145.69579,11.321146,86.35455,2.5564575,53.10155,1.2326733,53.781532,-6.387117,56.267303,5.8662148,48.252544,2.8857546,42.58013,1.0191557,42.207397,-1.7738508,35.848076,-0.50447905,28.692125,-1.0789493,26.99362,-0.16752368,29.518715,-0.89997655,32.194885,-2.1370232,28.227676
