chroma_stft_mean,chroma_stft_var,rms_mean,rms_var,spectral_centroid_mean,spectral_centroid_var,spectral_bandwidth_mean,spectral_bandwidth_var,rolloff_mean,rolloff_var,zero_crossing_rate_mean,zero_crossing_rate_var,harmony_mean,harmony_var,perceptr_mean,perceptr_var,tempo,mfcc1_mean,mfcc1_var,mfcc2_mean,mfcc2_var,mfcc3_mean,mfcc3_var,mfcc4_mean,mfcc4_var,mfcc5_mean,mfcc5_var,mfcc6_mean,mfcc6_var,mfcc7_mean,mfcc7_var,mfcc8_mean,mfcc8_var,mfcc9_mean,mfcc9_var,mfcc10_mean,mfcc10_var,mfcc11_mean,mfcc11_var,mfcc12_mean,mfcc12_var,mfcc13_mean,mfcc13_var,mfcc14_mean,mfcc14_var,mfcc15_mean,mfcc15_var,mfcc16_mean,mfcc16_var,mfcc17_mean,mfcc17_var,mfcc18_mean,mfcc18_var,mfcc19_mean,mfcc19_var,mfcc20_mean,mfcc20_var
0.3561689,0.0946886,0.17301951,0.0027289977,2150.030333919017,991792.0502942204,2917.5456250824986,239420.55676894213,5224.7411316342805,6721063.704901609,0.05164452218677494,0.0015848585356013042,8.162872e-06,0.024056062,-7.7710865e-05,0.0037368934,143.5546875,-161.62132,5095.853,85.57526,862.4497,53.263668,471.224,32.207474,288.5983,27.182007,82.113846,11.316002,173.00742,7.8897896,97.51337,8.760385,110.67479,1.2601905,90.43323,13.195227,142.19955,0.065503985,110.90673,4.827264,62.02682,3.107736,85.28855,2.347893,69.25533,3.6737278,48.47162,-2.8784373,81.08794,-2.6172922,45.33155,-3.1559954,53.551586,-1.1923348,55.676044,-1.4730018,45.318817
