chroma_stft_mean,chroma_stft_var,rms_mean,rms_var,spectral_centroid_mean,spectral_centroid_var,spectral_bandwidth_mean,spectral_bandwidth_var,rolloff_mean,rolloff_var,zero_crossing_rate_mean,zero_crossing_rate_var,harmony_mean,harmony_var,perceptr_mean,perceptr_var,tempo,mfcc1_mean,mfcc1_var,mfcc2_mean,mfcc2_var,mfcc3_mean,mfcc3_var,mfcc4_mean,mfcc4_var,mfcc5_mean,mfcc5_var,mfcc6_mean,mfcc6_var,mfcc7_mean,mfcc7_var,mfcc8_mean,mfcc8_var,mfcc9_mean,mfcc9_var,mfcc10_mean,mfcc10_var,mfcc11_mean,mfcc11_var,mfcc12_mean,mfcc12_var,mfcc13_mean,mfcc13_var,mfcc14_mean,mfcc14_var,mfcc15_mean,mfcc15_var,mfcc16_mean,mfcc16_var,mfcc17_mean,mfcc17_var,mfcc18_mean,mfcc18_var,mfcc19_mean,mfcc19_var,mfcc20_mean,mfcc20_var
0.41110682,0.09713426,0.20741427,0.008896875,3301.0929850079233,798222.5298018903,3175.4641267443717,125804.76134716431,7301.5711100638055,2342263.8941480424,0.14444628226508122,0.006814772245016886,-2.8707457e-06,0.019807955,-7.064277e-05,0.01883887,117.45383522727273,-40.904087,3890.9048,61.54,571.0644,9.868572,408.32724,10.098781,352.74106,8.45437,171.65182,5.3719335,201.02599,8.382931,117.85623,3.5187213,114.45153,8.25046,92.71447,5.878693,94.88551,-0.0978314,73.957466,-0.5606232,74.578865,0.5559625,54.74159,-1.9817557,66.258965,1.9108726,70.193,0.07908025,85.780106,-1.2651286,92.02022,1.2358273,93.99926,1.4984128,102.68837,0.9474672,96.332115
