chroma_stft_mean,chroma_stft_var,rms_mean,rms_var,spectral_centroid_mean,spectral_centroid_var,spectral_bandwidth_mean,spectral_bandwidth_var,rolloff_mean,rolloff_var,zero_crossing_rate_mean,zero_crossing_rate_var,harmony_mean,harmony_var,perceptr_mean,perceptr_var,tempo,mfcc1_mean,mfcc1_var,mfcc2_mean,mfcc2_var,mfcc3_mean,mfcc3_var,mfcc4_mean,mfcc4_var,mfcc5_mean,mfcc5_var,mfcc6_mean,mfcc6_var,mfcc7_mean,mfcc7_var,mfcc8_mean,mfcc8_var,mfcc9_mean,mfcc9_var,mfcc10_mean,mfcc10_var,mfcc11_mean,mfcc11_var,mfcc12_mean,mfcc12_var,mfcc13_mean,mfcc13_var,mfcc14_mean,mfcc14_var,mfcc15_mean,mfcc15_var,mfcc16_mean,mfcc16_var,mfcc17_mean,mfcc17_var,mfcc18_mean,mfcc18_var,mfcc19_mean,mfcc19_var,mfcc20_mean,mfcc20_var
0.33496165,0.09055054,0.19562604,0.007855848,2525.5919589591927,1009068.4977675598,2848.409561296772,276177.4173653846,5552.801896026682,4962314.647269265,0.10349447747486465,0.0038883941585913686,8.091555e-06,0.022925323,5.7186033e-05,0.011619783,151.99908088235293,-73.37298,4160.4854,97.49157,805.47253,16.85425,538.2104,-0.5943872,261.12643,7.1818285,266.88626,4.867855,176.42776,0.7571247,140.01073,-5.54804,159.60017,0.99840695,116.38881,4.9286504,99.40958,-5.8325953,78.4816,-4.9275804,85.958275,-0.031149738,71.79204,-3.0371113,74.41631,-0.1476843,87.160324,-2.3753452,87.698135,0.72812515,80.11738,0.6892206,66.93136,1.9680395,90.848335,0.8018674,79.42985
