chroma_stft_mean,chroma_stft_var,rms_mean,rms_var,spectral_centroid_mean,spectral_centroid_var,spectral_bandwidth_mean,spectral_bandwidth_var,rolloff_mean,rolloff_var,zero_crossing_rate_mean,zero_crossing_rate_var,harmony_mean,harmony_var,perceptr_mean,perceptr_var,tempo,mfcc1_mean,mfcc1_var,mfcc2_mean,mfcc2_var,mfcc3_mean,mfcc3_var,mfcc4_mean,mfcc4_var,mfcc5_mean,mfcc5_var,mfcc6_mean,mfcc6_var,mfcc7_mean,mfcc7_var,mfcc8_mean,mfcc8_var,mfcc9_mean,mfcc9_var,mfcc10_mean,mfcc10_var,mfcc11_mean,mfcc11_var,mfcc12_mean,mfcc12_var,mfcc13_mean,mfcc13_var,mfcc14_mean,mfcc14_var,mfcc15_mean,mfcc15_var,mfcc16_mean,mfcc16_var,mfcc17_mean,mfcc17_var,mfcc18_mean,mfcc18_var,mfcc19_mean,mfcc19_var,mfcc20_mean,mfcc20_var
0.5045263,0.073615886,0.19351788,0.010432877,3501.7665177124118,816921.7567324988,3027.1371830199087,153720.22953310626,7199.7089005401685,2455285.7226015427,0.18691957596191028,0.007873622180901672,2.3668375e-05,0.017401934,8.4350235e-05,0.016210819,99.38401442307692,-23.21333,6908.8267,53.82879,833.9773,-0.67234546,352.24402,14.730807,148.56421,4.8800464,142.55774,6.7325773,135.69432,4.8463497,81.689995,4.9538507,73.172844,4.270914,77.653625,3.1137922,78.66588,2.547736,40.293713,2.9871147,64.25265,4.6368046,40.961704,2.853151,31.164232,2.1794672,31.732447,1.0684476,26.586962,-0.46816772,23.462723,0.39431962,28.74864,-1.1666565,29.496637,0.54798555,28.93793
