chroma_stft_mean,chroma_stft_var,rms_mean,rms_var,spectral_centroid_mean,spectral_centroid_var,spectral_bandwidth_mean,spectral_bandwidth_var,rolloff_mean,rolloff_var,zero_crossing_rate_mean,zero_crossing_rate_var,harmony_mean,harmony_var,perceptr_mean,perceptr_var,tempo,mfcc1_mean,mfcc1_var,mfcc2_mean,mfcc2_var,mfcc3_mean,mfcc3_var,mfcc4_mean,mfcc4_var,mfcc5_mean,mfcc5_var,mfcc6_mean,mfcc6_var,mfcc7_mean,mfcc7_var,mfcc8_mean,mfcc8_var,mfcc9_mean,mfcc9_var,mfcc10_mean,mfcc10_var,mfcc11_mean,mfcc11_var,mfcc12_mean,mfcc12_var,mfcc13_mean,mfcc13_var,mfcc14_mean,mfcc14_var,mfcc15_mean,mfcc15_var,mfcc16_mean,mfcc16_var,mfcc17_mean,mfcc17_var,mfcc18_mean,mfcc18_var,mfcc19_mean,mfcc19_var,mfcc20_mean,mfcc20_var
0.41781056,0.09356617,0.21508695,0.0065945433,3214.01967827975,1006432.6028513697,3269.587993759097,106986.18278726947,7424.267068318591,2452701.095316101,0.11886608480761794,0.005764235520529862,-3.974471e-06,0.022996305,5.489055e-05,0.012931205,129.19921875,-59.60099,2908.3616,62.97368,596.422,31.116804,181.11209,16.918833,155.99887,8.888802,103.758606,10.814813,112.18552,10.554175,83.00241,5.1616035,55.843376,5.389709,55.475155,6.1492314,65.500275,2.269166,63.56259,4.246997,63.3093,4.1217484,69.27788,5.727116,87.49525,5.0641093,81.24245,5.67125,94.618904,1.4162563,71.94916,2.8106606,58.108,-1.4138898,43.981358,-3.3864543,46.303802
