chroma_stft_mean,chroma_stft_var,rms_mean,rms_var,spectral_centroid_mean,spectral_centroid_var,spectral_bandwidth_mean,spectral_bandwidth_var,rolloff_mean,rolloff_var,zero_crossing_rate_mean,zero_crossing_rate_var,harmony_mean,harmony_var,perceptr_mean,perceptr_var,tempo,mfcc1_mean,mfcc1_var,mfcc2_mean,mfcc2_var,mfcc3_mean,mfcc3_var,mfcc4_mean,mfcc4_var,mfcc5_mean,mfcc5_var,mfcc6_mean,mfcc6_var,mfcc7_mean,mfcc7_var,mfcc8_mean,mfcc8_var,mfcc9_mean,mfcc9_var,mfcc10_mean,mfcc10_var,mfcc11_mean,mfcc11_var,mfcc12_mean,mfcc12_var,mfcc13_mean,mfcc13_var,mfcc14_mean,mfcc14_var,mfcc15_mean,mfcc15_var,mfcc16_mean,mfcc16_var,mfcc17_mean,mfcc17_var,mfcc18_mean,mfcc18_var,mfcc19_mean,mfcc19_var,mfcc20_mean,mfcc20_var
0.39335328,0.09520106,0.21067925,0.00725045,3758.7805887809614,1460115.8782369466,3293.5288823010783,179893.79674357618,7853.9235834179235,3224522.3385672932,0.1775614184551431,0.010057323911908835,2.8808432e-07,0.015841907,-9.991475e-05,0.021233121,103.359375,-44.29027,4669.606,51.353466,982.4558,24.983469,728.60504,12.159331,385.44272,10.8779,177.53394,7.6190553,198.19461,8.214766,133.00089,-0.76355857,103.20749,5.949929,122.3474,4.7551455,90.29642,-2.5091753,70.64742,1.3244871,71.28554,-1.9542975,69.358345,-0.45069,58.069824,0.23999722,57.7729,-1.998812,64.575806,-1.9629546,68.390816,-1.0330985,68.43949,0.52279097,56.279583,-0.37718773,92.08323
