chroma_stft_mean,chroma_stft_var,rms_mean,rms_var,spectral_centroid_mean,spectral_centroid_var,spectral_bandwidth_mean,spectral_bandwidth_var,rolloff_mean,rolloff_var,zero_crossing_rate_mean,zero_crossing_rate_var,harmony_mean,harmony_var,perceptr_mean,perceptr_var,tempo,mfcc1_mean,mfcc1_var,mfcc2_mean,mfcc2_var,mfcc3_mean,mfcc3_var,mfcc4_mean,mfcc4_var,mfcc5_mean,mfcc5_var,mfcc6_mean,mfcc6_var,mfcc7_mean,mfcc7_var,mfcc8_mean,mfcc8_var,mfcc9_mean,mfcc9_var,mfcc10_mean,mfcc10_var,mfcc11_mean,mfcc11_var,mfcc12_mean,mfcc12_var,mfcc13_mean,mfcc13_var,mfcc14_mean,mfcc14_var,mfcc15_mean,mfcc15_var,mfcc16_mean,mfcc16_var,mfcc17_mean,mfcc17_var,mfcc18_mean,mfcc18_var,mfcc19_mean,mfcc19_var,mfcc20_mean,mfcc20_var
0.35469094,0.095706634,0.23409334,0.006295453,2988.4872553900304,671270.0538100634,3142.962821876344,146420.52941425762,6919.161073901537,2589987.6968139163,0.11151920799497293,0.003044494985701646,2.5966651e-06,0.030657355,1.2704117e-05,0.0140981795,161.4990234375,-40.52333,3088.1423,73.49026,678.8691,22.620024,386.93094,12.349805,236.7777,14.86184,123.07026,8.942539,125.339424,5.301321,62.586735,9.018853,74.90697,2.0854676,64.5136,4.299257,86.98582,-3.1375759,66.01985,1.8477219,57.246906,2.0355573,47.102833,1.3906353,53.382298,4.1209035,48.79848,-0.34707138,52.07293,-0.7501499,60.365253,1.1579998,76.702965,0.7454808,83.91045,-0.03741225,81.024445
