chroma_stft_mean,chroma_stft_var,rms_mean,rms_var,spectral_centroid_mean,spectral_centroid_var,spectral_bandwidth_mean,spectral_bandwidth_var,rolloff_mean,rolloff_var,zero_crossing_rate_mean,zero_crossing_rate_var,harmony_mean,harmony_var,perceptr_mean,perceptr_var,tempo,mfcc1_mean,mfcc1_var,mfcc2_mean,mfcc2_var,mfcc3_mean,mfcc3_var,mfcc4_mean,mfcc4_var,mfcc5_mean,mfcc5_var,mfcc6_mean,mfcc6_var,mfcc7_mean,mfcc7_var,mfcc8_mean,mfcc8_var,mfcc9_mean,mfcc9_var,mfcc10_mean,mfcc10_var,mfcc11_mean,mfcc11_var,mfcc12_mean,mfcc12_var,mfcc13_mean,mfcc13_var,mfcc14_mean,mfcc14_var,mfcc15_mean,mfcc15_var,mfcc16_mean,mfcc16_var,mfcc17_mean,mfcc17_var,mfcc18_mean,mfcc18_var,mfcc19_mean,mfcc19_var,mfcc20_mean,mfcc20_var
0.38697228,0.089044474,0.19603845,0.006250757,3206.647958001011,837399.7390849909,3126.207007255885,128180.58849357102,7019.799238235933,2455508.3726118556,0.14153094487142304,0.00695621367215245,8.5538557e-07,0.019191105,-1.8917388e-05,0.012532937,103.359375,-45.730503,4332.228,65.273964,576.476,12.928245,452.53702,14.523945,261.9833,7.032851,113.16695,4.3946295,185.64066,6.6237683,149.95152,3.2991152,86.91294,7.7277784,77.33951,4.06005,77.514244,3.6625175,50.7878,2.6021338,59.00885,4.0489707,57.720104,2.384604,59.266567,1.780818,42.308826,-2.392593,41.94512,-1.3461763,54.807644,-2.8791792,78.71477,-0.8498642,74.71631,-2.5981336,65.05819
