chroma_stft_mean,chroma_stft_var,rms_mean,rms_var,spectral_centroid_mean,spectral_centroid_var,spectral_bandwidth_mean,spectral_bandwidth_var,rolloff_mean,rolloff_var,zero_crossing_rate_mean,zero_crossing_rate_var,harmony_mean,harmony_var,perceptr_mean,perceptr_var,tempo,mfcc1_mean,mfcc1_var,mfcc2_mean,mfcc2_var,mfcc3_mean,mfcc3_var,mfcc4_mean,mfcc4_var,mfcc5_mean,mfcc5_var,mfcc6_mean,mfcc6_var,mfcc7_mean,mfcc7_var,mfcc8_mean,mfcc8_var,mfcc9_mean,mfcc9_var,mfcc10_mean,mfcc10_var,mfcc11_mean,mfcc11_var,mfcc12_mean,mfcc12_var,mfcc13_mean,mfcc13_var,mfcc14_mean,mfcc14_var,mfcc15_mean,mfcc15_var,mfcc16_mean,mfcc16_var,mfcc17_mean,mfcc17_var,mfcc18_mean,mfcc18_var,mfcc19_mean,mfcc19_var,mfcc20_mean,mfcc20_var
0.41232684,0.0815891,0.24800573,0.007445508,3486.4421684913805,668794.3132813937,3132.0290825436546,82504.29058274248,7442.561131453016,1702051.4273825814,0.17964142860595514,0.006731262429921418,-2.9258479e-06,0.029738301,-3.0113039e-05,0.019105317,107.666015625,13.437182,3290.4485,58.23463,397.35086,-2.180756,313.06497,5.017562,190.63246,8.057978,126.47436,-0.49256966,142.79517,4.0949907,85.52816,2.2513356,106.26733,4.3020153,84.972206,3.597891,84.85112,-0.49684015,61.952667,2.4198663,56.705734,1.8900307,61.87492,2.17456,58.513947,1.9433348,48.080578,-0.16784841,43.795967,-0.6151825,45.54283,0.7584284,49.44356,0.73840284,62.464954,2.0088863,66.678185
