chroma_stft_mean,chroma_stft_var,rms_mean,rms_var,spectral_centroid_mean,spectral_centroid_var,spectral_bandwidth_mean,spectral_bandwidth_var,rolloff_mean,rolloff_var,zero_crossing_rate_mean,zero_crossing_rate_var,harmony_mean,harmony_var,perceptr_mean,perceptr_var,tempo,mfcc1_mean,mfcc1_var,mfcc2_mean,mfcc2_var,mfcc3_mean,mfcc3_var,mfcc4_mean,mfcc4_var,mfcc5_mean,mfcc5_var,mfcc6_mean,mfcc6_var,mfcc7_mean,mfcc7_var,mfcc8_mean,mfcc8_var,mfcc9_mean,mfcc9_var,mfcc10_mean,mfcc10_var,mfcc11_mean,mfcc11_var,mfcc12_mean,mfcc12_var,mfcc13_mean,mfcc13_var,mfcc14_mean,mfcc14_var,mfcc15_mean,mfcc15_var,mfcc16_mean,mfcc16_var,mfcc17_mean,mfcc17_var,mfcc18_mean,mfcc18_var,mfcc19_mean,mfcc19_var,mfcc20_mean,mfcc20_var
0.3409636,0.088740855,0.1875196,0.004664765,3141.575395070785,1060504.7758029096,3230.4645793986965,125955.52341136671,7236.996481202871,2884441.0819923095,0.130993435203983,0.007199018853975521,-1.387134e-05,0.018911783,-2.2256268e-05,0.011090405,95.703125,-59.553257,4512.7393,77.30153,751.3535,26.371853,405.35367,3.1852462,281.13553,6.7586684,192.13087,-0.050268047,251.33266,-0.61978555,140.47769,-0.6796597,108.42703,4.141291,108.67676,-0.44345024,90.18032,-4.5369034,74.94309,-3.5553582,53.91845,-2.195729,59.069374,-3.553862,56.22943,0.2593466,48.92586,-4.6769705,63.03985,-4.603607,78.97876,-3.7484083,70.80743,-1.3896257,97.35901,-0.8430271,89.9236
