chroma_stft_mean,chroma_stft_var,rms_mean,rms_var,spectral_centroid_mean,spectral_centroid_var,spectral_bandwidth_mean,spectral_bandwidth_var,rolloff_mean,rolloff_var,zero_crossing_rate_mean,zero_crossing_rate_var,harmony_mean,harmony_var,perceptr_mean,perceptr_var,tempo,mfcc1_mean,mfcc1_var,mfcc2_mean,mfcc2_var,mfcc3_mean,mfcc3_var,mfcc4_mean,mfcc4_var,mfcc5_mean,mfcc5_var,mfcc6_mean,mfcc6_var,mfcc7_mean,mfcc7_var,mfcc8_mean,mfcc8_var,mfcc9_mean,mfcc9_var,mfcc10_mean,mfcc10_var,mfcc11_mean,mfcc11_var,mfcc12_mean,mfcc12_var,mfcc13_mean,mfcc13_var,mfcc14_mean,mfcc14_var,mfcc15_mean,mfcc15_var,mfcc16_mean,mfcc16_var,mfcc17_mean,mfcc17_var,mfcc18_mean,mfcc18_var,mfcc19_mean,mfcc19_var,mfcc20_mean,mfcc20_var
0.40066114,0.08677095,0.22168663,0.006188346,3267.766911666797,750516.526074517,3014.2803759097005,115695.72990384765,6921.259437083092,2151481.9115972323,0.14650325671887085,0.005550702056403869,2.1808057e-06,0.02439881,-5.7761983e-05,0.016996631,92.28515625,-15.75989,3996.8987,59.259125,554.3321,-1.6016735,342.30222,12.55983,157.14268,8.738309,123.038,3.9566612,100.38709,2.043591,68.78682,4.2241693,79.46958,4.9797945,70.553535,2.8969736,62.58539,2.3294625,52.554577,1.9885528,59.125774,1.7153721,54.28325,-1.548799,57.7222,-0.60989237,47.546627,0.29346502,53.9634,-0.0017808293,74.20959,2.7616813,89.287025,2.2963192,84.95741,0.056353718,93.57601
