chroma_stft_mean,chroma_stft_var,rms_mean,rms_var,spectral_centroid_mean,spectral_centroid_var,spectral_bandwidth_mean,spectral_bandwidth_var,rolloff_mean,rolloff_var,zero_crossing_rate_mean,zero_crossing_rate_var,harmony_mean,harmony_var,perceptr_mean,perceptr_var,tempo,mfcc1_mean,mfcc1_var,mfcc2_mean,mfcc2_var,mfcc3_mean,mfcc3_var,mfcc4_mean,mfcc4_var,mfcc5_mean,mfcc5_var,mfcc6_mean,mfcc6_var,mfcc7_mean,mfcc7_var,mfcc8_mean,mfcc8_var,mfcc9_mean,mfcc9_var,mfcc10_mean,mfcc10_var,mfcc11_mean,mfcc11_var,mfcc12_mean,mfcc12_var,mfcc13_mean,mfcc13_var,mfcc14_mean,mfcc14_var,mfcc15_mean,mfcc15_var,mfcc16_mean,mfcc16_var,mfcc17_mean,mfcc17_var,mfcc18_mean,mfcc18_var,mfcc19_mean,mfcc19_var,mfcc20_mean,mfcc20_var
0.4561922,0.09123852,0.22269987,0.00864278,3145.363680952142,618464.6655714381,3017.3747525826047,116917.56836253165,6691.938317956062,2341761.061418667,0.13560510622099767,0.005519942376284891,1.2638927e-06,0.025574643,1.7843937e-05,0.016945517,117.45383522727273,-47.975613,3176.3118,54.1544,521.60046,-3.9600954,696.8206,21.494438,299.94266,13.905075,183.74281,5.998558,236.98506,13.758749,169.87451,1.0650278,143.20863,6.7291703,84.88274,6.2205725,98.91883,1.6177514,66.173904,0.45703456,64.1383,2.4155867,80.82494,-5.584576,77.77802,0.31104815,62.65909,-0.9976579,56.653072,0.6434849,93.79538,1.2561009,101.54483,2.0714836,109.622,3.0291598,81.372894
