chroma_stft_mean,chroma_stft_var,rms_mean,rms_var,spectral_centroid_mean,spectral_centroid_var,spectral_bandwidth_mean,spectral_bandwidth_var,rolloff_mean,rolloff_var,zero_crossing_rate_mean,zero_crossing_rate_var,harmony_mean,harmony_var,perceptr_mean,perceptr_var,tempo,mfcc1_mean,mfcc1_var,mfcc2_mean,mfcc2_var,mfcc3_mean,mfcc3_var,mfcc4_mean,mfcc4_var,mfcc5_mean,mfcc5_var,mfcc6_mean,mfcc6_var,mfcc7_mean,mfcc7_var,mfcc8_mean,mfcc8_var,mfcc9_mean,mfcc9_var,mfcc10_mean,mfcc10_var,mfcc11_mean,mfcc11_var,mfcc12_mean,mfcc12_var,mfcc13_mean,mfcc13_var,mfcc14_mean,mfcc14_var,mfcc15_mean,mfcc15_var,mfcc16_mean,mfcc16_var,mfcc17_mean,mfcc17_var,mfcc18_mean,mfcc18_var,mfcc19_mean,mfcc19_var,mfcc20_mean,mfcc20_var
0.43340746,0.09125214,0.21573293,0.0082774535,3151.3426232441357,829149.8279585376,3220.369558523437,134970.61220756205,7293.569018724623,3074548.7615106376,0.12735455034319412,0.004859507422693121,9.206769e-07,0.02038542,-4.858233e-05,0.01707045,112.34714673913044,-45.02928,3536.969,69.7547,831.4321,11.873838,403.8975,8.160097,337.7772,12.596263,203.4593,7.7551703,259.10004,11.303386,123.98947,0.2508941,129.9168,9.658154,113.80662,2.8055396,85.40129,3.8566477,75.82186,-0.8445408,64.46778,2.09968,83.22745,1.1225883,95.01289,0.0066714305,112.2494,0.74826,107.36196,-1.4743037,129.45868,3.6728432,105.451225,4.469373,118.21759,4.1986656,85.78841
