chroma_stft_mean,chroma_stft_var,rms_mean,rms_var,spectral_centroid_mean,spectral_centroid_var,spectral_bandwidth_mean,spectral_bandwidth_var,rolloff_mean,rolloff_var,zero_crossing_rate_mean,zero_crossing_rate_var,harmony_mean,harmony_var,perceptr_mean,perceptr_var,tempo,mfcc1_mean,mfcc1_var,mfcc2_mean,mfcc2_var,mfcc3_mean,mfcc3_var,mfcc4_mean,mfcc4_var,mfcc5_mean,mfcc5_var,mfcc6_mean,mfcc6_var,mfcc7_mean,mfcc7_var,mfcc8_mean,mfcc8_var,mfcc9_mean,mfcc9_var,mfcc10_mean,mfcc10_var,mfcc11_mean,mfcc11_var,mfcc12_mean,mfcc12_var,mfcc13_mean,mfcc13_var,mfcc14_mean,mfcc14_var,mfcc15_mean,mfcc15_var,mfcc16_mean,mfcc16_var,mfcc17_mean,mfcc17_var,mfcc18_mean,mfcc18_var,mfcc19_mean,mfcc19_var,mfcc20_mean,mfcc20_var
0.38440332,0.08355704,0.21107702,0.002575806,2753.2347231451085,717809.5579047768,2861.5569996470863,149356.67859575135,5986.838327925609,2701675.3850977663,0.12370886806361175,0.005099345313714374,-7.3264914e-06,0.02340112,5.4910365e-06,0.0091102095,107.666015625,-20.932325,1277.2792,83.24618,497.58313,5.0522323,379.9956,16.362148,172.30475,9.399238,103.768814,-0.56426704,132.2916,4.0395784,77.535385,6.204656,48.640255,9.118701,51.03177,5.8642225,49.889412,-3.5043368,36.050194,-0.63819164,38.534035,-3.169014,34.502907,1.5493343,41.29012,-0.91566026,32.606133,-2.9575183,47.63221,-1.3284,36.21528,-0.8770298,43.705395,0.6870288,52.9895,-1.7721593,48.691204
