chroma_stft_mean,chroma_stft_var,rms_mean,rms_var,spectral_centroid_mean,spectral_centroid_var,spectral_bandwidth_mean,spectral_bandwidth_var,rolloff_mean,rolloff_var,zero_crossing_rate_mean,zero_crossing_rate_var,harmony_mean,harmony_var,perceptr_mean,perceptr_var,tempo,mfcc1_mean,mfcc1_var,mfcc2_mean,mfcc2_var,mfcc3_mean,mfcc3_var,mfcc4_mean,mfcc4_var,mfcc5_mean,mfcc5_var,mfcc6_mean,mfcc6_var,mfcc7_mean,mfcc7_var,mfcc8_mean,mfcc8_var,mfcc9_mean,mfcc9_var,mfcc10_mean,mfcc10_var,mfcc11_mean,mfcc11_var,mfcc12_mean,mfcc12_var,mfcc13_mean,mfcc13_var,mfcc14_mean,mfcc14_var,mfcc15_mean,mfcc15_var,mfcc16_mean,mfcc16_var,mfcc17_mean,mfcc17_var,mfcc18_mean,mfcc18_var,mfcc19_mean,mfcc19_var,mfcc20_mean,mfcc20_var
0.32277596,0.0900129,0.14742191,0.003765643,1988.190131263531,1098531.0961619806,2580.3989172204265,415937.24955500534,4267.096471233323,6582277.59937294,0.06611396099187936,0.003763555222393686,0.00031493703,0.017614108,0.0006456992,0.0033823284,117.45383522727273,-170.91998,5324.087,105.89472,1466.0597,31.076893,936.9679,22.2533,385.8722,12.815128,236.86162,-5.15837,368.83286,11.237187,255.60129,-2.1015577,224.25082,-0.15285544,131.69853,5.0800486,152.35165,-11.545419,118.2827,-3.6124885,119.41405,1.3871292,90.829506,-6.623908,132.3288,-2.4314058,92.57483,-7.361183,121.89851,-2.5520244,111.582245,-1.7074575,100.77562,-6.140265,118.2129,5.069442,131.97
