chroma_stft_mean,chroma_stft_var,rms_mean,rms_var,spectral_centroid_mean,spectral_centroid_var,spectral_bandwidth_mean,spectral_bandwidth_var,rolloff_mean,rolloff_var,zero_crossing_rate_mean,zero_crossing_rate_var,harmony_mean,harmony_var,perceptr_mean,perceptr_var,tempo,mfcc1_mean,mfcc1_var,mfcc2_mean,mfcc2_var,mfcc3_mean,mfcc3_var,mfcc4_mean,mfcc4_var,mfcc5_mean,mfcc5_var,mfcc6_mean,mfcc6_var,mfcc7_mean,mfcc7_var,mfcc8_mean,mfcc8_var,mfcc9_mean,mfcc9_var,mfcc10_mean,mfcc10_var,mfcc11_mean,mfcc11_var,mfcc12_mean,mfcc12_var,mfcc13_mean,mfcc13_var,mfcc14_mean,mfcc14_var,mfcc15_mean,mfcc15_var,mfcc16_mean,mfcc16_var,mfcc17_mean,mfcc17_var,mfcc18_mean,mfcc18_var,mfcc19_mean,mfcc19_var,mfcc20_mean,mfcc20_var
0.28234515,0.09040731,0.08331509,0.001238442,2053.421991383234,686279.6291487963,2559.2979840868443,158101.2856359005,4506.518044881091,3431263.543711477,0.07533088324149265,0.0030558478664545327,1.1277848e-06,0.00597861,-2.9736031e-05,0.00081156706,107.666015625,-204.71895,3257.753,101.62684,834.5068,26.381647,562.4462,9.190344,196.46019,10.471229,332.79446,5.1170764,187.33383,-9.461806,219.41966,9.306169,123.56447,-12.484944,139.80276,-2.4797277,121.40456,6.2220006,127.62198,-9.4853945,95.306335,-2.5450125,117.26235,-9.031072,120.33684,-10.174723,138.50629,-4.0439625,102.32549,-7.7589335,134.61742,-5.142255,181.577,-1.8246578,159.39098,-4.4192715,166.3757
