chroma_stft_mean,chroma_stft_var,rms_mean,rms_var,spectral_centroid_mean,spectral_centroid_var,spectral_bandwidth_mean,spectral_bandwidth_var,rolloff_mean,rolloff_var,zero_crossing_rate_mean,zero_crossing_rate_var,harmony_mean,harmony_var,perceptr_mean,perceptr_var,tempo,mfcc1_mean,mfcc1_var,mfcc2_mean,mfcc2_var,mfcc3_mean,mfcc3_var,mfcc4_mean,mfcc4_var,mfcc5_mean,mfcc5_var,mfcc6_mean,mfcc6_var,mfcc7_mean,mfcc7_var,mfcc8_mean,mfcc8_var,mfcc9_mean,mfcc9_var,mfcc10_mean,mfcc10_var,mfcc11_mean,mfcc11_var,mfcc12_mean,mfcc12_var,mfcc13_mean,mfcc13_var,mfcc14_mean,mfcc14_var,mfcc15_mean,mfcc15_var,mfcc16_mean,mfcc16_var,mfcc17_mean,mfcc17_var,mfcc18_mean,mfcc18_var,mfcc19_mean,mfcc19_var,mfcc20_mean,mfcc20_var
0.2773798,0.10108367,0.17207895,0.009280304,2638.945071813565,1031859.7021906202,2753.646332330367,264885.65917498706,5625.495191959107,4207342.4430146115,0.10692755159996133,0.009413420057261873,-9.411393e-06,0.023553248,-4.1864616e-05,0.0077320193,129.19921875,-145.93051,4411.234,62.57327,1648.3047,-23.071827,1787.5006,-18.756536,545.8108,-14.746655,454.64172,-28.40494,245.42198,3.1406605,229.58212,-24.918982,266.69247,-13.635363,249.08054,-4.6096067,206.14409,-24.374552,168.94736,-15.802279,117.78582,-17.45696,152.77783,-11.70268,495.3654,-8.2586565,321.1763,-13.841823,386.73645,-9.900414,205.1147,-11.981186,201.50243,-5.0389853,278.48022,-2.9069448,258.10074
