chroma_stft_mean,chroma_stft_var,rms_mean,rms_var,spectral_centroid_mean,spectral_centroid_var,spectral_bandwidth_mean,spectral_bandwidth_var,rolloff_mean,rolloff_var,zero_crossing_rate_mean,zero_crossing_rate_var,harmony_mean,harmony_var,perceptr_mean,perceptr_var,tempo,mfcc1_mean,mfcc1_var,mfcc2_mean,mfcc2_var,mfcc3_mean,mfcc3_var,mfcc4_mean,mfcc4_var,mfcc5_mean,mfcc5_var,mfcc6_mean,mfcc6_var,mfcc7_mean,mfcc7_var,mfcc8_mean,mfcc8_var,mfcc9_mean,mfcc9_var,mfcc10_mean,mfcc10_var,mfcc11_mean,mfcc11_var,mfcc12_mean,mfcc12_var,mfcc13_mean,mfcc13_var,mfcc14_mean,mfcc14_var,mfcc15_mean,mfcc15_var,mfcc16_mean,mfcc16_var,mfcc17_mean,mfcc17_var,mfcc18_mean,mfcc18_var,mfcc19_mean,mfcc19_var,mfcc20_mean,mfcc20_var
0.5228801,0.08822512,0.32138827,0.020388493,3663.396966933648,1047196.9027668268,3276.4364331961433,154735.17282260553,7777.549825079756,2589267.5985872904,0.15602568517981438,0.010744542020532476,1.8662205e-06,0.058580004,-6.044633e-05,0.028608475,103.359375,-39.89364,3836.5464,35.581356,580.7407,8.926843,500.2662,15.078342,422.22556,15.204771,263.83868,10.564198,280.25052,21.816221,180.30061,10.004617,156.7019,13.969252,103.79967,16.55245,100.24619,1.4722148,112.10942,3.263471,76.14993,0.06657288,83.198265,0.9684917,62.54707,7.6417656,87.39174,7.6400003,115.07577,9.40244,163.0801,6.5786138,107.56256,1.1907499,105.506,-0.6419806,119.25807
