chroma_stft_mean,chroma_stft_var,rms_mean,rms_var,spectral_centroid_mean,spectral_centroid_var,spectral_bandwidth_mean,spectral_bandwidth_var,rolloff_mean,rolloff_var,zero_crossing_rate_mean,zero_crossing_rate_var,harmony_mean,harmony_var,perceptr_mean,perceptr_var,tempo,mfcc1_mean,mfcc1_var,mfcc2_mean,mfcc2_var,mfcc3_mean,mfcc3_var,mfcc4_mean,mfcc4_var,mfcc5_mean,mfcc5_var,mfcc6_mean,mfcc6_var,mfcc7_mean,mfcc7_var,mfcc8_mean,mfcc8_var,mfcc9_mean,mfcc9_var,mfcc10_mean,mfcc10_var,mfcc11_mean,mfcc11_var,mfcc12_mean,mfcc12_var,mfcc13_mean,mfcc13_var,mfcc14_mean,mfcc14_var,mfcc15_mean,mfcc15_var,mfcc16_mean,mfcc16_var,mfcc17_mean,mfcc17_var,mfcc18_mean,mfcc18_var,mfcc19_mean,mfcc19_var,mfcc20_mean,mfcc20_var
0.3400365,0.09824589,0.16735059,0.0063747847,2939.0735059732497,1663228.4580475655,2629.168577058898,298018.8983700206,5748.815663065545,4862504.987483931,0.14566604130413766,0.011732672173935305,-1.796976e-05,0.014068904,-0.00013265836,0.012648209,99.38401442307692,-87.756744,5417.7944,64.35611,2045.6792,-12.972931,727.7801,16.03289,406.85547,0.49571225,252.06859,0.4093678,181.8851,4.4360785,137.21445,-2.724951,134.63438,-0.3144535,107.88986,-0.049785145,100.41154,-5.933358,85.32107,-4.269221,79.66265,-3.506904,72.62746,-4.6224685,81.09271,-4.0879188,61.236465,-3.3189278,86.61345,0.21254055,114.58591,2.7001917,136.7337,2.4814796,132.20053,0.21681029,163.11632
