chroma_stft_mean,chroma_stft_var,rms_mean,rms_var,spectral_centroid_mean,spectral_centroid_var,spectral_bandwidth_mean,spectral_bandwidth_var,rolloff_mean,rolloff_var,zero_crossing_rate_mean,zero_crossing_rate_var,harmony_mean,harmony_var,perceptr_mean,perceptr_var,tempo,mfcc1_mean,mfcc1_var,mfcc2_mean,mfcc2_var,mfcc3_mean,mfcc3_var,mfcc4_mean,mfcc4_var,mfcc5_mean,mfcc5_var,mfcc6_mean,mfcc6_var,mfcc7_mean,mfcc7_var,mfcc8_mean,mfcc8_var,mfcc9_mean,mfcc9_var,mfcc10_mean,mfcc10_var,mfcc11_mean,mfcc11_var,mfcc12_mean,mfcc12_var,mfcc13_mean,mfcc13_var,mfcc14_mean,mfcc14_var,mfcc15_mean,mfcc15_var,mfcc16_mean,mfcc16_var,mfcc17_mean,mfcc17_var,mfcc18_mean,mfcc18_var,mfcc19_mean,mfcc19_var,mfcc20_mean,mfcc20_var
0.5185212,0.089312896,0.32924145,0.021639489,3672.8534749746746,1067534.9277451339,3279.628966712498,161936.15719888563,7783.88654881453,2659877.5551863713,0.15405896534222738,0.010485702774169393,1.0592658e-05,0.062043972,-0.0001372678,0.029932471,103.359375,-39.63845,3953.7688,33.950104,597.1467,9.583241,526.16064,16.655977,419.47574,14.907743,243.52711,11.196752,241.54979,21.489483,166.425,9.884768,149.65498,14.735058,95.97423,15.624816,86.36355,2.0449588,94.26295,2.5801914,71.41434,0.36708742,84.96246,1.6488098,56.932884,6.9265532,81.13842,8.2295065,106.277916,9.359765,156.61784,6.963523,117.605644,1.5010893,109.59234,-1.1233691,123.59261
