chroma_stft_mean,chroma_stft_var,rms_mean,rms_var,spectral_centroid_mean,spectral_centroid_var,spectral_bandwidth_mean,spectral_bandwidth_var,rolloff_mean,rolloff_var,zero_crossing_rate_mean,zero_crossing_rate_var,harmony_mean,harmony_var,perceptr_mean,perceptr_var,tempo,mfcc1_mean,mfcc1_var,mfcc2_mean,mfcc2_var,mfcc3_mean,mfcc3_var,mfcc4_mean,mfcc4_var,mfcc5_mean,mfcc5_var,mfcc6_mean,mfcc6_var,mfcc7_mean,mfcc7_var,mfcc8_mean,mfcc8_var,mfcc9_mean,mfcc9_var,mfcc10_mean,mfcc10_var,mfcc11_mean,mfcc11_var,mfcc12_mean,mfcc12_var,mfcc13_mean,mfcc13_var,mfcc14_mean,mfcc14_var,mfcc15_mean,mfcc15_var,mfcc16_mean,mfcc16_var,mfcc17_mean,mfcc17_var,mfcc18_mean,mfcc18_var,mfcc19_mean,mfcc19_var,mfcc20_mean,mfcc20_var
0.34642994,0.0999274,0.16904928,0.012295073,3647.914740974154,1088222.270812213,2886.9189517341424,188186.99038192138,7113.759278476653,2336344.434726803,0.20587380063321734,0.012423470245515992,-2.1298843e-05,0.016148826,1.546412e-05,0.0141344825,129.19921875,-88.39745,9271.737,34.34531,1479.965,-11.279142,836.6876,2.1954029,354.05936,-4.848073,194.54475,-6.1465397,401.0411,0.3227965,196.63577,2.4406164,111.985176,-8.163182,285.97424,5.6395426,138.80295,-9.395805,164.44623,-7.3565564,112.081184,-3.950928,154.6664,2.3662984,244.90787,1.2415482,312.6091,10.829779,189.86325,9.3840475,215.37282,5.2883143,243.65994,-2.9361346,166.26212,-5.5764174,104.71072
