chroma_stft_mean,chroma_stft_var,rms_mean,rms_var,spectral_centroid_mean,spectral_centroid_var,spectral_bandwidth_mean,spectral_bandwidth_var,rolloff_mean,rolloff_var,zero_crossing_rate_mean,zero_crossing_rate_var,harmony_mean,harmony_var,perceptr_mean,perceptr_var,tempo,mfcc1_mean,mfcc1_var,mfcc2_mean,mfcc2_var,mfcc3_mean,mfcc3_var,mfcc4_mean,mfcc4_var,mfcc5_mean,mfcc5_var,mfcc6_mean,mfcc6_var,mfcc7_mean,mfcc7_var,mfcc8_mean,mfcc8_var,mfcc9_mean,mfcc9_var,mfcc10_mean,mfcc10_var,mfcc11_mean,mfcc11_var,mfcc12_mean,mfcc12_var,mfcc13_mean,mfcc13_var,mfcc14_mean,mfcc14_var,mfcc15_mean,mfcc15_var,mfcc16_mean,mfcc16_var,mfcc17_mean,mfcc17_var,mfcc18_mean,mfcc18_var,mfcc19_mean,mfcc19_var,mfcc20_mean,mfcc20_var
0.455698,0.091348104,0.22074887,0.007692648,2949.6800647860855,1365625.9376918918,2908.8037325096284,283809.7079181502,6068.40803318953,5021582.67770314,0.11193838215390564,0.007635618180419464,-2.0583775e-05,0.026846427,5.694202e-05,0.018196495,95.703125,-65.17127,2583.2317,65.454155,1137.6135,4.1113796,681.4797,32.74291,388.46674,16.913877,230.02838,-5.8198285,331.83142,14.964588,150.99002,-0.23903246,144.9103,9.035487,149.36983,8.436686,156.27495,-6.577896,96.641136,-4.4804807,66.73468,-2.632375,77.033615,3.4563084,66.82995,1.600916,57.306385,-0.69448435,66.92702,3.1999438,73.83639,1.0435187,52.300106,-1.165041,84.550545,-4.7207537,86.78533
