chroma_stft_mean,chroma_stft_var,rms_mean,rms_var,spectral_centroid_mean,spectral_centroid_var,spectral_bandwidth_mean,spectral_bandwidth_var,rolloff_mean,rolloff_var,zero_crossing_rate_mean,zero_crossing_rate_var,harmony_mean,harmony_var,perceptr_mean,perceptr_var,tempo,mfcc1_mean,mfcc1_var,mfcc2_mean,mfcc2_var,mfcc3_mean,mfcc3_var,mfcc4_mean,mfcc4_var,mfcc5_mean,mfcc5_var,mfcc6_mean,mfcc6_var,mfcc7_mean,mfcc7_var,mfcc8_mean,mfcc8_var,mfcc9_mean,mfcc9_var,mfcc10_mean,mfcc10_var,mfcc11_mean,mfcc11_var,mfcc12_mean,mfcc12_var,mfcc13_mean,mfcc13_var,mfcc14_mean,mfcc14_var,mfcc15_mean,mfcc15_var,mfcc16_mean,mfcc16_var,mfcc17_mean,mfcc17_var,mfcc18_mean,mfcc18_var,mfcc19_mean,mfcc19_var,mfcc20_mean,mfcc20_var
0.3166634,0.08977102,0.12607248,0.0012706503,1826.4363763466288,339983.0755740346,2294.444049437431,208695.8637026168,3795.9306685941124,2839446.8873114353,0.07461564373066512,0.0006580324583951978,-2.8534427e-05,0.010957884,-0.00031200692,0.0025063604,123.046875,-125.979675,2073.2952,117.34161,596.41425,-0.067499876,297.8553,10.210602,208.85828,4.4887323,141.35828,2.178098,136.35634,-3.6399233,104.69363,3.3827174,110.2506,1.7389082,79.42978,4.5570374,71.06838,0.84083223,73.47874,2.4257443,69.25643,-3.111211,67.18202,-2.8401752,62.047104,-6.1148324,69.65403,-5.2602005,76.00022,-1.807397,86.364265,-3.2092347,111.712585,1.2758431,96.33973,5.805642,79.14017
