chroma_stft_mean,chroma_stft_var,rms_mean,rms_var,spectral_centroid_mean,spectral_centroid_var,spectral_bandwidth_mean,spectral_bandwidth_var,rolloff_mean,rolloff_var,zero_crossing_rate_mean,zero_crossing_rate_var,harmony_mean,harmony_var,perceptr_mean,perceptr_var,tempo,mfcc1_mean,mfcc1_var,mfcc2_mean,mfcc2_var,mfcc3_mean,mfcc3_var,mfcc4_mean,mfcc4_var,mfcc5_mean,mfcc5_var,mfcc6_mean,mfcc6_var,mfcc7_mean,mfcc7_var,mfcc8_mean,mfcc8_var,mfcc9_mean,mfcc9_var,mfcc10_mean,mfcc10_var,mfcc11_mean,mfcc11_var,mfcc12_mean,mfcc12_var,mfcc13_mean,mfcc13_var,mfcc14_mean,mfcc14_var,mfcc15_mean,mfcc15_var,mfcc16_mean,mfcc16_var,mfcc17_mean,mfcc17_var,mfcc18_mean,mfcc18_var,mfcc19_mean,mfcc19_var,mfcc20_mean,mfcc20_var
0.49693635,0.0740885,0.21548757,0.0045074425,2327.3042883656067,326509.7898285401,2516.6762247035786,78388.97811704749,4929.812855731583,1209579.618561012,0.09544520072022429,0.0026555356772195323,-3.3191096e-05,0.019695848,0.00022804442,0.014144431,107.666015625,-30.302328,2302.5728,88.46916,507.815,-6.565683,283.72113,32.79242,96.51369,8.502236,61.604366,8.387787,58.229748,2.0520325,77.62554,6.863294,57.416336,3.578138,48.508247,2.7206445,45.872017,1.2915944,40.098003,3.2918956,36.68938,1.5701153,26.205967,2.377863,26.768229,2.5288734,26.752012,1.1006652,22.222544,-1.5776114,23.956352,-0.26245344,30.195358,0.11833152,25.60868,0.42553535,22.23933
