chroma_stft_mean,chroma_stft_var,rms_mean,rms_var,spectral_centroid_mean,spectral_centroid_var,spectral_bandwidth_mean,spectral_bandwidth_var,rolloff_mean,rolloff_var,zero_crossing_rate_mean,zero_crossing_rate_var,harmony_mean,harmony_var,perceptr_mean,perceptr_var,tempo,mfcc1_mean,mfcc1_var,mfcc2_mean,mfcc2_var,mfcc3_mean,mfcc3_var,mfcc4_mean,mfcc4_var,mfcc5_mean,mfcc5_var,mfcc6_mean,mfcc6_var,mfcc7_mean,mfcc7_var,mfcc8_mean,mfcc8_var,mfcc9_mean,mfcc9_var,mfcc10_mean,mfcc10_var,mfcc11_mean,mfcc11_var,mfcc12_mean,mfcc12_var,mfcc13_mean,mfcc13_var,mfcc14_mean,mfcc14_var,mfcc15_mean,mfcc15_var,mfcc16_mean,mfcc16_var,mfcc17_mean,mfcc17_var,mfcc18_mean,mfcc18_var,mfcc19_mean,mfcc19_var,mfcc20_mean,mfcc20_var
0.37445435,0.08583022,0.093941845,0.0014611296,2125.387814463357,724774.2426296178,2673.8359770958978,213159.0431923264,4978.558165512616,3613058.6707901964,0.06768001075502707,0.0027092515422841154,8.23877e-07,0.0068067824,-2.0702735e-05,0.001121906,92.28515625,-169.12946,4908.413,94.64907,577.69855,24.480032,353.991,27.384007,181.76631,11.639039,61.881386,14.885311,105.03167,4.2372394,63.2628,12.381324,42.912354,10.709881,36.955936,5.1241975,44.86461,-0.34837672,56.543236,1.2524844,45.035286,-4.1571436,47.483643,-3.124799,50.519936,0.30709675,33.972183,-3.5452862,37.400963,-2.8116305,33.87045,-5.7679443,38.79523,-5.212289,58.174038,-0.09213245,49.96161
