chroma_stft_mean,chroma_stft_var,rms_mean,rms_var,spectral_centroid_mean,spectral_centroid_var,spectral_bandwidth_mean,spectral_bandwidth_var,rolloff_mean,rolloff_var,zero_crossing_rate_mean,zero_crossing_rate_var,harmony_mean,harmony_var,perceptr_mean,perceptr_var,tempo,mfcc1_mean,mfcc1_var,mfcc2_mean,mfcc2_var,mfcc3_mean,mfcc3_var,mfcc4_mean,mfcc4_var,mfcc5_mean,mfcc5_var,mfcc6_mean,mfcc6_var,mfcc7_mean,mfcc7_var,mfcc8_mean,mfcc8_var,mfcc9_mean,mfcc9_var,mfcc10_mean,mfcc10_var,mfcc11_mean,mfcc11_var,mfcc12_mean,mfcc12_var,mfcc13_mean,mfcc13_var,mfcc14_mean,mfcc14_var,mfcc15_mean,mfcc15_var,mfcc16_mean,mfcc16_var,mfcc17_mean,mfcc17_var,mfcc18_mean,mfcc18_var,mfcc19_mean,mfcc19_var,mfcc20_mean,mfcc20_var
0.3493944,0.098000646,0.21034999,0.021036107,3420.362078342947,1569258.057728345,3369.237131912718,162035.82681194475,7790.464750851943,3370212.2938466948,0.130859375,0.01137903026158922,3.5600864e-05,0.018204728,0.00014282696,0.029751468,83.35433467741936,-93.60379,4253.061,59.69202,1292.3152,32.11222,581.77893,13.114083,487.1192,13.279964,238.23859,-6.8682313,360.60754,2.3307683,222.9053,-7.890427,254.96007,2.2889931,150.22058,4.4886527,146.1204,-4.0437446,166.68808,2.6732008,121.94741,-3.0848534,98.698204,-5.746877,89.40969,-1.5210633,74.9397,-1.1970618,76.12685,-3.0536516,91.58721,-1.0963824,110.05853,2.3826146,105.67844,4.7497597,109.10512
