chroma_stft_mean,chroma_stft_var,rms_mean,rms_var,spectral_centroid_mean,spectral_centroid_var,spectral_bandwidth_mean,spectral_bandwidth_var,rolloff_mean,rolloff_var,zero_crossing_rate_mean,zero_crossing_rate_var,harmony_mean,harmony_var,perceptr_mean,perceptr_var,tempo,mfcc1_mean,mfcc1_var,mfcc2_mean,mfcc2_var,mfcc3_mean,mfcc3_var,mfcc4_mean,mfcc4_var,mfcc5_mean,mfcc5_var,mfcc6_mean,mfcc6_var,mfcc7_mean,mfcc7_var,mfcc8_mean,mfcc8_var,mfcc9_mean,mfcc9_var,mfcc10_mean,mfcc10_var,mfcc11_mean,mfcc11_var,mfcc12_mean,mfcc12_var,mfcc13_mean,mfcc13_var,mfcc14_mean,mfcc14_var,mfcc15_mean,mfcc15_var,mfcc16_mean,mfcc16_var,mfcc17_mean,mfcc17_var,mfcc18_mean,mfcc18_var,mfcc19_mean,mfcc19_var,mfcc20_mean,mfcc20_var
0.44719937,0.09303684,0.19133395,0.007814478,3889.1427979836844,1049768.0798594852,3271.0610892744326,98629.9258363168,8055.1083168684745,1637193.4141469125,0.1909561098221191,0.013315201010448755,0.00019364407,0.01629355,0.0006940559,0.018161122,112.34714673913044,-52.5842,2716.4744,37.492367,776.4964,14.0829,475.8179,18.178389,225.026,16.777842,154.2153,5.952137,196.63531,6.4206605,132.37863,2.6906488,117.93055,-0.4442706,105.595505,3.2166364,98.99775,-3.9433198,98.04691,1.6200885,87.379974,0.31675982,96.098045,-0.13732655,102.70718,-0.51162356,114.82345,-1.5674168,111.32219,2.0696545,107.434525,1.2386509,88.890686,4.5860524,95.88018,1.626793,86.33186
