chroma_stft_mean,chroma_stft_var,rms_mean,rms_var,spectral_centroid_mean,spectral_centroid_var,spectral_bandwidth_mean,spectral_bandwidth_var,rolloff_mean,rolloff_var,zero_crossing_rate_mean,zero_crossing_rate_var,harmony_mean,harmony_var,perceptr_mean,perceptr_var,tempo,mfcc1_mean,mfcc1_var,mfcc2_mean,mfcc2_var,mfcc3_mean,mfcc3_var,mfcc4_mean,mfcc4_var,mfcc5_mean,mfcc5_var,mfcc6_mean,mfcc6_var,mfcc7_mean,mfcc7_var,mfcc8_mean,mfcc8_var,mfcc9_mean,mfcc9_var,mfcc10_mean,mfcc10_var,mfcc11_mean,mfcc11_var,mfcc12_mean,mfcc12_var,mfcc13_mean,mfcc13_var,mfcc14_mean,mfcc14_var,mfcc15_mean,mfcc15_var,mfcc16_mean,mfcc16_var,mfcc17_mean,mfcc17_var,mfcc18_mean,mfcc18_var,mfcc19_mean,mfcc19_var,mfcc20_mean,mfcc20_var
0.43733516,0.08950741,0.16773868,0.01252064,3142.6674697923404,1010700.8721706581,3002.05900266733,299164.3128406285,6826.525000906323,3539492.151274195,0.13640418056361175,0.0072687913811999025,-0.0019995405,0.016564284,0.0018667248,0.015902305,123.046875,-91.86157,9660.1455,56.67706,746.2901,13.78416,805.62604,15.054892,402.4701,0.9043137,252.57806,-4.078767,245.8574,-0.2301472,171.84691,0.56696546,121.15991,-4.5866685,119.758156,-2.6130123,103.47614,-2.7646897,90.47223,-3.1039543,83.218506,1.7949009,72.797195,-0.9554366,64.73512,1.3964492,65.41591,0.92222863,79.855774,1.076011,72.05988,0.91093427,76.970406,3.2876027,60.476223,0.21057044,64.03497
