chroma_stft_mean,chroma_stft_var,rms_mean,rms_var,spectral_centroid_mean,spectral_centroid_var,spectral_bandwidth_mean,spectral_bandwidth_var,rolloff_mean,rolloff_var,zero_crossing_rate_mean,zero_crossing_rate_var,harmony_mean,harmony_var,perceptr_mean,perceptr_var,tempo,mfcc1_mean,mfcc1_var,mfcc2_mean,mfcc2_var,mfcc3_mean,mfcc3_var,mfcc4_mean,mfcc4_var,mfcc5_mean,mfcc5_var,mfcc6_mean,mfcc6_var,mfcc7_mean,mfcc7_var,mfcc8_mean,mfcc8_var,mfcc9_mean,mfcc9_var,mfcc10_mean,mfcc10_var,mfcc11_mean,mfcc11_var,mfcc12_mean,mfcc12_var,mfcc13_mean,mfcc13_var,mfcc14_mean,mfcc14_var,mfcc15_mean,mfcc15_var,mfcc16_mean,mfcc16_var,mfcc17_mean,mfcc17_var,mfcc18_mean,mfcc18_var,mfcc19_mean,mfcc19_var,mfcc20_mean,mfcc20_var
0.40934092,0.09175612,0.18559822,0.008528912,3644.7182707334355,940429.0011535694,3200.8017239876526,98200.12120650901,7658.242889899942,1621349.298711447,0.1591457004060325,0.009658429155308953,-8.759813e-06,0.013376971,-2.1588714e-05,0.018892406,95.703125,-68.860146,3233.811,40.489044,665.1163,25.370588,326.42444,35.75651,292.0789,13.383734,169.29805,2.8279078,190.35371,12.753465,136.96367,4.485296,95.03768,3.3516154,89.66264,10.027184,83.663574,-2.3804998,85.356224,2.9910667,67.08485,-1.7973542,89.826744,-3.3833578,55.307854,-1.5395714,58.25644,-1.6549702,61.362373,-3.513972,63.63747,1.37864,77.26505,2.029009,77.863754,1.5067811,91.5986
