chroma_stft_mean,chroma_stft_var,rms_mean,rms_var,spectral_centroid_mean,spectral_centroid_var,spectral_bandwidth_mean,spectral_bandwidth_var,rolloff_mean,rolloff_var,zero_crossing_rate_mean,zero_crossing_rate_var,harmony_mean,harmony_var,perceptr_mean,perceptr_var,tempo,mfcc1_mean,mfcc1_var,mfcc2_mean,mfcc2_var,mfcc3_mean,mfcc3_var,mfcc4_mean,mfcc4_var,mfcc5_mean,mfcc5_var,mfcc6_mean,mfcc6_var,mfcc7_mean,mfcc7_var,mfcc8_mean,mfcc8_var,mfcc9_mean,mfcc9_var,mfcc10_mean,mfcc10_var,mfcc11_mean,mfcc11_var,mfcc12_mean,mfcc12_var,mfcc13_mean,mfcc13_var,mfcc14_mean,mfcc14_var,mfcc15_mean,mfcc15_var,mfcc16_mean,mfcc16_var,mfcc17_mean,mfcc17_var,mfcc18_mean,mfcc18_var,mfcc19_mean,mfcc19_var,mfcc20_mean,mfcc20_var
0.35192028,0.093554035,0.037541915,0.00039821398,1995.1863128060938,954728.5075892546,2424.919018383104,309786.61654252553,4383.364110535093,3922567.364577551,0.07252581508604021,0.005607810365822717,-0.0017529435,0.0006978118,-0.0010251087,0.00049935066,112.34714673913044,-273.31802,7397.281,103.152855,1201.2941,8.712923,511.70346,31.704931,194.2594,12.510407,106.73572,3.4897337,187.91602,3.933359,73.08485,-0.15388507,64.763985,-3.9061587,73.530876,3.2333572,59.824657,-6.3654838,42.43202,-1.5428925,50.00602,-3.2172756,33.67072,-6.7711387,31.539135,-3.810876,50.727264,-6.2389197,41.721577,-5.617537,52.838722,-4.0192475,50.070312,-2.3939455,56.43421,-3.081171,59.486237
