chroma_stft_mean,chroma_stft_var,rms_mean,rms_var,spectral_centroid_mean,spectral_centroid_var,spectral_bandwidth_mean,spectral_bandwidth_var,rolloff_mean,rolloff_var,zero_crossing_rate_mean,zero_crossing_rate_var,harmony_mean,harmony_var,perceptr_mean,perceptr_var,tempo,mfcc1_mean,mfcc1_var,mfcc2_mean,mfcc2_var,mfcc3_mean,mfcc3_var,mfcc4_mean,mfcc4_var,mfcc5_mean,mfcc5_var,mfcc6_mean,mfcc6_var,mfcc7_mean,mfcc7_var,mfcc8_mean,mfcc8_var,mfcc9_mean,mfcc9_var,mfcc10_mean,mfcc10_var,mfcc11_mean,mfcc11_var,mfcc12_mean,mfcc12_var,mfcc13_mean,mfcc13_var,mfcc14_mean,mfcc14_var,mfcc15_mean,mfcc15_var,mfcc16_mean,mfcc16_var,mfcc17_mean,mfcc17_var,mfcc18_mean,mfcc18_var,mfcc19_mean,mfcc19_var,mfcc20_mean,mfcc20_var
0.4755285,0.08403452,0.24525866,0.008343489,3543.3211015342667,936805.6168746054,3311.2162509112377,157449.50559741465,7779.922973916038,2648960.695204058,0.14274050778228925,0.006728732668740679,6.2116766e-07,0.03383578,8.82126e-05,0.017303951,143.5546875,-38.28165,4571.8896,47.84698,648.1748,20.056112,405.61127,23.821383,290.213,19.78131,247.16708,13.649933,240.78006,14.685269,114.65681,4.5588145,99.12624,7.704077,79.70317,8.944438,90.4232,5.4234066,50.39039,1.1563923,43.066975,1.087511,53.626045,4.3885894,55.950424,4.5845714,47.81948,2.5459714,50.125908,-0.24560443,44.751564,4.629299,48.580383,3.0109622,63.876842,-1.3079075,53.531002
