chroma_stft_mean,chroma_stft_var,rms_mean,rms_var,spectral_centroid_mean,spectral_centroid_var,spectral_bandwidth_mean,spectral_bandwidth_var,rolloff_mean,rolloff_var,zero_crossing_rate_mean,zero_crossing_rate_var,harmony_mean,harmony_var,perceptr_mean,perceptr_var,tempo,mfcc1_mean,mfcc1_var,mfcc2_mean,mfcc2_var,mfcc3_mean,mfcc3_var,mfcc4_mean,mfcc4_var,mfcc5_mean,mfcc5_var,mfcc6_mean,mfcc6_var,mfcc7_mean,mfcc7_var,mfcc8_mean,mfcc8_var,mfcc9_mean,mfcc9_var,mfcc10_mean,mfcc10_var,mfcc11_mean,mfcc11_var,mfcc12_mean,mfcc12_var,mfcc13_mean,mfcc13_var,mfcc14_mean,mfcc14_var,mfcc15_mean,mfcc15_var,mfcc16_mean,mfcc16_var,mfcc17_mean,mfcc17_var,mfcc18_mean,mfcc18_var,mfcc19_mean,mfcc19_var,mfcc20_mean,mfcc20_var
0.45499542,0.0865202,0.22339483,0.013011406,3123.159015699048,947180.7708736318,2970.17709218884,221774.03523140136,6616.363936068011,3582996.2993861837,0.14262155295340295,0.008624081410987085,8.761293e-06,0.018752912,-0.00025572072,0.025139641,103.359375,-42.77917,4610.0767,62.83609,1040.7317,4.7744255,691.8174,24.058712,345.03308,9.644877,275.6,-1.8775446,238.32217,9.271585,197.65416,-2.9615216,125.65549,3.1853056,130.49149,5.9304895,111.226555,-4.7646003,97.1868,3.0226665,85.5572,-1.2427323,70.31662,-3.5176892,53.538948,-0.3216972,49.97473,-1.4421912,46.265873,-1.8625423,50.939,-0.021485602,64.95706,-0.7285573,73.93454,-0.98591894,66.34536
