chroma_stft_mean,chroma_stft_var,rms_mean,rms_var,spectral_centroid_mean,spectral_centroid_var,spectral_bandwidth_mean,spectral_bandwidth_var,rolloff_mean,rolloff_var,zero_crossing_rate_mean,zero_crossing_rate_var,harmony_mean,harmony_var,perceptr_mean,perceptr_var,tempo,mfcc1_mean,mfcc1_var,mfcc2_mean,mfcc2_var,mfcc3_mean,mfcc3_var,mfcc4_mean,mfcc4_var,mfcc5_mean,mfcc5_var,mfcc6_mean,mfcc6_var,mfcc7_mean,mfcc7_var,mfcc8_mean,mfcc8_var,mfcc9_mean,mfcc9_var,mfcc10_mean,mfcc10_var,mfcc11_mean,mfcc11_var,mfcc12_mean,mfcc12_var,mfcc13_mean,mfcc13_var,mfcc14_mean,mfcc14_var,mfcc15_mean,mfcc15_var,mfcc16_mean,mfcc16_var,mfcc17_mean,mfcc17_var,mfcc18_mean,mfcc18_var,mfcc19_mean,mfcc19_var,mfcc20_mean,mfcc20_var
0.3699757,0.08390988,0.092144385,0.0012175903,2246.5077750266328,504589.59513592295,2684.3093231194107,196403.5751972791,5154.995536361659,2967577.6092163,0.08596620021268368,0.0017907203733449554,-6.360537e-07,0.005394738,-3.2965156e-06,0.0016490886,143.5546875,-137.74448,3872.0793,100.25638,625.40436,14.398748,400.3613,15.412896,341.9817,2.327178,229.4782,-1.0672592,127.76215,-2.105049,146.00758,-1.6893662,79.45141,-5.314717,126.08541,-1.78285,102.34431,1.7410489,94.19403,-6.1848674,72.613235,-3.032749,72.90138,-9.778239,70.66016,-6.661564,76.049065,-3.9657826,53.003273,-10.176236,56.587585,-2.9669042,82.45019,-3.573405,46.06578,-0.64741486,44.727833
