chroma_stft_mean,chroma_stft_var,rms_mean,rms_var,spectral_centroid_mean,spectral_centroid_var,spectral_bandwidth_mean,spectral_bandwidth_var,rolloff_mean,rolloff_var,zero_crossing_rate_mean,zero_crossing_rate_var,harmony_mean,harmony_var,perceptr_mean,perceptr_var,tempo,mfcc1_mean,mfcc1_var,mfcc2_mean,mfcc2_var,mfcc3_mean,mfcc3_var,mfcc4_mean,mfcc4_var,mfcc5_mean,mfcc5_var,mfcc6_mean,mfcc6_var,mfcc7_mean,mfcc7_var,mfcc8_mean,mfcc8_var,mfcc9_mean,mfcc9_var,mfcc10_mean,mfcc10_var,mfcc11_mean,mfcc11_var,mfcc12_mean,mfcc12_var,mfcc13_mean,mfcc13_var,mfcc14_mean,mfcc14_var,mfcc15_mean,mfcc15_var,mfcc16_mean,mfcc16_var,mfcc17_mean,mfcc17_var,mfcc18_mean,mfcc18_var,mfcc19_mean,mfcc19_var,mfcc20_mean,mfcc20_var
0.35240334,0.09003754,0.19086911,0.0021863733,3588.1493148981713,945731.8632406499,3336.585477336325,109851.99726803701,7948.000199390951,1654089.5850014654,0.14645907349671308,0.007802822294520838,2.927784e-07,0.022425573,3.9557795e-05,0.007990255,103.359375,-47.046474,1889.9607,55.77844,710.7763,27.639791,434.078,19.186356,234.26762,15.182663,110.79725,3.178056,162.07896,5.622395,88.86871,1.6052535,99.599724,4.1364326,87.338974,1.6200367,60.35386,-1.5827998,74.89259,-3.0032368,45.944614,-7.6308455,69.57206,-3.841079,51.80731,-8.110974,54.26577,-3.370606,57.06458,-2.2669942,55.325314,4.5034785,56.93683,1.4395173,63.678062,-0.3803034,41.468525
