chroma_stft_mean,chroma_stft_var,rms_mean,rms_var,spectral_centroid_mean,spectral_centroid_var,spectral_bandwidth_mean,spectral_bandwidth_var,rolloff_mean,rolloff_var,zero_crossing_rate_mean,zero_crossing_rate_var,harmony_mean,harmony_var,perceptr_mean,perceptr_var,tempo,mfcc1_mean,mfcc1_var,mfcc2_mean,mfcc2_var,mfcc3_mean,mfcc3_var,mfcc4_mean,mfcc4_var,mfcc5_mean,mfcc5_var,mfcc6_mean,mfcc6_var,mfcc7_mean,mfcc7_var,mfcc8_mean,mfcc8_var,mfcc9_mean,mfcc9_var,mfcc10_mean,mfcc10_var,mfcc11_mean,mfcc11_var,mfcc12_mean,mfcc12_var,mfcc13_mean,mfcc13_var,mfcc14_mean,mfcc14_var,mfcc15_mean,mfcc15_var,mfcc16_mean,mfcc16_var,mfcc17_mean,mfcc17_var,mfcc18_mean,mfcc18_var,mfcc19_mean,mfcc19_var,mfcc20_mean,mfcc20_var
0.40905848,0.096651465,0.17923316,0.009442586,3263.2580881824388,2601903.3709277674,3047.5290765767513,474015.87333346566,6830.038926551624,8227320.972095988,0.13584263824439288,0.013965224865260804,1.2031275e-05,0.016990598,1.75048e-05,0.015121717,99.38401442307692,-112.48632,5033.0845,59.74963,2327.78,14.487183,916.5489,19.165525,263.86877,15.12468,313.65146,-3.2217548,251.98434,6.0984907,200.14874,-6.6846037,158.96996,1.4646182,160.84671,-1.171687,138.61925,-1.2355337,132.89731,-0.7678506,100.37947,1.8864989,105.3888,-0.6805378,76.535385,-2.299131,82.21676,-3.5012813,74.79334,-3.8953874,64.232254,-3.3961256,79.578926,-2.4341419,94.39465,-2.0811532,86.8763
