chroma_stft_mean,chroma_stft_var,rms_mean,rms_var,spectral_centroid_mean,spectral_centroid_var,spectral_bandwidth_mean,spectral_bandwidth_var,rolloff_mean,rolloff_var,zero_crossing_rate_mean,zero_crossing_rate_var,harmony_mean,harmony_var,perceptr_mean,perceptr_var,tempo,mfcc1_mean,mfcc1_var,mfcc2_mean,mfcc2_var,mfcc3_mean,mfcc3_var,mfcc4_mean,mfcc4_var,mfcc5_mean,mfcc5_var,mfcc6_mean,mfcc6_var,mfcc7_mean,mfcc7_var,mfcc8_mean,mfcc8_var,mfcc9_mean,mfcc9_var,mfcc10_mean,mfcc10_var,mfcc11_mean,mfcc11_var,mfcc12_mean,mfcc12_var,mfcc13_mean,mfcc13_var,mfcc14_mean,mfcc14_var,mfcc15_mean,mfcc15_var,mfcc16_mean,mfcc16_var,mfcc17_mean,mfcc17_var,mfcc18_mean,mfcc18_var,mfcc19_mean,mfcc19_var,mfcc20_mean,mfcc20_var
0.3876648,0.07824255,0.13245592,0.0014960193,3593.7703164134628,521597.49600062607,3171.0019787410743,63526.54222102672,7634.611323593387,1137481.800732389,0.18515413524748647,0.005900673872863301,-4.6486573e-05,0.008561956,-0.0003618963,0.005255027,129.19921875,-50.462906,1736.4594,56.434635,357.5778,12.568678,171.83485,11.273363,171.08327,-2.7383475,88.507965,1.3627747,116.27589,4.54315,77.99663,-0.95957243,75.93184,2.2985399,71.75475,2.747623,67.530945,-1.9773548,54.652122,2.5896602,53.290314,-4.024152,49.00914,0.6780408,44.637417,-1.4051561,39.097725,3.3259351,52.656082,3.0372944,60.344078,2.6403577,68.236725,2.0825977,64.208,1.3592513,57.07478
