chroma_stft_mean,chroma_stft_var,rms_mean,rms_var,spectral_centroid_mean,spectral_centroid_var,spectral_bandwidth_mean,spectral_bandwidth_var,rolloff_mean,rolloff_var,zero_crossing_rate_mean,zero_crossing_rate_var,harmony_mean,harmony_var,perceptr_mean,perceptr_var,tempo,mfcc1_mean,mfcc1_var,mfcc2_mean,mfcc2_var,mfcc3_mean,mfcc3_var,mfcc4_mean,mfcc4_var,mfcc5_mean,mfcc5_var,mfcc6_mean,mfcc6_var,mfcc7_mean,mfcc7_var,mfcc8_mean,mfcc8_var,mfcc9_mean,mfcc9_var,mfcc10_mean,mfcc10_var,mfcc11_mean,mfcc11_var,mfcc12_mean,mfcc12_var,mfcc13_mean,mfcc13_var,mfcc14_mean,mfcc14_var,mfcc15_mean,mfcc15_var,mfcc16_mean,mfcc16_var,mfcc17_mean,mfcc17_var,mfcc18_mean,mfcc18_var,mfcc19_mean,mfcc19_var,mfcc20_mean,mfcc20_var
0.43701413,0.08661351,0.22049896,0.011603734,3400.226425763872,1253799.3394590125,3070.5169963143985,215418.62120821525,7052.723555775087,3877195.111875962,0.16564063406322505,0.009789198456199898,-2.9620463e-05,0.01577373,-0.00022747749,0.028797325,99.38401442307692,-47.762142,7987.6396,55.56731,1223.7828,19.230349,637.8504,24.48204,324.13623,4.050312,165.82396,1.5448122,279.3442,6.95316,155.1074,-1.0432366,124.95548,3.0896835,120.85111,1.7900028,83.841286,-3.0425475,99.1567,1.9349972,83.755424,-4.6770983,81.863434,-2.5131195,78.70075,-0.86027706,81.63324,-2.2851684,103.03042,-1.6823615,73.3099,-3.223245,62.7751,2.624563,93.367584,1.8977158,151.33342
