chroma_stft_mean,chroma_stft_var,rms_mean,rms_var,spectral_centroid_mean,spectral_centroid_var,spectral_bandwidth_mean,spectral_bandwidth_var,rolloff_mean,rolloff_var,zero_crossing_rate_mean,zero_crossing_rate_var,harmony_mean,harmony_var,perceptr_mean,perceptr_var,tempo,mfcc1_mean,mfcc1_var,mfcc2_mean,mfcc2_var,mfcc3_mean,mfcc3_var,mfcc4_mean,mfcc4_var,mfcc5_mean,mfcc5_var,mfcc6_mean,mfcc6_var,mfcc7_mean,mfcc7_var,mfcc8_mean,mfcc8_var,mfcc9_mean,mfcc9_var,mfcc10_mean,mfcc10_var,mfcc11_mean,mfcc11_var,mfcc12_mean,mfcc12_var,mfcc13_mean,mfcc13_var,mfcc14_mean,mfcc14_var,mfcc15_mean,mfcc15_var,mfcc16_mean,mfcc16_var,mfcc17_mean,mfcc17_var,mfcc18_mean,mfcc18_var,mfcc19_mean,mfcc19_var,mfcc20_mean,mfcc20_var
0.4313816,0.08885255,0.23481187,0.016934369,3510.545185903128,1323290.6138581422,3148.4515676875453,175644.8365074213,7255.865096160818,3790691.882810753,0.17195732429427688,0.011145892892832783,6.290087e-05,0.01746534,-0.00013636706,0.03766584,99.38401442307692,-42.878845,8034.379,54.879192,1112.7589,17.034237,445.3298,19.789734,335.7806,6.8593764,195.6739,2.7694361,257.83203,11.8246565,156.97885,1.2087955,123.30732,7.942111,93.99319,1.1286346,97.011345,-4.0773544,70.71561,0.12817997,63.011204,-4.238941,70.15074,-4.451601,69.24301,-2.5105321,57.820488,-2.888231,50.58838,0.60788494,70.512,0.88661814,60.353863,2.314966,76.636284,1.9253587,72.97355
