chroma_stft_mean,chroma_stft_var,rms_mean,rms_var,spectral_centroid_mean,spectral_centroid_var,spectral_bandwidth_mean,spectral_bandwidth_var,rolloff_mean,rolloff_var,zero_crossing_rate_mean,zero_crossing_rate_var,harmony_mean,harmony_var,perceptr_mean,perceptr_var,tempo,mfcc1_mean,mfcc1_var,mfcc2_mean,mfcc2_var,mfcc3_mean,mfcc3_var,mfcc4_mean,mfcc4_var,mfcc5_mean,mfcc5_var,mfcc6_mean,mfcc6_var,mfcc7_mean,mfcc7_var,mfcc8_mean,mfcc8_var,mfcc9_mean,mfcc9_var,mfcc10_mean,mfcc10_var,mfcc11_mean,mfcc11_var,mfcc12_mean,mfcc12_var,mfcc13_mean,mfcc13_var,mfcc14_mean,mfcc14_var,mfcc15_mean,mfcc15_var,mfcc16_mean,mfcc16_var,mfcc17_mean,mfcc17_var,mfcc18_mean,mfcc18_var,mfcc19_mean,mfcc19_var,mfcc20_mean,mfcc20_var
0.48741004,0.08455055,0.22702415,0.008322891,3270.0808829080115,869125.0335385838,2988.7582143570103,225428.6528137372,6880.766023781903,2884045.9495085827,0.14528500821732404,0.006075633518312141,-1.01667265e-05,0.027480677,-3.174212e-05,0.015685946,107.666015625,-26.023748,3195.8416,60.92531,762.05914,6.0020447,686.6687,17.740948,230.67319,5.1157274,179.09738,10.427114,129.23126,2.4726,114.90782,4.9311967,100.381065,8.130399,98.01297,3.859981,106.02046,-0.17782755,76.66857,7.2514496,62.838863,4.9652233,86.41945,0.9328803,66.381226,-2.304142,49.55997,1.556726,48.37055,0.2242358,65.719536,1.9298676,73.67734,2.3741481,66.23777,5.438523,68.93405
