chroma_stft_mean,chroma_stft_var,rms_mean,rms_var,spectral_centroid_mean,spectral_centroid_var,spectral_bandwidth_mean,spectral_bandwidth_var,rolloff_mean,rolloff_var,zero_crossing_rate_mean,zero_crossing_rate_var,harmony_mean,harmony_var,perceptr_mean,perceptr_var,tempo,mfcc1_mean,mfcc1_var,mfcc2_mean,mfcc2_var,mfcc3_mean,mfcc3_var,mfcc4_mean,mfcc4_var,mfcc5_mean,mfcc5_var,mfcc6_mean,mfcc6_var,mfcc7_mean,mfcc7_var,mfcc8_mean,mfcc8_var,mfcc9_mean,mfcc9_var,mfcc10_mean,mfcc10_var,mfcc11_mean,mfcc11_var,mfcc12_mean,mfcc12_var,mfcc13_mean,mfcc13_var,mfcc14_mean,mfcc14_var,mfcc15_mean,mfcc15_var,mfcc16_mean,mfcc16_var,mfcc17_mean,mfcc17_var,mfcc18_mean,mfcc18_var,mfcc19_mean,mfcc19_var,mfcc20_mean,mfcc20_var
0.3604772,0.09149634,0.13809818,0.002533989,2765.1075887449138,840244.1670324344,3222.4481088277003,174195.56145320725,6871.273428436775,3886373.381663444,0.09597275594547564,0.0036464470862269303,0.010999515,0.011428866,0.0040842546,0.005053267,161.4990234375,-119.3696,4560.2354,85.97376,689.1367,33.870014,457.32028,9.980801,181.6324,17.702011,121.48866,0.5173517,213.65398,9.578705,130.64003,-5.3154035,179.84494,4.174863,97.93267,8.122891,97.79783,-7.98327,102.794785,1.5733019,69.41256,-2.9313238,58.017693,-1.60814,55.843925,-0.19623747,67.1671,-2.434576,54.30809,1.2034879,69.44868,5.844037,128.24318,1.6118617,124.66267,7.5748696,119.61842
