chroma_stft_mean,chroma_stft_var,rms_mean,rms_var,spectral_centroid_mean,spectral_centroid_var,spectral_bandwidth_mean,spectral_bandwidth_var,rolloff_mean,rolloff_var,zero_crossing_rate_mean,zero_crossing_rate_var,harmony_mean,harmony_var,perceptr_mean,perceptr_var,tempo,mfcc1_mean,mfcc1_var,mfcc2_mean,mfcc2_var,mfcc3_mean,mfcc3_var,mfcc4_mean,mfcc4_var,mfcc5_mean,mfcc5_var,mfcc6_mean,mfcc6_var,mfcc7_mean,mfcc7_var,mfcc8_mean,mfcc8_var,mfcc9_mean,mfcc9_var,mfcc10_mean,mfcc10_var,mfcc11_mean,mfcc11_var,mfcc12_mean,mfcc12_var,mfcc13_mean,mfcc13_var,mfcc14_mean,mfcc14_var,mfcc15_mean,mfcc15_var,mfcc16_mean,mfcc16_var,mfcc17_mean,mfcc17_var,mfcc18_mean,mfcc18_var,mfcc19_mean,mfcc19_var,mfcc20_mean,mfcc20_var
0.46714664,0.09138106,0.20420928,0.01960565,3508.793497842634,2285684.809834144,3309.975742853328,177551.6038296932,7585.041656848173,4283077.730930008,0.13715000845901004,0.020066126937345476,-0.000760489,0.042546824,0.000847562,0.009026108,99.38401442307692,-125.51832,5398.3003,51.231625,1157.0364,38.500435,1127.1317,14.496834,491.1615,16.24374,272.60333,4.6439257,219.85796,12.31821,218.83076,1.1781602,175.70354,1.729141,88.39877,9.767175,116.75045,-2.8228533,85.86465,2.0808578,83.482445,0.8581092,68.33956,-0.5036917,55.02452,1.3397868,56.001823,-0.85539633,67.3399,0.49945083,70.45119,4.140391,72.56765,1.7412359,74.73688,8.2248,117.83301
