chroma_stft_mean,chroma_stft_var,rms_mean,rms_var,spectral_centroid_mean,spectral_centroid_var,spectral_bandwidth_mean,spectral_bandwidth_var,rolloff_mean,rolloff_var,zero_crossing_rate_mean,zero_crossing_rate_var,harmony_mean,harmony_var,perceptr_mean,perceptr_var,tempo,mfcc1_mean,mfcc1_var,mfcc2_mean,mfcc2_var,mfcc3_mean,mfcc3_var,mfcc4_mean,mfcc4_var,mfcc5_mean,mfcc5_var,mfcc6_mean,mfcc6_var,mfcc7_mean,mfcc7_var,mfcc8_mean,mfcc8_var,mfcc9_mean,mfcc9_var,mfcc10_mean,mfcc10_var,mfcc11_mean,mfcc11_var,mfcc12_mean,mfcc12_var,mfcc13_mean,mfcc13_var,mfcc14_mean,mfcc14_var,mfcc15_mean,mfcc15_var,mfcc16_mean,mfcc16_var,mfcc17_mean,mfcc17_var,mfcc18_mean,mfcc18_var,mfcc19_mean,mfcc19_var,mfcc20_mean,mfcc20_var
0.454658,0.07783828,0.15963759,0.0032924463,3279.5319127248636,524597.7679898174,3026.2086959079884,100074.29106495502,6952.518387017836,1439397.8285539083,0.1727420485305491,0.004299131910736998,6.514218e-06,0.008623029,-5.7519337e-05,0.0095639955,107.666015625,-35.28506,2822.7607,61.266712,351.41357,14.046019,433.41318,28.64897,256.60587,4.323977,157.68904,-1.3649802,142.9941,-0.78445435,72.28171,5.128748,60.496174,5.3517685,58.951885,1.2258381,63.620926,-7.2616506,71.869644,-0.5204303,42.34052,0.21532707,47.334602,-1.2939972,38.970097,-0.107450105,42.750694,-1.2567121,43.495705,-2.5306878,49.597443,0.5741172,59.89135,1.5747035,62.37511,-1.7188455,60.837032
