chroma_stft_mean,chroma_stft_var,rms_mean,rms_var,spectral_centroid_mean,spectral_centroid_var,spectral_bandwidth_mean,spectral_bandwidth_var,rolloff_mean,rolloff_var,zero_crossing_rate_mean,zero_crossing_rate_var,harmony_mean,harmony_var,perceptr_mean,perceptr_var,tempo,mfcc1_mean,mfcc1_var,mfcc2_mean,mfcc2_var,mfcc3_mean,mfcc3_var,mfcc4_mean,mfcc4_var,mfcc5_mean,mfcc5_var,mfcc6_mean,mfcc6_var,mfcc7_mean,mfcc7_var,mfcc8_mean,mfcc8_var,mfcc9_mean,mfcc9_var,mfcc10_mean,mfcc10_var,mfcc11_mean,mfcc11_var,mfcc12_mean,mfcc12_var,mfcc13_mean,mfcc13_var,mfcc14_mean,mfcc14_var,mfcc15_mean,mfcc15_var,mfcc16_mean,mfcc16_var,mfcc17_mean,mfcc17_var,mfcc18_mean,mfcc18_var,mfcc19_mean,mfcc19_var,mfcc20_mean,mfcc20_var
0.35319173,0.0897343,0.19402906,0.002238381,3603.816900374411,936382.1645429226,3334.330761261135,110668.88073938264,7960.298939149507,1601906.4381678319,0.1475236248066512,0.007822449538901663,7.4819354e-06,0.02313153,1.6949227e-06,0.008332263,103.359375,-44.74116,1912.9752,55.06154,685.69946,27.15506,438.38858,19.494202,227.29652,14.6937475,116.47426,3.204387,164.19653,5.5031357,89.861176,1.4257253,98.83825,4.4955463,85.91096,1.372112,59.444702,-1.658604,74.81562,-3.534179,45.357483,-7.919715,69.06538,-3.5340233,51.931156,-8.193973,54.348167,-3.3960066,53.076252,-2.6609545,55.042362,4.285173,56.93512,1.3538233,62.155735,-0.16828938,41.335308
