chroma_stft_mean,chroma_stft_var,rms_mean,rms_var,spectral_centroid_mean,spectral_centroid_var,spectral_bandwidth_mean,spectral_bandwidth_var,rolloff_mean,rolloff_var,zero_crossing_rate_mean,zero_crossing_rate_var,harmony_mean,harmony_var,perceptr_mean,perceptr_var,tempo,mfcc1_mean,mfcc1_var,mfcc2_mean,mfcc2_var,mfcc3_mean,mfcc3_var,mfcc4_mean,mfcc4_var,mfcc5_mean,mfcc5_var,mfcc6_mean,mfcc6_var,mfcc7_mean,mfcc7_var,mfcc8_mean,mfcc8_var,mfcc9_mean,mfcc9_var,mfcc10_mean,mfcc10_var,mfcc11_mean,mfcc11_var,mfcc12_mean,mfcc12_var,mfcc13_mean,mfcc13_var,mfcc14_mean,mfcc14_var,mfcc15_mean,mfcc15_var,mfcc16_mean,mfcc16_var,mfcc17_mean,mfcc17_var,mfcc18_mean,mfcc18_var,mfcc19_mean,mfcc19_var,mfcc20_mean,mfcc20_var
0.41551122,0.08884002,0.24572903,0.0074992096,3259.351118526445,392404.7775234231,3144.5113342829245,68822.23043976375,7269.646013087297,951898.7192609605,0.13163352547370458,0.003479415433064082,-4.1057497e-06,0.033046838,-2.5688923e-05,0.018724404,135.99917763157896,-20.244305,1277.0759,57.762615,368.86594,16.79944,340.6149,18.260643,142.70663,8.965957,107.642815,14.902181,136.13052,2.6743503,80.26315,3.7542834,77.814865,1.1086355,73.08747,1.8431586,55.200195,-5.9786644,48.920834,-3.603495,46.93604,-3.6503117,50.190125,0.9103671,80.16977,-0.4739852,64.37221,-0.411584,51.659996,-4.6279235,57.545704,1.9615557,82.477684,1.5700059,88.13115,0.54469,70.47739
