chroma_stft_mean,chroma_stft_var,rms_mean,rms_var,spectral_centroid_mean,spectral_centroid_var,spectral_bandwidth_mean,spectral_bandwidth_var,rolloff_mean,rolloff_var,zero_crossing_rate_mean,zero_crossing_rate_var,harmony_mean,harmony_var,perceptr_mean,perceptr_var,tempo,mfcc1_mean,mfcc1_var,mfcc2_mean,mfcc2_var,mfcc3_mean,mfcc3_var,mfcc4_mean,mfcc4_var,mfcc5_mean,mfcc5_var,mfcc6_mean,mfcc6_var,mfcc7_mean,mfcc7_var,mfcc8_mean,mfcc8_var,mfcc9_mean,mfcc9_var,mfcc10_mean,mfcc10_var,mfcc11_mean,mfcc11_var,mfcc12_mean,mfcc12_var,mfcc13_mean,mfcc13_var,mfcc14_mean,mfcc14_var,mfcc15_mean,mfcc15_var,mfcc16_mean,mfcc16_var,mfcc17_mean,mfcc17_var,mfcc18_mean,mfcc18_var,mfcc19_mean,mfcc19_var,mfcc20_mean,mfcc20_var
0.33992353,0.09547198,0.25110945,0.004898457,3126.570348199454,1294056.3817404779,3162.8049330192166,199686.37604662243,6931.9177897513055,3824045.96295876,0.10530825538959783,0.00414709947234445,1.16801375e-05,0.046463765,-2.1961612e-05,0.010614084,92.28515625,-59.051575,3477.8894,61.004276,922.96405,27.743502,623.7355,23.84954,357.65445,12.297715,175.70523,7.377119,167.88493,12.317067,103.1262,7.139927,129.04585,13.406534,83.621475,2.49732,70.519806,-1.9689049,77.297104,-2.4171176,64.51031,-4.5162864,100.18739,3.4722502,129.13104,2.044253,110.5713,3.730985,172.46916,2.5016496,120.54408,1.2773925,107.1276,3.1188366,128.0935,1.650682,110.83626
