chroma_stft_mean,chroma_stft_var,rms_mean,rms_var,spectral_centroid_mean,spectral_centroid_var,spectral_bandwidth_mean,spectral_bandwidth_var,rolloff_mean,rolloff_var,zero_crossing_rate_mean,zero_crossing_rate_var,harmony_mean,harmony_var,perceptr_mean,perceptr_var,tempo,mfcc1_mean,mfcc1_var,mfcc2_mean,mfcc2_var,mfcc3_mean,mfcc3_var,mfcc4_mean,mfcc4_var,mfcc5_mean,mfcc5_var,mfcc6_mean,mfcc6_var,mfcc7_mean,mfcc7_var,mfcc8_mean,mfcc8_var,mfcc9_mean,mfcc9_var,mfcc10_mean,mfcc10_var,mfcc11_mean,mfcc11_var,mfcc12_mean,mfcc12_var,mfcc13_mean,mfcc13_var,mfcc14_mean,mfcc14_var,mfcc15_mean,mfcc15_var,mfcc16_mean,mfcc16_var,mfcc17_mean,mfcc17_var,mfcc18_mean,mfcc18_var,mfcc19_mean,mfcc19_var,mfcc20_mean,mfcc20_var
0.36581385,0.0892145,0.30359313,0.009748046,3047.4927543771933,973325.614384348,3306.7960074112634,196394.2562463848,7385.888671875,3531302.5344690424,0.10640263981535189,0.004330616101406682,-2.9098872e-05,0.045053616,-0.00023819515,0.032369357,103.359375,-36.638824,3179.7341,73.07811,859.27783,39.13519,490.91855,20.312122,332.44382,12.493178,169.06154,2.1483605,180.94235,11.728564,121.67249,-2.4226382,125.39023,6.638518,127.0055,3.1705885,77.4035,-5.384551,86.79007,-3.1425967,77.452194,-5.7730885,69.88592,-7.6773415,65.46894,-7.602811,50.04631,-6.835557,61.354244,-6.102331,71.69302,-1.5734947,72.87152,2.1192524,75.81783,-1.5688884,81.22368
