chroma_stft_mean,chroma_stft_var,rms_mean,rms_var,spectral_centroid_mean,spectral_centroid_var,spectral_bandwidth_mean,spectral_bandwidth_var,rolloff_mean,rolloff_var,zero_crossing_rate_mean,zero_crossing_rate_var,harmony_mean,harmony_var,perceptr_mean,perceptr_var,tempo,mfcc1_mean,mfcc1_var,mfcc2_mean,mfcc2_var,mfcc3_mean,mfcc3_var,mfcc4_mean,mfcc4_var,mfcc5_mean,mfcc5_var,mfcc6_mean,mfcc6_var,mfcc7_mean,mfcc7_var,mfcc8_mean,mfcc8_var,mfcc9_mean,mfcc9_var,mfcc10_mean,mfcc10_var,mfcc11_mean,mfcc11_var,mfcc12_mean,mfcc12_var,mfcc13_mean,mfcc13_var,mfcc14_mean,mfcc14_var,mfcc15_mean,mfcc15_var,mfcc16_mean,mfcc16_var,mfcc17_mean,mfcc17_var,mfcc18_mean,mfcc18_var,mfcc19_mean,mfcc19_var,mfcc20_mean,mfcc20_var
0.22228573,0.083254725,0.036695167,0.00046424457,1494.4657470360255,92335.55949115088,1671.1997576909134,31817.374056503544,2782.1048320584396,339914.66047027614,0.08590993269044857,0.000916535391253819,-0.0006193809,0.0015959063,-0.0005215118,3.2806085e-05,103.359375,-280.7058,1130.0375,122.70871,230.05365,-14.398484,169.41916,26.855293,37.59474,1.342496,62.978706,5.994597,50.298748,-13.109008,67.21949,3.3745084,108.263435,-11.562682,80.11935,5.1796885,72.35233,-1.0512307,146.28575,2.755773,129.96468,0.057794582,122.75774,1.3432914,137.481,1.5182203,119.80619,-2.1990156,96.94324,0.7787536,74.36194,-3.9650521,52.431126,-9.143814,117.89535,-6.9278026,104.5774
