chroma_stft_mean,chroma_stft_var,rms_mean,rms_var,spectral_centroid_mean,spectral_centroid_var,spectral_bandwidth_mean,spectral_bandwidth_var,rolloff_mean,rolloff_var,zero_crossing_rate_mean,zero_crossing_rate_var,harmony_mean,harmony_var,perceptr_mean,perceptr_var,tempo,mfcc1_mean,mfcc1_var,mfcc2_mean,mfcc2_var,mfcc3_mean,mfcc3_var,mfcc4_mean,mfcc4_var,mfcc5_mean,mfcc5_var,mfcc6_mean,mfcc6_var,mfcc7_mean,mfcc7_var,mfcc8_mean,mfcc8_var,mfcc9_mean,mfcc9_var,mfcc10_mean,mfcc10_var,mfcc11_mean,mfcc11_var,mfcc12_mean,mfcc12_var,mfcc13_mean,mfcc13_var,mfcc14_mean,mfcc14_var,mfcc15_mean,mfcc15_var,mfcc16_mean,mfcc16_var,mfcc17_mean,mfcc17_var,mfcc18_mean,mfcc18_var,mfcc19_mean,mfcc19_var,mfcc20_mean,mfcc20_var
0.4380738,0.09408716,0.0052698436,2.9687077e-05,973.5355866616919,94205.52023998875,1617.4966766203381,207368.27311490028,1910.8094819460557,1051350.9245640994,0.03153360341744006,0.0001264084619658938,-9.165916e-06,4.9441027e-05,-1.4009672e-05,1.2216269e-06,123.046875,-549.5697,7727.987,156.9653,1521.5234,6.631246,545.185,34.402447,75.11592,13.249272,64.670586,5.748277,71.29252,5.0407815,81.536354,-3.0072958,74.16591,2.0624192,53.470104,3.0736666,30.619333,2.01758,42.913643,3.2438076,30.566675,5.6670165,17.281326,5.7033176,17.127617,3.6362784,15.4250965,4.1026506,14.3934555,4.3394637,13.870571,3.3675342,15.477505,2.6253273,20.584257,1.6544266,23.70957
