chroma_stft_mean,chroma_stft_var,rms_mean,rms_var,spectral_centroid_mean,spectral_centroid_var,spectral_bandwidth_mean,spectral_bandwidth_var,rolloff_mean,rolloff_var,zero_crossing_rate_mean,zero_crossing_rate_var,harmony_mean,harmony_var,perceptr_mean,perceptr_var,tempo,mfcc1_mean,mfcc1_var,mfcc2_mean,mfcc2_var,mfcc3_mean,mfcc3_var,mfcc4_mean,mfcc4_var,mfcc5_mean,mfcc5_var,mfcc6_mean,mfcc6_var,mfcc7_mean,mfcc7_var,mfcc8_mean,mfcc8_var,mfcc9_mean,mfcc9_var,mfcc10_mean,mfcc10_var,mfcc11_mean,mfcc11_var,mfcc12_mean,mfcc12_var,mfcc13_mean,mfcc13_var,mfcc14_mean,mfcc14_var,mfcc15_mean,mfcc15_var,mfcc16_mean,mfcc16_var,mfcc17_mean,mfcc17_var,mfcc18_mean,mfcc18_var,mfcc19_mean,mfcc19_var,mfcc20_mean,mfcc20_var
0.22151817,0.08498734,0.042297725,0.00020935219,1705.7912691531124,68121.4181990922,1646.3239737711508,25907.277796990715,3175.8060605785963,332584.2873664111,0.11285716659416087,0.0008350000670740937,-5.861709e-05,0.0018389877,-0.00010076617,2.7414606e-05,107.666015625,-259.95258,561.9326,118.92713,220.29858,-35.608337,142.42743,31.969566,64.3805,-16.524868,75.9182,10.618957,58.412106,-15.653264,56.39851,7.425692,109.0059,-5.8241606,96.58822,8.26638,96.77731,-17.991137,184.43356,-1.1879282,161.21628,-6.356529,104.3732,2.754268,143.90154,-2.5846868,83.47157,4.4022484,83.1603,-4.126775,69.43819,-4.7860994,131.76007,-4.778743,115.38224,-4.6025324,217.16139
