chroma_stft_mean,chroma_stft_var,rms_mean,rms_var,spectral_centroid_mean,spectral_centroid_var,spectral_bandwidth_mean,spectral_bandwidth_var,rolloff_mean,rolloff_var,zero_crossing_rate_mean,zero_crossing_rate_var,harmony_mean,harmony_var,perceptr_mean,perceptr_var,tempo,mfcc1_mean,mfcc1_var,mfcc2_mean,mfcc2_var,mfcc3_mean,mfcc3_var,mfcc4_mean,mfcc4_var,mfcc5_mean,mfcc5_var,mfcc6_mean,mfcc6_var,mfcc7_mean,mfcc7_var,mfcc8_mean,mfcc8_var,mfcc9_mean,mfcc9_var,mfcc10_mean,mfcc10_var,mfcc11_mean,mfcc11_var,mfcc12_mean,mfcc12_var,mfcc13_mean,mfcc13_var,mfcc14_mean,mfcc14_var,mfcc15_mean,mfcc15_var,mfcc16_mean,mfcc16_var,mfcc17_mean,mfcc17_var,mfcc18_mean,mfcc18_var,mfcc19_mean,mfcc19_var,mfcc20_mean,mfcc20_var
0.26896352,0.08458066,0.038423505,0.00051538594,1218.151449471981,106155.89475659234,1353.4574729324102,78981.56177594497,2294.676714762181,469366.8305476252,0.0697996725154679,0.0005191686687051391,-3.045396e-06,0.0015254815,-1.2966471e-05,0.00011484497,143.5546875,-300.90747,5360.2603,161.1279,911.65826,-24.245857,316.3088,27.956917,160.51257,-2.863051,129.65384,2.3890126,72.51551,-11.268324,84.56836,0.22309752,85.89535,-6.8389344,70.351616,6.0936522,76.606186,-8.139803,114.876526,-1.8150443,127.63286,-4.120981,124.593605,-2.0540936,101.82895,-1.6026884,97.85843,0.6494308,90.83103,1.4492867,58.17446,-0.22696477,56.232513,-1.2964215,96.77541,-7.099172,92.697426
