chroma_stft_mean,chroma_stft_var,rms_mean,rms_var,spectral_centroid_mean,spectral_centroid_var,spectral_bandwidth_mean,spectral_bandwidth_var,rolloff_mean,rolloff_var,zero_crossing_rate_mean,zero_crossing_rate_var,harmony_mean,harmony_var,perceptr_mean,perceptr_var,tempo,mfcc1_mean,mfcc1_var,mfcc2_mean,mfcc2_var,mfcc3_mean,mfcc3_var,mfcc4_mean,mfcc4_var,mfcc5_mean,mfcc5_var,mfcc6_mean,mfcc6_var,mfcc7_mean,mfcc7_var,mfcc8_mean,mfcc8_var,mfcc9_mean,mfcc9_var,mfcc10_mean,mfcc10_var,mfcc11_mean,mfcc11_var,mfcc12_mean,mfcc12_var,mfcc13_mean,mfcc13_var,mfcc14_mean,mfcc14_var,mfcc15_mean,mfcc15_var,mfcc16_mean,mfcc16_var,mfcc17_mean,mfcc17_var,mfcc18_mean,mfcc18_var,mfcc19_mean,mfcc19_var,mfcc20_mean,mfcc20_var
0.23927984,0.089030564,0.015997374,0.00018967479,1282.3275301478,302309.4930528709,1503.4940090040182,133852.22492437932,2441.9035378299013,1544673.4362499667,0.059409440255220415,0.001157177877044786,-1.5702882e-06,0.0004204859,-1.1335374e-05,4.162636e-06,123.046875,-419.33255,3962.3118,127.41256,1453.988,-3.7806551,309.82047,23.201252,160.35527,-4.313284,250.67657,4.0386424,123.096504,-8.204688,161.63055,-7.614801,45.476032,-7.066255,70.191765,-2.9135451,42.674854,-7.399464,59.14351,-5.427491,49.041508,-9.091689,51.439205,-10.606094,64.67061,-5.7345314,68.55388,-0.39572194,89.49531,7.0178704,136.57579,5.5884614,143.65182,-3.4727767,169.87508,-5.181192,85.02166
