chroma_stft_mean,chroma_stft_var,rms_mean,rms_var,spectral_centroid_mean,spectral_centroid_var,spectral_bandwidth_mean,spectral_bandwidth_var,rolloff_mean,rolloff_var,zero_crossing_rate_mean,zero_crossing_rate_var,harmony_mean,harmony_var,perceptr_mean,perceptr_var,tempo,mfcc1_mean,mfcc1_var,mfcc2_mean,mfcc2_var,mfcc3_mean,mfcc3_var,mfcc4_mean,mfcc4_var,mfcc5_mean,mfcc5_var,mfcc6_mean,mfcc6_var,mfcc7_mean,mfcc7_var,mfcc8_mean,mfcc8_var,mfcc9_mean,mfcc9_var,mfcc10_mean,mfcc10_var,mfcc11_mean,mfcc11_var,mfcc12_mean,mfcc12_var,mfcc13_mean,mfcc13_var,mfcc14_mean,mfcc14_var,mfcc15_mean,mfcc15_var,mfcc16_mean,mfcc16_var,mfcc17_mean,mfcc17_var,mfcc18_mean,mfcc18_var,mfcc19_mean,mfcc19_var,mfcc20_mean,mfcc20_var
0.2193211,0.084952556,0.008011807,1.776923e-05,1054.7328868522366,88050.73112385532,1455.7671648912924,49394.57475588815,1947.5391644612819,550116.7047024223,0.04765745843000773,0.00042082809278609726,-4.8235515e-06,7.581618e-05,-1.1469379e-05,8.413761e-07,99.38401442307692,-482.57535,4793.4536,154.85045,250.5236,-5.0330462,243.68034,29.729904,48.32328,-1.8655612,156.295,8.21654,39.25389,-4.778444,77.3129,9.63252,60.785835,-3.3466737,116.30902,4.530603,79.238655,-10.102243,129.83195,-0.6701806,73.22655,-2.4489703,72.76436,-0.16125083,78.00757,1.8729064,51.54402,3.4829504,60.956062,3.385576,57.12385,1.1102743,72.38311,1.2721751,134.27759,-0.6691851,111.34665
