chroma_stft_mean,chroma_stft_var,rms_mean,rms_var,spectral_centroid_mean,spectral_centroid_var,spectral_bandwidth_mean,spectral_bandwidth_var,rolloff_mean,rolloff_var,zero_crossing_rate_mean,zero_crossing_rate_var,harmony_mean,harmony_var,perceptr_mean,perceptr_var,tempo,mfcc1_mean,mfcc1_var,mfcc2_mean,mfcc2_var,mfcc3_mean,mfcc3_var,mfcc4_mean,mfcc4_var,mfcc5_mean,mfcc5_var,mfcc6_mean,mfcc6_var,mfcc7_mean,mfcc7_var,mfcc8_mean,mfcc8_var,mfcc9_mean,mfcc9_var,mfcc10_mean,mfcc10_var,mfcc11_mean,mfcc11_var,mfcc12_mean,mfcc12_var,mfcc13_mean,mfcc13_var,mfcc14_mean,mfcc14_var,mfcc15_mean,mfcc15_var,mfcc16_mean,mfcc16_var,mfcc17_mean,mfcc17_var,mfcc18_mean,mfcc18_var,mfcc19_mean,mfcc19_var,mfcc20_mean,mfcc20_var
0.26289213,0.08413083,0.06257815,0.00065387954,1314.399292126819,142753.30697514428,1371.4197451106804,91964.88935995461,2398.803824227813,581807.7909780361,0.08109509437838361,0.0006952577373725722,-2.8846796e-06,0.0036349099,-1.1853573e-05,0.00021413236,151.99908088235293,-228.95596,3135.946,153.91904,903.2891,-30.704666,304.75504,20.802929,130.81123,-6.099663,148.30757,1.1756067,78.12496,-10.78928,109.20077,-3.866134,102.8422,-11.594046,62.072723,0.86720824,79.76038,-8.299901,98.35201,-0.7155663,63.406914,-3.077816,105.38439,-3.406927,91.608734,-2.615481,56.058887,0.73381037,65.0709,-1.9477577,58.896297,-2.5170279,61.414852,1.5672724,76.387146,-1.4766954,83.78439
