chroma_stft_mean,chroma_stft_var,rms_mean,rms_var,spectral_centroid_mean,spectral_centroid_var,spectral_bandwidth_mean,spectral_bandwidth_var,rolloff_mean,rolloff_var,zero_crossing_rate_mean,zero_crossing_rate_var,harmony_mean,harmony_var,perceptr_mean,perceptr_var,tempo,mfcc1_mean,mfcc1_var,mfcc2_mean,mfcc2_var,mfcc3_mean,mfcc3_var,mfcc4_mean,mfcc4_var,mfcc5_mean,mfcc5_var,mfcc6_mean,mfcc6_var,mfcc7_mean,mfcc7_var,mfcc8_mean,mfcc8_var,mfcc9_mean,mfcc9_var,mfcc10_mean,mfcc10_var,mfcc11_mean,mfcc11_var,mfcc12_mean,mfcc12_var,mfcc13_mean,mfcc13_var,mfcc14_mean,mfcc14_var,mfcc15_mean,mfcc15_var,mfcc16_mean,mfcc16_var,mfcc17_mean,mfcc17_var,mfcc18_mean,mfcc18_var,mfcc19_mean,mfcc19_var,mfcc20_mean,mfcc20_var
0.31916186,0.09024018,0.040636025,0.00064503506,1016.2036312413031,264408.98488640785,1151.987370851215,105916.24965662399,1823.9772150522042,937182.5129431118,0.06112352269431554,0.002033074263901677,0.000112319896,0.0012572134,0.0001631256,0.00036209074,151.99908088235293,-319.72226,5656.283,166.00253,997.68,-11.9387,1117.5824,27.27777,176.7795,7.8312707,215.87642,1.7412491,76.74954,-7.853774,105.56608,-2.4011252,59.213543,-2.90487,84.28385,-2.5207543,69.14756,-11.3745775,53.195934,-4.6163793,107.206,-4.492808,81.44073,-7.44132,58.49556,-5.5811224,62.94137,-1.8771384,54.63393,-1.2917659,67.019165,-1.4350584,50.458527,-0.50447375,69.00795,-4.0975103,64.32986
