chroma_stft_mean,chroma_stft_var,rms_mean,rms_var,spectral_centroid_mean,spectral_centroid_var,spectral_bandwidth_mean,spectral_bandwidth_var,rolloff_mean,rolloff_var,zero_crossing_rate_mean,zero_crossing_rate_var,harmony_mean,harmony_var,perceptr_mean,perceptr_var,tempo,mfcc1_mean,mfcc1_var,mfcc2_mean,mfcc2_var,mfcc3_mean,mfcc3_var,mfcc4_mean,mfcc4_var,mfcc5_mean,mfcc5_var,mfcc6_mean,mfcc6_var,mfcc7_mean,mfcc7_var,mfcc8_mean,mfcc8_var,mfcc9_mean,mfcc9_var,mfcc10_mean,mfcc10_var,mfcc11_mean,mfcc11_var,mfcc12_mean,mfcc12_var,mfcc13_mean,mfcc13_var,mfcc14_mean,mfcc14_var,mfcc15_mean,mfcc15_var,mfcc16_mean,mfcc16_var,mfcc17_mean,mfcc17_var,mfcc18_mean,mfcc18_var,mfcc19_mean,mfcc19_var,mfcc20_mean,mfcc20_var
0.20720126,0.085011095,0.029224372,0.000504296,829.0091477951953,14858.093804812412,1326.064871077092,111831.38064674624,1014.0839685143561,75911.4812639172,0.04750791521655066,0.00021491923841703264,-0.0016735246,0.001203049,-0.00012903367,3.9826202e-05,123.046875,-421.5947,4865.097,172.78944,628.44763,28.069185,1035.6414,-2.5672548,176.16425,-3.5711489,117.05666,-4.8697968,93.68014,-8.896141,107.28806,-10.693691,119.35648,-7.677652,104.72415,-7.9523697,100.16147,-7.321746,127.15579,-2.7029622,183.0386,-0.9108148,164.84474,-4.214681,84.253105,-8.430779,59.606655,-8.406165,58.708218,-4.1302342,64.74962,-0.41095367,54.716328,0.088177346,79.27522,-0.26952812,134.59425
