chroma_stft_mean,chroma_stft_var,rms_mean,rms_var,spectral_centroid_mean,spectral_centroid_var,spectral_bandwidth_mean,spectral_bandwidth_var,rolloff_mean,rolloff_var,zero_crossing_rate_mean,zero_crossing_rate_var,harmony_mean,harmony_var,perceptr_mean,perceptr_var,tempo,mfcc1_mean,mfcc1_var,mfcc2_mean,mfcc2_var,mfcc3_mean,mfcc3_var,mfcc4_mean,mfcc4_var,mfcc5_mean,mfcc5_var,mfcc6_mean,mfcc6_var,mfcc7_mean,mfcc7_var,mfcc8_mean,mfcc8_var,mfcc9_mean,mfcc9_var,mfcc10_mean,mfcc10_var,mfcc11_mean,mfcc11_var,mfcc12_mean,mfcc12_var,mfcc13_mean,mfcc13_var,mfcc14_mean,mfcc14_var,mfcc15_mean,mfcc15_var,mfcc16_mean,mfcc16_var,mfcc17_mean,mfcc17_var,mfcc18_mean,mfcc18_var,mfcc19_mean,mfcc19_var,mfcc20_mean,mfcc20_var
0.23563844,0.086914726,0.03139051,0.00061501586,1180.5324896152028,123771.44046779923,1332.2503128094195,62788.5986366977,2154.8524506960557,547862.8868174664,0.06596252960653519,0.0007391505582970913,-4.82778e-06,0.0015021138,-8.22849e-06,1.0828165e-05,117.45383522727273,-362.7318,7759.93,143.90761,1299.1167,-19.005598,512.6593,30.651041,104.033356,1.0206413,116.04864,0.27225092,74.30346,-7.991961,88.69799,-3.8471584,55.521873,-8.934133,116.95795,3.276335,97.33017,-4.4292364,201.70395,3.6627495,256.1205,4.925432,221.50914,3.2560022,243.11226,6.345395,201.72081,6.0740194,130.67653,3.8495474,109.3505,-0.25255206,77.56418,1.1743842,106.99368,1.795798,127.441826
