chroma_stft_mean,chroma_stft_var,rms_mean,rms_var,spectral_centroid_mean,spectral_centroid_var,spectral_bandwidth_mean,spectral_bandwidth_var,rolloff_mean,rolloff_var,zero_crossing_rate_mean,zero_crossing_rate_var,harmony_mean,harmony_var,perceptr_mean,perceptr_var,tempo,mfcc1_mean,mfcc1_var,mfcc2_mean,mfcc2_var,mfcc3_mean,mfcc3_var,mfcc4_mean,mfcc4_var,mfcc5_mean,mfcc5_var,mfcc6_mean,mfcc6_var,mfcc7_mean,mfcc7_var,mfcc8_mean,mfcc8_var,mfcc9_mean,mfcc9_var,mfcc10_mean,mfcc10_var,mfcc11_mean,mfcc11_var,mfcc12_mean,mfcc12_var,mfcc13_mean,mfcc13_var,mfcc14_mean,mfcc14_var,mfcc15_mean,mfcc15_var,mfcc16_mean,mfcc16_var,mfcc17_mean,mfcc17_var,mfcc18_mean,mfcc18_var,mfcc19_mean,mfcc19_var,mfcc20_mean,mfcc20_var
0.26729923,0.0885121,0.017138014,4.5234556e-05,983.9717194937225,47108.23871082734,1404.4080407237955,24742.26978199653,1853.1294749673723,293067.5180999969,0.04421683161736272,0.00034593432885246213,-5.215444e-06,0.00031371345,-1.1723071e-05,2.9591395e-06,117.45383522727273,-406.84668,3321.745,163.08134,220.25708,-2.372812,413.62433,32.416626,85.67488,7.946261,95.87025,9.632712,59.94399,-5.45672,75.4424,9.490358,36.987156,-3.060804,37.271214,10.187205,50.842567,-10.35241,92.62894,-5.4048333,86.401535,-8.054706,87.01809,-2.0800178,91.0244,0.38396132,65.48075,3.408478,71.62763,3.5028331,96.675316,7.3793283,88.294304,6.4318557,109.93342,0.18572582,113.28885
