chroma_stft_mean,chroma_stft_var,rms_mean,rms_var,spectral_centroid_mean,spectral_centroid_var,spectral_bandwidth_mean,spectral_bandwidth_var,rolloff_mean,rolloff_var,zero_crossing_rate_mean,zero_crossing_rate_var,harmony_mean,harmony_var,perceptr_mean,perceptr_var,tempo,mfcc1_mean,mfcc1_var,mfcc2_mean,mfcc2_var,mfcc3_mean,mfcc3_var,mfcc4_mean,mfcc4_var,mfcc5_mean,mfcc5_var,mfcc6_mean,mfcc6_var,mfcc7_mean,mfcc7_var,mfcc8_mean,mfcc8_var,mfcc9_mean,mfcc9_var,mfcc10_mean,mfcc10_var,mfcc11_mean,mfcc11_var,mfcc12_mean,mfcc12_var,mfcc13_mean,mfcc13_var,mfcc14_mean,mfcc14_var,mfcc15_mean,mfcc15_var,mfcc16_mean,mfcc16_var,mfcc17_mean,mfcc17_var,mfcc18_mean,mfcc18_var,mfcc19_mean,mfcc19_var,mfcc20_mean,mfcc20_var
0.22509545,0.08397666,0.006627279,1.939525e-05,715.8536806386742,44129.806485646826,1031.2457016633948,80602.52790747318,1038.6731211934455,307229.744014603,0.041281857236078884,0.00011056806413282094,-2.2668968e-05,5.6642268e-05,-3.555651e-05,1.344631e-06,135.99917763157896,-552.1586,1649.3046,173.31636,670.972,26.347733,200.8299,14.1246195,71.38364,7.2601404,46.247627,-7.080264,55.358166,-5.8543334,56.494793,-10.337285,35.901905,-11.018615,59.940147,-9.1995945,53.83066,-8.825932,74.30409,-4.930786,100.06086,-3.6539578,62.57792,-4.2796836,67.948204,-3.4603527,55.378693,-4.822288,45.69772,-5.677032,67.54574,-6.540836,51.674545,-8.199671,47.66232,-6.445196,58.52494
