chroma_stft_mean,chroma_stft_var,rms_mean,rms_var,spectral_centroid_mean,spectral_centroid_var,spectral_bandwidth_mean,spectral_bandwidth_var,rolloff_mean,rolloff_var,zero_crossing_rate_mean,zero_crossing_rate_var,harmony_mean,harmony_var,perceptr_mean,perceptr_var,tempo,mfcc1_mean,mfcc1_var,mfcc2_mean,mfcc2_var,mfcc3_mean,mfcc3_var,mfcc4_mean,mfcc4_var,mfcc5_mean,mfcc5_var,mfcc6_mean,mfcc6_var,mfcc7_mean,mfcc7_var,mfcc8_mean,mfcc8_var,mfcc9_mean,mfcc9_var,mfcc10_mean,mfcc10_var,mfcc11_mean,mfcc11_var,mfcc12_mean,mfcc12_var,mfcc13_mean,mfcc13_var,mfcc14_mean,mfcc14_var,mfcc15_mean,mfcc15_var,mfcc16_mean,mfcc16_var,mfcc17_mean,mfcc17_var,mfcc18_mean,mfcc18_var,mfcc19_mean,mfcc19_var,mfcc20_mean,mfcc20_var
0.181111,0.08849764,0.08412108,0.0014408538,1807.9280823768647,222103.62788586607,1439.0486310930316,51233.61162160891,3073.2943576892403,641974.970333155,0.13096813370069604,0.003376393906664151,-0.0005819696,0.00818815,-0.0005358211,6.53756e-05,129.19921875,-299.6929,5247.3022,103.63919,658.11725,-27.674166,288.74384,51.015617,109.83698,12.293651,147.41714,16.498365,69.64057,-10.951071,95.66361,-0.887635,127.04919,3.8555367,319.0153,12.946044,214.81473,-12.410851,346.4123,2.478124,266.0793,5.183284,231.80795,-0.74185234,177.35242,-0.6057203,78.73659,-1.1729356,93.02767,5.935392,117.285675,9.813155,170.8517,-2.6790278,263.77374,-3.0694277,457.2053
