chroma_stft_mean,chroma_stft_var,rms_mean,rms_var,spectral_centroid_mean,spectral_centroid_var,spectral_bandwidth_mean,spectral_bandwidth_var,rolloff_mean,rolloff_var,zero_crossing_rate_mean,zero_crossing_rate_var,harmony_mean,harmony_var,perceptr_mean,perceptr_var,tempo,mfcc1_mean,mfcc1_var,mfcc2_mean,mfcc2_var,mfcc3_mean,mfcc3_var,mfcc4_mean,mfcc4_var,mfcc5_mean,mfcc5_var,mfcc6_mean,mfcc6_var,mfcc7_mean,mfcc7_var,mfcc8_mean,mfcc8_var,mfcc9_mean,mfcc9_var,mfcc10_mean,mfcc10_var,mfcc11_mean,mfcc11_var,mfcc12_mean,mfcc12_var,mfcc13_mean,mfcc13_var,mfcc14_mean,mfcc14_var,mfcc15_mean,mfcc15_var,mfcc16_mean,mfcc16_var,mfcc17_mean,mfcc17_var,mfcc18_mean,mfcc18_var,mfcc19_mean,mfcc19_var,mfcc20_mean,mfcc20_var
0.2269433,0.08871274,0.08244843,0.0017944754,1623.7580253062436,47648.83048207577,1551.132227424729,79003.56276360211,2732.0272281938805,294297.4877928691,0.10824964955529776,0.0008626330740070056,-0.000699541,0.0069560576,-0.0004476554,0.00039269635,135.99917763157896,-207.42522,1671.6696,117.61352,212.66342,-41.420906,546.60364,13.249367,155.46446,-1.6709117,69.513695,15.538312,106.619415,-10.338402,160.89204,-1.8724031,141.65645,-12.771744,96.13075,6.9996595,128.17894,-0.7737135,209.8166,2.0700433,159.9829,-8.253666,185.85457,-1.4549944,203.72496,-7.0775576,121.866974,0.936332,53.419125,-5.5453157,85.84099,-8.510655,107.1272,-1.4852846,131.21477,5.3822665,168.53978
