chroma_stft_mean,chroma_stft_var,rms_mean,rms_var,spectral_centroid_mean,spectral_centroid_var,spectral_bandwidth_mean,spectral_bandwidth_var,rolloff_mean,rolloff_var,zero_crossing_rate_mean,zero_crossing_rate_var,harmony_mean,harmony_var,perceptr_mean,perceptr_var,tempo,mfcc1_mean,mfcc1_var,mfcc2_mean,mfcc2_var,mfcc3_mean,mfcc3_var,mfcc4_mean,mfcc4_var,mfcc5_mean,mfcc5_var,mfcc6_mean,mfcc6_var,mfcc7_mean,mfcc7_var,mfcc8_mean,mfcc8_var,mfcc9_mean,mfcc9_var,mfcc10_mean,mfcc10_var,mfcc11_mean,mfcc11_var,mfcc12_mean,mfcc12_var,mfcc13_mean,mfcc13_var,mfcc14_mean,mfcc14_var,mfcc15_mean,mfcc15_var,mfcc16_mean,mfcc16_var,mfcc17_mean,mfcc17_var,mfcc18_mean,mfcc18_var,mfcc19_mean,mfcc19_var,mfcc20_mean,mfcc20_var
0.27621743,0.08639434,0.047870062,0.00088586984,1211.4313268289068,56499.84613369235,1367.4757152666234,56077.18643390493,2237.3880691705335,309056.5071535483,0.06844094402552205,0.0003942288851744094,-7.3102996e-08,0.0025959099,-1.414044e-05,0.0001234605,107.666015625,-278.80756,9722.196,160.00061,463.69586,-28.392517,433.08383,23.027172,140.63689,-2.7092493,195.01578,3.0009243,59.311607,-11.297818,87.94761,-0.51610196,52.64646,-11.366227,87.21991,3.174696,45.803677,-5.085273,96.37831,4.348031,71.870544,-4.0713315,64.22416,-0.15422319,72.38901,-1.6738685,63.81342,1.6379042,56.219723,1.0092884,39.318977,-0.76324505,39.496506,-3.8380253,61.19022,-3.545881,117.02305
