chroma_stft_mean,chroma_stft_var,rms_mean,rms_var,spectral_centroid_mean,spectral_centroid_var,spectral_bandwidth_mean,spectral_bandwidth_var,rolloff_mean,rolloff_var,zero_crossing_rate_mean,zero_crossing_rate_var,harmony_mean,harmony_var,perceptr_mean,perceptr_var,tempo,mfcc1_mean,mfcc1_var,mfcc2_mean,mfcc2_var,mfcc3_mean,mfcc3_var,mfcc4_mean,mfcc4_var,mfcc5_mean,mfcc5_var,mfcc6_mean,mfcc6_var,mfcc7_mean,mfcc7_var,mfcc8_mean,mfcc8_var,mfcc9_mean,mfcc9_var,mfcc10_mean,mfcc10_var,mfcc11_mean,mfcc11_var,mfcc12_mean,mfcc12_var,mfcc13_mean,mfcc13_var,mfcc14_mean,mfcc14_var,mfcc15_mean,mfcc15_var,mfcc16_mean,mfcc16_var,mfcc17_mean,mfcc17_var,mfcc18_mean,mfcc18_var,mfcc19_mean,mfcc19_var,mfcc20_mean,mfcc20_var
0.2944176,0.08471922,0.02825728,0.00023232447,1304.1427959179266,66302.6726529903,1456.7850189139303,50591.88982953609,2350.2750122353536,309704.46297277,0.07056627030162413,0.00039648267474173897,-1.9766408e-06,0.00071818975,-4.1272074e-06,8.4744715e-05,107.666015625,-299.62308,4980.707,157.25868,336.94742,-37.329967,195.77873,15.76609,85.41774,-5.7509174,84.70001,-4.4520483,55.985687,-6.8125167,39.116287,-10.72881,41.049366,-9.877374,47.84963,-8.156403,57.202812,-5.426561,42.315834,-7.837365,51.656727,-2.7309942,43.08321,-1.1138374,54.757553,1.6426827,64.571396,3.6369374,58.90214,3.0815508,73.25533,0.10749688,70.096924,-0.79757446,49.011696,-2.7373397,47.62996
