chroma_stft_mean,chroma_stft_var,rms_mean,rms_var,spectral_centroid_mean,spectral_centroid_var,spectral_bandwidth_mean,spectral_bandwidth_var,rolloff_mean,rolloff_var,zero_crossing_rate_mean,zero_crossing_rate_var,harmony_mean,harmony_var,perceptr_mean,perceptr_var,tempo,mfcc1_mean,mfcc1_var,mfcc2_mean,mfcc2_var,mfcc3_mean,mfcc3_var,mfcc4_mean,mfcc4_var,mfcc5_mean,mfcc5_var,mfcc6_mean,mfcc6_var,mfcc7_mean,mfcc7_var,mfcc8_mean,mfcc8_var,mfcc9_mean,mfcc9_var,mfcc10_mean,mfcc10_var,mfcc11_mean,mfcc11_var,mfcc12_mean,mfcc12_var,mfcc13_mean,mfcc13_var,mfcc14_mean,mfcc14_var,mfcc15_mean,mfcc15_var,mfcc16_mean,mfcc16_var,mfcc17_mean,mfcc17_var,mfcc18_mean,mfcc18_var,mfcc19_mean,mfcc19_var,mfcc20_mean,mfcc20_var
0.30537146,0.082517296,0.06871983,0.00072706206,1803.800200335076,175068.9501847754,1898.2240636826543,125389.69147240369,3366.6405343677493,864424.5771655821,0.1040197668938515,0.0010057245469389934,-0.00093622156,0.003595705,-0.00064030726,0.0005295903,123.046875,-166.42174,3269.7502,122.12508,694.7864,-32.114124,223.45683,16.680294,59.474506,-5.400134,43.0959,-2.4928677,43.642944,-9.827045,30.337074,-4.8984995,31.180183,-6.967043,38.9705,-4.5714536,44.067963,-6.6540885,54.979107,-5.4923553,36.60231,-5.371946,41.92194,-4.96042,41.575768,-2.7898908,53.531734,-3.1823907,36.93864,-4.077293,38.072903,-3.5514784,54.157543,-4.6443353,50.427147,-1.1656524,62.23604
