chroma_stft_mean,chroma_stft_var,rms_mean,rms_var,spectral_centroid_mean,spectral_centroid_var,spectral_bandwidth_mean,spectral_bandwidth_var,rolloff_mean,rolloff_var,zero_crossing_rate_mean,zero_crossing_rate_var,harmony_mean,harmony_var,perceptr_mean,perceptr_var,tempo,mfcc1_mean,mfcc1_var,mfcc2_mean,mfcc2_var,mfcc3_mean,mfcc3_var,mfcc4_mean,mfcc4_var,mfcc5_mean,mfcc5_var,mfcc6_mean,mfcc6_var,mfcc7_mean,mfcc7_var,mfcc8_mean,mfcc8_var,mfcc9_mean,mfcc9_var,mfcc10_mean,mfcc10_var,mfcc11_mean,mfcc11_var,mfcc12_mean,mfcc12_var,mfcc13_mean,mfcc13_var,mfcc14_mean,mfcc14_var,mfcc15_mean,mfcc15_var,mfcc16_mean,mfcc16_var,mfcc17_mean,mfcc17_var,mfcc18_mean,mfcc18_var,mfcc19_mean,mfcc19_var,mfcc20_mean,mfcc20_var
0.25236058,0.08414862,0.036233008,0.00022101671,1505.3574604811247,44430.732827037886,1559.2288945546338,43765.3731231256,2717.238763866734,299014.0000693897,0.0982227015661253,0.00043139377691147647,-4.712645e-05,0.0012296923,-0.00012159841,6.028911e-05,95.703125,-268.21857,1791.9358,135.68166,188.9014,-34.056377,231.39032,25.616007,169.41429,-12.971723,71.249275,17.903265,74.56209,-9.99086,114.86929,5.634088,65.84176,-14.143673,75.42844,7.4931846,177.21745,-3.9764395,106.70967,8.258308,80.11543,-1.3336009,154.7423,-0.35799506,188.39493,1.0361006,171.72484,3.7968225,86.13082,-0.31847087,100.83574,1.7730547,95.49381,0.88872135,97.09972,-0.8350777,120.92082
