chroma_stft_mean,chroma_stft_var,rms_mean,rms_var,spectral_centroid_mean,spectral_centroid_var,spectral_bandwidth_mean,spectral_bandwidth_var,rolloff_mean,rolloff_var,zero_crossing_rate_mean,zero_crossing_rate_var,harmony_mean,harmony_var,perceptr_mean,perceptr_var,tempo,mfcc1_mean,mfcc1_var,mfcc2_mean,mfcc2_var,mfcc3_mean,mfcc3_var,mfcc4_mean,mfcc4_var,mfcc5_mean,mfcc5_var,mfcc6_mean,mfcc6_var,mfcc7_mean,mfcc7_var,mfcc8_mean,mfcc8_var,mfcc9_mean,mfcc9_var,mfcc10_mean,mfcc10_var,mfcc11_mean,mfcc11_var,mfcc12_mean,mfcc12_var,mfcc13_mean,mfcc13_var,mfcc14_mean,mfcc14_var,mfcc15_mean,mfcc15_var,mfcc16_mean,mfcc16_var,mfcc17_mean,mfcc17_var,mfcc18_mean,mfcc18_var,mfcc19_mean,mfcc19_var,mfcc20_mean,mfcc20_var
0.2973892,0.08418729,0.064087525,0.0005195851,1184.2726167313847,54209.14481091905,1304.9373982761563,32330.635559829174,2139.4394735172564,202178.48035166448,0.0682921560808198,0.000384935461589065,-1.7253251e-06,0.0031830966,-1.64104e-05,0.00035443256,129.19921875,-221.30133,880.93945,173.31781,383.96783,-37.445778,81.17165,24.35597,36.608612,-8.682666,46.556755,3.3846245,51.52223,-12.844792,38.36771,1.0788687,44.19461,-15.323445,56.03236,0.4238257,66.51935,-9.6230135,66.43557,2.288309,77.62198,-4.490512,63.808826,0.35830465,52.14498,-1.4770246,41.411236,1.8143002,41.891174,0.22783734,35.445633,-0.96970665,48.138924,-0.48994058,49.642963,-6.2580786,69.58315
