chroma_stft_mean,chroma_stft_var,rms_mean,rms_var,spectral_centroid_mean,spectral_centroid_var,spectral_bandwidth_mean,spectral_bandwidth_var,rolloff_mean,rolloff_var,zero_crossing_rate_mean,zero_crossing_rate_var,harmony_mean,harmony_var,perceptr_mean,perceptr_var,tempo,mfcc1_mean,mfcc1_var,mfcc2_mean,mfcc2_var,mfcc3_mean,mfcc3_var,mfcc4_mean,mfcc4_var,mfcc5_mean,mfcc5_var,mfcc6_mean,mfcc6_var,mfcc7_mean,mfcc7_var,mfcc8_mean,mfcc8_var,mfcc9_mean,mfcc9_var,mfcc10_mean,mfcc10_var,mfcc11_mean,mfcc11_var,mfcc12_mean,mfcc12_var,mfcc13_mean,mfcc13_var,mfcc14_mean,mfcc14_var,mfcc15_mean,mfcc15_var,mfcc16_mean,mfcc16_var,mfcc17_mean,mfcc17_var,mfcc18_mean,mfcc18_var,mfcc19_mean,mfcc19_var,mfcc20_mean,mfcc20_var
0.31954268,0.09236192,0.17407946,0.0022719372,1702.24789858299,118941.11188785244,1602.739219435898,56700.65192146309,2820.988903306935,420435.2080917343,0.11507495897545662,0.001497649881276577,-0.0039598844,0.021168059,-0.0022053593,0.0035111809,129.19921875,-108.06734,4240.022,127.27673,782.3608,-44.952744,276.9053,31.253359,159.27397,4.3463645,429.4048,-4.9418173,115.43492,-15.889656,251.42216,14.6361885,297.66095,-7.799102,135.32,-1.2097644,276.19208,2.8209624,320.9096,17.278034,295.17905,-4.0977507,259.062,1.670985,123.81855,0.6631558,196.047,4.612663,122.27386,-9.879342,80.503784,-3.2347627,66.8901,-3.1057498,63.5487,1.8729877,65.65338
