chroma_stft_mean,chroma_stft_var,rms_mean,rms_var,spectral_centroid_mean,spectral_centroid_var,spectral_bandwidth_mean,spectral_bandwidth_var,rolloff_mean,rolloff_var,zero_crossing_rate_mean,zero_crossing_rate_var,harmony_mean,harmony_var,perceptr_mean,perceptr_var,tempo,mfcc1_mean,mfcc1_var,mfcc2_mean,mfcc2_var,mfcc3_mean,mfcc3_var,mfcc4_mean,mfcc4_var,mfcc5_mean,mfcc5_var,mfcc6_mean,mfcc6_var,mfcc7_mean,mfcc7_var,mfcc8_mean,mfcc8_var,mfcc9_mean,mfcc9_var,mfcc10_mean,mfcc10_var,mfcc11_mean,mfcc11_var,mfcc12_mean,mfcc12_var,mfcc13_mean,mfcc13_var,mfcc14_mean,mfcc14_var,mfcc15_mean,mfcc15_var,mfcc16_mean,mfcc16_var,mfcc17_mean,mfcc17_var,mfcc18_mean,mfcc18_var,mfcc19_mean,mfcc19_var,mfcc20_mean,mfcc20_var
0.22592382,0.08609515,0.044732843,0.00039484218,2192.5069045226314,128944.69972524256,1911.8310735892937,27706.70700789162,4065.970025648927,390035.97589692735,0.15240530440351896,0.0020710034329234402,-0.0006347706,0.002079922,-0.00048474112,7.115595e-05,143.5546875,-251.23933,3226.5166,88.76645,230.21089,-41.775455,145.08463,37.914806,65.90859,-12.039209,112.47902,21.623262,79.67755,-5.8672247,129.05907,25.71373,132.67572,-5.204475,213.47598,14.297369,207.61063,-7.54923,243.20206,10.474767,217.72679,-4.9246387,234.82043,5.264075,162.55237,0.28599343,90.307304,3.3210988,56.22374,1.2696192,68.61148,4.7757545,109.54742,-2.0725086,121.07862,1.1374294,188.01343
