chroma_stft_mean,chroma_stft_var,rms_mean,rms_var,spectral_centroid_mean,spectral_centroid_var,spectral_bandwidth_mean,spectral_bandwidth_var,rolloff_mean,rolloff_var,zero_crossing_rate_mean,zero_crossing_rate_var,harmony_mean,harmony_var,perceptr_mean,perceptr_var,tempo,mfcc1_mean,mfcc1_var,mfcc2_mean,mfcc2_var,mfcc3_mean,mfcc3_var,mfcc4_mean,mfcc4_var,mfcc5_mean,mfcc5_var,mfcc6_mean,mfcc6_var,mfcc7_mean,mfcc7_var,mfcc8_mean,mfcc8_var,mfcc9_mean,mfcc9_var,mfcc10_mean,mfcc10_var,mfcc11_mean,mfcc11_var,mfcc12_mean,mfcc12_var,mfcc13_mean,mfcc13_var,mfcc14_mean,mfcc14_var,mfcc15_mean,mfcc15_var,mfcc16_mean,mfcc16_var,mfcc17_mean,mfcc17_var,mfcc18_mean,mfcc18_var,mfcc19_mean,mfcc19_var,mfcc20_mean,mfcc20_var
0.25387782,0.08873261,0.016776716,9.150188e-05,1751.5809593775805,388145.4958517772,1930.4849664370809,181887.03657879916,3236.583651301479,2035838.472051109,0.09522957149071926,0.0016647520721126308,0.00020880894,0.0002845668,0.00010666713,2.4659614e-05,107.666015625,-367.0708,8877.521,112.81916,1438.4437,-18.745602,390.41504,10.175582,229.25894,-1.604358,98.84456,3.799532,69.60745,0.925681,71.06812,5.0639052,82.36688,-5.3709044,172.31207,-9.514625,164.97243,-8.494094,89.52008,-1.7862537,101.98804,1.2870402,178.56433,-3.8769355,118.02256,-2.6494825,136.84892,-1.0689509,101.92754,-1.2830023,56.05114,-2.5024,97.12217,-2.5671668,208.80376,-4.073552,151.98637
