chroma_stft_mean,chroma_stft_var,rms_mean,rms_var,spectral_centroid_mean,spectral_centroid_var,spectral_bandwidth_mean,spectral_bandwidth_var,rolloff_mean,rolloff_var,zero_crossing_rate_mean,zero_crossing_rate_var,harmony_mean,harmony_var,perceptr_mean,perceptr_var,tempo,mfcc1_mean,mfcc1_var,mfcc2_mean,mfcc2_var,mfcc3_mean,mfcc3_var,mfcc4_mean,mfcc4_var,mfcc5_mean,mfcc5_var,mfcc6_mean,mfcc6_var,mfcc7_mean,mfcc7_var,mfcc8_mean,mfcc8_var,mfcc9_mean,mfcc9_var,mfcc10_mean,mfcc10_var,mfcc11_mean,mfcc11_var,mfcc12_mean,mfcc12_var,mfcc13_mean,mfcc13_var,mfcc14_mean,mfcc14_var,mfcc15_mean,mfcc15_var,mfcc16_mean,mfcc16_var,mfcc17_mean,mfcc17_var,mfcc18_mean,mfcc18_var,mfcc19_mean,mfcc19_var,mfcc20_mean,mfcc20_var
0.21630718,0.08446472,0.043788467,0.0005671755,1211.8707246042645,105227.44727489732,1338.32147854722,92168.13189022877,2105.465974387326,446344.6083940503,0.0709397507008894,0.0004923580166225486,-0.00013466857,0.0021832727,-0.000102348815,5.9083442e-05,129.19921875,-306.85605,5706.559,152.84921,675.6416,-27.586615,347.9414,16.327555,231.09308,-3.1488068,176.26518,-8.940591,104.60015,-5.437477,74.65878,-9.772418,86.83165,-7.1042967,74.29901,0.29831237,63.55857,0.89340913,144.3612,5.4443207,199.82356,8.212006,174.4668,4.196132,130.55331,2.043592,84.22601,3.022518,83.06542,-0.3889574,68.20683,-2.8096762,66.42719,-2.9019675,102.13219,1.3368331,153.06155
