chroma_stft_mean,chroma_stft_var,rms_mean,rms_var,spectral_centroid_mean,spectral_centroid_var,spectral_bandwidth_mean,spectral_bandwidth_var,rolloff_mean,rolloff_var,zero_crossing_rate_mean,zero_crossing_rate_var,harmony_mean,harmony_var,perceptr_mean,perceptr_var,tempo,mfcc1_mean,mfcc1_var,mfcc2_mean,mfcc2_var,mfcc3_mean,mfcc3_var,mfcc4_mean,mfcc4_var,mfcc5_mean,mfcc5_var,mfcc6_mean,mfcc6_var,mfcc7_mean,mfcc7_var,mfcc8_mean,mfcc8_var,mfcc9_mean,mfcc9_var,mfcc10_mean,mfcc10_var,mfcc11_mean,mfcc11_var,mfcc12_mean,mfcc12_var,mfcc13_mean,mfcc13_var,mfcc14_mean,mfcc14_var,mfcc15_mean,mfcc15_var,mfcc16_mean,mfcc16_var,mfcc17_mean,mfcc17_var,mfcc18_mean,mfcc18_var,mfcc19_mean,mfcc19_var,mfcc20_mean,mfcc20_var
0.21663477,0.08412002,0.011428219,8.837648e-05,1371.4447396060193,111433.44380221241,1562.1162072434615,63329.82603681009,2619.5566270301624,613560.7391780178,0.07571871374709976,0.0006384558782601251,-5.9229833e-06,0.00020906245,-7.944151e-06,1.0894673e-06,123.046875,-449.5024,4774.4414,124.97929,1119.0425,-19.903538,191.24254,27.45521,207.30104,-5.7697797,97.66038,2.218913,33.819027,-6.560758,79.16927,10.581615,138.56479,3.3420105,269.13196,14.380344,218.03151,1.979647,317.6712,5.2490325,201.3981,4.427051,143.4272,5.064854,187.13596,7.159044,129.717,6.17563,163.5267,7.153757,138.90648,3.8597915,223.66689,2.6236973,291.32373,4.94853,268.72433
