chroma_stft_mean,chroma_stft_var,rms_mean,rms_var,spectral_centroid_mean,spectral_centroid_var,spectral_bandwidth_mean,spectral_bandwidth_var,rolloff_mean,rolloff_var,zero_crossing_rate_mean,zero_crossing_rate_var,harmony_mean,harmony_var,perceptr_mean,perceptr_var,tempo,mfcc1_mean,mfcc1_var,mfcc2_mean,mfcc2_var,mfcc3_mean,mfcc3_var,mfcc4_mean,mfcc4_var,mfcc5_mean,mfcc5_var,mfcc6_mean,mfcc6_var,mfcc7_mean,mfcc7_var,mfcc8_mean,mfcc8_var,mfcc9_mean,mfcc9_var,mfcc10_mean,mfcc10_var,mfcc11_mean,mfcc11_var,mfcc12_mean,mfcc12_var,mfcc13_mean,mfcc13_var,mfcc14_mean,mfcc14_var,mfcc15_mean,mfcc15_var,mfcc16_mean,mfcc16_var,mfcc17_mean,mfcc17_var,mfcc18_mean,mfcc18_var,mfcc19_mean,mfcc19_var,mfcc20_mean,mfcc20_var
0.28418007,0.087424025,0.041480094,0.00091490283,1533.6492784629645,187593.15130232275,1464.3999469546397,55293.20850162435,2837.7197832076567,550305.6860094524,0.09391540385730858,0.001738169100845183,0.00019224144,0.0018264009,8.201363e-05,0.00036329814,151.99908088235293,-275.4436,5744.1763,125.33516,1018.5147,-41.033215,509.6337,24.59948,123.665794,-4.7629037,239.6808,-4.2574043,93.03036,-15.00206,159.09576,-5.0420785,82.66643,-4.998162,110.370094,2.4723504,100.43861,-10.893562,52.986816,-8.016089,77.45141,-5.168352,109.67979,-4.6150575,71.38948,0.7093247,103.24706,6.512027,135.45459,5.9037538,102.95635,2.6906648,85.666245,-2.044421,65.89471,-8.06236,106.122086
