chroma_stft_mean,chroma_stft_var,rms_mean,rms_var,spectral_centroid_mean,spectral_centroid_var,spectral_bandwidth_mean,spectral_bandwidth_var,rolloff_mean,rolloff_var,zero_crossing_rate_mean,zero_crossing_rate_var,harmony_mean,harmony_var,perceptr_mean,perceptr_var,tempo,mfcc1_mean,mfcc1_var,mfcc2_mean,mfcc2_var,mfcc3_mean,mfcc3_var,mfcc4_mean,mfcc4_var,mfcc5_mean,mfcc5_var,mfcc6_mean,mfcc6_var,mfcc7_mean,mfcc7_var,mfcc8_mean,mfcc8_var,mfcc9_mean,mfcc9_var,mfcc10_mean,mfcc10_var,mfcc11_mean,mfcc11_var,mfcc12_mean,mfcc12_var,mfcc13_mean,mfcc13_var,mfcc14_mean,mfcc14_var,mfcc15_mean,mfcc15_var,mfcc16_mean,mfcc16_var,mfcc17_mean,mfcc17_var,mfcc18_mean,mfcc18_var,mfcc19_mean,mfcc19_var,mfcc20_mean,mfcc20_var
0.23616467,0.08397744,0.13830632,0.0017512287,1176.9449938974453,25237.376525243315,1504.862179602883,31456.495460810987,1903.8084622896636,101098.15832420602,0.06226149338942308,0.00025357041485916227,0.0008035057,0.017278004,0.0008425705,0.00093674293,184.5703125,-171.08478,1641.1954,156.89876,252.36038,-21.83331,159.827,5.3263197,188.17166,-4.0699153,110.75892,-3.731567,78.428185,-8.900291,87.72533,-4.9369226,87.207596,-7.900487,103.58819,-5.3933387,95.21204,-9.340079,121.17883,-6.6050344,87.517136,-7.7875705,90.59705,-1.3528191,81.87084,-3.542935,76.83069,-2.861669,46.01259,-3.8928695,51.056023,0.28371757,93.04096,-3.4214509,123.237656,-0.9098751,102.52678
