chroma_stft_mean,chroma_stft_var,rms_mean,rms_var,spectral_centroid_mean,spectral_centroid_var,spectral_bandwidth_mean,spectral_bandwidth_var,rolloff_mean,rolloff_var,zero_crossing_rate_mean,zero_crossing_rate_var,harmony_mean,harmony_var,perceptr_mean,perceptr_var,tempo,mfcc1_mean,mfcc1_var,mfcc2_mean,mfcc2_var,mfcc3_mean,mfcc3_var,mfcc4_mean,mfcc4_var,mfcc5_mean,mfcc5_var,mfcc6_mean,mfcc6_var,mfcc7_mean,mfcc7_var,mfcc8_mean,mfcc8_var,mfcc9_mean,mfcc9_var,mfcc10_mean,mfcc10_var,mfcc11_mean,mfcc11_var,mfcc12_mean,mfcc12_var,mfcc13_mean,mfcc13_var,mfcc14_mean,mfcc14_var,mfcc15_mean,mfcc15_var,mfcc16_mean,mfcc16_var,mfcc17_mean,mfcc17_var,mfcc18_mean,mfcc18_var,mfcc19_mean,mfcc19_var,mfcc20_mean,mfcc20_var
0.34684047,0.0786219,0.11506871,0.00036020525,1878.4940039517187,85804.13313510078,1964.8146727469318,53278.706525032314,3633.3658098897913,469422.26722209767,0.11157585315158546,0.0006029248477689964,-0.000574055,0.009111224,-0.0015516988,0.0011124383,129.19921875,-85.30834,554.0474,118.44306,374.28247,-31.477152,72.866806,20.282328,38.49851,-4.4176335,51.464176,6.9121923,42.774345,-10.952412,30.935595,-1.622339,26.392166,-7.361473,27.229113,-3.0186849,46.31819,-4.4440117,28.166534,-1.417289,44.28992,-4.2533975,36.169506,-4.166459,24.956135,-3.973204,28.606632,0.28076568,29.947945,-3.393208,35.63229,1.6940116,24.477379,-3.680135,66.98301,-3.4354215,59.942818
