chroma_stft_mean,chroma_stft_var,rms_mean,rms_var,spectral_centroid_mean,spectral_centroid_var,spectral_bandwidth_mean,spectral_bandwidth_var,rolloff_mean,rolloff_var,zero_crossing_rate_mean,zero_crossing_rate_var,harmony_mean,harmony_var,perceptr_mean,perceptr_var,tempo,mfcc1_mean,mfcc1_var,mfcc2_mean,mfcc2_var,mfcc3_mean,mfcc3_var,mfcc4_mean,mfcc4_var,mfcc5_mean,mfcc5_var,mfcc6_mean,mfcc6_var,mfcc7_mean,mfcc7_var,mfcc8_mean,mfcc8_var,mfcc9_mean,mfcc9_var,mfcc10_mean,mfcc10_var,mfcc11_mean,mfcc11_var,mfcc12_mean,mfcc12_var,mfcc13_mean,mfcc13_var,mfcc14_mean,mfcc14_var,mfcc15_mean,mfcc15_var,mfcc16_mean,mfcc16_var,mfcc17_mean,mfcc17_var,mfcc18_mean,mfcc18_var,mfcc19_mean,mfcc19_var,mfcc20_mean,mfcc20_var
0.27837116,0.08653199,0.029710459,0.0002744434,1243.6691621009466,129004.22601310982,1359.078170494101,57899.91781985217,2352.889639374275,488101.0107391915,0.06370465366395979,0.000858560211983913,0.00066385424,0.00095878384,0.00015421564,4.0219296e-05,117.45383522727273,-315.7878,3950.1794,149.6681,506.44693,-30.549932,429.1903,23.21352,56.497944,-8.68629,230.97993,-10.101967,54.311882,-15.724107,87.00903,-4.040028,72.7652,-7.6393766,97.14549,0.046327997,73.25139,-11.144776,53.333347,-7.673778,71.83986,-5.867613,63.316864,-4.8578367,58.96469,-5.145053,54.951405,-5.417841,64.94156,-3.1697009,60.100662,1.4593676,55.53837,0.14227724,64.05372,-4.1655474,73.14541
