chroma_stft_mean,chroma_stft_var,rms_mean,rms_var,spectral_centroid_mean,spectral_centroid_var,spectral_bandwidth_mean,spectral_bandwidth_var,rolloff_mean,rolloff_var,zero_crossing_rate_mean,zero_crossing_rate_var,harmony_mean,harmony_var,perceptr_mean,perceptr_var,tempo,mfcc1_mean,mfcc1_var,mfcc2_mean,mfcc2_var,mfcc3_mean,mfcc3_var,mfcc4_mean,mfcc4_var,mfcc5_mean,mfcc5_var,mfcc6_mean,mfcc6_var,mfcc7_mean,mfcc7_var,mfcc8_mean,mfcc8_var,mfcc9_mean,mfcc9_var,mfcc10_mean,mfcc10_var,mfcc11_mean,mfcc11_var,mfcc12_mean,mfcc12_var,mfcc13_mean,mfcc13_var,mfcc14_mean,mfcc14_var,mfcc15_mean,mfcc15_var,mfcc16_mean,mfcc16_var,mfcc17_mean,mfcc17_var,mfcc18_mean,mfcc18_var,mfcc19_mean,mfcc19_var,mfcc20_mean,mfcc20_var
0.27055803,0.08229594,0.023791904,0.00019983428,1216.3713864035042,121036.90479371295,1582.8796260489835,72844.33027918689,2560.7691505945477,691703.4337447325,0.056246752344354216,0.0007709239240588261,-3.438405e-05,0.000713687,-7.012535e-05,7.149251e-06,129.19921875,-356.10693,5140.358,139.79785,594.8048,-6.2831244,222.03104,43.18759,75.50103,-8.871487,121.006836,11.056036,63.851048,-8.395702,70.53017,4.4202566,55.492558,-8.280071,84.04758,8.684676,59.022453,-8.132967,59.21221,3.4333065,62.929585,-1.4450533,80.89487,-0.41593614,75.76779,-1.7238504,81.89287,-0.29888752,79.39661,-0.66311085,80.808655,1.1574035,105.04091,-0.6188701,92.504,-0.25522968,88.03167
