chroma_stft_mean,chroma_stft_var,rms_mean,rms_var,spectral_centroid_mean,spectral_centroid_var,spectral_bandwidth_mean,spectral_bandwidth_var,rolloff_mean,rolloff_var,zero_crossing_rate_mean,zero_crossing_rate_var,harmony_mean,harmony_var,perceptr_mean,perceptr_var,tempo,mfcc1_mean,mfcc1_var,mfcc2_mean,mfcc2_var,mfcc3_mean,mfcc3_var,mfcc4_mean,mfcc4_var,mfcc5_mean,mfcc5_var,mfcc6_mean,mfcc6_var,mfcc7_mean,mfcc7_var,mfcc8_mean,mfcc8_var,mfcc9_mean,mfcc9_var,mfcc10_mean,mfcc10_var,mfcc11_mean,mfcc11_var,mfcc12_mean,mfcc12_var,mfcc13_mean,mfcc13_var,mfcc14_mean,mfcc14_var,mfcc15_mean,mfcc15_var,mfcc16_mean,mfcc16_var,mfcc17_mean,mfcc17_var,mfcc18_mean,mfcc18_var,mfcc19_mean,mfcc19_var,mfcc20_mean,mfcc20_var
0.26142845,0.08511142,0.033204652,0.0003487375,1372.6940993686428,70346.94919358235,1579.2369224538354,30066.938873991003,2737.930956351508,315620.1208271115,0.07290118365719257,0.0007319495308407179,-3.740901e-05,0.0013229618,-8.7131746e-05,1.929358e-05,103.359375,-295.8206,3998.7344,134.53781,307.79675,-22.434929,160.48239,40.75837,85.52024,-5.8729753,117.901825,9.266152,69.75869,-11.873936,85.50215,6.2878857,85.62204,-8.864131,57.055763,4.4022937,76.65615,-9.374512,105.205894,4.060037,82.81118,1.6421571,94.27091,5.1347084,80.08627,5.426003,100.847,2.2642205,84.92327,-1.8280869,98.38674,-2.927299,100.323944,0.14413218,87.78877,3.1980677,102.541084
