chroma_stft_mean,chroma_stft_var,rms_mean,rms_var,spectral_centroid_mean,spectral_centroid_var,spectral_bandwidth_mean,spectral_bandwidth_var,rolloff_mean,rolloff_var,zero_crossing_rate_mean,zero_crossing_rate_var,harmony_mean,harmony_var,perceptr_mean,perceptr_var,tempo,mfcc1_mean,mfcc1_var,mfcc2_mean,mfcc2_var,mfcc3_mean,mfcc3_var,mfcc4_mean,mfcc4_var,mfcc5_mean,mfcc5_var,mfcc6_mean,mfcc6_var,mfcc7_mean,mfcc7_var,mfcc8_mean,mfcc8_var,mfcc9_mean,mfcc9_var,mfcc10_mean,mfcc10_var,mfcc11_mean,mfcc11_var,mfcc12_mean,mfcc12_var,mfcc13_mean,mfcc13_var,mfcc14_mean,mfcc14_var,mfcc15_mean,mfcc15_var,mfcc16_mean,mfcc16_var,mfcc17_mean,mfcc17_var,mfcc18_mean,mfcc18_var,mfcc19_mean,mfcc19_var,mfcc20_mean,mfcc20_var
0.28324297,0.085260764,0.008042203,2.0927215e-05,792.9088884169765,14985.353999056884,1205.3041487217174,23992.240033237293,1207.4498010622099,102248.24680126074,0.036572756549690645,6.25994123776315e-05,-3.1818087e-07,7.6546356e-05,-1.4904414e-05,1.0018404e-06,123.046875,-498.6033,1806.7871,177.51414,139.12033,11.2123165,100.81763,27.632612,48.494762,-2.83633,66.678894,5.0898414,40.344425,-6.6001606,65.73504,-1.0522397,37.372463,-4.1396365,53.534355,-3.0476696,38.94558,-9.911628,43.222206,-8.576438,32.088417,-9.19357,32.180233,-11.933369,33.393326,-9.193133,29.616928,-10.895907,32.593483,-8.85239,40.26916,-3.9247425,44.243347,-2.387222,41.646378,-2.3032594,47.97786
