chroma_stft_mean,chroma_stft_var,rms_mean,rms_var,spectral_centroid_mean,spectral_centroid_var,spectral_bandwidth_mean,spectral_bandwidth_var,rolloff_mean,rolloff_var,zero_crossing_rate_mean,zero_crossing_rate_var,harmony_mean,harmony_var,perceptr_mean,perceptr_var,tempo,mfcc1_mean,mfcc1_var,mfcc2_mean,mfcc2_var,mfcc3_mean,mfcc3_var,mfcc4_mean,mfcc4_var,mfcc5_mean,mfcc5_var,mfcc6_mean,mfcc6_var,mfcc7_mean,mfcc7_var,mfcc8_mean,mfcc8_var,mfcc9_mean,mfcc9_var,mfcc10_mean,mfcc10_var,mfcc11_mean,mfcc11_var,mfcc12_mean,mfcc12_var,mfcc13_mean,mfcc13_var,mfcc14_mean,mfcc14_var,mfcc15_mean,mfcc15_var,mfcc16_mean,mfcc16_var,mfcc17_mean,mfcc17_var,mfcc18_mean,mfcc18_var,mfcc19_mean,mfcc19_var,mfcc20_mean,mfcc20_var
0.2778935,0.08373995,0.043827713,0.00019175388,1490.2748102133896,39023.8969607883,1600.005082119793,31236.962256679533,2785.4189135912125,274912.48029139213,0.09004578439191802,0.00039522713039377976,-1.7993858e-05,0.0016396258,-0.00013026508,9.1229e-05,99.38401442307692,-235.30266,854.2952,141.11952,197.94649,-34.68189,151.49007,30.97919,135.62515,-16.402012,50.821636,23.11808,81.74258,-11.041572,79.2129,7.6543603,59.207138,-19.016834,50.765457,4.2267823,77.78844,-11.8357525,60.0169,8.917746,67.45937,-1.4451483,99.53162,4.2909236,81.28231,1.4704618,95.07937,3.179141,85.04737,-1.3147044,77.01372,2.9452565,74.20227,-1.6585304,59.317345,-2.8946586,53.034893
