chroma_stft_mean,chroma_stft_var,rms_mean,rms_var,spectral_centroid_mean,spectral_centroid_var,spectral_bandwidth_mean,spectral_bandwidth_var,rolloff_mean,rolloff_var,zero_crossing_rate_mean,zero_crossing_rate_var,harmony_mean,harmony_var,perceptr_mean,perceptr_var,tempo,mfcc1_mean,mfcc1_var,mfcc2_mean,mfcc2_var,mfcc3_mean,mfcc3_var,mfcc4_mean,mfcc4_var,mfcc5_mean,mfcc5_var,mfcc6_mean,mfcc6_var,mfcc7_mean,mfcc7_var,mfcc8_mean,mfcc8_var,mfcc9_mean,mfcc9_var,mfcc10_mean,mfcc10_var,mfcc11_mean,mfcc11_var,mfcc12_mean,mfcc12_var,mfcc13_mean,mfcc13_var,mfcc14_mean,mfcc14_var,mfcc15_mean,mfcc15_var,mfcc16_mean,mfcc16_var,mfcc17_mean,mfcc17_var,mfcc18_mean,mfcc18_var,mfcc19_mean,mfcc19_var,mfcc20_mean,mfcc20_var
0.27937976,0.085607275,0.020713143,0.00020145052,1285.3702594238277,128618.0995994688,1660.3917435830515,72063.87676067931,2477.151043177204,462447.40427382657,0.06374241710170148,0.0008176006818983235,-0.00012328789,0.00055616925,-0.00010854009,1.1833914e-05,117.45383522727273,-360.83868,6760.78,138.97086,839.82733,-12.927215,200.7463,33.778614,83.52536,7.5961585,57.163216,-1.7088121,35.316875,1.0270189,37.673584,4.0721283,33.42779,3.938996,54.555668,0.94157815,98.481186,0.516648,175.84302,4.6864805,166.17422,3.336596,76.85982,-2.258434,63.16141,-1.8506907,74.45576,2.2213337,51.06534,1.7878124,63.84666,-1.5119549,55.337666,-3.2532809,76.665375,4.000858,101.71426
