chroma_stft_mean,chroma_stft_var,rms_mean,rms_var,spectral_centroid_mean,spectral_centroid_var,spectral_bandwidth_mean,spectral_bandwidth_var,rolloff_mean,rolloff_var,zero_crossing_rate_mean,zero_crossing_rate_var,harmony_mean,harmony_var,perceptr_mean,perceptr_var,tempo,mfcc1_mean,mfcc1_var,mfcc2_mean,mfcc2_var,mfcc3_mean,mfcc3_var,mfcc4_mean,mfcc4_var,mfcc5_mean,mfcc5_var,mfcc6_mean,mfcc6_var,mfcc7_mean,mfcc7_var,mfcc8_mean,mfcc8_var,mfcc9_mean,mfcc9_var,mfcc10_mean,mfcc10_var,mfcc11_mean,mfcc11_var,mfcc12_mean,mfcc12_var,mfcc13_mean,mfcc13_var,mfcc14_mean,mfcc14_var,mfcc15_mean,mfcc15_var,mfcc16_mean,mfcc16_var,mfcc17_mean,mfcc17_var,mfcc18_mean,mfcc18_var,mfcc19_mean,mfcc19_var,mfcc20_mean,mfcc20_var
0.2505497,0.08939208,0.019727545,0.00016785991,1396.7128037657276,87107.47472836959,1525.5363770465235,67330.01038425682,2652.764057062065,483826.7313257623,0.07262022368039443,0.0006095330623364314,-1.1494742e-05,0.00047392605,-6.1938485e-06,1.9990797e-05,112.34714673913044,-358.75812,5662.5996,129.07834,710.442,-30.378685,646.9088,19.878695,121.0603,-10.365978,206.92389,-0.649601,99.02012,-10.599927,126.8409,1.5427625,66.30539,-3.966615,123.904655,1.8717922,73.32018,-8.833108,75.74171,-7.169191,60.896667,-8.212051,66.19132,-5.9446435,75.09647,-0.11743277,82.30279,4.2815914,92.19475,8.969349,118.3018,12.804059,177.28697,14.700517,231.25314,11.517031,254.65
