chroma_stft_mean,chroma_stft_var,rms_mean,rms_var,spectral_centroid_mean,spectral_centroid_var,spectral_bandwidth_mean,spectral_bandwidth_var,rolloff_mean,rolloff_var,zero_crossing_rate_mean,zero_crossing_rate_var,harmony_mean,harmony_var,perceptr_mean,perceptr_var,tempo,mfcc1_mean,mfcc1_var,mfcc2_mean,mfcc2_var,mfcc3_mean,mfcc3_var,mfcc4_mean,mfcc4_var,mfcc5_mean,mfcc5_var,mfcc6_mean,mfcc6_var,mfcc7_mean,mfcc7_var,mfcc8_mean,mfcc8_var,mfcc9_mean,mfcc9_var,mfcc10_mean,mfcc10_var,mfcc11_mean,mfcc11_var,mfcc12_mean,mfcc12_var,mfcc13_mean,mfcc13_var,mfcc14_mean,mfcc14_var,mfcc15_mean,mfcc15_var,mfcc16_mean,mfcc16_var,mfcc17_mean,mfcc17_var,mfcc18_mean,mfcc18_var,mfcc19_mean,mfcc19_var,mfcc20_mean,mfcc20_var
0.19904521,0.08211141,0.012558122,0.0001921827,1118.450246121639,94876.08121128763,1945.015063714326,321464.50554986787,1875.6785523310614,1859075.8748737979,0.0422878752175174,0.0001541295608266771,-0.00096398266,0.00030823535,-0.00015601437,1.2967926e-05,117.45383522727273,-498.64725,4586.7183,145.66858,903.75543,46.470146,817.64716,15.258628,232.20525,3.0686219,93.27481,-0.8322841,86.188126,-5.2227077,81.464096,-6.210678,62.711437,-3.811383,74.40838,0.08911605,105.28678,2.7176886,86.96761,2.2169223,58.496246,0.24056238,75.28083,-0.46490213,59.587296,-0.87923175,44.422737,0.5838877,39.46241,3.2779336,54.558453,2.3057544,46.099625,-2.5643952,38.029587,-4.809985,49.426422
