chroma_stft_mean,chroma_stft_var,rms_mean,rms_var,spectral_centroid_mean,spectral_centroid_var,spectral_bandwidth_mean,spectral_bandwidth_var,rolloff_mean,rolloff_var,zero_crossing_rate_mean,zero_crossing_rate_var,harmony_mean,harmony_var,perceptr_mean,perceptr_var,tempo,mfcc1_mean,mfcc1_var,mfcc2_mean,mfcc2_var,mfcc3_mean,mfcc3_var,mfcc4_mean,mfcc4_var,mfcc5_mean,mfcc5_var,mfcc6_mean,mfcc6_var,mfcc7_mean,mfcc7_var,mfcc8_mean,mfcc8_var,mfcc9_mean,mfcc9_var,mfcc10_mean,mfcc10_var,mfcc11_mean,mfcc11_var,mfcc12_mean,mfcc12_var,mfcc13_mean,mfcc13_var,mfcc14_mean,mfcc14_var,mfcc15_mean,mfcc15_var,mfcc16_mean,mfcc16_var,mfcc17_mean,mfcc17_var,mfcc18_mean,mfcc18_var,mfcc19_mean,mfcc19_var,mfcc20_mean,mfcc20_var
0.2685064,0.08252864,0.043239165,0.0005844072,1431.080146867151,74061.06124480702,1558.0173769522353,39273.04130206334,2836.06274244127,305059.2072639608,0.07521004024071926,0.0006178057523201335,-2.6501248e-05,0.0019199359,-9.8247765e-05,0.00010774449,143.5546875,-264.33557,7371.559,138.1797,321.03143,-30.096487,147.68916,37.83662,178.13768,-7.1731234,95.4499,6.7740793,108.36918,-11.809729,73.81504,4.7056303,81.6296,-9.825993,63.123528,5.859127,93.531235,-9.563163,55.42708,2.6768575,85.86541,-4.7887125,72.231636,-1.4070551,80.480934,-2.0916638,86.88618,2.973293,77.67481,3.3565185,86.24633,4.810774,78.56477,1.757385,73.03015,-1.8323588,89.71669
