chroma_stft_mean,chroma_stft_var,rms_mean,rms_var,spectral_centroid_mean,spectral_centroid_var,spectral_bandwidth_mean,spectral_bandwidth_var,rolloff_mean,rolloff_var,zero_crossing_rate_mean,zero_crossing_rate_var,harmony_mean,harmony_var,perceptr_mean,perceptr_var,tempo,mfcc1_mean,mfcc1_var,mfcc2_mean,mfcc2_var,mfcc3_mean,mfcc3_var,mfcc4_mean,mfcc4_var,mfcc5_mean,mfcc5_var,mfcc6_mean,mfcc6_var,mfcc7_mean,mfcc7_var,mfcc8_mean,mfcc8_var,mfcc9_mean,mfcc9_var,mfcc10_mean,mfcc10_var,mfcc11_mean,mfcc11_var,mfcc12_mean,mfcc12_var,mfcc13_mean,mfcc13_var,mfcc14_mean,mfcc14_var,mfcc15_mean,mfcc15_var,mfcc16_mean,mfcc16_var,mfcc17_mean,mfcc17_var,mfcc18_mean,mfcc18_var,mfcc19_mean,mfcc19_var,mfcc20_mean,mfcc20_var
0.38145718,0.085766286,0.08052824,0.003169796,1527.645526264714,232397.09741962963,2079.667989385167,196188.42011244586,3220.8305240784634,1525371.2022445009,0.06010507872968266,0.0016020911563379623,-0.0005126256,0.0057164696,-0.0012919112,0.0011452119,135.99917763157896,-230.27237,28254.176,119.15338,1155.0316,-1.0512242,1083.2749,28.384487,95.97859,10.00878,138.40819,16.125824,74.14688,4.7939453,66.36472,6.192379,36.05937,0.95159584,34.03401,5.915187,40.89762,-1.1755238,55.36878,3.5739167,40.10729,-2.0996544,39.32734,-0.90729177,34.103886,-1.8530506,29.009455,-0.006134033,39.24841,-2.7977016,35.69533,2.3327787,41.128937,-1.4417098,66.38082,2.7387938,60.883205
