chroma_stft_mean,chroma_stft_var,rms_mean,rms_var,spectral_centroid_mean,spectral_centroid_var,spectral_bandwidth_mean,spectral_bandwidth_var,rolloff_mean,rolloff_var,zero_crossing_rate_mean,zero_crossing_rate_var,harmony_mean,harmony_var,perceptr_mean,perceptr_var,tempo,mfcc1_mean,mfcc1_var,mfcc2_mean,mfcc2_var,mfcc3_mean,mfcc3_var,mfcc4_mean,mfcc4_var,mfcc5_mean,mfcc5_var,mfcc6_mean,mfcc6_var,mfcc7_mean,mfcc7_var,mfcc8_mean,mfcc8_var,mfcc9_mean,mfcc9_var,mfcc10_mean,mfcc10_var,mfcc11_mean,mfcc11_var,mfcc12_mean,mfcc12_var,mfcc13_mean,mfcc13_var,mfcc14_mean,mfcc14_var,mfcc15_mean,mfcc15_var,mfcc16_mean,mfcc16_var,mfcc17_mean,mfcc17_var,mfcc18_mean,mfcc18_var,mfcc19_mean,mfcc19_var,mfcc20_mean,mfcc20_var
0.28996128,0.088782825,0.029083412,0.00033204327,1952.6079332127847,166130.2540626827,1865.9960468933257,22525.380285371444,3779.909832239704,447273.84605027473,0.12342262120552977,0.0022154472671569677,-0.0007298694,0.0009959511,-0.00038857746,4.111718e-05,95.703125,-287.6037,4983.1357,101.75817,305.2685,-35.345406,213.32509,41.28016,56.019726,-12.727131,128.4801,17.276148,53.540855,-13.967989,100.52651,16.304947,62.290916,-5.592962,75.235756,13.65411,83.899925,-8.788416,150.34724,-0.05309516,71.28799,-13.757536,128.41685,6.4763436,68.908844,6.7050653,129.85704,6.980088,59.87505,7.0220094,83.722435,8.37935,71.321175,-5.610407,61.345707,1.3776155,123.99493
