chroma_stft_mean,chroma_stft_var,rms_mean,rms_var,spectral_centroid_mean,spectral_centroid_var,spectral_bandwidth_mean,spectral_bandwidth_var,rolloff_mean,rolloff_var,zero_crossing_rate_mean,zero_crossing_rate_var,harmony_mean,harmony_var,perceptr_mean,perceptr_var,tempo,mfcc1_mean,mfcc1_var,mfcc2_mean,mfcc2_var,mfcc3_mean,mfcc3_var,mfcc4_mean,mfcc4_var,mfcc5_mean,mfcc5_var,mfcc6_mean,mfcc6_var,mfcc7_mean,mfcc7_var,mfcc8_mean,mfcc8_var,mfcc9_mean,mfcc9_var,mfcc10_mean,mfcc10_var,mfcc11_mean,mfcc11_var,mfcc12_mean,mfcc12_var,mfcc13_mean,mfcc13_var,mfcc14_mean,mfcc14_var,mfcc15_mean,mfcc15_var,mfcc16_mean,mfcc16_var,mfcc17_mean,mfcc17_var,mfcc18_mean,mfcc18_var,mfcc19_mean,mfcc19_var,mfcc20_mean,mfcc20_var
0.36881214,0.09042808,0.01398589,8.106985e-05,1423.5649269846945,106960.37454468351,1696.6981620701486,49171.74121309059,2926.2090908678942,492324.332460027,0.07011877356438515,0.001234615018059337,-0.0008590751,0.00024411542,-0.00042497762,4.9553046e-06,123.046875,-385.87155,9370.933,128.65533,409.05408,-26.71042,453.775,39.469887,116.605545,-2.1612148,173.36992,16.753073,60.737118,-5.728032,127.415565,14.715788,71.90449,-3.0880723,124.17243,12.3004465,81.700935,-5.8861976,100.6904,2.797903,93.0112,3.690245,115.77101,10.929424,72.48529,10.53869,67.13428,9.916324,73.02331,6.106343,45.847733,3.527052,44.173508,-3.323849,66.40745,-3.6731477,84.60216
