chroma_stft_mean,chroma_stft_var,rms_mean,rms_var,spectral_centroid_mean,spectral_centroid_var,spectral_bandwidth_mean,spectral_bandwidth_var,rolloff_mean,rolloff_var,zero_crossing_rate_mean,zero_crossing_rate_var,harmony_mean,harmony_var,perceptr_mean,perceptr_var,tempo,mfcc1_mean,mfcc1_var,mfcc2_mean,mfcc2_var,mfcc3_mean,mfcc3_var,mfcc4_mean,mfcc4_var,mfcc5_mean,mfcc5_var,mfcc6_mean,mfcc6_var,mfcc7_mean,mfcc7_var,mfcc8_mean,mfcc8_var,mfcc9_mean,mfcc9_var,mfcc10_mean,mfcc10_var,mfcc11_mean,mfcc11_var,mfcc12_mean,mfcc12_var,mfcc13_mean,mfcc13_var,mfcc14_mean,mfcc14_var,mfcc15_mean,mfcc15_var,mfcc16_mean,mfcc16_var,mfcc17_mean,mfcc17_var,mfcc18_mean,mfcc18_var,mfcc19_mean,mfcc19_var,mfcc20_mean,mfcc20_var
0.31202316,0.08150466,0.03149893,0.00035720848,1356.2906973182814,220700.3154380652,1495.0511816850062,165492.55176360774,2496.3027706279004,1054227.200146508,0.07683462333236658,0.001008743462306971,-1.7120063e-06,0.00073384953,-6.79394e-06,0.00018695653,99.38401442307692,-283.51343,5399.0845,159.5616,1286.635,-29.515244,164.56541,18.527405,101.159904,-9.859647,112.86976,-3.4256573,51.77708,-10.989011,44.1016,-9.791544,43.37023,-8.29952,35.57032,-4.2436934,43.237755,-2.8717248,53.98211,-5.970813,61.940685,-4.0241084,62.468193,-3.350324,54.771015,-3.398157,53.71841,-1.8631134,56.66333,-0.44908866,68.499405,1.9014163,56.33458,-0.11366266,58.9979,-2.81079,50.228283
