chroma_stft_mean,chroma_stft_var,rms_mean,rms_var,spectral_centroid_mean,spectral_centroid_var,spectral_bandwidth_mean,spectral_bandwidth_var,rolloff_mean,rolloff_var,zero_crossing_rate_mean,zero_crossing_rate_var,harmony_mean,harmony_var,perceptr_mean,perceptr_var,tempo,mfcc1_mean,mfcc1_var,mfcc2_mean,mfcc2_var,mfcc3_mean,mfcc3_var,mfcc4_mean,mfcc4_var,mfcc5_mean,mfcc5_var,mfcc6_mean,mfcc6_var,mfcc7_mean,mfcc7_var,mfcc8_mean,mfcc8_var,mfcc9_mean,mfcc9_var,mfcc10_mean,mfcc10_var,mfcc11_mean,mfcc11_var,mfcc12_mean,mfcc12_var,mfcc13_mean,mfcc13_var,mfcc14_mean,mfcc14_var,mfcc15_mean,mfcc15_var,mfcc16_mean,mfcc16_var,mfcc17_mean,mfcc17_var,mfcc18_mean,mfcc18_var,mfcc19_mean,mfcc19_var,mfcc20_mean,mfcc20_var
0.28601065,0.08429882,0.00796935,1.6649577e-05,1170.256219376788,48632.91427136962,1595.7242596609303,52723.9277903229,2360.475388812355,237709.6531296693,0.04948709698859242,0.00021770621715474258,0.00018038617,6.900377e-05,0.00017344509,1.5752445e-06,123.046875,-449.5513,4610.8945,151.49677,454.7486,-12.753423,132.90608,44.259808,45.60708,6.2501945,38.305,4.0544987,20.805113,-1.4762168,30.65865,-1.6236228,37.524086,-2.4865205,29.22711,-4.2856755,19.257015,-9.663299,21.979765,-1.3531814,25.443596,0.13567695,48.003185,3.7148323,107.2138,5.2865734,99.47513,1.2183981,38.958275,-2.2903373,47.490307,-4.114824,43.313686,-1.8152444,30.791824,1.2281772,42.06261
