chroma_stft_mean,chroma_stft_var,rms_mean,rms_var,spectral_centroid_mean,spectral_centroid_var,spectral_bandwidth_mean,spectral_bandwidth_var,rolloff_mean,rolloff_var,zero_crossing_rate_mean,zero_crossing_rate_var,harmony_mean,harmony_var,perceptr_mean,perceptr_var,tempo,mfcc1_mean,mfcc1_var,mfcc2_mean,mfcc2_var,mfcc3_mean,mfcc3_var,mfcc4_mean,mfcc4_var,mfcc5_mean,mfcc5_var,mfcc6_mean,mfcc6_var,mfcc7_mean,mfcc7_var,mfcc8_mean,mfcc8_var,mfcc9_mean,mfcc9_var,mfcc10_mean,mfcc10_var,mfcc11_mean,mfcc11_var,mfcc12_mean,mfcc12_var,mfcc13_mean,mfcc13_var,mfcc14_mean,mfcc14_var,mfcc15_mean,mfcc15_var,mfcc16_mean,mfcc16_var,mfcc17_mean,mfcc17_var,mfcc18_mean,mfcc18_var,mfcc19_mean,mfcc19_var,mfcc20_mean,mfcc20_var
0.23404847,0.083629444,0.031600047,0.0005945741,1279.515451953795,98367.11293706024,1370.605632524942,48816.41828515107,2389.161345798289,385748.6340921838,0.06845076251933488,0.0005001499420313561,-3.5743635e-06,0.0013139871,-1.0130081e-05,6.5319975e-05,143.5546875,-324.6393,5526.853,147.81375,690.9679,-31.926256,279.62262,27.40502,72.79979,-4.5023108,146.44838,-4.1688004,90.72078,-12.59746,89.91914,-5.1306887,70.01587,-7.7447653,66.71434,0.8444131,77.59526,-8.192252,65.16586,-0.8276445,99.40086,0.9923773,150.2031,3.6696348,113.00071,6.2068086,94.29501,4.7327385,89.02816,-0.016714098,87.89869,-2.316767,100.65178,2.2268493,100.84473,-0.5663226,123.80747
