chroma_stft_mean,chroma_stft_var,rms_mean,rms_var,spectral_centroid_mean,spectral_centroid_var,spectral_bandwidth_mean,spectral_bandwidth_var,rolloff_mean,rolloff_var,zero_crossing_rate_mean,zero_crossing_rate_var,harmony_mean,harmony_var,perceptr_mean,perceptr_var,tempo,mfcc1_mean,mfcc1_var,mfcc2_mean,mfcc2_var,mfcc3_mean,mfcc3_var,mfcc4_mean,mfcc4_var,mfcc5_mean,mfcc5_var,mfcc6_mean,mfcc6_var,mfcc7_mean,mfcc7_var,mfcc8_mean,mfcc8_var,mfcc9_mean,mfcc9_var,mfcc10_mean,mfcc10_var,mfcc11_mean,mfcc11_var,mfcc12_mean,mfcc12_var,mfcc13_mean,mfcc13_var,mfcc14_mean,mfcc14_var,mfcc15_mean,mfcc15_var,mfcc16_mean,mfcc16_var,mfcc17_mean,mfcc17_var,mfcc18_mean,mfcc18_var,mfcc19_mean,mfcc19_var,mfcc20_mean,mfcc20_var
0.28401977,0.09079156,0.0079903165,2.984444e-05,1185.144479134992,182690.4177424697,1525.2572656860052,83613.15890622696,2290.6215446454466,823951.986038445,0.057628894165699926,0.0010792507016681293,-5.8579385e-06,8.093124e-05,-1.0249434e-05,2.1198503e-06,123.046875,-475.8085,5816.5435,141.50447,1230.3239,-8.465948,471.64328,34.003716,66.30674,0.51044405,151.75533,6.037262,38.04837,0.0038526258,91.312035,9.544265,212.3967,2.1649945,134.0188,7.102437,128.70807,-8.052562,159.30962,-0.11562485,118.810715,0.76368,172.27452,3.8647203,148.91676,5.322202,79.68349,4.6679826,93.37216,6.857528,83.6136,5.392151,121.053604,1.0648949,103.51968,-6.4891334,123.066696
