chroma_stft_mean,chroma_stft_var,rms_mean,rms_var,spectral_centroid_mean,spectral_centroid_var,spectral_bandwidth_mean,spectral_bandwidth_var,rolloff_mean,rolloff_var,zero_crossing_rate_mean,zero_crossing_rate_var,harmony_mean,harmony_var,perceptr_mean,perceptr_var,tempo,mfcc1_mean,mfcc1_var,mfcc2_mean,mfcc2_var,mfcc3_mean,mfcc3_var,mfcc4_mean,mfcc4_var,mfcc5_mean,mfcc5_var,mfcc6_mean,mfcc6_var,mfcc7_mean,mfcc7_var,mfcc8_mean,mfcc8_var,mfcc9_mean,mfcc9_var,mfcc10_mean,mfcc10_var,mfcc11_mean,mfcc11_var,mfcc12_mean,mfcc12_var,mfcc13_mean,mfcc13_var,mfcc14_mean,mfcc14_var,mfcc15_mean,mfcc15_var,mfcc16_mean,mfcc16_var,mfcc17_mean,mfcc17_var,mfcc18_mean,mfcc18_var,mfcc19_mean,mfcc19_var,mfcc20_mean,mfcc20_var
0.23422065,0.083451055,0.029426444,0.00035649646,1526.6289318249862,91366.0048045934,1499.4620500848184,60193.72208612188,2916.150270537268,499622.14887508936,0.10894638498163187,0.0011608430409859437,-3.6155045e-05,0.0011638544,-0.00011839412,1.0128753e-05,135.99917763157896,-326.89743,3197.6777,127.400604,309.7781,-30.596176,462.4968,37.471397,127.375435,-5.2961755,131.09525,20.813564,116.73916,-1.7786855,72.687584,-4.6154566,100.32004,-4.0401983,93.01206,5.2422748,73.7559,-0.6424489,125.50998,2.7945673,173.09595,7.2292066,151.28099,3.9706953,113.176926,-2.3921702,154.95311,1.4881848,125.20925,0.5893415,111.4119,-0.59301853,151.70667,2.3430698,133.95055,2.6382527,210.39917
