chroma_stft_mean,chroma_stft_var,rms_mean,rms_var,spectral_centroid_mean,spectral_centroid_var,spectral_bandwidth_mean,spectral_bandwidth_var,rolloff_mean,rolloff_var,zero_crossing_rate_mean,zero_crossing_rate_var,harmony_mean,harmony_var,perceptr_mean,perceptr_var,tempo,mfcc1_mean,mfcc1_var,mfcc2_mean,mfcc2_var,mfcc3_mean,mfcc3_var,mfcc4_mean,mfcc4_var,mfcc5_mean,mfcc5_var,mfcc6_mean,mfcc6_var,mfcc7_mean,mfcc7_var,mfcc8_mean,mfcc8_var,mfcc9_mean,mfcc9_var,mfcc10_mean,mfcc10_var,mfcc11_mean,mfcc11_var,mfcc12_mean,mfcc12_var,mfcc13_mean,mfcc13_var,mfcc14_mean,mfcc14_var,mfcc15_mean,mfcc15_var,mfcc16_mean,mfcc16_var,mfcc17_mean,mfcc17_var,mfcc18_mean,mfcc18_var,mfcc19_mean,mfcc19_var,mfcc20_mean,mfcc20_var
0.3097406,0.07846714,0.0388853,0.0004058199,1525.7917091607942,211430.66586629782,1588.2178499718073,199220.4836716125,2733.1846586789443,965092.2568677196,0.09158955372679814,0.0008497901781366547,-1.7340031e-06,0.001152349,-7.291224e-06,0.00020025796,107.666015625,-246.15865,5847.7803,149.42867,1478.3281,-41.988865,240.75502,11.606256,97.338036,-10.289648,61.12198,-4.0193577,57.102207,-7.1368546,45.807854,-10.135562,68.00826,-9.420322,63.52536,-7.171843,61.70959,-3.1583676,77.786316,-5.640657,61.42522,-2.5862958,94.02962,-4.517968,43.947643,-6.15867,34.23242,-4.9699883,30.35027,-3.3515995,38.710415,-3.3474395,44.91791,-0.67422456,51.05114,0.22038992,79.08541
