chroma_stft_mean,chroma_stft_var,rms_mean,rms_var,spectral_centroid_mean,spectral_centroid_var,spectral_bandwidth_mean,spectral_bandwidth_var,rolloff_mean,rolloff_var,zero_crossing_rate_mean,zero_crossing_rate_var,harmony_mean,harmony_var,perceptr_mean,perceptr_var,tempo,mfcc1_mean,mfcc1_var,mfcc2_mean,mfcc2_var,mfcc3_mean,mfcc3_var,mfcc4_mean,mfcc4_var,mfcc5_mean,mfcc5_var,mfcc6_mean,mfcc6_var,mfcc7_mean,mfcc7_var,mfcc8_mean,mfcc8_var,mfcc9_mean,mfcc9_var,mfcc10_mean,mfcc10_var,mfcc11_mean,mfcc11_var,mfcc12_mean,mfcc12_var,mfcc13_mean,mfcc13_var,mfcc14_mean,mfcc14_var,mfcc15_mean,mfcc15_var,mfcc16_mean,mfcc16_var,mfcc17_mean,mfcc17_var,mfcc18_mean,mfcc18_var,mfcc19_mean,mfcc19_var,mfcc20_mean,mfcc20_var
0.24493822,0.08410964,0.021483667,7.8164754e-05,950.1801498031009,80312.85341883569,1112.634431739494,62403.71923829317,1697.3176818989268,416013.82478962606,0.06075721734822119,0.00039512634552291446,-3.7352388e-06,0.0004971071,-9.905434e-06,5.7217594e-06,151.99908088235293,-385.35327,1543.18,177.20355,671.6305,-9.33685,184.47939,24.37912,142.82278,5.7992835,64.32398,-4.5660625,76.23591,-6.359218,51.325745,-6.949474,51.01004,-4.122529,56.04678,3.8736925,97.336,-0.33930987,110.4583,-0.93730885,51.32259,-3.6557696,93.563965,-2.085358,77.67448,3.6453397,63.688854,0.72044677,44.71335,-1.2326813,58.30237,-0.73485506,57.356903,2.8068602,111.70784,1.5366434,69.33358
