chroma_stft_mean,chroma_stft_var,rms_mean,rms_var,spectral_centroid_mean,spectral_centroid_var,spectral_bandwidth_mean,spectral_bandwidth_var,rolloff_mean,rolloff_var,zero_crossing_rate_mean,zero_crossing_rate_var,harmony_mean,harmony_var,perceptr_mean,perceptr_var,tempo,mfcc1_mean,mfcc1_var,mfcc2_mean,mfcc2_var,mfcc3_mean,mfcc3_var,mfcc4_mean,mfcc4_var,mfcc5_mean,mfcc5_var,mfcc6_mean,mfcc6_var,mfcc7_mean,mfcc7_var,mfcc8_mean,mfcc8_var,mfcc9_mean,mfcc9_var,mfcc10_mean,mfcc10_var,mfcc11_mean,mfcc11_var,mfcc12_mean,mfcc12_var,mfcc13_mean,mfcc13_var,mfcc14_mean,mfcc14_var,mfcc15_mean,mfcc15_var,mfcc16_mean,mfcc16_var,mfcc17_mean,mfcc17_var,mfcc18_mean,mfcc18_var,mfcc19_mean,mfcc19_var,mfcc20_mean,mfcc20_var
0.29294565,0.082848474,0.05696003,0.0007861745,1933.7503480662401,192409.4692658769,1740.4389584430214,27370.759074772235,3574.5866602921983,455744.20331513503,0.11757193179621037,0.0023846903813480183,-0.0007176908,0.0030133622,-0.0006986515,0.00029928694,135.99917763157896,-203.65866,3762.8206,111.14665,952.2097,-51.54852,173.7359,39.4677,65.350334,-10.575403,130.36093,11.908858,64.05153,-13.1665745,97.234856,15.140764,108.1178,-7.2812214,72.466515,13.376247,115.39797,-7.3036685,67.22681,3.8474364,109.54958,-3.7815683,87.752045,5.301976,75.85872,4.094898,71.985954,6.644152,49.17082,2.9907703,39.964146,3.548755,52.967632,-3.3496606,87.15341,-3.6861598,108.19263
