chroma_stft_mean,chroma_stft_var,rms_mean,rms_var,spectral_centroid_mean,spectral_centroid_var,spectral_bandwidth_mean,spectral_bandwidth_var,rolloff_mean,rolloff_var,zero_crossing_rate_mean,zero_crossing_rate_var,harmony_mean,harmony_var,perceptr_mean,perceptr_var,tempo,mfcc1_mean,mfcc1_var,mfcc2_mean,mfcc2_var,mfcc3_mean,mfcc3_var,mfcc4_mean,mfcc4_var,mfcc5_mean,mfcc5_var,mfcc6_mean,mfcc6_var,mfcc7_mean,mfcc7_var,mfcc8_mean,mfcc8_var,mfcc9_mean,mfcc9_var,mfcc10_mean,mfcc10_var,mfcc11_mean,mfcc11_var,mfcc12_mean,mfcc12_var,mfcc13_mean,mfcc13_var,mfcc14_mean,mfcc14_var,mfcc15_mean,mfcc15_var,mfcc16_mean,mfcc16_var,mfcc17_mean,mfcc17_var,mfcc18_mean,mfcc18_var,mfcc19_mean,mfcc19_var,mfcc20_mean,mfcc20_var
0.2825774,0.08269894,0.06912917,0.0012852057,1551.3608602773115,123162.84947785673,1651.3849045281731,69175.33564177995,2841.008884226363,438130.05619998305,0.093266250362529,0.0009096002336501873,-0.00064986607,0.004202327,-0.00059238484,0.000492942,117.45383522727273,-197.22751,5628.5024,137.38995,607.1538,-34.15922,417.34436,25.363323,86.029495,-5.2644143,46.010635,-2.7768812,43.07015,-9.50855,36.250435,-7.613304,39.48296,-7.647625,48.50935,-5.667732,42.21452,-4.3843036,52.321205,-5.4243526,50.679222,-3.5282187,48.07135,-5.6571836,34.70614,-1.8996494,37.29439,-2.8816411,34.083534,-3.4791713,34.86775,-4.0269103,48.379547,-7.304032,57.24816,-4.191021,108.35004
