chroma_stft_mean,chroma_stft_var,rms_mean,rms_var,spectral_centroid_mean,spectral_centroid_var,spectral_bandwidth_mean,spectral_bandwidth_var,rolloff_mean,rolloff_var,zero_crossing_rate_mean,zero_crossing_rate_var,harmony_mean,harmony_var,perceptr_mean,perceptr_var,tempo,mfcc1_mean,mfcc1_var,mfcc2_mean,mfcc2_var,mfcc3_mean,mfcc3_var,mfcc4_mean,mfcc4_var,mfcc5_mean,mfcc5_var,mfcc6_mean,mfcc6_var,mfcc7_mean,mfcc7_var,mfcc8_mean,mfcc8_var,mfcc9_mean,mfcc9_var,mfcc10_mean,mfcc10_var,mfcc11_mean,mfcc11_var,mfcc12_mean,mfcc12_var,mfcc13_mean,mfcc13_var,mfcc14_mean,mfcc14_var,mfcc15_mean,mfcc15_var,mfcc16_mean,mfcc16_var,mfcc17_mean,mfcc17_var,mfcc18_mean,mfcc18_var,mfcc19_mean,mfcc19_var,mfcc20_mean,mfcc20_var
0.26560688,0.087771915,0.029991465,0.00012357159,1137.8827996451196,33647.78592704612,1480.5104233029067,63419.70017542889,1821.3126268851508,220230.64385500137,0.08184394334880124,0.0006910638544427194,-0.00084531435,0.0009636443,-0.0003513678,7.1923373e-06,129.19921875,-349.94827,1757.3241,161.8574,335.8134,-3.3694623,269.2917,14.163237,75.83499,5.731614,56.298935,3.507077,57.20888,2.9739192,56.819622,-7.0916595,72.857864,-7.915771,95.69977,-0.36118293,164.51344,2.8649027,103.0066,-2.4754703,97.25002,-6.782114,142.67015,-8.829841,83.34357,-6.667609,93.219604,-4.9043784,84.21563,0.108544394,94.011154,4.2574234,142.64082,5.0810494,80.80079,2.6007574,137.2319
