chroma_stft_mean,chroma_stft_var,rms_mean,rms_var,spectral_centroid_mean,spectral_centroid_var,spectral_bandwidth_mean,spectral_bandwidth_var,rolloff_mean,rolloff_var,zero_crossing_rate_mean,zero_crossing_rate_var,harmony_mean,harmony_var,perceptr_mean,perceptr_var,tempo,mfcc1_mean,mfcc1_var,mfcc2_mean,mfcc2_var,mfcc3_mean,mfcc3_var,mfcc4_mean,mfcc4_var,mfcc5_mean,mfcc5_var,mfcc6_mean,mfcc6_var,mfcc7_mean,mfcc7_var,mfcc8_mean,mfcc8_var,mfcc9_mean,mfcc9_var,mfcc10_mean,mfcc10_var,mfcc11_mean,mfcc11_var,mfcc12_mean,mfcc12_var,mfcc13_mean,mfcc13_var,mfcc14_mean,mfcc14_var,mfcc15_mean,mfcc15_var,mfcc16_mean,mfcc16_var,mfcc17_mean,mfcc17_var,mfcc18_mean,mfcc18_var,mfcc19_mean,mfcc19_var,mfcc20_mean,mfcc20_var
0.26036572,0.084057726,0.058806058,0.0014099984,1340.8675515904304,71827.54064993736,1539.443167821855,49908.65576658002,2523.0652280307427,260112.61259933663,0.07174562246229699,0.0005150535622814755,-5.126207e-05,0.0041328142,-0.00010396982,0.00014900825,117.45383522727273,-238.74171,5491.54,149.72977,567.4396,-28.855423,175.76004,28.25653,79.228584,-0.80010945,64.482864,-3.9364913,29.918062,-2.1363714,32.913918,-4.325534,29.311098,-4.18362,32.91314,-3.438125,34.417114,-5.753285,54.373085,-0.09010243,85.310074,2.5456483,99.347336,0.6913521,70.9939,0.058995035,71.984344,1.6971146,43.02899,0.65996087,40.169167,1.4763628,61.40055,-1.8393981,71.74093,-6.2603865,83.52354
