chroma_stft_mean,chroma_stft_var,rms_mean,rms_var,spectral_centroid_mean,spectral_centroid_var,spectral_bandwidth_mean,spectral_bandwidth_var,rolloff_mean,rolloff_var,zero_crossing_rate_mean,zero_crossing_rate_var,harmony_mean,harmony_var,perceptr_mean,perceptr_var,tempo,mfcc1_mean,mfcc1_var,mfcc2_mean,mfcc2_var,mfcc3_mean,mfcc3_var,mfcc4_mean,mfcc4_var,mfcc5_mean,mfcc5_var,mfcc6_mean,mfcc6_var,mfcc7_mean,mfcc7_var,mfcc8_mean,mfcc8_var,mfcc9_mean,mfcc9_var,mfcc10_mean,mfcc10_var,mfcc11_mean,mfcc11_var,mfcc12_mean,mfcc12_var,mfcc13_mean,mfcc13_var,mfcc14_mean,mfcc14_var,mfcc15_mean,mfcc15_var,mfcc16_mean,mfcc16_var,mfcc17_mean,mfcc17_var,mfcc18_mean,mfcc18_var,mfcc19_mean,mfcc19_var,mfcc20_mean,mfcc20_var
0.2522556,0.08601968,0.017921153,4.4761175e-05,1181.884073002171,114935.11461015395,1412.491700634388,97035.79317339038,2033.66365012326,570186.3934835031,0.0717101248308198,0.0005432708441789496,0.00018097789,0.00033626508,6.1685496e-05,4.425912e-06,129.19921875,-402.20825,2900.0005,153.97675,1290.6167,-15.228629,321.37134,15.294281,200.41339,-3.0716236,139.32404,-3.1837268,136.51025,-9.759971,168.06392,-17.305773,147.7824,-12.305009,135.79897,-7.9180746,173.5932,-7.099395,126.12957,-0.29572114,133.3392,1.5226654,122.39265,-1.460327,105.58041,-1.7256626,134.3296,1.8572627,61.887657,5.023853,110.85408,-0.75402707,108.32484,-0.13914411,137.76387,-2.8488662,226.46866
