chroma_stft_mean,chroma_stft_var,rms_mean,rms_var,spectral_centroid_mean,spectral_centroid_var,spectral_bandwidth_mean,spectral_bandwidth_var,rolloff_mean,rolloff_var,zero_crossing_rate_mean,zero_crossing_rate_var,harmony_mean,harmony_var,perceptr_mean,perceptr_var,tempo,mfcc1_mean,mfcc1_var,mfcc2_mean,mfcc2_var,mfcc3_mean,mfcc3_var,mfcc4_mean,mfcc4_var,mfcc5_mean,mfcc5_var,mfcc6_mean,mfcc6_var,mfcc7_mean,mfcc7_var,mfcc8_mean,mfcc8_var,mfcc9_mean,mfcc9_var,mfcc10_mean,mfcc10_var,mfcc11_mean,mfcc11_var,mfcc12_mean,mfcc12_var,mfcc13_mean,mfcc13_var,mfcc14_mean,mfcc14_var,mfcc15_mean,mfcc15_var,mfcc16_mean,mfcc16_var,mfcc17_mean,mfcc17_var,mfcc18_mean,mfcc18_var,mfcc19_mean,mfcc19_var,mfcc20_mean,mfcc20_var
0.25473845,0.08422005,0.03403312,0.0004598889,1516.848913603582,80412.81095668122,1629.4627805933985,36075.236635237845,2974.3215609592517,308212.0642415699,0.07877792983855375,0.0006539050831439084,-3.574753e-05,0.0014187811,-7.940853e-05,3.569195e-05,135.99917763157896,-292.093,4867.0347,127.76223,252.69746,-29.910952,201.96497,37.434177,85.85785,-9.569949,112.58077,5.109292,77.41207,-13.825463,84.465256,7.040886,61.50833,-7.0332546,93.65803,6.498645,97.11915,-9.904662,119.5516,4.711042,122.62164,0.3650689,164.89038,1.4664494,148.43431,3.4063017,152.53632,6.0794387,143.22926,0.95659983,142.14796,-0.7607291,94.01976,-2.102644,121.9411,0.75534767,104.20616
