chroma_stft_mean,chroma_stft_var,rms_mean,rms_var,spectral_centroid_mean,spectral_centroid_var,spectral_bandwidth_mean,spectral_bandwidth_var,rolloff_mean,rolloff_var,zero_crossing_rate_mean,zero_crossing_rate_var,harmony_mean,harmony_var,perceptr_mean,perceptr_var,tempo,mfcc1_mean,mfcc1_var,mfcc2_mean,mfcc2_var,mfcc3_mean,mfcc3_var,mfcc4_mean,mfcc4_var,mfcc5_mean,mfcc5_var,mfcc6_mean,mfcc6_var,mfcc7_mean,mfcc7_var,mfcc8_mean,mfcc8_var,mfcc9_mean,mfcc9_var,mfcc10_mean,mfcc10_var,mfcc11_mean,mfcc11_var,mfcc12_mean,mfcc12_var,mfcc13_mean,mfcc13_var,mfcc14_mean,mfcc14_var,mfcc15_mean,mfcc15_var,mfcc16_mean,mfcc16_var,mfcc17_mean,mfcc17_var,mfcc18_mean,mfcc18_var,mfcc19_mean,mfcc19_var,mfcc20_mean,mfcc20_var
0.21497735,0.08501055,0.030609844,0.00016107279,1361.006486221469,61987.10055686518,1441.7399507883874,32687.848034836334,2389.011462713892,371106.56054759945,0.08776562802107502,0.0006296791897660804,-5.0763687e-05,0.0010470031,-9.023005e-05,8.326913e-06,117.45383522727273,-324.09125,979.1932,133.56267,334.83704,-25.030157,186.74213,24.55361,151.79381,-11.939921,130.00177,17.658503,139.34486,-5.5186734,122.71082,1.7168901,82.22953,-10.575925,76.705734,-0.86057466,82.283394,-7.80522,98.36383,3.5297625,117.64855,5.0546646,192.91441,1.3707236,156.38998,3.0050097,163.41847,-3.1251519,158.62508,-4.2895784,75.69735,0.5940247,134.63237,2.8770373,153.62086,0.37455836,123.75886
