chroma_stft_mean,chroma_stft_var,rms_mean,rms_var,spectral_centroid_mean,spectral_centroid_var,spectral_bandwidth_mean,spectral_bandwidth_var,rolloff_mean,rolloff_var,zero_crossing_rate_mean,zero_crossing_rate_var,harmony_mean,harmony_var,perceptr_mean,perceptr_var,tempo,mfcc1_mean,mfcc1_var,mfcc2_mean,mfcc2_var,mfcc3_mean,mfcc3_var,mfcc4_mean,mfcc4_var,mfcc5_mean,mfcc5_var,mfcc6_mean,mfcc6_var,mfcc7_mean,mfcc7_var,mfcc8_mean,mfcc8_var,mfcc9_mean,mfcc9_var,mfcc10_mean,mfcc10_var,mfcc11_mean,mfcc11_var,mfcc12_mean,mfcc12_var,mfcc13_mean,mfcc13_var,mfcc14_mean,mfcc14_var,mfcc15_mean,mfcc15_var,mfcc16_mean,mfcc16_var,mfcc17_mean,mfcc17_var,mfcc18_mean,mfcc18_var,mfcc19_mean,mfcc19_var,mfcc20_mean,mfcc20_var
0.29461083,0.088108346,0.04432254,0.0010924462,1279.4808753417974,92321.0312725746,1339.1274687059474,49447.203665716144,2378.020036524797,355874.2398678977,0.07583880147911833,0.0007509861371003806,0.00013510359,0.0022629534,7.375926e-05,0.00026236637,112.34714673913044,-275.9678,6583.6626,146.32536,487.6432,-36.601395,376.7736,24.209837,257.866,-2.5517092,165.2274,-2.155176,89.06063,-13.30885,94.71155,-6.500922,79.42693,-9.406593,72.23535,-3.1215193,60.509476,-11.546325,66.87829,-4.1899295,62.880775,-1.6999396,108.371254,-1.5386689,69.974785,-3.2080784,72.26941,-1.7669358,50.951782,-2.253068,59.056984,-3.546489,51.423615,-2.992176,89.27168,-3.2846997,97.682816
