chroma_stft_mean,chroma_stft_var,rms_mean,rms_var,spectral_centroid_mean,spectral_centroid_var,spectral_bandwidth_mean,spectral_bandwidth_var,rolloff_mean,rolloff_var,zero_crossing_rate_mean,zero_crossing_rate_var,harmony_mean,harmony_var,perceptr_mean,perceptr_var,tempo,mfcc1_mean,mfcc1_var,mfcc2_mean,mfcc2_var,mfcc3_mean,mfcc3_var,mfcc4_mean,mfcc4_var,mfcc5_mean,mfcc5_var,mfcc6_mean,mfcc6_var,mfcc7_mean,mfcc7_var,mfcc8_mean,mfcc8_var,mfcc9_mean,mfcc9_var,mfcc10_mean,mfcc10_var,mfcc11_mean,mfcc11_var,mfcc12_mean,mfcc12_var,mfcc13_mean,mfcc13_var,mfcc14_mean,mfcc14_var,mfcc15_mean,mfcc15_var,mfcc16_mean,mfcc16_var,mfcc17_mean,mfcc17_var,mfcc18_mean,mfcc18_var,mfcc19_mean,mfcc19_var,mfcc20_mean,mfcc20_var
0.25327945,0.08418874,0.06666443,0.0005585373,1253.0323992049648,57956.17606693437,1371.258169614429,46808.77754343438,2292.7698688551336,277263.89918386965,0.07162893343967518,0.0003184489565647931,-9.428108e-07,0.004023472,-1.4654458e-05,0.00021276299,151.99908088235293,-223.18733,1954.464,163.25397,322.3222,-34.412884,60.312943,24.186995,63.668118,-10.303666,84.482506,3.2221324,71.17654,-12.889323,57.90454,0.80370414,74.7653,-14.28119,63.898964,1.6788578,85.1382,-10.140899,62.89766,0.23151693,80.16579,-4.558466,68.34547,0.10235383,64.749435,-2.8588448,55.518803,1.3568622,40.34546,-0.3334576,42.989048,-1.0612148,69.898735,-1.0977973,84.554054,-8.051071,101.935265
