chroma_stft_mean,chroma_stft_var,rms_mean,rms_var,spectral_centroid_mean,spectral_centroid_var,spectral_bandwidth_mean,spectral_bandwidth_var,rolloff_mean,rolloff_var,zero_crossing_rate_mean,zero_crossing_rate_var,harmony_mean,harmony_var,perceptr_mean,perceptr_var,tempo,mfcc1_mean,mfcc1_var,mfcc2_mean,mfcc2_var,mfcc3_mean,mfcc3_var,mfcc4_mean,mfcc4_var,mfcc5_mean,mfcc5_var,mfcc6_mean,mfcc6_var,mfcc7_mean,mfcc7_var,mfcc8_mean,mfcc8_var,mfcc9_mean,mfcc9_var,mfcc10_mean,mfcc10_var,mfcc11_mean,mfcc11_var,mfcc12_mean,mfcc12_var,mfcc13_mean,mfcc13_var,mfcc14_mean,mfcc14_var,mfcc15_mean,mfcc15_var,mfcc16_mean,mfcc16_var,mfcc17_mean,mfcc17_var,mfcc18_mean,mfcc18_var,mfcc19_mean,mfcc19_var,mfcc20_mean,mfcc20_var
0.21940403,0.08624722,0.02384028,0.000107499814,2172.3382154638084,132871.8760677123,1883.4673596592563,41778.30199917711,4066.8943046693735,507659.0624762286,0.15196460508507348,0.0019560709178971557,-0.00091670617,0.00064126414,-0.00021238283,6.683123e-06,117.45383522727273,-326.38028,1256.2897,85.908844,337.676,-42.970146,170.66304,31.839684,66.89911,-19.570826,81.04193,9.9973955,52.37999,-16.449766,56.561714,9.995579,54.881332,-8.598667,81.33939,25.513878,165.69382,6.546204,128.01866,16.401815,172.89365,3.4843886,194.05553,9.598671,130.7353,5.937053,162.78564,9.294365,120.91922,9.968022,92.11047,9.20301,105.86463,2.796967,125.677956,-5.387142,210.63974
