chroma_stft_mean,chroma_stft_var,rms_mean,rms_var,spectral_centroid_mean,spectral_centroid_var,spectral_bandwidth_mean,spectral_bandwidth_var,rolloff_mean,rolloff_var,zero_crossing_rate_mean,zero_crossing_rate_var,harmony_mean,harmony_var,perceptr_mean,perceptr_var,tempo,mfcc1_mean,mfcc1_var,mfcc2_mean,mfcc2_var,mfcc3_mean,mfcc3_var,mfcc4_mean,mfcc4_var,mfcc5_mean,mfcc5_var,mfcc6_mean,mfcc6_var,mfcc7_mean,mfcc7_var,mfcc8_mean,mfcc8_var,mfcc9_mean,mfcc9_var,mfcc10_mean,mfcc10_var,mfcc11_mean,mfcc11_var,mfcc12_mean,mfcc12_var,mfcc13_mean,mfcc13_var,mfcc14_mean,mfcc14_var,mfcc15_mean,mfcc15_var,mfcc16_mean,mfcc16_var,mfcc17_mean,mfcc17_var,mfcc18_mean,mfcc18_var,mfcc19_mean,mfcc19_var,mfcc20_mean,mfcc20_var
0.48007512,0.07981004,0.1152983,0.0019268938,2807.8057561673,258391.33970762478,2407.4894835302443,43895.321941338254,5673.857467191126,632487.9467230642,0.15372966816511988,0.002991077650510528,-0.0011435803,0.0065066246,-0.0028021703,0.0033783452,86.1328125,-78.647804,4100.969,80.88358,364.1231,-24.585787,219.02185,47.030445,135.26843,-23.746134,100.977264,27.425705,71.27369,-17.417694,87.73757,22.277847,73.80428,-13.530479,51.2477,21.572742,78.82897,-11.101341,53.45561,15.585338,38.007122,-9.702447,54.148987,10.518509,35.704643,-8.840231,34.42881,6.216416,33.43739,-4.764489,35.48562,4.530611,24.498554,-3.4233675,34.26278,3.1702108,29.728964
