chroma_stft_mean,chroma_stft_var,rms_mean,rms_var,spectral_centroid_mean,spectral_centroid_var,spectral_bandwidth_mean,spectral_bandwidth_var,rolloff_mean,rolloff_var,zero_crossing_rate_mean,zero_crossing_rate_var,harmony_mean,harmony_var,perceptr_mean,perceptr_var,tempo,mfcc1_mean,mfcc1_var,mfcc2_mean,mfcc2_var,mfcc3_mean,mfcc3_var,mfcc4_mean,mfcc4_var,mfcc5_mean,mfcc5_var,mfcc6_mean,mfcc6_var,mfcc7_mean,mfcc7_var,mfcc8_mean,mfcc8_var,mfcc9_mean,mfcc9_var,mfcc10_mean,mfcc10_var,mfcc11_mean,mfcc11_var,mfcc12_mean,mfcc12_var,mfcc13_mean,mfcc13_var,mfcc14_mean,mfcc14_var,mfcc15_mean,mfcc15_var,mfcc16_mean,mfcc16_var,mfcc17_mean,mfcc17_var,mfcc18_mean,mfcc18_var,mfcc19_mean,mfcc19_var,mfcc20_mean,mfcc20_var
0.48464173,0.072820246,0.13815899,0.00050951657,2870.915156290069,62571.91951285634,2126.853907874827,22563.849714435175,5186.379388866734,101958.44354141338,0.1981458907337587,0.0018678793331820375,-0.0041669793,0.008886669,-0.004492899,0.0035572879,129.19921875,-61.545593,536.75256,71.761055,143.64426,-46.299236,100.66382,75.412506,85.93406,-18.5159,48.551777,35.931072,46.253136,-12.677866,34.051327,28.369661,27.67267,-9.348156,45.913017,14.502804,40.288113,-4.2636037,50.085236,11.863775,34.943336,-16.02711,48.884724,12.1072,75.93903,-16.07643,35.616806,2.3597503,31.85059,-8.118026,52.82433,-1.4418681,30.385307,-0.9440648,48.318985,0.8127685,42.134346
