chroma_stft_mean,chroma_stft_var,rms_mean,rms_var,spectral_centroid_mean,spectral_centroid_var,spectral_bandwidth_mean,spectral_bandwidth_var,rolloff_mean,rolloff_var,zero_crossing_rate_mean,zero_crossing_rate_var,harmony_mean,harmony_var,perceptr_mean,perceptr_var,tempo,mfcc1_mean,mfcc1_var,mfcc2_mean,mfcc2_var,mfcc3_mean,mfcc3_var,mfcc4_mean,mfcc4_var,mfcc5_mean,mfcc5_var,mfcc6_mean,mfcc6_var,mfcc7_mean,mfcc7_var,mfcc8_mean,mfcc8_var,mfcc9_mean,mfcc9_var,mfcc10_mean,mfcc10_var,mfcc11_mean,mfcc11_var,mfcc12_mean,mfcc12_var,mfcc13_mean,mfcc13_var,mfcc14_mean,mfcc14_var,mfcc15_mean,mfcc15_var,mfcc16_mean,mfcc16_var,mfcc17_mean,mfcc17_var,mfcc18_mean,mfcc18_var,mfcc19_mean,mfcc19_var,mfcc20_mean,mfcc20_var
0.46976364,0.073280156,0.095366985,0.000589221,2760.0463294776237,214048.12841437027,2242.641755824688,76983.35239649964,5259.580621918503,972106.549666744,0.17120583188321734,0.0016644507257366366,-0.0015412288,0.0038824703,-0.0023113657,0.002462813,117.45383522727273,-86.23198,883.942,76.77148,385.94455,-42.36282,286.65845,53.992195,96.794945,-8.330779,77.054016,29.406782,83.05031,-7.8969398,101.99772,26.659845,55.976555,-14.230666,79.503204,18.45901,45.562923,-17.954203,41.06847,9.866014,32.75976,-19.030064,37.95537,6.4777346,50.583553,-8.350163,44.347294,4.8721023,35.93246,-11.783129,49.324863,1.6611496,37.71089,-10.603472,38.99626,-3.778469,36.187263
