chroma_stft_mean,chroma_stft_var,rms_mean,rms_var,spectral_centroid_mean,spectral_centroid_var,spectral_bandwidth_mean,spectral_bandwidth_var,rolloff_mean,rolloff_var,zero_crossing_rate_mean,zero_crossing_rate_var,harmony_mean,harmony_var,perceptr_mean,perceptr_var,tempo,mfcc1_mean,mfcc1_var,mfcc2_mean,mfcc2_var,mfcc3_mean,mfcc3_var,mfcc4_mean,mfcc4_var,mfcc5_mean,mfcc5_var,mfcc6_mean,mfcc6_var,mfcc7_mean,mfcc7_var,mfcc8_mean,mfcc8_var,mfcc9_mean,mfcc9_var,mfcc10_mean,mfcc10_var,mfcc11_mean,mfcc11_var,mfcc12_mean,mfcc12_var,mfcc13_mean,mfcc13_var,mfcc14_mean,mfcc14_var,mfcc15_mean,mfcc15_var,mfcc16_mean,mfcc16_var,mfcc17_mean,mfcc17_var,mfcc18_mean,mfcc18_var,mfcc19_mean,mfcc19_var,mfcc20_mean,mfcc20_var
0.6362599,0.044571154,0.0862796,0.0001546632,3047.617764168932,116235.4702069633,2303.53262803851,18300.656381863784,5735.609297962587,296018.5334250398,0.20352264899941996,0.0013770565637093214,-1.328774e-06,0.002991427,-5.407382e-05,0.001653765,135.99917763157896,-84.9103,956.8719,64.6441,233.36133,-36.324474,120.12685,65.36853,149.38684,-13.865839,67.35978,22.854403,58.525124,-15.553912,77.407486,36.28621,60.69548,-13.659294,43.54457,21.254707,40.48749,-9.240201,31.41448,19.162218,26.906353,-10.595865,27.954195,12.313643,26.441784,-9.781299,20.988955,10.54769,23.07958,-9.899094,24.3814,5.0463266,18.589746,-5.3411255,18.804585,3.790612,18.379665
