chroma_stft_mean,chroma_stft_var,rms_mean,rms_var,spectral_centroid_mean,spectral_centroid_var,spectral_bandwidth_mean,spectral_bandwidth_var,rolloff_mean,rolloff_var,zero_crossing_rate_mean,zero_crossing_rate_var,harmony_mean,harmony_var,perceptr_mean,perceptr_var,tempo,mfcc1_mean,mfcc1_var,mfcc2_mean,mfcc2_var,mfcc3_mean,mfcc3_var,mfcc4_mean,mfcc4_var,mfcc5_mean,mfcc5_var,mfcc6_mean,mfcc6_var,mfcc7_mean,mfcc7_var,mfcc8_mean,mfcc8_var,mfcc9_mean,mfcc9_var,mfcc10_mean,mfcc10_var,mfcc11_mean,mfcc11_var,mfcc12_mean,mfcc12_var,mfcc13_mean,mfcc13_var,mfcc14_mean,mfcc14_var,mfcc15_mean,mfcc15_var,mfcc16_mean,mfcc16_var,mfcc17_mean,mfcc17_var,mfcc18_mean,mfcc18_var,mfcc19_mean,mfcc19_var,mfcc20_mean,mfcc20_var
0.5162539,0.0751047,0.17008242,0.0037598666,2375.3719707454475,316948.1287995809,2231.730875766868,68005.99235723994,4898.1542175717805,957865.7413955568,0.10796566850348027,0.003198852356091087,-5.894292e-07,0.013661703,-1.8384497e-05,0.008579314,143.5546875,-66.68023,2113.7756,88.369576,422.0346,-27.548222,409.8842,53.182358,192.60939,-9.191762,164.89162,27.966816,121.76022,-8.108185,110.11097,26.2966,66.895874,-8.240403,68.65156,12.689763,68.62775,-7.1285143,54.925888,13.682774,52.909428,-8.3691435,36.33575,7.960476,39.41722,-6.297391,41.445545,8.126195,49.324512,-4.9679427,32.460117,6.167455,37.86311,0.36781466,53.108162,2.6921854,34.683067
