chroma_stft_mean,chroma_stft_var,rms_mean,rms_var,spectral_centroid_mean,spectral_centroid_var,spectral_bandwidth_mean,spectral_bandwidth_var,rolloff_mean,rolloff_var,zero_crossing_rate_mean,zero_crossing_rate_var,harmony_mean,harmony_var,perceptr_mean,perceptr_var,tempo,mfcc1_mean,mfcc1_var,mfcc2_mean,mfcc2_var,mfcc3_mean,mfcc3_var,mfcc4_mean,mfcc4_var,mfcc5_mean,mfcc5_var,mfcc6_mean,mfcc6_var,mfcc7_mean,mfcc7_var,mfcc8_mean,mfcc8_var,mfcc9_mean,mfcc9_var,mfcc10_mean,mfcc10_var,mfcc11_mean,mfcc11_var,mfcc12_mean,mfcc12_var,mfcc13_mean,mfcc13_var,mfcc14_mean,mfcc14_var,mfcc15_mean,mfcc15_var,mfcc16_mean,mfcc16_var,mfcc17_mean,mfcc17_var,mfcc18_mean,mfcc18_var,mfcc19_mean,mfcc19_var,mfcc20_mean,mfcc20_var
0.46352425,0.08514981,0.24282901,0.0013617509,3010.922425177517,124121.49444284051,2386.811909566227,48834.7283751757,5633.4556491081785,479224.4493811682,0.17930646691318639,0.0012227981145930217,-1.3892048e-05,0.02765327,-0.00011957346,0.013076011,107.666015625,11.953703,399.8703,69.42064,202.11053,-23.265295,202.62831,60.70008,122.89559,-20.82187,82.702156,25.098858,62.161373,-16.187572,61.57636,15.548446,67.13184,-10.504553,55.586643,18.777107,64.37958,-13.392752,43.11947,17.374573,50.84903,-11.054032,36.231506,10.268478,41.291378,-8.710126,37.91763,8.18328,31.801432,-4.9623113,32.35086,5.421035,30.73008,-5.496773,31.856497,9.081654,35.39589
