chroma_stft_mean,chroma_stft_var,rms_mean,rms_var,spectral_centroid_mean,spectral_centroid_var,spectral_bandwidth_mean,spectral_bandwidth_var,rolloff_mean,rolloff_var,zero_crossing_rate_mean,zero_crossing_rate_var,harmony_mean,harmony_var,perceptr_mean,perceptr_var,tempo,mfcc1_mean,mfcc1_var,mfcc2_mean,mfcc2_var,mfcc3_mean,mfcc3_var,mfcc4_mean,mfcc4_var,mfcc5_mean,mfcc5_var,mfcc6_mean,mfcc6_var,mfcc7_mean,mfcc7_var,mfcc8_mean,mfcc8_var,mfcc9_mean,mfcc9_var,mfcc10_mean,mfcc10_var,mfcc11_mean,mfcc11_var,mfcc12_mean,mfcc12_var,mfcc13_mean,mfcc13_var,mfcc14_mean,mfcc14_var,mfcc15_mean,mfcc15_var,mfcc16_mean,mfcc16_var,mfcc17_mean,mfcc17_var,mfcc18_mean,mfcc18_var,mfcc19_mean,mfcc19_var,mfcc20_mean,mfcc20_var
0.4876579,0.078893036,0.15011945,0.0008581981,2752.2932207719223,155566.26724581505,2205.750624658058,29364.40167753652,5234.80827880293,420371.3980952353,0.16667346408546016,0.0022376638522286956,-0.0031159818,0.008912127,-0.00493402,0.005587396,99.38401442307692,-43.095963,411.2994,75.37249,235.56201,-47.823303,191.80861,53.022266,82.60552,-12.325954,74.324646,36.862835,78.32349,-8.285685,66.56635,28.386372,73.3178,-14.524615,48.442715,22.091658,38.87827,-7.344944,50.74977,15.974339,31.307697,-13.12713,36.30733,12.259998,38.047436,-10.446625,40.154594,5.9282713,39.481956,-6.671972,39.889442,5.2811685,50.272762,-2.3263974,41.396595,3.5843415,41.55529
