chroma_stft_mean,chroma_stft_var,rms_mean,rms_var,spectral_centroid_mean,spectral_centroid_var,spectral_bandwidth_mean,spectral_bandwidth_var,rolloff_mean,rolloff_var,zero_crossing_rate_mean,zero_crossing_rate_var,harmony_mean,harmony_var,perceptr_mean,perceptr_var,tempo,mfcc1_mean,mfcc1_var,mfcc2_mean,mfcc2_var,mfcc3_mean,mfcc3_var,mfcc4_mean,mfcc4_var,mfcc5_mean,mfcc5_var,mfcc6_mean,mfcc6_var,mfcc7_mean,mfcc7_var,mfcc8_mean,mfcc8_var,mfcc9_mean,mfcc9_var,mfcc10_mean,mfcc10_var,mfcc11_mean,mfcc11_var,mfcc12_mean,mfcc12_var,mfcc13_mean,mfcc13_var,mfcc14_mean,mfcc14_var,mfcc15_mean,mfcc15_var,mfcc16_mean,mfcc16_var,mfcc17_mean,mfcc17_var,mfcc18_mean,mfcc18_var,mfcc19_mean,mfcc19_var,mfcc20_mean,mfcc20_var
0.4959846,0.074442364,0.09689618,0.0014539569,2792.6082415451833,189145.1047694748,2250.7128065059665,96890.04890126905,5321.340779527987,729279.066568966,0.16249154098994587,0.0028700806299736996,-1.4781019e-06,0.0037162753,-6.931752e-05,0.0033315502,143.5546875,-100.889046,1565.3752,76.13688,261.25854,-29.544008,493.90247,69.70981,55.941517,-17.342714,100.579094,21.39084,107.064026,-12.918476,53.524494,22.007465,100.84412,-9.841167,52.701942,18.424643,82.2813,-12.047207,38.365204,8.983145,78.80534,-20.870852,26.793745,-2.684189,46.581764,-9.635389,29.7442,2.930749,43.038025,-7.5031753,29.26255,0.53342575,47.155838,-4.9685674,22.66999,-3.1777692,40.305508
