chroma_stft_mean,chroma_stft_var,rms_mean,rms_var,spectral_centroid_mean,spectral_centroid_var,spectral_bandwidth_mean,spectral_bandwidth_var,rolloff_mean,rolloff_var,zero_crossing_rate_mean,zero_crossing_rate_var,harmony_mean,harmony_var,perceptr_mean,perceptr_var,tempo,mfcc1_mean,mfcc1_var,mfcc2_mean,mfcc2_var,mfcc3_mean,mfcc3_var,mfcc4_mean,mfcc4_var,mfcc5_mean,mfcc5_var,mfcc6_mean,mfcc6_var,mfcc7_mean,mfcc7_var,mfcc8_mean,mfcc8_var,mfcc9_mean,mfcc9_var,mfcc10_mean,mfcc10_var,mfcc11_mean,mfcc11_var,mfcc12_mean,mfcc12_var,mfcc13_mean,mfcc13_var,mfcc14_mean,mfcc14_var,mfcc15_mean,mfcc15_var,mfcc16_mean,mfcc16_var,mfcc17_mean,mfcc17_var,mfcc18_mean,mfcc18_var,mfcc19_mean,mfcc19_var,mfcc20_mean,mfcc20_var
0.51835114,0.075569816,0.18817005,0.0031558308,2493.507012959239,441497.0129179208,2286.3574723864826,111333.12087057663,5104.942913011166,1247783.1824848081,0.12817326167343387,0.003558324688504276,-4.9419605e-06,0.015188192,-7.190491e-05,0.010776983,161.4990234375,-51.620953,2994.8582,86.17162,733.6607,-20.278296,663.08264,59.064,447.30322,-10.875286,184.63054,27.535135,172.46867,-11.259489,92.288574,23.944517,61.593086,-11.562588,51.89999,13.299591,62.333908,-9.01621,45.603355,13.918654,42.029922,-10.735527,36.574085,8.389958,31.20978,-7.1045117,33.869083,8.215934,33.008194,-6.1839504,25.457775,3.794329,28.838541,-1.912575,35.97062,0.892365,22.330711
