chroma_stft_mean,chroma_stft_var,rms_mean,rms_var,spectral_centroid_mean,spectral_centroid_var,spectral_bandwidth_mean,spectral_bandwidth_var,rolloff_mean,rolloff_var,zero_crossing_rate_mean,zero_crossing_rate_var,harmony_mean,harmony_var,perceptr_mean,perceptr_var,tempo,mfcc1_mean,mfcc1_var,mfcc2_mean,mfcc2_var,mfcc3_mean,mfcc3_var,mfcc4_mean,mfcc4_var,mfcc5_mean,mfcc5_var,mfcc6_mean,mfcc6_var,mfcc7_mean,mfcc7_var,mfcc8_mean,mfcc8_var,mfcc9_mean,mfcc9_var,mfcc10_mean,mfcc10_var,mfcc11_mean,mfcc11_var,mfcc12_mean,mfcc12_var,mfcc13_mean,mfcc13_var,mfcc14_mean,mfcc14_var,mfcc15_mean,mfcc15_var,mfcc16_mean,mfcc16_var,mfcc17_mean,mfcc17_var,mfcc18_mean,mfcc18_var,mfcc19_mean,mfcc19_var,mfcc20_mean,mfcc20_var
0.5811618,0.05865797,0.11373729,0.00040013267,2656.9415562858653,198368.4247685976,2337.704931468942,30149.918300364003,5327.1529124673725,539387.9648711451,0.15871519721577726,0.002199192506327417,-0.0017559628,0.004140972,-0.0045330483,0.0037004675,107.666015625,-75.53899,492.5259,81.87488,236.62921,-22.043093,155.54863,69.87399,117.64342,-11.727046,68.93942,25.740551,64.78589,-18.521591,64.89319,27.030558,40.028683,-14.075854,49.288395,22.139402,42.518555,-12.094865,31.928818,14.948557,30.487137,-13.516832,30.060944,5.8093734,28.91773,-10.149074,27.49261,6.777922,23.386236,-10.485089,22.017466,4.3710833,20.519281,-5.463434,23.011497,2.9659278,16.50814
