chroma_stft_mean,chroma_stft_var,rms_mean,rms_var,spectral_centroid_mean,spectral_centroid_var,spectral_bandwidth_mean,spectral_bandwidth_var,rolloff_mean,rolloff_var,zero_crossing_rate_mean,zero_crossing_rate_var,harmony_mean,harmony_var,perceptr_mean,perceptr_var,tempo,mfcc1_mean,mfcc1_var,mfcc2_mean,mfcc2_var,mfcc3_mean,mfcc3_var,mfcc4_mean,mfcc4_var,mfcc5_mean,mfcc5_var,mfcc6_mean,mfcc6_var,mfcc7_mean,mfcc7_var,mfcc8_mean,mfcc8_var,mfcc9_mean,mfcc9_var,mfcc10_mean,mfcc10_var,mfcc11_mean,mfcc11_var,mfcc12_mean,mfcc12_var,mfcc13_mean,mfcc13_var,mfcc14_mean,mfcc14_var,mfcc15_mean,mfcc15_var,mfcc16_mean,mfcc16_var,mfcc17_mean,mfcc17_var,mfcc18_mean,mfcc18_var,mfcc19_mean,mfcc19_var,mfcc20_mean,mfcc20_var
0.5555623,0.059545863,0.11836017,0.00013739073,2291.710323082219,130421.36940144384,1583.8051705155342,34544.80491305497,3886.018729154582,312296.76453098125,0.18026074898491878,0.0015890105688687636,2.5404597e-07,0.004633714,-2.6438716e-05,0.0038150416,99.38401442307692,-76.3725,661.531,123.24473,738.2742,-89.86509,204.40837,76.42125,134.50502,-21.255945,129.0358,22.29254,70.99743,-13.6527815,114.44487,14.644068,77.665215,-6.308824,100.93519,9.905394,54.984955,-3.9231298,77.83212,5.387962,55.338108,-2.486064,48.08357,5.023802,29.603876,-2.9837396,39.937325,5.0996995,36.78353,-4.385921,30.882538,-1.2859751,23.216627,3.0816824,27.17782,0.17093517,23.70751
