chroma_stft_mean,chroma_stft_var,rms_mean,rms_var,spectral_centroid_mean,spectral_centroid_var,spectral_bandwidth_mean,spectral_bandwidth_var,rolloff_mean,rolloff_var,zero_crossing_rate_mean,zero_crossing_rate_var,harmony_mean,harmony_var,perceptr_mean,perceptr_var,tempo,mfcc1_mean,mfcc1_var,mfcc2_mean,mfcc2_var,mfcc3_mean,mfcc3_var,mfcc4_mean,mfcc4_var,mfcc5_mean,mfcc5_var,mfcc6_mean,mfcc6_var,mfcc7_mean,mfcc7_var,mfcc8_mean,mfcc8_var,mfcc9_mean,mfcc9_var,mfcc10_mean,mfcc10_var,mfcc11_mean,mfcc11_var,mfcc12_mean,mfcc12_var,mfcc13_mean,mfcc13_var,mfcc14_mean,mfcc14_var,mfcc15_mean,mfcc15_var,mfcc16_mean,mfcc16_var,mfcc17_mean,mfcc17_var,mfcc18_mean,mfcc18_var,mfcc19_mean,mfcc19_var,mfcc20_mean,mfcc20_var
0.42156884,0.08785291,0.13327341,0.0033500805,1988.3335983380546,337537.69234826986,1987.1486342475168,136488.1590059124,4148.097629060325,1329471.5379248608,0.09239202677880898,0.002122634351401287,-0.0019284562,0.00699988,-0.0035038134,0.0074230675,117.45383522727273,-129.66246,4861.068,104.03299,750.5145,-26.97075,686.43567,68.23634,151.5289,2.4252663,283.02725,22.584345,190.29303,-12.082626,188.08875,17.048145,86.75837,-5.671186,109.52411,13.66289,84.66565,-2.7942126,88.37914,5.3808393,71.2933,-2.997645,91.21951,2.9758427,50.803642,-5.8246584,53.155937,3.941297,51.005836,-5.9921494,56.40486,-1.9724146,40.89552,2.391166,60.172985,-3.8595715,46.54875
