chroma_stft_mean,chroma_stft_var,rms_mean,rms_var,spectral_centroid_mean,spectral_centroid_var,spectral_bandwidth_mean,spectral_bandwidth_var,rolloff_mean,rolloff_var,zero_crossing_rate_mean,zero_crossing_rate_var,harmony_mean,harmony_var,perceptr_mean,perceptr_var,tempo,mfcc1_mean,mfcc1_var,mfcc2_mean,mfcc2_var,mfcc3_mean,mfcc3_var,mfcc4_mean,mfcc4_var,mfcc5_mean,mfcc5_var,mfcc6_mean,mfcc6_var,mfcc7_mean,mfcc7_var,mfcc8_mean,mfcc8_var,mfcc9_mean,mfcc9_var,mfcc10_mean,mfcc10_var,mfcc11_mean,mfcc11_var,mfcc12_mean,mfcc12_var,mfcc13_mean,mfcc13_var,mfcc14_mean,mfcc14_var,mfcc15_mean,mfcc15_var,mfcc16_mean,mfcc16_var,mfcc17_mean,mfcc17_var,mfcc18_mean,mfcc18_var,mfcc19_mean,mfcc19_var,mfcc20_mean,mfcc20_var
0.45418456,0.07991535,0.17353307,0.0006162496,1740.9312223433863,181801.3682589642,2098.7111845561594,75425.72641062408,4109.827481511021,773182.3671407077,0.05375889706593194,0.0006759099462301049,-0.00039794465,0.019336423,-0.0031752146,0.0033677614,161.4990234375,-111.67718,1575.9147,111.15006,352.7687,-10.645004,226.01035,69.673256,108.0987,-4.9053626,98.428955,29.825842,60.60621,-10.380657,78.10701,21.256948,43.129494,-6.6366296,58.82326,20.076212,34.89251,-7.225974,38.11652,16.22662,48.48866,-10.115574,44.903976,5.3193836,41.04237,-3.507715,40.400944,1.363358,34.968918,-4.7010784,52.15086,5.635409,51.691936,1.5189081,66.16436,1.872759,49.51995
