chroma_stft_mean,chroma_stft_var,rms_mean,rms_var,spectral_centroid_mean,spectral_centroid_var,spectral_bandwidth_mean,spectral_bandwidth_var,rolloff_mean,rolloff_var,zero_crossing_rate_mean,zero_crossing_rate_var,harmony_mean,harmony_var,perceptr_mean,perceptr_var,tempo,mfcc1_mean,mfcc1_var,mfcc2_mean,mfcc2_var,mfcc3_mean,mfcc3_var,mfcc4_mean,mfcc4_var,mfcc5_mean,mfcc5_var,mfcc6_mean,mfcc6_var,mfcc7_mean,mfcc7_var,mfcc8_mean,mfcc8_var,mfcc9_mean,mfcc9_var,mfcc10_mean,mfcc10_var,mfcc11_mean,mfcc11_var,mfcc12_mean,mfcc12_var,mfcc13_mean,mfcc13_var,mfcc14_mean,mfcc14_var,mfcc15_mean,mfcc15_var,mfcc16_mean,mfcc16_var,mfcc17_mean,mfcc17_var,mfcc18_mean,mfcc18_var,mfcc19_mean,mfcc19_var,mfcc20_mean,mfcc20_var
0.46303952,0.07651148,0.09829889,0.0010286078,2302.533109168331,207265.86192362427,2069.6124853377037,69759.11618711153,4598.9875811158645,741862.9800600231,0.13070114619586234,0.001753129100202947,-0.00055266736,0.004154098,-0.0017176815,0.0029810977,161.4990234375,-99.95563,3809.3206,106.37162,492.7821,-40.666348,281.93558,52.714966,138.21391,-20.737127,223.65248,25.27559,106.89099,-11.828839,102.98715,22.08307,66.41554,-12.473506,75.01259,13.768815,56.82563,-14.382096,52.663433,15.966247,47.78862,-11.722279,40.996376,5.764827,35.76699,-9.158442,34.862988,3.6357818,37.02822,-8.885519,39.750874,2.38239,35.944546,-3.6856723,35.20168,0.15407743,31.939497
