chroma_stft_mean,chroma_stft_var,rms_mean,rms_var,spectral_centroid_mean,spectral_centroid_var,spectral_bandwidth_mean,spectral_bandwidth_var,rolloff_mean,rolloff_var,zero_crossing_rate_mean,zero_crossing_rate_var,harmony_mean,harmony_var,perceptr_mean,perceptr_var,tempo,mfcc1_mean,mfcc1_var,mfcc2_mean,mfcc2_var,mfcc3_mean,mfcc3_var,mfcc4_mean,mfcc4_var,mfcc5_mean,mfcc5_var,mfcc6_mean,mfcc6_var,mfcc7_mean,mfcc7_var,mfcc8_mean,mfcc8_var,mfcc9_mean,mfcc9_var,mfcc10_mean,mfcc10_var,mfcc11_mean,mfcc11_var,mfcc12_mean,mfcc12_var,mfcc13_mean,mfcc13_var,mfcc14_mean,mfcc14_var,mfcc15_mean,mfcc15_var,mfcc16_mean,mfcc16_var,mfcc17_mean,mfcc17_var,mfcc18_mean,mfcc18_var,mfcc19_mean,mfcc19_var,mfcc20_mean,mfcc20_var
0.4970836,0.07766839,0.13984975,0.0030338655,2847.682766545686,310494.1850371031,2497.4780375557416,48579.070578935156,5929.641277552204,635274.4565694494,0.1440546754156999,0.002862837411737259,-4.2408633e-06,0.010633297,2.9070101e-05,0.0040855757,161.4990234375,-73.529945,2180.333,74.65846,350.7015,-16.444176,236.16772,55.64547,126.829865,-7.73465,89.16431,36.538662,76.59304,-18.304913,62.109974,27.82096,47.1218,-11.9202,47.80804,20.062939,49.985493,-11.357838,54.04813,14.71152,35.612823,-7.2920494,53.620155,9.596541,42.413906,-6.747254,36.42341,7.88831,34.21362,-3.5775137,35.12169,2.6620142,41.718285,-5.1000333,50.0688,3.0332627,45.99236
