chroma_stft_mean,chroma_stft_var,rms_mean,rms_var,spectral_centroid_mean,spectral_centroid_var,spectral_bandwidth_mean,spectral_bandwidth_var,rolloff_mean,rolloff_var,zero_crossing_rate_mean,zero_crossing_rate_var,harmony_mean,harmony_var,perceptr_mean,perceptr_var,tempo,mfcc1_mean,mfcc1_var,mfcc2_mean,mfcc2_var,mfcc3_mean,mfcc3_var,mfcc4_mean,mfcc4_var,mfcc5_mean,mfcc5_var,mfcc6_mean,mfcc6_var,mfcc7_mean,mfcc7_var,mfcc8_mean,mfcc8_var,mfcc9_mean,mfcc9_var,mfcc10_mean,mfcc10_var,mfcc11_mean,mfcc11_var,mfcc12_mean,mfcc12_var,mfcc13_mean,mfcc13_var,mfcc14_mean,mfcc14_var,mfcc15_mean,mfcc15_var,mfcc16_mean,mfcc16_var,mfcc17_mean,mfcc17_var,mfcc18_mean,mfcc18_var,mfcc19_mean,mfcc19_var,mfcc20_mean,mfcc20_var
0.43394193,0.08011595,0.050436046,0.00010291364,3237.0244682555635,346479.40299677406,2572.856199120334,73851.98794376774,6228.183401156468,958772.02917519,0.1980427965487239,0.003335326267375043,-4.3227928e-07,0.0012562902,-3.683473e-06,0.0005650218,123.046875,-140.7743,784.4522,55.93842,431.2669,-12.305976,296.31116,44.334286,152.5641,-10.598108,152.633,10.867342,70.59812,-0.94542086,141.85373,22.24718,102.819824,-9.377725,102.54987,15.238384,57.755367,-3.0571642,75.44971,9.061381,62.577484,-8.799073,60.576797,8.731085,57.551395,-12.109936,58.43123,5.5577335,54.10838,-12.472168,56.375145,6.35424,54.89666,-3.8567278,51.14528,4.7147374,54.53368
