chroma_stft_mean,chroma_stft_var,rms_mean,rms_var,spectral_centroid_mean,spectral_centroid_var,spectral_bandwidth_mean,spectral_bandwidth_var,rolloff_mean,rolloff_var,zero_crossing_rate_mean,zero_crossing_rate_var,harmony_mean,harmony_var,perceptr_mean,perceptr_var,tempo,mfcc1_mean,mfcc1_var,mfcc2_mean,mfcc2_var,mfcc3_mean,mfcc3_var,mfcc4_mean,mfcc4_var,mfcc5_mean,mfcc5_var,mfcc6_mean,mfcc6_var,mfcc7_mean,mfcc7_var,mfcc8_mean,mfcc8_var,mfcc9_mean,mfcc9_var,mfcc10_mean,mfcc10_var,mfcc11_mean,mfcc11_var,mfcc12_mean,mfcc12_var,mfcc13_mean,mfcc13_var,mfcc14_mean,mfcc14_var,mfcc15_mean,mfcc15_var,mfcc16_mean,mfcc16_var,mfcc17_mean,mfcc17_var,mfcc18_mean,mfcc18_var,mfcc19_mean,mfcc19_var,mfcc20_mean,mfcc20_var
0.6050157,0.050813574,0.11425508,9.892427e-05,2803.074835916438,79835.8980527917,2183.1989681544537,26425.371440628365,5262.3867663319315,331558.2786573556,0.1768272972254447,0.0007500991127850454,5.334129e-06,0.0061456226,-9.9217e-05,0.0025124145,123.046875,-64.16982,453.32617,74.51786,227.60605,-45.95962,137.58998,65.874855,195.06506,-14.656126,75.83228,23.85036,88.7478,-13.76839,81.63719,37.754734,51.984367,-10.581906,57.434982,21.380354,45.125042,-9.340069,37.25852,17.906586,36.502697,-10.783357,29.860773,11.354785,27.80808,-11.16355,26.832989,8.706444,28.042896,-8.961847,24.76711,3.2251585,21.090813,-5.742966,23.968456,2.4133368,19.48234
