chroma_stft_mean,chroma_stft_var,rms_mean,rms_var,spectral_centroid_mean,spectral_centroid_var,spectral_bandwidth_mean,spectral_bandwidth_var,rolloff_mean,rolloff_var,zero_crossing_rate_mean,zero_crossing_rate_var,harmony_mean,harmony_var,perceptr_mean,perceptr_var,tempo,mfcc1_mean,mfcc1_var,mfcc2_mean,mfcc2_var,mfcc3_mean,mfcc3_var,mfcc4_mean,mfcc4_var,mfcc5_mean,mfcc5_var,mfcc6_mean,mfcc6_var,mfcc7_mean,mfcc7_var,mfcc8_mean,mfcc8_var,mfcc9_mean,mfcc9_var,mfcc10_mean,mfcc10_var,mfcc11_mean,mfcc11_var,mfcc12_mean,mfcc12_var,mfcc13_mean,mfcc13_var,mfcc14_mean,mfcc14_var,mfcc15_mean,mfcc15_var,mfcc16_mean,mfcc16_var,mfcc17_mean,mfcc17_var,mfcc18_mean,mfcc18_var,mfcc19_mean,mfcc19_var,mfcc20_mean,mfcc20_var
0.46558455,0.07576716,0.10041095,0.0004973242,2384.6349581046015,268016.6088097102,2072.7598996233987,118104.2003435202,4584.132502084542,1145523.2824818008,0.12607323690061872,0.0020196183955442323,-0.00030905422,0.005734263,-0.0015067809,0.0021319361,135.99917763157896,-120.14749,1961.358,91.317215,492.0083,-38.84589,552.13904,75.0084,212.12389,-3.8132598,103.828545,22.665588,107.080635,-8.11944,84.83688,23.6549,67.21354,-14.6307745,43.79946,13.3709755,65.23465,-9.403305,45.171955,13.706296,31.926344,-9.315235,40.156002,3.5922232,32.63935,-11.855697,40.10029,1.0299132,36.19028,-10.711127,37.51285,-3.2468278,37.250072,-3.4659472,41.561676,-4.5812964,36.271736
