chroma_stft_mean,chroma_stft_var,rms_mean,rms_var,spectral_centroid_mean,spectral_centroid_var,spectral_bandwidth_mean,spectral_bandwidth_var,rolloff_mean,rolloff_var,zero_crossing_rate_mean,zero_crossing_rate_var,harmony_mean,harmony_var,perceptr_mean,perceptr_var,tempo,mfcc1_mean,mfcc1_var,mfcc2_mean,mfcc2_var,mfcc3_mean,mfcc3_var,mfcc4_mean,mfcc4_var,mfcc5_mean,mfcc5_var,mfcc6_mean,mfcc6_var,mfcc7_mean,mfcc7_var,mfcc8_mean,mfcc8_var,mfcc9_mean,mfcc9_var,mfcc10_mean,mfcc10_var,mfcc11_mean,mfcc11_var,mfcc12_mean,mfcc12_var,mfcc13_mean,mfcc13_var,mfcc14_mean,mfcc14_var,mfcc15_mean,mfcc15_var,mfcc16_mean,mfcc16_var,mfcc17_mean,mfcc17_var,mfcc18_mean,mfcc18_var,mfcc19_mean,mfcc19_var,mfcc20_mean,mfcc20_var
0.4770302,0.06537846,0.22439936,0.0010267526,2889.070230029977,83699.85747458196,2337.44295794068,39780.67279786993,5484.788283062645,397439.3023647597,0.1765742821925754,0.0007764755300553884,-1.3163643e-05,0.024395082,-0.00013028094,0.01020992,107.666015625,9.593644,430.35065,76.35295,156.60245,-31.271177,143.60031,56.885223,113.600334,-20.743324,82.78217,27.245623,61.480858,-16.636316,63.894165,19.367924,54.633392,-13.913679,47.798805,19.664995,41.74246,-16.060602,40.955173,17.488628,44.926044,-12.95419,33.630966,11.711626,29.946913,-11.182296,34.99414,5.4727316,29.66938,-8.584166,25.82921,4.101716,28.925161,-4.420198,32.28329,8.824793,30.231466
