chroma_stft_mean,chroma_stft_var,rms_mean,rms_var,spectral_centroid_mean,spectral_centroid_var,spectral_bandwidth_mean,spectral_bandwidth_var,rolloff_mean,rolloff_var,zero_crossing_rate_mean,zero_crossing_rate_var,harmony_mean,harmony_var,perceptr_mean,perceptr_var,tempo,mfcc1_mean,mfcc1_var,mfcc2_mean,mfcc2_var,mfcc3_mean,mfcc3_var,mfcc4_mean,mfcc4_var,mfcc5_mean,mfcc5_var,mfcc6_mean,mfcc6_var,mfcc7_mean,mfcc7_var,mfcc8_mean,mfcc8_var,mfcc9_mean,mfcc9_var,mfcc10_mean,mfcc10_var,mfcc11_mean,mfcc11_var,mfcc12_mean,mfcc12_var,mfcc13_mean,mfcc13_var,mfcc14_mean,mfcc14_var,mfcc15_mean,mfcc15_var,mfcc16_mean,mfcc16_var,mfcc17_mean,mfcc17_var,mfcc18_mean,mfcc18_var,mfcc19_mean,mfcc19_var,mfcc20_mean,mfcc20_var
0.4410147,0.079522416,0.08897911,0.00043010418,2954.987188644721,257106.86267554964,2478.2750494604347,30457.928041862146,5928.192407736369,446244.4197583713,0.16328041920436967,0.00334820962676072,-1.9931147e-06,0.0035871423,-2.6418467e-05,0.0020517125,123.046875,-103.65423,1352.0735,73.85045,310.86612,-16.147516,187.52039,53.16935,161.844,-25.08461,166.5115,33.998917,144.65956,-13.661814,102.13498,25.987873,90.88718,-18.908802,64.10216,18.671436,54.308414,-12.789649,47.50232,9.549379,31.986284,-16.15425,47.221813,8.778935,42.443947,-12.5422325,34.055832,5.3737335,37.87951,-8.111423,33.51823,6.6675034,38.2792,-4.50298,40.50639,2.928183,36.97974
