chroma_stft_mean,chroma_stft_var,rms_mean,rms_var,spectral_centroid_mean,spectral_centroid_var,spectral_bandwidth_mean,spectral_bandwidth_var,rolloff_mean,rolloff_var,zero_crossing_rate_mean,zero_crossing_rate_var,harmony_mean,harmony_var,perceptr_mean,perceptr_var,tempo,mfcc1_mean,mfcc1_var,mfcc2_mean,mfcc2_var,mfcc3_mean,mfcc3_var,mfcc4_mean,mfcc4_var,mfcc5_mean,mfcc5_var,mfcc6_mean,mfcc6_var,mfcc7_mean,mfcc7_var,mfcc8_mean,mfcc8_var,mfcc9_mean,mfcc9_var,mfcc10_mean,mfcc10_var,mfcc11_mean,mfcc11_var,mfcc12_mean,mfcc12_var,mfcc13_mean,mfcc13_var,mfcc14_mean,mfcc14_var,mfcc15_mean,mfcc15_var,mfcc16_mean,mfcc16_var,mfcc17_mean,mfcc17_var,mfcc18_mean,mfcc18_var,mfcc19_mean,mfcc19_var,mfcc20_mean,mfcc20_var
0.5166268,0.072296135,0.2671389,0.0011552207,3338.5301942115357,171956.01759446392,2697.1444825624217,45775.85666824201,6670.904725112384,355696.1945486359,0.18673944436388246,0.0018657806315099856,-8.3796976e-07,0.031169271,-0.00029960435,0.016665783,95.703125,22.829609,744.58856,60.81942,261.49875,-6.397703,264.851,53.160336,235.67499,-13.251242,160.65854,27.90263,98.97289,-14.308226,106.94859,29.683228,122.63892,-17.330418,72.17943,20.300093,86.460365,-9.741711,73.220604,17.123072,62.01435,-8.250261,46.290108,8.697966,43.727077,-10.176366,42.77926,8.019859,37.413982,-8.12434,33.997227,4.9053006,42.11522,-2.477087,35.129177,3.1911132,36.489407
