chroma_stft_mean,chroma_stft_var,rms_mean,rms_var,spectral_centroid_mean,spectral_centroid_var,spectral_bandwidth_mean,spectral_bandwidth_var,rolloff_mean,rolloff_var,zero_crossing_rate_mean,zero_crossing_rate_var,harmony_mean,harmony_var,perceptr_mean,perceptr_var,tempo,mfcc1_mean,mfcc1_var,mfcc2_mean,mfcc2_var,mfcc3_mean,mfcc3_var,mfcc4_mean,mfcc4_var,mfcc5_mean,mfcc5_var,mfcc6_mean,mfcc6_var,mfcc7_mean,mfcc7_var,mfcc8_mean,mfcc8_var,mfcc9_mean,mfcc9_var,mfcc10_mean,mfcc10_var,mfcc11_mean,mfcc11_var,mfcc12_mean,mfcc12_var,mfcc13_mean,mfcc13_var,mfcc14_mean,mfcc14_var,mfcc15_mean,mfcc15_var,mfcc16_mean,mfcc16_var,mfcc17_mean,mfcc17_var,mfcc18_mean,mfcc18_var,mfcc19_mean,mfcc19_var,mfcc20_mean,mfcc20_var
0.47872916,0.07418454,0.23133783,0.0008229766,2410.8778425688492,211038.75643793176,2227.683409308153,66046.53631061752,4950.005437935035,768333.4735549203,0.12828881779292342,0.0017919672320269378,-2.445617e-05,0.03005227,-8.114125e-05,0.008442583,112.34714673913044,-16.719742,290.95218,94.1185,286.02377,-32.79254,205.88324,61.47652,190.5849,-10.095501,53.785866,34.224144,67.91277,-11.96456,73.271774,28.192856,50.54407,-15.318691,54.55836,19.325191,57.010647,-8.285293,49.062748,17.9421,40.432587,-7.449494,48.029613,12.822297,61.06572,-6.200847,42.341576,6.3855677,45.77944,-6.8941946,47.724945,4.4594626,42.434456,-4.1721115,44.13424,4.2169886,53.08088
