chroma_stft_mean,chroma_stft_var,rms_mean,rms_var,spectral_centroid_mean,spectral_centroid_var,spectral_bandwidth_mean,spectral_bandwidth_var,rolloff_mean,rolloff_var,zero_crossing_rate_mean,zero_crossing_rate_var,harmony_mean,harmony_var,perceptr_mean,perceptr_var,tempo,mfcc1_mean,mfcc1_var,mfcc2_mean,mfcc2_var,mfcc3_mean,mfcc3_var,mfcc4_mean,mfcc4_var,mfcc5_mean,mfcc5_var,mfcc6_mean,mfcc6_var,mfcc7_mean,mfcc7_var,mfcc8_mean,mfcc8_var,mfcc9_mean,mfcc9_var,mfcc10_mean,mfcc10_var,mfcc11_mean,mfcc11_var,mfcc12_mean,mfcc12_var,mfcc13_mean,mfcc13_var,mfcc14_mean,mfcc14_var,mfcc15_mean,mfcc15_var,mfcc16_mean,mfcc16_var,mfcc17_mean,mfcc17_var,mfcc18_mean,mfcc18_var,mfcc19_mean,mfcc19_var,mfcc20_mean,mfcc20_var
0.36999747,0.07956219,0.19874765,0.0026183715,2218.825904089443,91215.07444716587,2226.274893920304,18358.85788158865,4780.271171693736,244187.68148727552,0.10695209783449343,0.00103272439212425,5.371007e-07,0.019626245,-2.9825758e-05,0.009283236,135.99917763157896,-45.855606,917.0543,107.999084,158.49457,-11.737645,140.77054,66.32688,79.23259,-30.20683,64.90731,9.242658,110.71266,-25.778023,49.07589,21.871576,47.94202,-17.935884,32.37733,10.272775,43.957836,-14.112474,38.188305,18.74616,30.9162,-14.23165,29.243511,-2.2294464,33.885826,-5.779099,29.784779,-5.8612456,45.802616,-2.5481038,51.25117,1.4804813,35.258656,-5.618702,22.502895,-2.8210373,27.976828
