chroma_stft_mean,chroma_stft_var,rms_mean,rms_var,spectral_centroid_mean,spectral_centroid_var,spectral_bandwidth_mean,spectral_bandwidth_var,rolloff_mean,rolloff_var,zero_crossing_rate_mean,zero_crossing_rate_var,harmony_mean,harmony_var,perceptr_mean,perceptr_var,tempo,mfcc1_mean,mfcc1_var,mfcc2_mean,mfcc2_var,mfcc3_mean,mfcc3_var,mfcc4_mean,mfcc4_var,mfcc5_mean,mfcc5_var,mfcc6_mean,mfcc6_var,mfcc7_mean,mfcc7_var,mfcc8_mean,mfcc8_var,mfcc9_mean,mfcc9_var,mfcc10_mean,mfcc10_var,mfcc11_mean,mfcc11_var,mfcc12_mean,mfcc12_var,mfcc13_mean,mfcc13_var,mfcc14_mean,mfcc14_var,mfcc15_mean,mfcc15_var,mfcc16_mean,mfcc16_var,mfcc17_mean,mfcc17_var,mfcc18_mean,mfcc18_var,mfcc19_mean,mfcc19_var,mfcc20_mean,mfcc20_var
0.45603952,0.09076688,0.26595938,0.0041776104,1443.8328603987698,147788.56255741284,1727.2151796545008,54537.458387817,3286.428103701421,494048.70207113307,0.046537772500966745,0.0007009879170450991,-3.2037858e-06,0.057447758,-5.986497e-06,0.0053737657,151.99908088235293,-90.71683,2113.7996,128.03282,208.62608,-34.72987,163.05766,73.73097,96.16641,4.3483534,107.54621,28.08752,35.10227,-0.52144796,56.70503,17.3454,44.144287,4.391154,98.95767,12.304352,43.724556,2.2642078,53.75262,5.675272,53.526974,-6.7603726,35.6663,-0.4775195,38.34528,-0.28337687,27.335653,5.876618,30.076971,-3.9556613,21.210157,-1.294904,31.977371,3.513754,30.322487,-1.2508035,17.624517
