chroma_stft_mean,chroma_stft_var,rms_mean,rms_var,spectral_centroid_mean,spectral_centroid_var,spectral_bandwidth_mean,spectral_bandwidth_var,rolloff_mean,rolloff_var,zero_crossing_rate_mean,zero_crossing_rate_var,harmony_mean,harmony_var,perceptr_mean,perceptr_var,tempo,mfcc1_mean,mfcc1_var,mfcc2_mean,mfcc2_var,mfcc3_mean,mfcc3_var,mfcc4_mean,mfcc4_var,mfcc5_mean,mfcc5_var,mfcc6_mean,mfcc6_var,mfcc7_mean,mfcc7_var,mfcc8_mean,mfcc8_var,mfcc9_mean,mfcc9_var,mfcc10_mean,mfcc10_var,mfcc11_mean,mfcc11_var,mfcc12_mean,mfcc12_var,mfcc13_mean,mfcc13_var,mfcc14_mean,mfcc14_var,mfcc15_mean,mfcc15_var,mfcc16_mean,mfcc16_var,mfcc17_mean,mfcc17_var,mfcc18_mean,mfcc18_var,mfcc19_mean,mfcc19_var,mfcc20_mean,mfcc20_var
0.4300779,0.07912562,0.2933532,0.0022215322,2642.0924576803404,290386.5766498063,2461.348759167464,106398.61289167612,5567.132384262616,1227046.329806981,0.1212886093387471,0.001832899357471612,-3.006494e-06,0.0465879,-0.00023196382,0.015517941,143.5546875,2.7837267,1024.5005,77.06304,421.07657,-17.550632,270.06314,57.951275,207.46773,0.7442921,145.76497,28.829195,121.848755,-7.858991,91.951805,27.606932,81.530426,-13.541932,61.32717,17.285963,62.413616,-7.569737,54.610638,13.035099,52.864685,-8.743485,47.54089,6.266875,37.22022,-8.743375,37.223186,5.6306767,41.393887,-10.76285,42.821873,1.7261285,39.19699,-7.037579,38.9429,-1.5987146,35.789272
