chroma_stft_mean,chroma_stft_var,rms_mean,rms_var,spectral_centroid_mean,spectral_centroid_var,spectral_bandwidth_mean,spectral_bandwidth_var,rolloff_mean,rolloff_var,zero_crossing_rate_mean,zero_crossing_rate_var,harmony_mean,harmony_var,perceptr_mean,perceptr_var,tempo,mfcc1_mean,mfcc1_var,mfcc2_mean,mfcc2_var,mfcc3_mean,mfcc3_var,mfcc4_mean,mfcc4_var,mfcc5_mean,mfcc5_var,mfcc6_mean,mfcc6_var,mfcc7_mean,mfcc7_var,mfcc8_mean,mfcc8_var,mfcc9_mean,mfcc9_var,mfcc10_mean,mfcc10_var,mfcc11_mean,mfcc11_var,mfcc12_mean,mfcc12_var,mfcc13_mean,mfcc13_var,mfcc14_mean,mfcc14_var,mfcc15_mean,mfcc15_var,mfcc16_mean,mfcc16_var,mfcc17_mean,mfcc17_var,mfcc18_mean,mfcc18_var,mfcc19_mean,mfcc19_var,mfcc20_mean,mfcc20_var
0.54192996,0.06032616,0.11807427,0.00015284569,3048.922050009819,113008.52990726611,2358.945156910617,29344.02321384917,5663.032577762471,331055.7120404371,0.19649222979505027,0.0018589037745104589,6.851054e-06,0.0059516476,0.00027559462,0.0027585006,129.19921875,-58.747177,493.1104,70.53281,260.38467,-19.41459,111.41559,73.597404,225.64806,-27.754702,161.35767,23.767187,69.85735,-17.899994,57.285164,21.221153,94.38201,-16.954805,60.29006,16.129747,46.65586,-15.227396,30.841654,14.870985,23.913136,-18.699234,29.0546,11.312017,21.050943,-14.634688,18.730413,4.3110847,17.18195,-12.718693,18.173866,1.1638563,19.57921,-8.023702,25.04505,0.9185028,18.969448
