chroma_stft_mean,chroma_stft_var,rms_mean,rms_var,spectral_centroid_mean,spectral_centroid_var,spectral_bandwidth_mean,spectral_bandwidth_var,rolloff_mean,rolloff_var,zero_crossing_rate_mean,zero_crossing_rate_var,harmony_mean,harmony_var,perceptr_mean,perceptr_var,tempo,mfcc1_mean,mfcc1_var,mfcc2_mean,mfcc2_var,mfcc3_mean,mfcc3_var,mfcc4_mean,mfcc4_var,mfcc5_mean,mfcc5_var,mfcc6_mean,mfcc6_var,mfcc7_mean,mfcc7_var,mfcc8_mean,mfcc8_var,mfcc9_mean,mfcc9_var,mfcc10_mean,mfcc10_var,mfcc11_mean,mfcc11_var,mfcc12_mean,mfcc12_var,mfcc13_mean,mfcc13_var,mfcc14_mean,mfcc14_var,mfcc15_mean,mfcc15_var,mfcc16_mean,mfcc16_var,mfcc17_mean,mfcc17_var,mfcc18_mean,mfcc18_var,mfcc19_mean,mfcc19_var,mfcc20_mean,mfcc20_var
0.50232613,0.07168819,0.24894612,0.0012895294,2986.810443330355,105518.18563805507,2408.588920159847,56751.97261968502,5628.376277914733,518624.7886930496,0.1774496386794277,0.0008657596895795525,1.2283172e-05,0.028049245,-0.00020523493,0.013286332,112.34714673913044,16.490421,417.1306,71.18601,176.39424,-22.352016,190.10596,60.271378,125.28727,-18.55372,94.607086,27.623323,67.68081,-12.408052,79.46203,16.954393,53.989494,-8.729572,61.179523,17.86587,51.591236,-13.46914,54.59178,18.926592,50.1124,-11.023099,46.430405,9.914115,35.807117,-7.371373,34.095966,6.729967,34.05426,-5.9520736,30.633583,3.8234427,31.80221,-6.1829176,25.027111,7.1741285,26.51745
