chroma_stft_mean,chroma_stft_var,rms_mean,rms_var,spectral_centroid_mean,spectral_centroid_var,spectral_bandwidth_mean,spectral_bandwidth_var,rolloff_mean,rolloff_var,zero_crossing_rate_mean,zero_crossing_rate_var,harmony_mean,harmony_var,perceptr_mean,perceptr_var,tempo,mfcc1_mean,mfcc1_var,mfcc2_mean,mfcc2_var,mfcc3_mean,mfcc3_var,mfcc4_mean,mfcc4_var,mfcc5_mean,mfcc5_var,mfcc6_mean,mfcc6_var,mfcc7_mean,mfcc7_var,mfcc8_mean,mfcc8_var,mfcc9_mean,mfcc9_var,mfcc10_mean,mfcc10_var,mfcc11_mean,mfcc11_var,mfcc12_mean,mfcc12_var,mfcc13_mean,mfcc13_var,mfcc14_mean,mfcc14_var,mfcc15_mean,mfcc15_var,mfcc16_mean,mfcc16_var,mfcc17_mean,mfcc17_var,mfcc18_mean,mfcc18_var,mfcc19_mean,mfcc19_var,mfcc20_mean,mfcc20_var
0.4666515,0.082233176,0.058365826,0.00020354417,2966.002257865542,852372.5274958345,2759.001396089093,283177.68024107616,6189.363682297709,3240794.3958365144,0.14056155742459397,0.0050518168229779685,2.5018169e-06,0.0019551492,3.3900564e-05,0.00079839665,117.45383522727273,-149.9959,1773.6384,67.87112,740.1548,-6.662219,494.84,32.076027,177.89922,6.0948653,170.57942,12.234471,118.68365,9.144557,97.99412,10.1837845,112.212006,3.77116,65.402405,10.598272,81.24822,0.76798576,54.98756,7.7185936,63.781273,-1.1560501,52.1395,-3.2983494,36.790653,-7.5336413,38.82255,0.42327073,45.34793,-4.0075684,42.737156,1.2604561,47.92454,1.4773557,45.383423,5.4814763,51.30546
