chroma_stft_mean,chroma_stft_var,rms_mean,rms_var,spectral_centroid_mean,spectral_centroid_var,spectral_bandwidth_mean,spectral_bandwidth_var,rolloff_mean,rolloff_var,zero_crossing_rate_mean,zero_crossing_rate_var,harmony_mean,harmony_var,perceptr_mean,perceptr_var,tempo,mfcc1_mean,mfcc1_var,mfcc2_mean,mfcc2_var,mfcc3_mean,mfcc3_var,mfcc4_mean,mfcc4_var,mfcc5_mean,mfcc5_var,mfcc6_mean,mfcc6_var,mfcc7_mean,mfcc7_var,mfcc8_mean,mfcc8_var,mfcc9_mean,mfcc9_var,mfcc10_mean,mfcc10_var,mfcc11_mean,mfcc11_var,mfcc12_mean,mfcc12_var,mfcc13_mean,mfcc13_var,mfcc14_mean,mfcc14_var,mfcc15_mean,mfcc15_var,mfcc16_mean,mfcc16_var,mfcc17_mean,mfcc17_var,mfcc18_mean,mfcc18_var,mfcc19_mean,mfcc19_var,mfcc20_mean,mfcc20_var
0.52444166,0.063923545,0.21749426,0.0006559231,2980.0365062158285,86946.77399318365,2297.4097538606247,36628.646074324846,5461.947766368185,349771.2661628052,0.19398775860402165,0.0007636520442370003,-1.6541514e-06,0.021084994,-0.000128546,0.009910595,99.38401442307692,10.019839,257.25723,74.12789,164.3691,-32.235733,171.61548,62.768585,101.50797,-23.328833,60.616795,30.029894,61.687042,-14.879809,60.868763,20.1592,40.474785,-12.146163,40.230946,19.189724,40.245365,-14.9750185,36.710503,18.799034,43.9212,-12.281959,30.747717,11.286605,30.04154,-9.482748,26.198359,7.921746,26.681005,-5.6180816,23.880972,4.6552825,21.385239,-5.284729,20.146568,6.8328447,26.45983
