chroma_stft_mean,chroma_stft_var,rms_mean,rms_var,spectral_centroid_mean,spectral_centroid_var,spectral_bandwidth_mean,spectral_bandwidth_var,rolloff_mean,rolloff_var,zero_crossing_rate_mean,zero_crossing_rate_var,harmony_mean,harmony_var,perceptr_mean,perceptr_var,tempo,mfcc1_mean,mfcc1_var,mfcc2_mean,mfcc2_var,mfcc3_mean,mfcc3_var,mfcc4_mean,mfcc4_var,mfcc5_mean,mfcc5_var,mfcc6_mean,mfcc6_var,mfcc7_mean,mfcc7_var,mfcc8_mean,mfcc8_var,mfcc9_mean,mfcc9_var,mfcc10_mean,mfcc10_var,mfcc11_mean,mfcc11_var,mfcc12_mean,mfcc12_var,mfcc13_mean,mfcc13_var,mfcc14_mean,mfcc14_var,mfcc15_mean,mfcc15_var,mfcc16_mean,mfcc16_var,mfcc17_mean,mfcc17_var,mfcc18_mean,mfcc18_var,mfcc19_mean,mfcc19_var,mfcc20_mean,mfcc20_var
0.5167162,0.072123274,0.22616892,0.0012570083,3400.8644228665353,181611.28237001738,2458.5508972723046,49226.98694682095,6163.292352450696,476750.54623310047,0.22838043189288476,0.0023827690865355416,-1.9351068e-05,0.024052072,-0.00034412346,0.01085434,107.666015625,9.602478,458.7067,54.68124,258.754,-21.033062,220.87427,60.16367,149.0117,-21.077375,87.06063,32.142235,81.45728,-15.838814,71.73158,21.44647,74.22254,-8.722074,48.52081,19.363522,74.94516,-12.378997,43.633034,19.74797,68.23446,-10.804131,48.933678,12.306622,49.44964,-8.372664,31.664936,8.230514,44.91331,-7.0934706,29.972862,4.320415,35.94137,-7.3383627,26.64227,6.029254,31.416975
