chroma_stft_mean,chroma_stft_var,rms_mean,rms_var,spectral_centroid_mean,spectral_centroid_var,spectral_bandwidth_mean,spectral_bandwidth_var,rolloff_mean,rolloff_var,zero_crossing_rate_mean,zero_crossing_rate_var,harmony_mean,harmony_var,perceptr_mean,perceptr_var,tempo,mfcc1_mean,mfcc1_var,mfcc2_mean,mfcc2_var,mfcc3_mean,mfcc3_var,mfcc4_mean,mfcc4_var,mfcc5_mean,mfcc5_var,mfcc6_mean,mfcc6_var,mfcc7_mean,mfcc7_var,mfcc8_mean,mfcc8_var,mfcc9_mean,mfcc9_var,mfcc10_mean,mfcc10_var,mfcc11_mean,mfcc11_var,mfcc12_mean,mfcc12_var,mfcc13_mean,mfcc13_var,mfcc14_mean,mfcc14_var,mfcc15_mean,mfcc15_var,mfcc16_mean,mfcc16_var,mfcc17_mean,mfcc17_var,mfcc18_mean,mfcc18_var,mfcc19_mean,mfcc19_var,mfcc20_mean,mfcc20_var
0.47494635,0.07499103,0.16501737,0.00092711765,2398.182089992335,78941.20635628128,2218.778826799506,24016.905103087167,4866.162505891096,371913.43306787923,0.1282435016676334,0.0008124536120852616,-0.00060917705,0.010129048,-0.003879246,0.0071017137,129.19921875,-36.520527,754.76483,94.80008,153.25351,-36.593456,95.48105,54.99104,119.47926,-8.216152,106.7215,29.66418,59.866337,-13.687591,61.13867,28.703135,50.878788,-11.987736,46.14515,19.361517,37.24307,-15.656161,32.82738,13.932657,27.810434,-11.961838,29.543415,7.531114,28.871025,-11.907886,33.054096,5.4821863,29.788054,-9.255451,37.49994,6.182894,29.896801,-4.305694,27.675829,1.8232975,26.551424
