chroma_stft_mean,chroma_stft_var,rms_mean,rms_var,spectral_centroid_mean,spectral_centroid_var,spectral_bandwidth_mean,spectral_bandwidth_var,rolloff_mean,rolloff_var,zero_crossing_rate_mean,zero_crossing_rate_var,harmony_mean,harmony_var,perceptr_mean,perceptr_var,tempo,mfcc1_mean,mfcc1_var,mfcc2_mean,mfcc2_var,mfcc3_mean,mfcc3_var,mfcc4_mean,mfcc4_var,mfcc5_mean,mfcc5_var,mfcc6_mean,mfcc6_var,mfcc7_mean,mfcc7_var,mfcc8_mean,mfcc8_var,mfcc9_mean,mfcc9_var,mfcc10_mean,mfcc10_var,mfcc11_mean,mfcc11_var,mfcc12_mean,mfcc12_var,mfcc13_mean,mfcc13_var,mfcc14_mean,mfcc14_var,mfcc15_mean,mfcc15_var,mfcc16_mean,mfcc16_var,mfcc17_mean,mfcc17_var,mfcc18_mean,mfcc18_var,mfcc19_mean,mfcc19_var,mfcc20_mean,mfcc20_var
0.4411458,0.07672097,0.1518885,0.0021564339,2647.1010209755395,184561.79523850227,2256.6095997662806,59161.81325275359,5304.828659730279,540979.5675248653,0.1577129555781129,0.0015568535880469245,9.952969e-09,0.009611159,-0.00016509004,0.0070433603,103.359375,-46.60955,1523.1605,86.80201,401.40588,-34.77667,233.35017,49.88421,137.00636,-18.167683,81.94255,28.71651,60.26466,-23.474312,92.28942,15.655808,72.4832,-8.934668,128.2399,10.588919,78.89784,-18.180574,62.9193,12.433221,52.778477,-13.548779,43.204044,4.6677146,48.177315,-11.675347,53.136406,5.3136525,64.52238,-13.538422,54.92322,1.375297,46.222942,-4.715322,65.455284,-3.1211731,64.2314
