chroma_stft_mean,chroma_stft_var,rms_mean,rms_var,spectral_centroid_mean,spectral_centroid_var,spectral_bandwidth_mean,spectral_bandwidth_var,rolloff_mean,rolloff_var,zero_crossing_rate_mean,zero_crossing_rate_var,harmony_mean,harmony_var,perceptr_mean,perceptr_var,tempo,mfcc1_mean,mfcc1_var,mfcc2_mean,mfcc2_var,mfcc3_mean,mfcc3_var,mfcc4_mean,mfcc4_var,mfcc5_mean,mfcc5_var,mfcc6_mean,mfcc6_var,mfcc7_mean,mfcc7_var,mfcc8_mean,mfcc8_var,mfcc9_mean,mfcc9_var,mfcc10_mean,mfcc10_var,mfcc11_mean,mfcc11_var,mfcc12_mean,mfcc12_var,mfcc13_mean,mfcc13_var,mfcc14_mean,mfcc14_var,mfcc15_mean,mfcc15_var,mfcc16_mean,mfcc16_var,mfcc17_mean,mfcc17_var,mfcc18_mean,mfcc18_var,mfcc19_mean,mfcc19_var,mfcc20_mean,mfcc20_var
0.51327485,0.06705372,0.13156159,0.0014903627,2378.4924001543222,93930.26008693539,2092.421779848281,33270.49650566426,4748.421016259425,286366.74390940595,0.1412658455384764,0.000987374823041458,-0.002599059,0.0058520036,-0.0033661625,0.0063644196,123.046875,-57.683716,775.65845,101.41867,209.5275,-41.490356,179.42587,55.114075,109.3023,-23.33916,64.25892,28.144377,58.015842,-12.126061,74.252975,18.141897,53.116543,-15.424081,79.792694,11.882042,49.4895,-10.80153,58.661385,9.3880205,38.294064,-12.276187,44.208824,4.7993793,29.12944,-12.402427,41.13109,5.4169803,35.95645,-8.848058,38.174435,0.046605747,31.51507,-3.1737278,30.757378,-3.3671908,31.935017
