chroma_stft_mean,chroma_stft_var,rms_mean,rms_var,spectral_centroid_mean,spectral_centroid_var,spectral_bandwidth_mean,spectral_bandwidth_var,rolloff_mean,rolloff_var,zero_crossing_rate_mean,zero_crossing_rate_var,harmony_mean,harmony_var,perceptr_mean,perceptr_var,tempo,mfcc1_mean,mfcc1_var,mfcc2_mean,mfcc2_var,mfcc3_mean,mfcc3_var,mfcc4_mean,mfcc4_var,mfcc5_mean,mfcc5_var,mfcc6_mean,mfcc6_var,mfcc7_mean,mfcc7_var,mfcc8_mean,mfcc8_var,mfcc9_mean,mfcc9_var,mfcc10_mean,mfcc10_var,mfcc11_mean,mfcc11_var,mfcc12_mean,mfcc12_var,mfcc13_mean,mfcc13_var,mfcc14_mean,mfcc14_var,mfcc15_mean,mfcc15_var,mfcc16_mean,mfcc16_var,mfcc17_mean,mfcc17_var,mfcc18_mean,mfcc18_var,mfcc19_mean,mfcc19_var,mfcc20_mean,mfcc20_var
0.49186006,0.073780425,0.18602574,0.0027042052,1983.7751575084244,334861.7837167999,2112.325696658404,65964.1689320565,4242.224206061485,1226209.2293245676,0.08622601266434649,0.00198668772960621,8.717527e-06,0.016591426,-4.1521453e-05,0.007833571,112.34714673913044,-82.13019,5135.6387,98.281494,300.50995,-16.521843,758.6409,68.43462,140.06444,1.434923,88.65191,29.857725,50.264767,-5.2819605,71.08557,24.396568,64.1389,-10.477877,54.942852,14.397421,34.63813,-7.896055,56.441475,10.021555,39.581993,-8.499245,45.312263,6.6745677,71.765015,-6.288647,41.796383,4.442029,38.55121,-7.257452,35.19492,2.3182235,32.937172,4.2387967,40.84355,1.0996615,38.17459
