chroma_stft_mean,chroma_stft_var,rms_mean,rms_var,spectral_centroid_mean,spectral_centroid_var,spectral_bandwidth_mean,spectral_bandwidth_var,rolloff_mean,rolloff_var,zero_crossing_rate_mean,zero_crossing_rate_var,harmony_mean,harmony_var,perceptr_mean,perceptr_var,tempo,mfcc1_mean,mfcc1_var,mfcc2_mean,mfcc2_var,mfcc3_mean,mfcc3_var,mfcc4_mean,mfcc4_var,mfcc5_mean,mfcc5_var,mfcc6_mean,mfcc6_var,mfcc7_mean,mfcc7_var,mfcc8_mean,mfcc8_var,mfcc9_mean,mfcc9_var,mfcc10_mean,mfcc10_var,mfcc11_mean,mfcc11_var,mfcc12_mean,mfcc12_var,mfcc13_mean,mfcc13_var,mfcc14_mean,mfcc14_var,mfcc15_mean,mfcc15_var,mfcc16_mean,mfcc16_var,mfcc17_mean,mfcc17_var,mfcc18_mean,mfcc18_var,mfcc19_mean,mfcc19_var,mfcc20_mean,mfcc20_var
0.48044285,0.07788865,0.25668892,0.0012566717,2030.4879168259456,323534.8515215001,1929.8624210255591,87748.02190047869,4224.296523800029,689325.1921311205,0.09999833840873937,0.0022900994222341295,-2.4520887e-07,0.04211297,-6.935748e-05,0.0072476943,123.046875,-35.695076,1940.1044,115.43363,790.8184,-40.62704,208.8247,75.3601,103.22243,-12.551094,101.010735,21.83495,75.25315,1.8066261,136.07803,15.609134,77.02106,-0.17512883,71.817154,10.240898,36.74443,-11.757829,25.783262,15.40356,29.982605,-12.46797,22.740143,4.627135,23.916328,-2.4704883,29.469988,-1.6719064,64.01002,-0.34323034,72.08269,-7.7706203,59.801884,0.9906682,52.720345,-4.180941,21.496191
