chroma_stft_mean,chroma_stft_var,rms_mean,rms_var,spectral_centroid_mean,spectral_centroid_var,spectral_bandwidth_mean,spectral_bandwidth_var,rolloff_mean,rolloff_var,zero_crossing_rate_mean,zero_crossing_rate_var,harmony_mean,harmony_var,perceptr_mean,perceptr_var,tempo,mfcc1_mean,mfcc1_var,mfcc2_mean,mfcc2_var,mfcc3_mean,mfcc3_var,mfcc4_mean,mfcc4_var,mfcc5_mean,mfcc5_var,mfcc6_mean,mfcc6_var,mfcc7_mean,mfcc7_var,mfcc8_mean,mfcc8_var,mfcc9_mean,mfcc9_var,mfcc10_mean,mfcc10_var,mfcc11_mean,mfcc11_var,mfcc12_mean,mfcc12_var,mfcc13_mean,mfcc13_var,mfcc14_mean,mfcc14_var,mfcc15_mean,mfcc15_var,mfcc16_mean,mfcc16_var,mfcc17_mean,mfcc17_var,mfcc18_mean,mfcc18_var,mfcc19_mean,mfcc19_var,mfcc20_mean,mfcc20_var
0.47688589,0.07198616,0.09723436,0.00021852479,2922.918811417647,183894.6092489,2620.94410751914,49892.265798135246,6037.132429578742,677178.0335248534,0.1528407168406806,0.0017225195786006926,2.7973451e-06,0.00485058,-5.664349e-05,0.0015541184,151.99908088235293,-80.19851,456.87402,64.840294,159.61914,-15.457802,131.76721,46.845818,81.633995,7.9143405,92.36613,21.7688,47.638493,-2.1780026,95.412315,21.984138,55.686535,-7.7135434,57.457108,11.146056,59.764385,-4.2872386,45.838875,11.4456625,40.963238,-10.364868,44.034103,11.72321,57.450054,-7.101392,38.43347,5.932563,37.303715,-9.034272,37.967262,5.5063896,34.369102,-6.1980915,43.068314,3.1290836,40.572807
