chroma_stft_mean,chroma_stft_var,rms_mean,rms_var,spectral_centroid_mean,spectral_centroid_var,spectral_bandwidth_mean,spectral_bandwidth_var,rolloff_mean,rolloff_var,zero_crossing_rate_mean,zero_crossing_rate_var,harmony_mean,harmony_var,perceptr_mean,perceptr_var,tempo,mfcc1_mean,mfcc1_var,mfcc2_mean,mfcc2_var,mfcc3_mean,mfcc3_var,mfcc4_mean,mfcc4_var,mfcc5_mean,mfcc5_var,mfcc6_mean,mfcc6_var,mfcc7_mean,mfcc7_var,mfcc8_mean,mfcc8_var,mfcc9_mean,mfcc9_var,mfcc10_mean,mfcc10_var,mfcc11_mean,mfcc11_var,mfcc12_mean,mfcc12_var,mfcc13_mean,mfcc13_var,mfcc14_mean,mfcc14_var,mfcc15_mean,mfcc15_var,mfcc16_mean,mfcc16_var,mfcc17_mean,mfcc17_var,mfcc18_mean,mfcc18_var,mfcc19_mean,mfcc19_var,mfcc20_mean,mfcc20_var
0.5255933,0.06713821,0.10841584,0.00081214996,3046.6375964393765,160340.0316114403,2324.2741830512996,25344.55003133158,5734.984785110933,378303.50716784486,0.19154597471964424,0.002583049404316222,-0.0034122108,0.0051289825,-0.004269043,0.0029380044,107.666015625,-76.301384,621.5593,61.76604,203.42278,-37.113945,146.89465,62.4425,111.29292,-14.826138,73.34201,34.56099,64.618195,-11.486592,85.98619,30.955881,34.679375,-12.274118,56.3443,22.304583,41.30562,-7.507653,47.191765,17.840624,28.97724,-11.123554,34.60674,10.22772,43.068977,-10.797044,51.14512,5.1556096,44.712334,-7.7193165,44.05444,2.5854,47.41674,-3.0819,50.17652,2.6620095,42.444115
