chroma_stft_mean,chroma_stft_var,rms_mean,rms_var,spectral_centroid_mean,spectral_centroid_var,spectral_bandwidth_mean,spectral_bandwidth_var,rolloff_mean,rolloff_var,zero_crossing_rate_mean,zero_crossing_rate_var,harmony_mean,harmony_var,perceptr_mean,perceptr_var,tempo,mfcc1_mean,mfcc1_var,mfcc2_mean,mfcc2_var,mfcc3_mean,mfcc3_var,mfcc4_mean,mfcc4_var,mfcc5_mean,mfcc5_var,mfcc6_mean,mfcc6_var,mfcc7_mean,mfcc7_var,mfcc8_mean,mfcc8_var,mfcc9_mean,mfcc9_var,mfcc10_mean,mfcc10_var,mfcc11_mean,mfcc11_var,mfcc12_mean,mfcc12_var,mfcc13_mean,mfcc13_var,mfcc14_mean,mfcc14_var,mfcc15_mean,mfcc15_var,mfcc16_mean,mfcc16_var,mfcc17_mean,mfcc17_var,mfcc18_mean,mfcc18_var,mfcc19_mean,mfcc19_var,mfcc20_mean,mfcc20_var
0.52929544,0.06888431,0.18539381,0.003785381,2446.2488617975387,257168.7823705078,2331.004908877427,55813.55943343097,5192.782727305685,836412.6050107112,0.12111678569702243,0.002386499561676467,9.597195e-07,0.014264365,-5.833087e-05,0.010775835,151.99908088235293,-35.46846,1276.004,94.10064,321.2019,-24.217218,197.81241,43.31534,120.502754,-16.380928,100.1582,29.513052,74.75741,-5.864533,63.53446,28.44544,48.936707,-13.962112,49.77816,13.745398,46.661877,-9.199171,42.282143,15.588234,32.873592,-8.49749,33.70462,11.400663,39.47562,-6.135518,36.43517,9.3223505,32.02352,-6.6100965,33.641907,3.50287,48.320797,-3.2875037,37.81,3.6574109,31.746477
