chroma_stft_mean,chroma_stft_var,rms_mean,rms_var,spectral_centroid_mean,spectral_centroid_var,spectral_bandwidth_mean,spectral_bandwidth_var,rolloff_mean,rolloff_var,zero_crossing_rate_mean,zero_crossing_rate_var,harmony_mean,harmony_var,perceptr_mean,perceptr_var,tempo,mfcc1_mean,mfcc1_var,mfcc2_mean,mfcc2_var,mfcc3_mean,mfcc3_var,mfcc4_mean,mfcc4_var,mfcc5_mean,mfcc5_var,mfcc6_mean,mfcc6_var,mfcc7_mean,mfcc7_var,mfcc8_mean,mfcc8_var,mfcc9_mean,mfcc9_var,mfcc10_mean,mfcc10_var,mfcc11_mean,mfcc11_var,mfcc12_mean,mfcc12_var,mfcc13_mean,mfcc13_var,mfcc14_mean,mfcc14_var,mfcc15_mean,mfcc15_var,mfcc16_mean,mfcc16_var,mfcc17_mean,mfcc17_var,mfcc18_mean,mfcc18_var,mfcc19_mean,mfcc19_var,mfcc20_mean,mfcc20_var
0.44442052,0.081374966,0.091984704,0.00042597527,2644.877602537062,86200.80311366431,2268.124641763541,14144.590453826739,5176.9201008736945,127353.10816487473,0.1416087375531709,0.0015881027848619743,-0.0003443406,0.004205166,-0.001443245,0.0020635647,172.265625,-105.01983,466.61713,80.71132,145.26735,-28.524954,97.56028,66.808876,68.6122,-20.705503,78.84604,29.117426,43.104927,-9.36118,69.13183,22.350224,45.951283,-12.045787,41.706367,13.597408,24.02939,-14.733174,24.224693,11.056683,29.404322,-15.270406,19.766245,5.311227,25.464342,-14.495983,27.813234,4.748026,18.548412,-11.455179,19.493038,-0.11249129,25.207642,-6.5016904,20.134293,-2.6687665,18.761616
