chroma_stft_mean,chroma_stft_var,rms_mean,rms_var,spectral_centroid_mean,spectral_centroid_var,spectral_bandwidth_mean,spectral_bandwidth_var,rolloff_mean,rolloff_var,zero_crossing_rate_mean,zero_crossing_rate_var,harmony_mean,harmony_var,perceptr_mean,perceptr_var,tempo,mfcc1_mean,mfcc1_var,mfcc2_mean,mfcc2_var,mfcc3_mean,mfcc3_var,mfcc4_mean,mfcc4_var,mfcc5_mean,mfcc5_var,mfcc6_mean,mfcc6_var,mfcc7_mean,mfcc7_var,mfcc8_mean,mfcc8_var,mfcc9_mean,mfcc9_var,mfcc10_mean,mfcc10_var,mfcc11_mean,mfcc11_var,mfcc12_mean,mfcc12_var,mfcc13_mean,mfcc13_var,mfcc14_mean,mfcc14_var,mfcc15_mean,mfcc15_var,mfcc16_mean,mfcc16_var,mfcc17_mean,mfcc17_var,mfcc18_mean,mfcc18_var,mfcc19_mean,mfcc19_var,mfcc20_mean,mfcc20_var
0.52700156,0.0607312,0.3126573,0.0010488922,2250.8283209687615,96672.76529121828,2390.045881974274,25842.698312417706,5112.253876794519,251173.93818111508,0.09464725928074245,0.0005551295220107806,6.0697494e-06,0.053778917,-0.00040432726,0.013985493,112.34714673913044,3.6384408,542.8477,104.7562,191.27483,-0.8330118,114.86337,55.920498,222.62827,-29.22942,79.59061,31.247383,64.44381,-14.18906,61.73614,20.21433,50.34738,-8.2728195,49.55866,15.177011,39.986603,-14.592084,22.94044,15.659341,28.181833,-12.991372,22.854431,15.278262,28.31071,-6.9236765,26.474508,9.862301,29.911428,-6.496095,21.491547,4.8992124,19.93599,-0.7789392,19.202557,6.457739,18.523048
