chroma_stft_mean,chroma_stft_var,rms_mean,rms_var,spectral_centroid_mean,spectral_centroid_var,spectral_bandwidth_mean,spectral_bandwidth_var,rolloff_mean,rolloff_var,zero_crossing_rate_mean,zero_crossing_rate_var,harmony_mean,harmony_var,perceptr_mean,perceptr_var,tempo,mfcc1_mean,mfcc1_var,mfcc2_mean,mfcc2_var,mfcc3_mean,mfcc3_var,mfcc4_mean,mfcc4_var,mfcc5_mean,mfcc5_var,mfcc6_mean,mfcc6_var,mfcc7_mean,mfcc7_var,mfcc8_mean,mfcc8_var,mfcc9_mean,mfcc9_var,mfcc10_mean,mfcc10_var,mfcc11_mean,mfcc11_var,mfcc12_mean,mfcc12_var,mfcc13_mean,mfcc13_var,mfcc14_mean,mfcc14_var,mfcc15_mean,mfcc15_var,mfcc16_mean,mfcc16_var,mfcc17_mean,mfcc17_var,mfcc18_mean,mfcc18_var,mfcc19_mean,mfcc19_var,mfcc20_mean,mfcc20_var
0.43116537,0.081572846,0.21747482,0.001230712,2908.3001309605806,153812.037752941,2286.2525915644214,60680.78503132764,5405.816551261601,623272.5050885418,0.1781082330336427,0.0017587026689297137,9.5885425e-06,0.020611139,-0.00012322301,0.011552626,103.359375,-1.9132978,477.82126,72.68616,305.40076,-32.791992,242.78651,63.605476,111.44707,-18.55635,69.67423,25.870161,64.006805,-13.8591,79.26658,18.078884,55.60889,-11.946615,54.3745,19.672184,47.221703,-13.954248,45.1759,18.755697,52.288517,-11.187991,39.03205,7.9585447,38.578716,-10.2883,39.090794,5.3172016,33.904026,-9.030465,37.57068,4.323158,35.12951,-5.6397243,49.631416,8.738863,47.94558
