chroma_stft_mean,chroma_stft_var,rms_mean,rms_var,spectral_centroid_mean,spectral_centroid_var,spectral_bandwidth_mean,spectral_bandwidth_var,rolloff_mean,rolloff_var,zero_crossing_rate_mean,zero_crossing_rate_var,harmony_mean,harmony_var,perceptr_mean,perceptr_var,tempo,mfcc1_mean,mfcc1_var,mfcc2_mean,mfcc2_var,mfcc3_mean,mfcc3_var,mfcc4_mean,mfcc4_var,mfcc5_mean,mfcc5_var,mfcc6_mean,mfcc6_var,mfcc7_mean,mfcc7_var,mfcc8_mean,mfcc8_var,mfcc9_mean,mfcc9_var,mfcc10_mean,mfcc10_var,mfcc11_mean,mfcc11_var,mfcc12_mean,mfcc12_var,mfcc13_mean,mfcc13_var,mfcc14_mean,mfcc14_var,mfcc15_mean,mfcc15_var,mfcc16_mean,mfcc16_var,mfcc17_mean,mfcc17_var,mfcc18_mean,mfcc18_var,mfcc19_mean,mfcc19_var,mfcc20_mean,mfcc20_var
0.48107743,0.06836047,0.14405736,0.00025481053,2789.433630096566,141770.8904604785,2247.730524145802,42487.65574161071,5346.429542488399,636621.5307197139,0.17988877912316317,0.001319378045010847,-3.9721723e-05,0.008922487,-0.0007716117,0.0044705947,135.99917763157896,-28.094532,183.09843,84.013565,199.9301,-43.699223,176.0168,47.963398,70.0423,-22.446869,52.135128,19.900108,41.66933,-25.177614,60.98542,24.78486,34.27229,-13.102411,33.323406,24.660822,44.220684,-16.40272,31.692673,17.5464,27.925222,-15.407458,30.96203,8.628104,31.343176,-9.936692,28.858475,7.0574527,24.579798,-9.476336,22.666649,8.425924,26.012644,-3.5276394,26.905018,2.6218975,29.909555
