chroma_stft_mean,chroma_stft_var,rms_mean,rms_var,spectral_centroid_mean,spectral_centroid_var,spectral_bandwidth_mean,spectral_bandwidth_var,rolloff_mean,rolloff_var,zero_crossing_rate_mean,zero_crossing_rate_var,harmony_mean,harmony_var,perceptr_mean,perceptr_var,tempo,mfcc1_mean,mfcc1_var,mfcc2_mean,mfcc2_var,mfcc3_mean,mfcc3_var,mfcc4_mean,mfcc4_var,mfcc5_mean,mfcc5_var,mfcc6_mean,mfcc6_var,mfcc7_mean,mfcc7_var,mfcc8_mean,mfcc8_var,mfcc9_mean,mfcc9_var,mfcc10_mean,mfcc10_var,mfcc11_mean,mfcc11_var,mfcc12_mean,mfcc12_var,mfcc13_mean,mfcc13_var,mfcc14_mean,mfcc14_var,mfcc15_mean,mfcc15_var,mfcc16_mean,mfcc16_var,mfcc17_mean,mfcc17_var,mfcc18_mean,mfcc18_var,mfcc19_mean,mfcc19_var,mfcc20_mean,mfcc20_var
0.39589715,0.08210915,0.11196359,0.00033028377,2292.5497866867986,175748.50297110135,2149.440749324474,44392.822731127984,4820.373223607889,561128.2477462925,0.12360086463167054,0.0017099462703664226,-0.00071478984,0.006622452,-0.0023340967,0.0022245985,135.99917763157896,-79.10418,331.43594,106.81736,219.10074,-38.745987,135.11044,39.85337,63.58814,-26.75446,44.725506,32.47149,37.17142,-15.025887,61.496265,29.70176,43.35062,-11.370744,45.657448,13.771314,45.88268,-14.506494,49.300507,16.162413,45.447678,-3.0711157,62.527527,3.5666041,41.467823,-17.278639,40.340725,-2.1247182,33.29706,-12.567954,44.22297,-1.2384824,34.143246,-1.2078116,36.111965,9.03112,45.204792
