chroma_stft_mean,chroma_stft_var,rms_mean,rms_var,spectral_centroid_mean,spectral_centroid_var,spectral_bandwidth_mean,spectral_bandwidth_var,rolloff_mean,rolloff_var,zero_crossing_rate_mean,zero_crossing_rate_var,harmony_mean,harmony_var,perceptr_mean,perceptr_var,tempo,mfcc1_mean,mfcc1_var,mfcc2_mean,mfcc2_var,mfcc3_mean,mfcc3_var,mfcc4_mean,mfcc4_var,mfcc5_mean,mfcc5_var,mfcc6_mean,mfcc6_var,mfcc7_mean,mfcc7_var,mfcc8_mean,mfcc8_var,mfcc9_mean,mfcc9_var,mfcc10_mean,mfcc10_var,mfcc11_mean,mfcc11_var,mfcc12_mean,mfcc12_var,mfcc13_mean,mfcc13_var,mfcc14_mean,mfcc14_var,mfcc15_mean,mfcc15_var,mfcc16_mean,mfcc16_var,mfcc17_mean,mfcc17_var,mfcc18_mean,mfcc18_var,mfcc19_mean,mfcc19_var,mfcc20_mean,mfcc20_var
0.5338698,0.06946453,0.23981513,0.0027619046,2716.919668513006,258841.3055628029,2208.8088417462245,126516.19069259305,5123.145380927349,1030599.6008600794,0.16219169929427688,0.0020723548022456586,1.5224135e-05,0.02216411,-0.0002589071,0.017082362,151.99908088235293,4.0256376,2087.9878,83.2709,521.8455,-37.250732,431.26712,62.33895,274.47205,-14.855973,143.716,23.411692,101.3178,-10.471727,96.3347,16.797785,83.87959,-7.959584,79.832756,16.292543,68.756134,-11.260961,53.982513,13.323189,54.860573,-7.821479,45.646122,6.427265,45.778156,-5.481055,43.008793,4.6836996,36.820965,-5.1421456,36.377502,3.0244691,32.165524,-2.774903,28.115005,3.8161287,28.13935
