chroma_stft_mean,chroma_stft_var,rms_mean,rms_var,spectral_centroid_mean,spectral_centroid_var,spectral_bandwidth_mean,spectral_bandwidth_var,rolloff_mean,rolloff_var,zero_crossing_rate_mean,zero_crossing_rate_var,harmony_mean,harmony_var,perceptr_mean,perceptr_var,tempo,mfcc1_mean,mfcc1_var,mfcc2_mean,mfcc2_var,mfcc3_mean,mfcc3_var,mfcc4_mean,mfcc4_var,mfcc5_mean,mfcc5_var,mfcc6_mean,mfcc6_var,mfcc7_mean,mfcc7_var,mfcc8_mean,mfcc8_var,mfcc9_mean,mfcc9_var,mfcc10_mean,mfcc10_var,mfcc11_mean,mfcc11_var,mfcc12_mean,mfcc12_var,mfcc13_mean,mfcc13_var,mfcc14_mean,mfcc14_var,mfcc15_mean,mfcc15_var,mfcc16_mean,mfcc16_var,mfcc17_mean,mfcc17_var,mfcc18_mean,mfcc18_var,mfcc19_mean,mfcc19_var,mfcc20_mean,mfcc20_var
0.5110066,0.066951916,0.23059022,0.00025759832,2699.8589074887423,43752.63126547915,2240.001110045003,15000.532273103845,5157.318724169809,161954.43340516335,0.1714403428315932,0.0008140643631792562,8.701191e-07,0.023604048,8.202371e-05,0.009103242,112.34714673913044,8.767137,175.28848,82.828575,116.36879,-30.575233,94.99138,66.71375,64.04951,-16.364315,74.49386,16.565092,36.947323,-10.755587,34.483273,29.541245,39.439278,-25.093517,25.869972,16.819788,22.61475,-11.389715,25.608086,12.785203,21.749592,-13.344586,21.145033,9.790851,27.006851,-14.25983,25.39242,9.601506,27.658083,-8.033488,25.125906,5.1764836,26.816975,-2.9545672,21.589466,4.401341,19.452007
