chroma_stft_mean,chroma_stft_var,rms_mean,rms_var,spectral_centroid_mean,spectral_centroid_var,spectral_bandwidth_mean,spectral_bandwidth_var,rolloff_mean,rolloff_var,zero_crossing_rate_mean,zero_crossing_rate_var,harmony_mean,harmony_var,perceptr_mean,perceptr_var,tempo,mfcc1_mean,mfcc1_var,mfcc2_mean,mfcc2_var,mfcc3_mean,mfcc3_var,mfcc4_mean,mfcc4_var,mfcc5_mean,mfcc5_var,mfcc6_mean,mfcc6_var,mfcc7_mean,mfcc7_var,mfcc8_mean,mfcc8_var,mfcc9_mean,mfcc9_var,mfcc10_mean,mfcc10_var,mfcc11_mean,mfcc11_var,mfcc12_mean,mfcc12_var,mfcc13_mean,mfcc13_var,mfcc14_mean,mfcc14_var,mfcc15_mean,mfcc15_var,mfcc16_mean,mfcc16_var,mfcc17_mean,mfcc17_var,mfcc18_mean,mfcc18_var,mfcc19_mean,mfcc19_var,mfcc20_mean,mfcc20_var
0.43828744,0.081806466,0.09044641,0.0011149496,2683.2329169635404,346041.79508533754,2126.6960341043696,167806.5385600723,4972.29638332004,1548637.0962801438,0.17726459783449341,0.00395733300477485,-0.0016279923,0.0026875841,-0.0018856553,0.0033314035,95.703125,-110.88208,4403.4487,83.1775,608.6544,-45.262383,893.7571,56.575737,172.71553,-7.4917903,185.16241,19.974426,128.98103,-13.3807125,165.956,21.210558,85.45186,-15.712456,90.94173,18.088774,55.537197,-18.111538,44.36715,12.935683,38.712547,-17.24048,62.036713,3.3142953,58.372227,-7.573793,70.7893,5.8615556,56.499866,-7.9239125,95.42629,6.83218,51.276985,-5.6663127,63.34492,1.3475283,58.08181
