chroma_stft_mean,chroma_stft_var,rms_mean,rms_var,spectral_centroid_mean,spectral_centroid_var,spectral_bandwidth_mean,spectral_bandwidth_var,rolloff_mean,rolloff_var,zero_crossing_rate_mean,zero_crossing_rate_var,harmony_mean,harmony_var,perceptr_mean,perceptr_var,tempo,mfcc1_mean,mfcc1_var,mfcc2_mean,mfcc2_var,mfcc3_mean,mfcc3_var,mfcc4_mean,mfcc4_var,mfcc5_mean,mfcc5_var,mfcc6_mean,mfcc6_var,mfcc7_mean,mfcc7_var,mfcc8_mean,mfcc8_var,mfcc9_mean,mfcc9_var,mfcc10_mean,mfcc10_var,mfcc11_mean,mfcc11_var,mfcc12_mean,mfcc12_var,mfcc13_mean,mfcc13_var,mfcc14_mean,mfcc14_var,mfcc15_mean,mfcc15_var,mfcc16_mean,mfcc16_var,mfcc17_mean,mfcc17_var,mfcc18_mean,mfcc18_var,mfcc19_mean,mfcc19_var,mfcc20_mean,mfcc20_var
0.44850183,0.07651428,0.24464075,0.0066028456,2068.483409912678,389389.07883764675,2199.408796967297,155740.0092457345,4439.486998803654,1837919.2384632064,0.08885850190931942,0.0015465924820737581,-2.1992515e-05,0.040458716,-0.000104988256,0.008338038,112.34714673913044,-40.49335,3283.641,105.29485,599.3884,-14.107665,475.57037,54.843636,156.12859,-1.191194,120.50383,20.0772,120.553024,-11.698836,71.48138,22.17539,111.66672,-10.231948,46.17621,14.189077,63.104317,-6.9110103,51.075817,13.343561,40.46585,-9.252238,41.15399,6.9309845,39.41813,-4.3974013,36.510796,7.800872,29.868517,-7.6258664,32.466866,0.65484446,29.799782,-3.9704373,31.562857,-0.0053047244,28.072361
