chroma_stft_mean,chroma_stft_var,rms_mean,rms_var,spectral_centroid_mean,spectral_centroid_var,spectral_bandwidth_mean,spectral_bandwidth_var,rolloff_mean,rolloff_var,zero_crossing_rate_mean,zero_crossing_rate_var,harmony_mean,harmony_var,perceptr_mean,perceptr_var,tempo,mfcc1_mean,mfcc1_var,mfcc2_mean,mfcc2_var,mfcc3_mean,mfcc3_var,mfcc4_mean,mfcc4_var,mfcc5_mean,mfcc5_var,mfcc6_mean,mfcc6_var,mfcc7_mean,mfcc7_var,mfcc8_mean,mfcc8_var,mfcc9_mean,mfcc9_var,mfcc10_mean,mfcc10_var,mfcc11_mean,mfcc11_var,mfcc12_mean,mfcc12_var,mfcc13_mean,mfcc13_var,mfcc14_mean,mfcc14_var,mfcc15_mean,mfcc15_var,mfcc16_mean,mfcc16_var,mfcc17_mean,mfcc17_var,mfcc18_mean,mfcc18_var,mfcc19_mean,mfcc19_var,mfcc20_mean,mfcc20_var
0.46147576,0.07914815,0.18441163,0.001024213,2459.5208919140086,129305.17532773188,2221.373053128054,43569.25777573272,5024.347447795823,642143.1865482471,0.1428334058391338,0.0011601360614878437,-3.0002235e-05,0.014262029,-0.0011237189,0.0072235772,143.5546875,-15.672692,337.82086,100.08496,184.99973,-37.597607,172.26141,45.951027,126.49342,-20.771992,87.01906,25.640266,53.66208,-18.628998,50.347534,26.507004,34.70579,-20.164482,50.725624,21.119764,44.458042,-13.650189,35.531548,10.966076,45.249016,-15.529785,38.235806,3.6817815,38.10131,-7.7056265,37.2809,3.9328868,26.625233,-8.118255,43.05566,6.9473047,47.992077,-2.0590785,33.51377,3.8998313,35.924873
