chroma_stft_mean,chroma_stft_var,rms_mean,rms_var,spectral_centroid_mean,spectral_centroid_var,spectral_bandwidth_mean,spectral_bandwidth_var,rolloff_mean,rolloff_var,zero_crossing_rate_mean,zero_crossing_rate_var,harmony_mean,harmony_var,perceptr_mean,perceptr_var,tempo,mfcc1_mean,mfcc1_var,mfcc2_mean,mfcc2_var,mfcc3_mean,mfcc3_var,mfcc4_mean,mfcc4_var,mfcc5_mean,mfcc5_var,mfcc6_mean,mfcc6_var,mfcc7_mean,mfcc7_var,mfcc8_mean,mfcc8_var,mfcc9_mean,mfcc9_var,mfcc10_mean,mfcc10_var,mfcc11_mean,mfcc11_var,mfcc12_mean,mfcc12_var,mfcc13_mean,mfcc13_var,mfcc14_mean,mfcc14_var,mfcc15_mean,mfcc15_var,mfcc16_mean,mfcc16_var,mfcc17_mean,mfcc17_var,mfcc18_mean,mfcc18_var,mfcc19_mean,mfcc19_var,mfcc20_mean,mfcc20_var
0.4874927,0.076265894,0.20710793,0.0014708905,2718.6937188160364,244806.3268019478,2271.302364275169,97698.25415674041,5228.837935941126,993738.5864814287,0.1437182031854215,0.0017282064805370875,3.644683e-06,0.02170031,-0.000120652636,0.010169427,129.19921875,-24.984938,1515.3313,77.5327,428.21848,-30.377945,322.40933,68.362,168.02847,-6.511033,88.23348,24.695711,72.54114,-9.807751,108.69713,19.519594,74.89087,-11.459886,68.73735,18.600407,57.385464,-14.158085,46.170357,14.448771,52.558434,-5.925431,52.971638,9.09078,36.769104,-7.701838,38.969944,5.8399487,33.659004,-6.626938,38.466595,2.299379,33.65194,-7.4967046,29.533195,5.77133,31.840858
