chroma_stft_mean,chroma_stft_var,rms_mean,rms_var,spectral_centroid_mean,spectral_centroid_var,spectral_bandwidth_mean,spectral_bandwidth_var,rolloff_mean,rolloff_var,zero_crossing_rate_mean,zero_crossing_rate_var,harmony_mean,harmony_var,perceptr_mean,perceptr_var,tempo,mfcc1_mean,mfcc1_var,mfcc2_mean,mfcc2_var,mfcc3_mean,mfcc3_var,mfcc4_mean,mfcc4_var,mfcc5_mean,mfcc5_var,mfcc6_mean,mfcc6_var,mfcc7_mean,mfcc7_var,mfcc8_mean,mfcc8_var,mfcc9_mean,mfcc9_var,mfcc10_mean,mfcc10_var,mfcc11_mean,mfcc11_var,mfcc12_mean,mfcc12_var,mfcc13_mean,mfcc13_var,mfcc14_mean,mfcc14_var,mfcc15_mean,mfcc15_var,mfcc16_mean,mfcc16_var,mfcc17_mean,mfcc17_var,mfcc18_mean,mfcc18_var,mfcc19_mean,mfcc19_var,mfcc20_mean,mfcc20_var
0.44560668,0.09188757,0.18605243,0.017402006,2671.1443441180336,1244599.8991966506,2494.6900227127685,257846.2763200302,5320.449807859629,3560118.3895045654,0.1221979529195669,0.007330745416052326,-9.2104153e-07,0.00952529,-0.00012873374,0.03509336,95.703125,-98.853745,5040.587,71.11213,1396.6842,-10.053335,977.1244,31.729233,529.338,5.147712,286.0749,1.8780879,265.47284,-8.90375,220.41904,-4.26225,177.71071,-5.9646845,176.09067,-4.266651,156.14114,-0.66418374,146.9353,-1.8670931,126.53922,-0.51587844,90.401924,2.577532,88.82974,-1.0610514,81.0883,2.2003837,68.56583,-3.9452794,75.870255,1.2060615,67.0954,0.27784657,50.413967,0.065609135,56.57671
