chroma_stft_mean,chroma_stft_var,rms_mean,rms_var,spectral_centroid_mean,spectral_centroid_var,spectral_bandwidth_mean,spectral_bandwidth_var,rolloff_mean,rolloff_var,zero_crossing_rate_mean,zero_crossing_rate_var,harmony_mean,harmony_var,perceptr_mean,perceptr_var,tempo,mfcc1_mean,mfcc1_var,mfcc2_mean,mfcc2_var,mfcc3_mean,mfcc3_var,mfcc4_mean,mfcc4_var,mfcc5_mean,mfcc5_var,mfcc6_mean,mfcc6_var,mfcc7_mean,mfcc7_var,mfcc8_mean,mfcc8_var,mfcc9_mean,mfcc9_var,mfcc10_mean,mfcc10_var,mfcc11_mean,mfcc11_var,mfcc12_mean,mfcc12_var,mfcc13_mean,mfcc13_var,mfcc14_mean,mfcc14_var,mfcc15_mean,mfcc15_var,mfcc16_mean,mfcc16_var,mfcc17_mean,mfcc17_var,mfcc18_mean,mfcc18_var,mfcc19_mean,mfcc19_var,mfcc20_mean,mfcc20_var
0.5334905,0.07592314,0.11897815,0.002156718,2538.6441653895045,305714.9009992905,2341.3393617436855,48958.88596908484,5353.532335321201,629389.3805693665,0.10070602523201856,0.0036066085153063595,-7.908587e-05,0.008844298,-0.0009302627,0.0032486436,107.666015625,-129.85645,1936.1067,72.016136,409.21136,-23.281464,400.43152,63.21336,279.61368,-6.8841476,178.50922,34.399254,138.88527,-12.2047,125.60134,30.490248,75.35058,-7.596256,90.99652,20.596848,56.31332,-6.2104917,64.90545,14.676088,61.54941,-2.949456,69.26274,9.041391,49.213875,-4.7462945,45.091167,5.378994,48.640167,-2.421886,57.783848,1.6254605,45.407173,-5.972849,60.67075,-0.8209335,64.26075
