chroma_stft_mean,chroma_stft_var,rms_mean,rms_var,spectral_centroid_mean,spectral_centroid_var,spectral_bandwidth_mean,spectral_bandwidth_var,rolloff_mean,rolloff_var,zero_crossing_rate_mean,zero_crossing_rate_var,harmony_mean,harmony_var,perceptr_mean,perceptr_var,tempo,mfcc1_mean,mfcc1_var,mfcc2_mean,mfcc2_var,mfcc3_mean,mfcc3_var,mfcc4_mean,mfcc4_var,mfcc5_mean,mfcc5_var,mfcc6_mean,mfcc6_var,mfcc7_mean,mfcc7_var,mfcc8_mean,mfcc8_var,mfcc9_mean,mfcc9_var,mfcc10_mean,mfcc10_var,mfcc11_mean,mfcc11_var,mfcc12_mean,mfcc12_var,mfcc13_mean,mfcc13_var,mfcc14_mean,mfcc14_var,mfcc15_mean,mfcc15_var,mfcc16_mean,mfcc16_var,mfcc17_mean,mfcc17_var,mfcc18_mean,mfcc18_var,mfcc19_mean,mfcc19_var,mfcc20_mean,mfcc20_var
0.47790587,0.08197616,0.1225821,0.0015875181,2330.136830188641,277138.78290723613,2664.101041025171,69977.76032263364,5836.389018543358,1158541.7508190242,0.07259227873646558,0.0015329120379262765,-3.0277359e-05,0.0105611505,-0.00091662107,0.0019366842,112.34714673913044,-145.03775,1918.2847,84.07012,280.62628,10.873836,446.1367,43.602345,185.99567,6.2924957,355.65363,36.12595,118.62299,-14.64767,131.68825,26.805588,111.78676,-10.327143,78.41056,24.690153,76.69374,-8.718044,66.05807,18.786041,55.73084,-4.3923764,95.50273,9.876547,66.61022,-8.126447,52.363556,8.813146,51.04108,-7.8783293,49.33558,2.8717957,67.26273,-4.3435817,51.71159,-1.1205764,51.408306
