chroma_stft_mean,chroma_stft_var,rms_mean,rms_var,spectral_centroid_mean,spectral_centroid_var,spectral_bandwidth_mean,spectral_bandwidth_var,rolloff_mean,rolloff_var,zero_crossing_rate_mean,zero_crossing_rate_var,harmony_mean,harmony_var,perceptr_mean,perceptr_var,tempo,mfcc1_mean,mfcc1_var,mfcc2_mean,mfcc2_var,mfcc3_mean,mfcc3_var,mfcc4_mean,mfcc4_var,mfcc5_mean,mfcc5_var,mfcc6_mean,mfcc6_var,mfcc7_mean,mfcc7_var,mfcc8_mean,mfcc8_var,mfcc9_mean,mfcc9_var,mfcc10_mean,mfcc10_var,mfcc11_mean,mfcc11_var,mfcc12_mean,mfcc12_var,mfcc13_mean,mfcc13_var,mfcc14_mean,mfcc14_var,mfcc15_mean,mfcc15_var,mfcc16_mean,mfcc16_var,mfcc17_mean,mfcc17_var,mfcc18_mean,mfcc18_var,mfcc19_mean,mfcc19_var,mfcc20_mean,mfcc20_var
0.5067461,0.084058724,0.10891521,0.0013985398,3079.2339737601815,1316094.4224423629,3220.9111449688935,240605.474655448,7003.6118651210845,4563620.9958992945,0.10707709481341841,0.004924377786907115,-6.576205e-06,0.005297764,-1.7226428e-05,0.0037609544,107.666015625,-144.9216,6565.4346,66.675064,1117.0687,44.26944,641.66437,22.51216,456.32907,6.504938,226.70352,8.847096,126.1656,11.890134,135.99641,5.838831,89.46046,3.0452945,78.48588,6.454954,96.390335,3.565836,77.90057,2.5241907,62.856262,3.8298788,56.730183,3.719332,49.5417,6.821737,59.98099,5.0646563,81.33018,0.4777705,52.732338,1.081603,37.149784,1.9556488,54.79232,-0.07338597,37.777763
