chroma_stft_mean,chroma_stft_var,rms_mean,rms_var,spectral_centroid_mean,spectral_centroid_var,spectral_bandwidth_mean,spectral_bandwidth_var,rolloff_mean,rolloff_var,zero_crossing_rate_mean,zero_crossing_rate_var,harmony_mean,harmony_var,perceptr_mean,perceptr_var,tempo,mfcc1_mean,mfcc1_var,mfcc2_mean,mfcc2_var,mfcc3_mean,mfcc3_var,mfcc4_mean,mfcc4_var,mfcc5_mean,mfcc5_var,mfcc6_mean,mfcc6_var,mfcc7_mean,mfcc7_var,mfcc8_mean,mfcc8_var,mfcc9_mean,mfcc9_var,mfcc10_mean,mfcc10_var,mfcc11_mean,mfcc11_var,mfcc12_mean,mfcc12_var,mfcc13_mean,mfcc13_var,mfcc14_mean,mfcc14_var,mfcc15_mean,mfcc15_var,mfcc16_mean,mfcc16_var,mfcc17_mean,mfcc17_var,mfcc18_mean,mfcc18_var,mfcc19_mean,mfcc19_var,mfcc20_mean,mfcc20_var
0.4037267,0.09753286,0.14131808,0.0006497448,3377.550728575826,819406.7876970182,2996.999028063944,136493.87180854235,6893.697603230134,2250307.061378739,0.15493130075406034,0.007261825948261892,3.3116734e-08,0.009302067,-3.606371e-05,0.0056003965,95.703125,-64.0287,1803.3374,50.810192,661.65393,6.6335435,490.63428,27.82341,255.02455,6.641089,189.91988,0.30421925,130.78104,2.8312953,118.722206,3.2257662,97.468666,0.1621326,114.40683,0.6087187,75.380585,0.09283668,70.8763,-5.0643573,67.294365,2.6649313,76.90946,-1.6399987,63.13839,3.1024876,62.053074,5.1566386,60.549763,-0.84149176,74.39218,4.844521,53.077267,0.24584658,40.56703,-4.8553863,50.900593
