chroma_stft_mean,chroma_stft_var,rms_mean,rms_var,spectral_centroid_mean,spectral_centroid_var,spectral_bandwidth_mean,spectral_bandwidth_var,rolloff_mean,rolloff_var,zero_crossing_rate_mean,zero_crossing_rate_var,harmony_mean,harmony_var,perceptr_mean,perceptr_var,tempo,mfcc1_mean,mfcc1_var,mfcc2_mean,mfcc2_var,mfcc3_mean,mfcc3_var,mfcc4_mean,mfcc4_var,mfcc5_mean,mfcc5_var,mfcc6_mean,mfcc6_var,mfcc7_mean,mfcc7_var,mfcc8_mean,mfcc8_var,mfcc9_mean,mfcc9_var,mfcc10_mean,mfcc10_var,mfcc11_mean,mfcc11_var,mfcc12_mean,mfcc12_var,mfcc13_mean,mfcc13_var,mfcc14_mean,mfcc14_var,mfcc15_mean,mfcc15_var,mfcc16_mean,mfcc16_var,mfcc17_mean,mfcc17_var,mfcc18_mean,mfcc18_var,mfcc19_mean,mfcc19_var,mfcc20_mean,mfcc20_var
0.43206802,0.092076935,0.22584656,0.011800171,2470.3099575217398,830431.9536612394,2410.202245371045,393101.5075099387,5255.716969076276,3624723.321196613,0.10013617495649652,0.0032102783158864125,-0.0011597835,0.018279796,-0.0071527655,0.026847897,135.99917763157896,-64.75484,5821.9175,88.22647,750.61084,-10.355254,991.0015,41.795155,464.1774,-2.5577855,266.2985,22.908054,195.89417,-6.495011,224.7035,16.630516,117.10668,-5.802398,148.96928,13.089849,89.87828,-6.9133754,89.07403,3.0193248,65.344604,-9.77044,65.56088,2.3416917,57.645237,-7.051864,70.77061,3.197937,75.22558,1.7190007,92.60936,6.0806336,87.98864,0.36686364,88.625114,-3.0366693,79.26407
