chroma_stft_mean,chroma_stft_var,rms_mean,rms_var,spectral_centroid_mean,spectral_centroid_var,spectral_bandwidth_mean,spectral_bandwidth_var,rolloff_mean,rolloff_var,zero_crossing_rate_mean,zero_crossing_rate_var,harmony_mean,harmony_var,perceptr_mean,perceptr_var,tempo,mfcc1_mean,mfcc1_var,mfcc2_mean,mfcc2_var,mfcc3_mean,mfcc3_var,mfcc4_mean,mfcc4_var,mfcc5_mean,mfcc5_var,mfcc6_mean,mfcc6_var,mfcc7_mean,mfcc7_var,mfcc8_mean,mfcc8_var,mfcc9_mean,mfcc9_var,mfcc10_mean,mfcc10_var,mfcc11_mean,mfcc11_var,mfcc12_mean,mfcc12_var,mfcc13_mean,mfcc13_var,mfcc14_mean,mfcc14_var,mfcc15_mean,mfcc15_var,mfcc16_mean,mfcc16_var,mfcc17_mean,mfcc17_var,mfcc18_mean,mfcc18_var,mfcc19_mean,mfcc19_var,mfcc20_mean,mfcc20_var
0.43007925,0.084350914,0.24181975,0.0053703077,2405.830496426096,521800.9622961616,2268.6671782842477,90635.44948343713,4987.576131090487,1326514.0836213487,0.11971916086620263,0.004081600101971847,-5.527808e-05,0.02497956,-0.0003453129,0.018413011,103.359375,-27.65653,1445.6083,94.36548,651.2571,-20.578146,481.08047,49.886658,294.2855,-14.699279,250.78133,23.853004,150.36583,-17.633308,122.38827,24.027565,68.16384,-15.87746,68.14444,16.434723,63.94753,-10.632629,63.085594,13.892765,48.12207,-10.462795,54.43819,8.212202,57.407345,-10.292511,55.301975,5.016802,64.510574,-5.758277,77.4185,10.31377,76.468254,3.622611,95.05652,9.19917,103.60898
