chroma_stft_mean,chroma_stft_var,rms_mean,rms_var,spectral_centroid_mean,spectral_centroid_var,spectral_bandwidth_mean,spectral_bandwidth_var,rolloff_mean,rolloff_var,zero_crossing_rate_mean,zero_crossing_rate_var,harmony_mean,harmony_var,perceptr_mean,perceptr_var,tempo,mfcc1_mean,mfcc1_var,mfcc2_mean,mfcc2_var,mfcc3_mean,mfcc3_var,mfcc4_mean,mfcc4_var,mfcc5_mean,mfcc5_var,mfcc6_mean,mfcc6_var,mfcc7_mean,mfcc7_var,mfcc8_mean,mfcc8_var,mfcc9_mean,mfcc9_var,mfcc10_mean,mfcc10_var,mfcc11_mean,mfcc11_var,mfcc12_mean,mfcc12_var,mfcc13_mean,mfcc13_var,mfcc14_mean,mfcc14_var,mfcc15_mean,mfcc15_var,mfcc16_mean,mfcc16_var,mfcc17_mean,mfcc17_var,mfcc18_mean,mfcc18_var,mfcc19_mean,mfcc19_var,mfcc20_mean,mfcc20_var
0.39835155,0.09513824,0.2698501,0.019041779,2208.65791984026,739227.6981438694,2215.035483517546,592718.0626570396,4416.6801868785515,3318002.57932004,0.09738436612215909,0.00263385876356406,0.0012433276,0.036258474,-0.0028210587,0.02802716,92.28515625,-61.835876,19978.018,72.13108,1043.6129,-16.305073,746.02765,27.443157,583.0322,5.2088065,276.9879,1.4985307,286.4888,3.945992,134.53253,8.3317,157.48825,-2.130365,138.0192,5.837354,95.7779,0.046645842,109.527985,-0.4366467,86.929855,-0.7864779,74.57513,-1.6246753,71.73657,-0.07416289,53.774372,3.236944,51.95615,0.68925554,50.366287,1.0858523,47.05862,-1.1185853,49.249817,-3.270194,62.16305
