chroma_stft_mean,chroma_stft_var,rms_mean,rms_var,spectral_centroid_mean,spectral_centroid_var,spectral_bandwidth_mean,spectral_bandwidth_var,rolloff_mean,rolloff_var,zero_crossing_rate_mean,zero_crossing_rate_var,harmony_mean,harmony_var,perceptr_mean,perceptr_var,tempo,mfcc1_mean,mfcc1_var,mfcc2_mean,mfcc2_var,mfcc3_mean,mfcc3_var,mfcc4_mean,mfcc4_var,mfcc5_mean,mfcc5_var,mfcc6_mean,mfcc6_var,mfcc7_mean,mfcc7_var,mfcc8_mean,mfcc8_var,mfcc9_mean,mfcc9_var,mfcc10_mean,mfcc10_var,mfcc11_mean,mfcc11_var,mfcc12_mean,mfcc12_var,mfcc13_mean,mfcc13_var,mfcc14_mean,mfcc14_var,mfcc15_mean,mfcc15_var,mfcc16_mean,mfcc16_var,mfcc17_mean,mfcc17_var,mfcc18_mean,mfcc18_var,mfcc19_mean,mfcc19_var,mfcc20_mean,mfcc20_var
0.476643,0.0797407,0.06721187,0.0019550961,3185.5488967360493,426097.6725513509,2603.8793384116793,28927.138192070677,6278.469175971578,303842.7288763307,0.15213151947989173,0.005553373462135054,-0.000106060565,0.0021548017,-0.0007537812,0.0020291617,117.45383522727273,-191.64328,3301.3145,41.31824,403.27316,5.0136557,447.9221,65.45381,220.99623,-4.320505,210.4136,42.636795,135.53877,-12.251249,116.72628,23.813137,82.86541,-4.262662,97.291084,16.029984,87.88748,-5.084965,97.75749,16.429445,74.59008,-9.367057,59.560577,6.667357,49.992107,-2.7242777,56.072372,-0.44529504,58.444866,-7.415514,58.9553,4.564765,77.06823,-6.9763675,82.42525,2.4696715,123.54464
