chroma_stft_mean,chroma_stft_var,rms_mean,rms_var,spectral_centroid_mean,spectral_centroid_var,spectral_bandwidth_mean,spectral_bandwidth_var,rolloff_mean,rolloff_var,zero_crossing_rate_mean,zero_crossing_rate_var,harmony_mean,harmony_var,perceptr_mean,perceptr_var,tempo,mfcc1_mean,mfcc1_var,mfcc2_mean,mfcc2_var,mfcc3_mean,mfcc3_var,mfcc4_mean,mfcc4_var,mfcc5_mean,mfcc5_var,mfcc6_mean,mfcc6_var,mfcc7_mean,mfcc7_var,mfcc8_mean,mfcc8_var,mfcc9_mean,mfcc9_var,mfcc10_mean,mfcc10_var,mfcc11_mean,mfcc11_var,mfcc12_mean,mfcc12_var,mfcc13_mean,mfcc13_var,mfcc14_mean,mfcc14_var,mfcc15_mean,mfcc15_var,mfcc16_mean,mfcc16_var,mfcc17_mean,mfcc17_var,mfcc18_mean,mfcc18_var,mfcc19_mean,mfcc19_var,mfcc20_mean,mfcc20_var
0.42210543,0.08863768,0.22871886,0.011979842,2544.7011695771357,721083.3193964063,2747.9991393027904,153162.7250655683,5683.4499845925175,2460802.8192955134,0.0956740471529389,0.0030089207268166576,1.3798177e-07,0.025325086,0.00067676866,0.016203117,95.703125,-66.12838,5505.367,74.913,810.3805,20.638704,447.80804,39.30214,363.88602,8.165499,202.70471,15.136998,98.28887,-0.3755348,100.20782,5.5735135,83.65343,1.4621952,79.27955,-0.64992875,83.86356,-1.5591092,51.855255,1.4431082,42.727795,-2.4078412,38.084797,-2.1948063,44.335327,-4.3242593,34.5169,-4.4145594,30.11123,-5.126608,36.99237,-4.2934585,28.099665,-6.3408685,37.84948,-5.016051,31.445911
