chroma_stft_mean,chroma_stft_var,rms_mean,rms_var,spectral_centroid_mean,spectral_centroid_var,spectral_bandwidth_mean,spectral_bandwidth_var,rolloff_mean,rolloff_var,zero_crossing_rate_mean,zero_crossing_rate_var,harmony_mean,harmony_var,perceptr_mean,perceptr_var,tempo,mfcc1_mean,mfcc1_var,mfcc2_mean,mfcc2_var,mfcc3_mean,mfcc3_var,mfcc4_mean,mfcc4_var,mfcc5_mean,mfcc5_var,mfcc6_mean,mfcc6_var,mfcc7_mean,mfcc7_var,mfcc8_mean,mfcc8_var,mfcc9_mean,mfcc9_var,mfcc10_mean,mfcc10_var,mfcc11_mean,mfcc11_var,mfcc12_mean,mfcc12_var,mfcc13_mean,mfcc13_var,mfcc14_mean,mfcc14_var,mfcc15_mean,mfcc15_var,mfcc16_mean,mfcc16_var,mfcc17_mean,mfcc17_var,mfcc18_mean,mfcc18_var,mfcc19_mean,mfcc19_var,mfcc20_mean,mfcc20_var
0.41653615,0.088974394,0.23028027,0.012418146,2345.299206046104,857674.2383347544,2682.1388436073366,279938.3252671616,5395.29142800174,3649756.724362754,0.07751058886794276,0.002390140119510666,3.9126176e-06,0.028907293,0.0007512771,0.014247349,95.703125,-87.560486,8917.726,79.35381,979.7997,25.052841,376.23557,45.152496,278.43008,11.185015,141.43428,18.171783,77.73753,3.5164936,68.278,6.999547,42.63038,1.263746,58.155617,2.360853,56.368572,-1.7756817,41.96461,-0.008662626,26.86683,-2.7024157,30.090149,-0.48379934,24.406153,-5.255576,27.576893,-3.8656323,22.984444,-2.5043306,26.839108,-4.674292,19.229387,-4.9827003,18.260378,-4.4252176,23.297024
