chroma_stft_mean,chroma_stft_var,rms_mean,rms_var,spectral_centroid_mean,spectral_centroid_var,spectral_bandwidth_mean,spectral_bandwidth_var,rolloff_mean,rolloff_var,zero_crossing_rate_mean,zero_crossing_rate_var,harmony_mean,harmony_var,perceptr_mean,perceptr_var,tempo,mfcc1_mean,mfcc1_var,mfcc2_mean,mfcc2_var,mfcc3_mean,mfcc3_var,mfcc4_mean,mfcc4_var,mfcc5_mean,mfcc5_var,mfcc6_mean,mfcc6_var,mfcc7_mean,mfcc7_var,mfcc8_mean,mfcc8_var,mfcc9_mean,mfcc9_var,mfcc10_mean,mfcc10_var,mfcc11_mean,mfcc11_var,mfcc12_mean,mfcc12_var,mfcc13_mean,mfcc13_var,mfcc14_mean,mfcc14_var,mfcc15_mean,mfcc15_var,mfcc16_mean,mfcc16_var,mfcc17_mean,mfcc17_var,mfcc18_mean,mfcc18_var,mfcc19_mean,mfcc19_var,mfcc20_mean,mfcc20_var
0.539233,0.06639366,0.19390872,0.00086908106,3725.230349312218,276114.2745761622,3205.3230898123174,38851.2117735741,7642.421897658062,401171.23543989303,0.172685781008314,0.0023057930892697084,-5.2400035e-05,0.019899862,-0.0013814154,0.007639618,89.10290948275862,-23.859095,1429.077,43.71672,291.4197,30.558304,262.9623,26.47368,135.36694,4.338362,121.20712,21.920883,77.00021,2.5954418,68.63756,7.001879,36.676384,-1.4912325,52.416016,4.579595,35.481827,0.41853648,32.241432,2.4708798,23.988886,-4.0689173,27.267916,-2.0178862,30.353804,-3.5649893,24.404842,-0.12549086,19.90248,-2.4735868,20.392752,-1.0351753,16.562416,-4.772616,15.399676,-2.6153934,16.596384
