chroma_stft_mean,chroma_stft_var,rms_mean,rms_var,spectral_centroid_mean,spectral_centroid_var,spectral_bandwidth_mean,spectral_bandwidth_var,rolloff_mean,rolloff_var,zero_crossing_rate_mean,zero_crossing_rate_var,harmony_mean,harmony_var,perceptr_mean,perceptr_var,tempo,mfcc1_mean,mfcc1_var,mfcc2_mean,mfcc2_var,mfcc3_mean,mfcc3_var,mfcc4_mean,mfcc4_var,mfcc5_mean,mfcc5_var,mfcc6_mean,mfcc6_var,mfcc7_mean,mfcc7_var,mfcc8_mean,mfcc8_var,mfcc9_mean,mfcc9_var,mfcc10_mean,mfcc10_var,mfcc11_mean,mfcc11_var,mfcc12_mean,mfcc12_var,mfcc13_mean,mfcc13_var,mfcc14_mean,mfcc14_var,mfcc15_mean,mfcc15_var,mfcc16_mean,mfcc16_var,mfcc17_mean,mfcc17_var,mfcc18_mean,mfcc18_var,mfcc19_mean,mfcc19_var,mfcc20_mean,mfcc20_var
0.42740804,0.09149506,0.15472177,0.0047225733,3212.057081839573,1412102.9627158884,2833.5391106656207,332112.4544085303,6310.635751250725,5398487.804266883,0.17229266362142304,0.00981950427155356,-3.367298e-06,0.0064781997,0.00010078978,0.0142214885,103.359375,-79.72858,8500.444,62.312958,1490.9861,-5.1254992,937.51074,18.232164,552.17645,12.871769,299.69965,-14.090276,395.86182,4.9098263,228.51938,1.6790172,216.57367,-5.7725415,145.3288,0.82087576,137.70021,-3.799455,99.83374,2.015118,83.91112,3.4152286,82.93784,-2.8603146,79.32246,1.2713985,65.72944,1.7471731,66.36753,-2.265965,64.16467,-1.028394,78.51059,-4.603296,61.413174,-2.8218293,55.338203
