chroma_stft_mean,chroma_stft_var,rms_mean,rms_var,spectral_centroid_mean,spectral_centroid_var,spectral_bandwidth_mean,spectral_bandwidth_var,rolloff_mean,rolloff_var,zero_crossing_rate_mean,zero_crossing_rate_var,harmony_mean,harmony_var,perceptr_mean,perceptr_var,tempo,mfcc1_mean,mfcc1_var,mfcc2_mean,mfcc2_var,mfcc3_mean,mfcc3_var,mfcc4_mean,mfcc4_var,mfcc5_mean,mfcc5_var,mfcc6_mean,mfcc6_var,mfcc7_mean,mfcc7_var,mfcc8_mean,mfcc8_var,mfcc9_mean,mfcc9_var,mfcc10_mean,mfcc10_var,mfcc11_mean,mfcc11_var,mfcc12_mean,mfcc12_var,mfcc13_mean,mfcc13_var,mfcc14_mean,mfcc14_var,mfcc15_mean,mfcc15_var,mfcc16_mean,mfcc16_var,mfcc17_mean,mfcc17_var,mfcc18_mean,mfcc18_var,mfcc19_mean,mfcc19_var,mfcc20_mean,mfcc20_var
0.51328456,0.08334908,0.065865405,0.002007073,2044.2141770246926,589248.0367620153,1933.5991084288332,140134.44774530447,4074.2718831569027,1881159.2488147805,0.10510961970707657,0.005004467846272855,-0.00019051196,0.000845728,-0.0003438672,0.00443734,112.34714673913044,-214.28505,4217.6997,100.340324,1639.2614,-33.472843,632.69574,47.243874,563.3801,-8.946487,377.08005,12.985619,345.16306,-17.303013,230.96506,11.073051,176.94118,-11.712202,169.41487,8.803368,123.47769,-7.8350797,100.29469,6.2592897,86.84791,-0.110056914,98.88919,4.890833,67.5631,1.1956736,62.621418,3.7816808,49.19666,1.466391,56.640263,3.4812346,47.651066,0.6495937,44.59618,4.1376963,42.857204
