chroma_stft_mean,chroma_stft_var,rms_mean,rms_var,spectral_centroid_mean,spectral_centroid_var,spectral_bandwidth_mean,spectral_bandwidth_var,rolloff_mean,rolloff_var,zero_crossing_rate_mean,zero_crossing_rate_var,harmony_mean,harmony_var,perceptr_mean,perceptr_var,tempo,mfcc1_mean,mfcc1_var,mfcc2_mean,mfcc2_var,mfcc3_mean,mfcc3_var,mfcc4_mean,mfcc4_var,mfcc5_mean,mfcc5_var,mfcc6_mean,mfcc6_var,mfcc7_mean,mfcc7_var,mfcc8_mean,mfcc8_var,mfcc9_mean,mfcc9_var,mfcc10_mean,mfcc10_var,mfcc11_mean,mfcc11_var,mfcc12_mean,mfcc12_var,mfcc13_mean,mfcc13_var,mfcc14_mean,mfcc14_var,mfcc15_mean,mfcc15_var,mfcc16_mean,mfcc16_var,mfcc17_mean,mfcc17_var,mfcc18_mean,mfcc18_var,mfcc19_mean,mfcc19_var,mfcc20_mean,mfcc20_var
0.5838064,0.07147071,0.10802322,0.0027401147,2473.246187433862,510679.8358696654,2499.7054922430575,61635.80494707486,5509.702182424594,1123911.6603337408,0.08777506888051044,0.005562227928881227,-6.3153566e-05,0.008208116,-0.0006267388,0.0024751152,135.99917763157896,-168.2848,2836.7905,70.928505,273.67792,-3.0489557,398.55478,54.81575,123.75283,-12.119345,162.41518,30.501707,131.41911,-1.5368698,169.10394,28.82944,92.75801,-8.936954,110.69379,18.75314,51.240005,-6.6041923,80.86844,14.595448,40.25411,-3.5817893,48.52975,14.184685,28.61758,-3.972787,49.11584,6.924735,28.596844,-4.1759524,37.567043,5.865248,25.851082,-1.5169771,54.080482,1.2829199,32.925964
