chroma_stft_mean,chroma_stft_var,rms_mean,rms_var,spectral_centroid_mean,spectral_centroid_var,spectral_bandwidth_mean,spectral_bandwidth_var,rolloff_mean,rolloff_var,zero_crossing_rate_mean,zero_crossing_rate_var,harmony_mean,harmony_var,perceptr_mean,perceptr_var,tempo,mfcc1_mean,mfcc1_var,mfcc2_mean,mfcc2_var,mfcc3_mean,mfcc3_var,mfcc4_mean,mfcc4_var,mfcc5_mean,mfcc5_var,mfcc6_mean,mfcc6_var,mfcc7_mean,mfcc7_var,mfcc8_mean,mfcc8_var,mfcc9_mean,mfcc9_var,mfcc10_mean,mfcc10_var,mfcc11_mean,mfcc11_var,mfcc12_mean,mfcc12_var,mfcc13_mean,mfcc13_var,mfcc14_mean,mfcc14_var,mfcc15_mean,mfcc15_var,mfcc16_mean,mfcc16_var,mfcc17_mean,mfcc17_var,mfcc18_mean,mfcc18_var,mfcc19_mean,mfcc19_var,mfcc20_mean,mfcc20_var
0.42697057,0.095939554,0.27367225,0.010577342,1683.4272327515525,648886.4502888898,2427.648677691674,349489.70461573714,3618.5440382105567,4806833.131725432,0.04243024337780356,0.0009610985417768408,-1.11706195e-05,0.048637733,0.00023702838,0.016488349,99.38401442307692,-114.05457,4385.964,110.12894,1221.9696,17.897541,790.1597,37.944332,310.88184,27.987617,319.87732,1.4057866,199.1034,15.552603,166.65175,1.4244989,113.54125,7.359582,91.38932,-3.319526,105.010414,8.256998,84.05101,-0.1889066,64.63161,0.6798427,78.18087,3.3433783,56.316982,-2.4709632,47.46062,0.7678117,41.233437,-4.851185,38.655952,-2.395553,44.046753,-3.285419,45.76848,-4.608737,45.48206
