chroma_stft_mean,chroma_stft_var,rms_mean,rms_var,spectral_centroid_mean,spectral_centroid_var,spectral_bandwidth_mean,spectral_bandwidth_var,rolloff_mean,rolloff_var,zero_crossing_rate_mean,zero_crossing_rate_var,harmony_mean,harmony_var,perceptr_mean,perceptr_var,tempo,mfcc1_mean,mfcc1_var,mfcc2_mean,mfcc2_var,mfcc3_mean,mfcc3_var,mfcc4_mean,mfcc4_var,mfcc5_mean,mfcc5_var,mfcc6_mean,mfcc6_var,mfcc7_mean,mfcc7_var,mfcc8_mean,mfcc8_var,mfcc9_mean,mfcc9_var,mfcc10_mean,mfcc10_var,mfcc11_mean,mfcc11_var,mfcc12_mean,mfcc12_var,mfcc13_mean,mfcc13_var,mfcc14_mean,mfcc14_var,mfcc15_mean,mfcc15_var,mfcc16_mean,mfcc16_var,mfcc17_mean,mfcc17_var,mfcc18_mean,mfcc18_var,mfcc19_mean,mfcc19_var,mfcc20_mean,mfcc20_var
0.47561157,0.09003788,0.16455324,0.006290357,3460.24289862119,1043542.4863217035,2917.5568063224846,110813.35935516487,7021.890286786841,1732474.3656609883,0.17268506904625383,0.011691554592207557,-0.0003871139,0.011438465,-0.0010770111,0.012322939,103.359375,-102.89939,4726.3555,30.651878,1140.4095,20.85029,865.3773,45.66796,349.61435,9.681037,279.532,8.775829,247.96254,1.5652859,313.2738,12.388125,183.17772,0.5594133,158.68674,5.1369996,103.39992,-2.7244704,87.77659,8.163298,95.92548,-1.3305275,85.00981,3.3261495,74.18642,1.241582,63.126923,3.23453,79.99527,-2.711045,111.91072,5.7488914,92.642296,-0.7238461,122.07418,2.7033617,88.298836
