chroma_stft_mean,chroma_stft_var,rms_mean,rms_var,spectral_centroid_mean,spectral_centroid_var,spectral_bandwidth_mean,spectral_bandwidth_var,rolloff_mean,rolloff_var,zero_crossing_rate_mean,zero_crossing_rate_var,harmony_mean,harmony_var,perceptr_mean,perceptr_var,tempo,mfcc1_mean,mfcc1_var,mfcc2_mean,mfcc2_var,mfcc3_mean,mfcc3_var,mfcc4_mean,mfcc4_var,mfcc5_mean,mfcc5_var,mfcc6_mean,mfcc6_var,mfcc7_mean,mfcc7_var,mfcc8_mean,mfcc8_var,mfcc9_mean,mfcc9_var,mfcc10_mean,mfcc10_var,mfcc11_mean,mfcc11_var,mfcc12_mean,mfcc12_var,mfcc13_mean,mfcc13_var,mfcc14_mean,mfcc14_var,mfcc15_mean,mfcc15_var,mfcc16_mean,mfcc16_var,mfcc17_mean,mfcc17_var,mfcc18_mean,mfcc18_var,mfcc19_mean,mfcc19_var,mfcc20_mean,mfcc20_var
0.4572074,0.09007381,0.28538305,0.006884033,2808.925771808581,939300.5660955597,2441.416675729904,158224.14032782326,5528.454221650232,2076840.3554455752,0.09770647537219644,0.005135064025381089,1.1480639e-05,0.0609444,-0.00019287608,0.016484179,92.28515625,-81.23491,3658.2812,49.593636,915.0323,-14.54748,990.1282,57.964966,324.1308,6.819769,387.1742,27.149471,254.51474,-6.858138,183.71544,31.304558,147.1069,-10.085702,138.88669,20.306627,88.90108,-2.5411096,112.80902,12.749884,78.37953,3.9834008,103.24205,13.237081,74.76744,-2.3675618,75.466644,12.267019,66.52914,-7.0323944,67.63062,4.744981,58.3625,1.869817,57.140873,0.028270843,67.587
