chroma_stft_mean,chroma_stft_var,rms_mean,rms_var,spectral_centroid_mean,spectral_centroid_var,spectral_bandwidth_mean,spectral_bandwidth_var,rolloff_mean,rolloff_var,zero_crossing_rate_mean,zero_crossing_rate_var,harmony_mean,harmony_var,perceptr_mean,perceptr_var,tempo,mfcc1_mean,mfcc1_var,mfcc2_mean,mfcc2_var,mfcc3_mean,mfcc3_var,mfcc4_mean,mfcc4_var,mfcc5_mean,mfcc5_var,mfcc6_mean,mfcc6_var,mfcc7_mean,mfcc7_var,mfcc8_mean,mfcc8_var,mfcc9_mean,mfcc9_var,mfcc10_mean,mfcc10_var,mfcc11_mean,mfcc11_var,mfcc12_mean,mfcc12_var,mfcc13_mean,mfcc13_var,mfcc14_mean,mfcc14_var,mfcc15_mean,mfcc15_var,mfcc16_mean,mfcc16_var,mfcc17_mean,mfcc17_var,mfcc18_mean,mfcc18_var,mfcc19_mean,mfcc19_var,mfcc20_mean,mfcc20_var
0.44465733,0.08961934,0.13636371,0.007954469,1846.32383638541,915260.6333767378,2233.069353886014,466319.26787698746,3875.1690673828125,4916954.851717467,0.061756110913825754,0.0015538976539210291,1.1832259e-05,0.013540062,0.0001831256,0.0056130337,89.10290948275862,-154.78532,4977.1865,113.06958,1637.5378,-3.8357592,585.34875,18.290533,323.82263,13.33117,163.88654,8.434421,146.54576,8.840064,127.25929,11.33439,113.963684,8.993481,120.35131,10.143327,73.94906,6.199292,65.648,9.774344,76.16572,9.39089,41.09364,2.3398347,47.299583,2.9200807,46.967995,7.5980115,56.577038,-2.6489346,56.0399,0.9039407,45.57591,0.5023126,39.81797,0.8038201,43.662663
