chroma_stft_mean,chroma_stft_var,rms_mean,rms_var,spectral_centroid_mean,spectral_centroid_var,spectral_bandwidth_mean,spectral_bandwidth_var,rolloff_mean,rolloff_var,zero_crossing_rate_mean,zero_crossing_rate_var,harmony_mean,harmony_var,perceptr_mean,perceptr_var,tempo,mfcc1_mean,mfcc1_var,mfcc2_mean,mfcc2_var,mfcc3_mean,mfcc3_var,mfcc4_mean,mfcc4_var,mfcc5_mean,mfcc5_var,mfcc6_mean,mfcc6_var,mfcc7_mean,mfcc7_var,mfcc8_mean,mfcc8_var,mfcc9_mean,mfcc9_var,mfcc10_mean,mfcc10_var,mfcc11_mean,mfcc11_var,mfcc12_mean,mfcc12_var,mfcc13_mean,mfcc13_var,mfcc14_mean,mfcc14_var,mfcc15_mean,mfcc15_var,mfcc16_mean,mfcc16_var,mfcc17_mean,mfcc17_var,mfcc18_mean,mfcc18_var,mfcc19_mean,mfcc19_var,mfcc20_mean,mfcc20_var
0.40375775,0.0995746,0.24696118,0.008214072,3185.160631320678,1335974.6772118486,3285.5638334884216,115702.93884161655,7471.421952037413,2270509.7506416333,0.1075113743474478,0.009957962515397439,-5.734912e-07,0.039282948,-0.00016626222,0.013132544,95.703125,-78.83389,3215.8909,51.52047,1039.3524,42.246727,298.19824,30.081593,241.02628,20.089994,225.7719,6.9738503,109.2261,8.016349,115.76242,6.873312,121.081375,-4.6300087,112.22629,3.650249,98.0539,3.6282666,90.62787,4.3236523,70.43915,2.5973763,73.070595,0.75704694,69.06211,-9.165191,68.642876,-2.1635938,50.636566,-2.6757812,54.39332,-5.526809,33.69413,-1.3248779,32.01999,-2.4781911,34.39245
