chroma_stft_mean,chroma_stft_var,rms_mean,rms_var,spectral_centroid_mean,spectral_centroid_var,spectral_bandwidth_mean,spectral_bandwidth_var,rolloff_mean,rolloff_var,zero_crossing_rate_mean,zero_crossing_rate_var,harmony_mean,harmony_var,perceptr_mean,perceptr_var,tempo,mfcc1_mean,mfcc1_var,mfcc2_mean,mfcc2_var,mfcc3_mean,mfcc3_var,mfcc4_mean,mfcc4_var,mfcc5_mean,mfcc5_var,mfcc6_mean,mfcc6_var,mfcc7_mean,mfcc7_var,mfcc8_mean,mfcc8_var,mfcc9_mean,mfcc9_var,mfcc10_mean,mfcc10_var,mfcc11_mean,mfcc11_var,mfcc12_mean,mfcc12_var,mfcc13_mean,mfcc13_var,mfcc14_mean,mfcc14_var,mfcc15_mean,mfcc15_var,mfcc16_mean,mfcc16_var,mfcc17_mean,mfcc17_var,mfcc18_mean,mfcc18_var,mfcc19_mean,mfcc19_var,mfcc20_mean,mfcc20_var
0.474015,0.08476444,0.1184538,0.0017447765,2582.0374965474734,346888.77802433254,2526.183370235238,39621.568113531204,5731.720664606293,618080.6916974112,0.11600512676430781,0.004182315717678198,-6.0478615e-05,0.008144043,-0.000978915,0.003001859,112.34714673913044,-111.191635,1201.3175,80.62923,413.4461,-0.8914611,248.26805,50.620903,188.26962,-13.467605,215.98528,35.32002,85.83533,-14.841076,94.436134,21.189829,89.81707,-13.5769615,54.324482,19.619339,63.87917,-11.7664585,65.13522,16.967947,74.71136,-9.359965,56.843338,8.698707,57.136456,-9.890892,45.039276,5.8154764,52.861065,-9.135895,44.9338,0.87572384,64.91897,-5.9858403,71.73642,-0.31002644,66.53974
