chroma_stft_mean,chroma_stft_var,rms_mean,rms_var,spectral_centroid_mean,spectral_centroid_var,spectral_bandwidth_mean,spectral_bandwidth_var,rolloff_mean,rolloff_var,zero_crossing_rate_mean,zero_crossing_rate_var,harmony_mean,harmony_var,perceptr_mean,perceptr_var,tempo,mfcc1_mean,mfcc1_var,mfcc2_mean,mfcc2_var,mfcc3_mean,mfcc3_var,mfcc4_mean,mfcc4_var,mfcc5_mean,mfcc5_var,mfcc6_mean,mfcc6_var,mfcc7_mean,mfcc7_var,mfcc8_mean,mfcc8_var,mfcc9_mean,mfcc9_var,mfcc10_mean,mfcc10_var,mfcc11_mean,mfcc11_var,mfcc12_mean,mfcc12_var,mfcc13_mean,mfcc13_var,mfcc14_mean,mfcc14_var,mfcc15_mean,mfcc15_var,mfcc16_mean,mfcc16_var,mfcc17_mean,mfcc17_var,mfcc18_mean,mfcc18_var,mfcc19_mean,mfcc19_var,mfcc20_mean,mfcc20_var
0.47660092,0.0882963,0.106190525,0.0019464426,2607.8596297145214,304659.7082728135,2391.9552710738562,54560.867966924816,5534.641062300609,647903.7531200917,0.12721671379543698,0.004687894745706971,-3.130948e-05,0.0058082477,-0.0005995447,0.003781047,112.34714673913044,-114.32079,1587.1996,80.860405,366.63925,-18.20416,393.89923,50.670105,196.42888,-14.925235,197.29132,29.26206,86.781906,-20.069794,98.99375,18.574259,81.21028,-17.683847,67.02601,16.68106,59.02527,-11.426418,56.973705,16.29898,58.762676,-4.4611216,63.237213,10.556153,52.52331,-4.064554,46.066463,9.139761,38.540657,-2.8472085,54.140327,0.62991977,65.16453,-2.007859,53.684467,0.54902697,74.47315
