chroma_stft_mean,chroma_stft_var,rms_mean,rms_var,spectral_centroid_mean,spectral_centroid_var,spectral_bandwidth_mean,spectral_bandwidth_var,rolloff_mean,rolloff_var,zero_crossing_rate_mean,zero_crossing_rate_var,harmony_mean,harmony_var,perceptr_mean,perceptr_var,tempo,mfcc1_mean,mfcc1_var,mfcc2_mean,mfcc2_var,mfcc3_mean,mfcc3_var,mfcc4_mean,mfcc4_var,mfcc5_mean,mfcc5_var,mfcc6_mean,mfcc6_var,mfcc7_mean,mfcc7_var,mfcc8_mean,mfcc8_var,mfcc9_mean,mfcc9_var,mfcc10_mean,mfcc10_var,mfcc11_mean,mfcc11_var,mfcc12_mean,mfcc12_var,mfcc13_mean,mfcc13_var,mfcc14_mean,mfcc14_var,mfcc15_mean,mfcc15_var,mfcc16_mean,mfcc16_var,mfcc17_mean,mfcc17_var,mfcc18_mean,mfcc18_var,mfcc19_mean,mfcc19_var,mfcc20_mean,mfcc20_var
0.42490745,0.087517954,0.11077147,0.0013777164,1752.518630056562,162268.66331608684,1811.8528990944299,69060.55308222902,3490.593845163863,726897.5571387658,0.08311732646945089,0.0009149064887636247,-9.588406e-05,0.004208859,-0.00095914694,0.004687236,107.666015625,-128.18356,2216.4197,124.55868,461.92673,-37.18115,415.52625,43.889126,268.01318,-12.773454,329.51956,18.995405,171.24751,-9.288907,139.03299,19.782911,89.274704,-6.878305,88.16187,13.470524,68.99002,-5.9719143,63.320396,12.324474,55.710846,-4.6459928,55.080837,5.8267303,52.58539,-2.8703413,54.3452,3.6822355,43.80533,-1.8790139,44.520508,-0.14414017,36.869354,-2.0492935,38.96706,-3.2188103,40.220604
