chroma_stft_mean,chroma_stft_var,rms_mean,rms_var,spectral_centroid_mean,spectral_centroid_var,spectral_bandwidth_mean,spectral_bandwidth_var,rolloff_mean,rolloff_var,zero_crossing_rate_mean,zero_crossing_rate_var,harmony_mean,harmony_var,perceptr_mean,perceptr_var,tempo,mfcc1_mean,mfcc1_var,mfcc2_mean,mfcc2_var,mfcc3_mean,mfcc3_var,mfcc4_mean,mfcc4_var,mfcc5_mean,mfcc5_var,mfcc6_mean,mfcc6_var,mfcc7_mean,mfcc7_var,mfcc8_mean,mfcc8_var,mfcc9_mean,mfcc9_var,mfcc10_mean,mfcc10_var,mfcc11_mean,mfcc11_var,mfcc12_mean,mfcc12_var,mfcc13_mean,mfcc13_var,mfcc14_mean,mfcc14_var,mfcc15_mean,mfcc15_var,mfcc16_mean,mfcc16_var,mfcc17_mean,mfcc17_var,mfcc18_mean,mfcc18_var,mfcc19_mean,mfcc19_var,mfcc20_mean,mfcc20_var
0.52951264,0.085266925,0.19190107,0.0084654065,2827.4503871683432,1105815.2779228613,2834.132127972592,166746.95131646554,6197.057852909483,2940094.551662883,0.103432186901341,0.0089503125474803,-0.0003031802,0.029984862,-0.0011212312,0.008874488,112.34714673913044,-100.84442,3069.9888,64.227585,1030.9973,12.814461,745.4534,26.545551,237.95877,12.6584,334.39194,12.176756,127.75511,2.3962333,143.05602,18.495611,96.58166,1.5657251,87.917244,12.027026,98.132744,-1.5520723,75.41324,6.7103066,66.762054,3.8736312,65.10782,3.0808942,58.502766,1.7625954,54.60521,4.565472,42.789005,-2.3719351,42.813606,5.457307,50.113674,2.7904289,44.085125,3.6488392,43.59557
