chroma_stft_mean,chroma_stft_var,rms_mean,rms_var,spectral_centroid_mean,spectral_centroid_var,spectral_bandwidth_mean,spectral_bandwidth_var,rolloff_mean,rolloff_var,zero_crossing_rate_mean,zero_crossing_rate_var,harmony_mean,harmony_var,perceptr_mean,perceptr_var,tempo,mfcc1_mean,mfcc1_var,mfcc2_mean,mfcc2_var,mfcc3_mean,mfcc3_var,mfcc4_mean,mfcc4_var,mfcc5_mean,mfcc5_var,mfcc6_mean,mfcc6_var,mfcc7_mean,mfcc7_var,mfcc8_mean,mfcc8_var,mfcc9_mean,mfcc9_var,mfcc10_mean,mfcc10_var,mfcc11_mean,mfcc11_var,mfcc12_mean,mfcc12_var,mfcc13_mean,mfcc13_var,mfcc14_mean,mfcc14_var,mfcc15_mean,mfcc15_var,mfcc16_mean,mfcc16_var,mfcc17_mean,mfcc17_var,mfcc18_mean,mfcc18_var,mfcc19_mean,mfcc19_var,mfcc20_mean,mfcc20_var
0.45902726,0.08930114,0.11072535,0.0013314793,1929.8045739109684,310619.31324906583,2249.529356583929,131717.9864514523,4412.4081215559745,1993593.7748429128,0.05418184756863882,0.0009646239364591103,-0.00012288059,0.00948815,-0.0008955667,0.0019566054,151.99908088235293,-169.90744,2852.2476,98.044304,695.98755,-11.313633,405.73856,38.255463,262.22095,5.08135,306.3931,25.405148,222.25563,-11.835303,178.49358,25.126324,104.14073,-5.543401,146.81688,19.20919,91.22574,-2.9169097,95.30047,18.207973,83.10674,6.095454,88.62249,13.959605,59.416176,-0.29514995,70.740715,12.491456,60.938732,0.41324478,58.308548,1.6490295,51.05324,1.5156883,46.666973,2.800694,52.29495
