chroma_stft_mean,chroma_stft_var,rms_mean,rms_var,spectral_centroid_mean,spectral_centroid_var,spectral_bandwidth_mean,spectral_bandwidth_var,rolloff_mean,rolloff_var,zero_crossing_rate_mean,zero_crossing_rate_var,harmony_mean,harmony_var,perceptr_mean,perceptr_var,tempo,mfcc1_mean,mfcc1_var,mfcc2_mean,mfcc2_var,mfcc3_mean,mfcc3_var,mfcc4_mean,mfcc4_var,mfcc5_mean,mfcc5_var,mfcc6_mean,mfcc6_var,mfcc7_mean,mfcc7_var,mfcc8_mean,mfcc8_var,mfcc9_mean,mfcc9_var,mfcc10_mean,mfcc10_var,mfcc11_mean,mfcc11_var,mfcc12_mean,mfcc12_var,mfcc13_mean,mfcc13_var,mfcc14_mean,mfcc14_var,mfcc15_mean,mfcc15_var,mfcc16_mean,mfcc16_var,mfcc17_mean,mfcc17_var,mfcc18_mean,mfcc18_var,mfcc19_mean,mfcc19_var,mfcc20_mean,mfcc20_var
0.43952954,0.08663115,0.17348304,0.0062573752,2025.6497618309727,507418.3860705109,2272.7370374315083,145428.7864925268,4603.509054161833,2149936.788763607,0.07539659162316319,0.002545449552464028,-4.537591e-05,0.012403297,-0.0011200024,0.013475442,99.38401442307692,-100.64651,5405.9175,110.216705,854.37396,1.029009,430.9745,38.75422,271.56284,-14.497625,161.22215,20.640644,153.56937,-18.037575,191.15413,12.566879,113.47777,-14.129199,107.18768,15.096194,121.75399,-9.243371,82.18817,11.397926,57.110607,-9.50886,60.612602,8.637582,62.081654,-7.0989604,55.240936,2.9905367,53.259502,-4.5113316,60.429874,4.692607,52.241806,-4.1138387,63.080425,-2.7817705,61.380558
