chroma_stft_mean,chroma_stft_var,rms_mean,rms_var,spectral_centroid_mean,spectral_centroid_var,spectral_bandwidth_mean,spectral_bandwidth_var,rolloff_mean,rolloff_var,zero_crossing_rate_mean,zero_crossing_rate_var,harmony_mean,harmony_var,perceptr_mean,perceptr_var,tempo,mfcc1_mean,mfcc1_var,mfcc2_mean,mfcc2_var,mfcc3_mean,mfcc3_var,mfcc4_mean,mfcc4_var,mfcc5_mean,mfcc5_var,mfcc6_mean,mfcc6_var,mfcc7_mean,mfcc7_var,mfcc8_mean,mfcc8_var,mfcc9_mean,mfcc9_var,mfcc10_mean,mfcc10_var,mfcc11_mean,mfcc11_var,mfcc12_mean,mfcc12_var,mfcc13_mean,mfcc13_var,mfcc14_mean,mfcc14_var,mfcc15_mean,mfcc15_var,mfcc16_mean,mfcc16_var,mfcc17_mean,mfcc17_var,mfcc18_mean,mfcc18_var,mfcc19_mean,mfcc19_var,mfcc20_mean,mfcc20_var
0.48950434,0.08908126,0.27175093,0.0068630297,3297.9029244411563,997595.9346201451,3138.9490189367016,86377.97069904309,7079.552627882105,1451072.5493545795,0.12088227474864656,0.007070168073891623,1.3227163e-05,0.048591834,3.3623888e-05,0.0123523,129.19921875,-59.28568,3871.5073,36.266663,934.71014,39.8319,578.5932,49.96692,392.62784,10.147771,276.82922,16.897055,127.955154,9.78029,156.0471,4.446478,124.64744,2.4262035,111.10523,1.7045093,94.94425,2.3705525,104.05356,3.9136555,71.440704,3.1900172,58.90836,2.6282756,41.467754,3.2219524,50.707108,1.4744266,37.62522,-0.6930604,36.27593,-3.158557,31.722725,-2.0991607,29.215261,-2.3765256,36.156567
