chroma_stft_mean,chroma_stft_var,rms_mean,rms_var,spectral_centroid_mean,spectral_centroid_var,spectral_bandwidth_mean,spectral_bandwidth_var,rolloff_mean,rolloff_var,zero_crossing_rate_mean,zero_crossing_rate_var,harmony_mean,harmony_var,perceptr_mean,perceptr_var,tempo,mfcc1_mean,mfcc1_var,mfcc2_mean,mfcc2_var,mfcc3_mean,mfcc3_var,mfcc4_mean,mfcc4_var,mfcc5_mean,mfcc5_var,mfcc6_mean,mfcc6_var,mfcc7_mean,mfcc7_var,mfcc8_mean,mfcc8_var,mfcc9_mean,mfcc9_var,mfcc10_mean,mfcc10_var,mfcc11_mean,mfcc11_var,mfcc12_mean,mfcc12_var,mfcc13_mean,mfcc13_var,mfcc14_mean,mfcc14_var,mfcc15_mean,mfcc15_var,mfcc16_mean,mfcc16_var,mfcc17_mean,mfcc17_var,mfcc18_mean,mfcc18_var,mfcc19_mean,mfcc19_var,mfcc20_mean,mfcc20_var
0.49971637,0.07838474,0.21406044,0.0030840605,2987.6879685185945,835767.6738602414,2731.835588346538,189000.4357224088,6169.817589393029,2632000.4715888076,0.15281550480769232,0.007748288468355258,-0.0001710905,0.026664225,-0.0012560388,0.0099865375,99.38401442307692,-31.762894,2384.6594,59.70142,1162.4231,-2.744976,599.10657,33.420624,523.9535,13.097368,269.7907,9.410452,157.08292,-1.7237395,189.69316,14.170766,83.07777,3.0802038,95.2063,6.734939,75.15329,1.0862201,78.09852,3.8186073,61.334953,1.6549314,48.348938,1.2265053,40.72164,-1.4983952,56.84846,-0.1391265,45.583855,-1.5426289,41.938385,1.7986809,37.998634,1.5474846,37.889782,-2.3022919,31.552933
