chroma_stft_mean,chroma_stft_var,rms_mean,rms_var,spectral_centroid_mean,spectral_centroid_var,spectral_bandwidth_mean,spectral_bandwidth_var,rolloff_mean,rolloff_var,zero_crossing_rate_mean,zero_crossing_rate_var,harmony_mean,harmony_var,perceptr_mean,perceptr_var,tempo,mfcc1_mean,mfcc1_var,mfcc2_mean,mfcc2_var,mfcc3_mean,mfcc3_var,mfcc4_mean,mfcc4_var,mfcc5_mean,mfcc5_var,mfcc6_mean,mfcc6_var,mfcc7_mean,mfcc7_var,mfcc8_mean,mfcc8_var,mfcc9_mean,mfcc9_var,mfcc10_mean,mfcc10_var,mfcc11_mean,mfcc11_var,mfcc12_mean,mfcc12_var,mfcc13_mean,mfcc13_var,mfcc14_mean,mfcc14_var,mfcc15_mean,mfcc15_var,mfcc16_mean,mfcc16_var,mfcc17_mean,mfcc17_var,mfcc18_mean,mfcc18_var,mfcc19_mean,mfcc19_var,mfcc20_mean,mfcc20_var
0.3543636,0.08958767,0.039173033,0.0010786296,2507.355264123504,1182905.0252265516,2322.7197548637637,277993.3975505824,4457.421985973011,4049589.350868343,0.1407455906723485,0.008706876272121846,0.00013812534,0.0017575265,0.00014832702,0.0004238699,117.45383522727273,-268.93674,7792.2983,79.90777,2191.0608,-16.974985,1638.7202,19.053911,357.30917,2.345429,255.35857,-7.10833,352.50897,4.7731466,207.5319,-7.59437,144.23253,-10.017847,129.4162,10.818717,174.94797,-2.7683127,113.83712,-5.4811974,149.09192,2.2997925,101.57823,-6.888412,80.75987,0.3921533,83.60507,-1.924532,95.43179,-8.534197,95.05396,-3.2074516,93.178375,-4.3392024,76.97528,-1.4619551,112.3092
