chroma_stft_mean,chroma_stft_var,rms_mean,rms_var,spectral_centroid_mean,spectral_centroid_var,spectral_bandwidth_mean,spectral_bandwidth_var,rolloff_mean,rolloff_var,zero_crossing_rate_mean,zero_crossing_rate_var,harmony_mean,harmony_var,perceptr_mean,perceptr_var,tempo,mfcc1_mean,mfcc1_var,mfcc2_mean,mfcc2_var,mfcc3_mean,mfcc3_var,mfcc4_mean,mfcc4_var,mfcc5_mean,mfcc5_var,mfcc6_mean,mfcc6_var,mfcc7_mean,mfcc7_var,mfcc8_mean,mfcc8_var,mfcc9_mean,mfcc9_var,mfcc10_mean,mfcc10_var,mfcc11_mean,mfcc11_var,mfcc12_mean,mfcc12_var,mfcc13_mean,mfcc13_var,mfcc14_mean,mfcc14_var,mfcc15_mean,mfcc15_var,mfcc16_mean,mfcc16_var,mfcc17_mean,mfcc17_var,mfcc18_mean,mfcc18_var,mfcc19_mean,mfcc19_var,mfcc20_mean,mfcc20_var
0.49074358,0.08139969,0.26158613,0.005393871,2709.1715224983186,248052.85245198218,2510.848005701867,48496.91709918176,5794.946345707656,492935.5606001071,0.12458309164733179,0.0026125497393062083,-0.00028448596,0.032474708,-0.0028988451,0.018902518,143.5546875,-11.706974,1349.4053,81.97666,385.41327,-8.50863,238.55418,52.77378,232.21767,-14.69211,153.85742,31.962574,105.865746,-19.680723,115.2804,22.857765,88.28687,-14.704154,61.61095,14.509825,81.16675,-10.078542,76.666084,14.002207,66.49193,-8.07207,52.026054,7.4281483,43.40441,-5.495323,39.33917,12.837337,43.34108,-3.6954393,41.852432,6.2187123,45.05084,-2.584942,38.22114,0.10216541,41.19546
