chroma_stft_mean,chroma_stft_var,rms_mean,rms_var,spectral_centroid_mean,spectral_centroid_var,spectral_bandwidth_mean,spectral_bandwidth_var,rolloff_mean,rolloff_var,zero_crossing_rate_mean,zero_crossing_rate_var,harmony_mean,harmony_var,perceptr_mean,perceptr_var,tempo,mfcc1_mean,mfcc1_var,mfcc2_mean,mfcc2_var,mfcc3_mean,mfcc3_var,mfcc4_mean,mfcc4_var,mfcc5_mean,mfcc5_var,mfcc6_mean,mfcc6_var,mfcc7_mean,mfcc7_var,mfcc8_mean,mfcc8_var,mfcc9_mean,mfcc9_var,mfcc10_mean,mfcc10_var,mfcc11_mean,mfcc11_var,mfcc12_mean,mfcc12_var,mfcc13_mean,mfcc13_var,mfcc14_mean,mfcc14_var,mfcc15_mean,mfcc15_var,mfcc16_mean,mfcc16_var,mfcc17_mean,mfcc17_var,mfcc18_mean,mfcc18_var,mfcc19_mean,mfcc19_var,mfcc20_mean,mfcc20_var
0.45361164,0.088030495,0.14181587,0.007851999,3070.837758466109,894102.0200657616,2349.664526925648,104125.52280904674,5754.494566596578,1577988.7810189144,0.17704972387374324,0.010164961345407189,0.00037009505,0.0151873445,0.0005479647,0.0071633337,172.265625,-111.1565,6996.4146,55.170082,1338.6516,-18.427658,1237.7944,47.191257,654.37335,-24.79131,556.88324,22.537811,333.20453,-21.141804,336.73007,12.53944,176.13158,-15.870398,158.86855,16.290926,113.05189,-12.56634,112.118355,9.6244955,89.245865,-12.129928,83.77958,4.8603306,97.85745,-2.2085433,85.054634,6.8882775,105.349915,0.4771722,154.50282,12.992372,135.69096,5.9447727,141.39914,5.44095,146.72081
