chroma_stft_mean,chroma_stft_var,rms_mean,rms_var,spectral_centroid_mean,spectral_centroid_var,spectral_bandwidth_mean,spectral_bandwidth_var,rolloff_mean,rolloff_var,zero_crossing_rate_mean,zero_crossing_rate_var,harmony_mean,harmony_var,perceptr_mean,perceptr_var,tempo,mfcc1_mean,mfcc1_var,mfcc2_mean,mfcc2_var,mfcc3_mean,mfcc3_var,mfcc4_mean,mfcc4_var,mfcc5_mean,mfcc5_var,mfcc6_mean,mfcc6_var,mfcc7_mean,mfcc7_var,mfcc8_mean,mfcc8_var,mfcc9_mean,mfcc9_var,mfcc10_mean,mfcc10_var,mfcc11_mean,mfcc11_var,mfcc12_mean,mfcc12_var,mfcc13_mean,mfcc13_var,mfcc14_mean,mfcc14_var,mfcc15_mean,mfcc15_var,mfcc16_mean,mfcc16_var,mfcc17_mean,mfcc17_var,mfcc18_mean,mfcc18_var,mfcc19_mean,mfcc19_var,mfcc20_mean,mfcc20_var
0.49971136,0.078168415,0.15123579,0.0026952508,1949.4353476261645,653571.1435250526,2286.594892043858,279444.5773582997,4219.933260676479,3017197.756121803,0.06298488254060325,0.0019482218264712885,-7.8138755e-06,0.015307259,-9.755004e-05,0.0031332716,92.28515625,-133.19142,3341.9988,93.95369,886.0259,-2.2407176,674.372,50.202217,285.85706,12.499553,206.92104,15.040485,117.45043,11.499115,150.24498,10.2495985,78.861336,7.9568853,63.079514,10.791148,107.86415,1.9635901,51.69198,5.1979475,39.202206,1.0622268,39.759884,2.1670432,36.72949,-1.5164307,42.79514,-0.45047,36.745594,-2.4652188,36.478527,-3.8745015,38.256527,-1.7067004,34.63756,-2.7685037,36.53667
