chroma_stft_mean,chroma_stft_var,rms_mean,rms_var,spectral_centroid_mean,spectral_centroid_var,spectral_bandwidth_mean,spectral_bandwidth_var,rolloff_mean,rolloff_var,zero_crossing_rate_mean,zero_crossing_rate_var,harmony_mean,harmony_var,perceptr_mean,perceptr_var,tempo,mfcc1_mean,mfcc1_var,mfcc2_mean,mfcc2_var,mfcc3_mean,mfcc3_var,mfcc4_mean,mfcc4_var,mfcc5_mean,mfcc5_var,mfcc6_mean,mfcc6_var,mfcc7_mean,mfcc7_var,mfcc8_mean,mfcc8_var,mfcc9_mean,mfcc9_var,mfcc10_mean,mfcc10_var,mfcc11_mean,mfcc11_var,mfcc12_mean,mfcc12_var,mfcc13_mean,mfcc13_var,mfcc14_mean,mfcc14_var,mfcc15_mean,mfcc15_var,mfcc16_mean,mfcc16_var,mfcc17_mean,mfcc17_var,mfcc18_mean,mfcc18_var,mfcc19_mean,mfcc19_var,mfcc20_mean,mfcc20_var
0.34033298,0.096027516,0.13663134,0.001052589,1798.6768468891007,484718.2101878629,1688.0838761796347,455574.30317732925,3626.8209152044665,2883950.4962601666,0.09662455288089714,0.0014095017849721952,-0.00015006308,0.010067521,-0.00014527436,0.0040595755,103.359375,-129.32367,4846.383,141.7129,2749.2483,-42.47719,1057.4712,34.013855,614.5891,-6.9758525,436.13882,8.702186,510.8725,-11.367335,174.78392,15.941672,217.37471,-9.015237,90.5671,6.635536,83.99957,-8.340363,139.4878,7.5527344,100.147064,-5.4726863,113.589005,5.869146,86.61241,-3.1564074,81.357796,-1.6924475,37.736317,-8.8043165,55.69712,-4.851142,64.96212,-9.280404,38.35612,2.1282108,56.77645
