chroma_stft_mean,chroma_stft_var,rms_mean,rms_var,spectral_centroid_mean,spectral_centroid_var,spectral_bandwidth_mean,spectral_bandwidth_var,rolloff_mean,rolloff_var,zero_crossing_rate_mean,zero_crossing_rate_var,harmony_mean,harmony_var,perceptr_mean,perceptr_var,tempo,mfcc1_mean,mfcc1_var,mfcc2_mean,mfcc2_var,mfcc3_mean,mfcc3_var,mfcc4_mean,mfcc4_var,mfcc5_mean,mfcc5_var,mfcc6_mean,mfcc6_var,mfcc7_mean,mfcc7_var,mfcc8_mean,mfcc8_var,mfcc9_mean,mfcc9_var,mfcc10_mean,mfcc10_var,mfcc11_mean,mfcc11_var,mfcc12_mean,mfcc12_var,mfcc13_mean,mfcc13_var,mfcc14_mean,mfcc14_var,mfcc15_mean,mfcc15_var,mfcc16_mean,mfcc16_var,mfcc17_mean,mfcc17_var,mfcc18_mean,mfcc18_var,mfcc19_mean,mfcc19_var,mfcc20_mean,mfcc20_var
0.47186503,0.09473975,0.19083652,0.02120191,2448.908553270967,1740192.0894958684,2508.0552309058653,330218.9662483201,4929.937758301914,5798959.284175766,0.1095162352571539,0.009790532609347364,-3.8940897e-07,0.022080345,0.0001300758,0.024648402,92.28515625,-144.11632,8397.253,73.39044,2309.2505,4.6577053,1856.9412,24.01729,616.85046,12.901474,457.27747,14.00732,288.61227,8.624697,179.63086,6.899631,174.36714,-1.2319987,157.0458,-0.85806066,134.24286,1.1545575,112.550415,2.5797813,102.60064,-1.1144276,127.71319,3.1324372,97.109886,-4.2417855,75.45059,-0.46726367,70.483635,1.648961,64.94129,1.2019845,58.861176,-0.48108378,47.86967,-2.0395997,61.54876
