chroma_stft_mean,chroma_stft_var,rms_mean,rms_var,spectral_centroid_mean,spectral_centroid_var,spectral_bandwidth_mean,spectral_bandwidth_var,rolloff_mean,rolloff_var,zero_crossing_rate_mean,zero_crossing_rate_var,harmony_mean,harmony_var,perceptr_mean,perceptr_var,tempo,mfcc1_mean,mfcc1_var,mfcc2_mean,mfcc2_var,mfcc3_mean,mfcc3_var,mfcc4_mean,mfcc4_var,mfcc5_mean,mfcc5_var,mfcc6_mean,mfcc6_var,mfcc7_mean,mfcc7_var,mfcc8_mean,mfcc8_var,mfcc9_mean,mfcc9_var,mfcc10_mean,mfcc10_var,mfcc11_mean,mfcc11_var,mfcc12_mean,mfcc12_var,mfcc13_mean,mfcc13_var,mfcc14_mean,mfcc14_var,mfcc15_mean,mfcc15_var,mfcc16_mean,mfcc16_var,mfcc17_mean,mfcc17_var,mfcc18_mean,mfcc18_var,mfcc19_mean,mfcc19_var,mfcc20_mean,mfcc20_var
0.49239305,0.08304523,0.22798368,0.01795102,2306.8910596071332,903129.849789542,2601.303368421404,205751.0408167325,5000.432768996519,3716745.603346899,0.09147097653228925,0.004036124325909841,-1.8978686e-05,0.023749392,4.378383e-05,0.025418883,95.703125,-75.62651,4635.1987,91.01366,1078.8508,9.83432,691.8391,25.111555,257.0699,11.793615,220.28423,10.168802,109.673515,0.11760889,112.23129,8.224965,101.13315,1.6325195,96.61421,0.48827577,91.40602,1.8103347,62.40185,5.4946136,74.51719,1.3010277,60.624557,1.1449482,42.83495,-1.1759856,68.720924,0.39030704,40.233868,-1.2030306,61.342144,-2.0509994,32.52413,-1.1986288,28.63988,-2.6345057,38.954685
