chroma_stft_mean,chroma_stft_var,rms_mean,rms_var,spectral_centroid_mean,spectral_centroid_var,spectral_bandwidth_mean,spectral_bandwidth_var,rolloff_mean,rolloff_var,zero_crossing_rate_mean,zero_crossing_rate_var,harmony_mean,harmony_var,perceptr_mean,perceptr_var,tempo,mfcc1_mean,mfcc1_var,mfcc2_mean,mfcc2_var,mfcc3_mean,mfcc3_var,mfcc4_mean,mfcc4_var,mfcc5_mean,mfcc5_var,mfcc6_mean,mfcc6_var,mfcc7_mean,mfcc7_var,mfcc8_mean,mfcc8_var,mfcc9_mean,mfcc9_var,mfcc10_mean,mfcc10_var,mfcc11_mean,mfcc11_var,mfcc12_mean,mfcc12_var,mfcc13_mean,mfcc13_var,mfcc14_mean,mfcc14_var,mfcc15_mean,mfcc15_var,mfcc16_mean,mfcc16_var,mfcc17_mean,mfcc17_var,mfcc18_mean,mfcc18_var,mfcc19_mean,mfcc19_var,mfcc20_mean,mfcc20_var
0.5177562,0.07946324,0.08996205,0.004079748,2967.147962166956,1450731.860584229,2556.787096748755,309833.94417723035,5804.4461891867895,3622546.8760689395,0.12188535748106061,0.010135868933356279,5.8584376e-08,0.007453357,4.6196623e-05,0.0034276317,117.45383522727273,-218.08333,26046.521,40.82961,1784.6635,-14.313482,871.3002,33.91025,464.70993,12.158745,242.64716,13.611059,128.84193,5.8770003,106.48157,7.524019,95.86992,5.3885093,78.504234,10.563416,98.83886,4.7587986,86.07031,6.447479,83.128654,6.524984,92.62319,5.527981,84.41914,2.595776,61.9594,-1.6815468,54.924313,-1.6427519,53.74643,3.3167622,62.075413,5.216411,75.9721,4.0430613,119.2321
