chroma_stft_mean,chroma_stft_var,rms_mean,rms_var,spectral_centroid_mean,spectral_centroid_var,spectral_bandwidth_mean,spectral_bandwidth_var,rolloff_mean,rolloff_var,zero_crossing_rate_mean,zero_crossing_rate_var,harmony_mean,harmony_var,perceptr_mean,perceptr_var,tempo,mfcc1_mean,mfcc1_var,mfcc2_mean,mfcc2_var,mfcc3_mean,mfcc3_var,mfcc4_mean,mfcc4_var,mfcc5_mean,mfcc5_var,mfcc6_mean,mfcc6_var,mfcc7_mean,mfcc7_var,mfcc8_mean,mfcc8_var,mfcc9_mean,mfcc9_var,mfcc10_mean,mfcc10_var,mfcc11_mean,mfcc11_var,mfcc12_mean,mfcc12_var,mfcc13_mean,mfcc13_var,mfcc14_mean,mfcc14_var,mfcc15_mean,mfcc15_var,mfcc16_mean,mfcc16_var,mfcc17_mean,mfcc17_var,mfcc18_mean,mfcc18_var,mfcc19_mean,mfcc19_var,mfcc20_mean,mfcc20_var
0.49024966,0.08243533,0.17585227,0.0056667905,2678.1366851461185,467459.4018790804,2262.4928742758884,93265.7649239799,5267.091429814385,1045048.1720979984,0.1080872667730085,0.0057515089184054695,6.5502645e-05,0.026344651,0.00038944828,0.006493539,117.45383522727273,-122.26182,4727.6475,50.57139,1042.5221,-27.801025,792.7687,66.5803,484.7203,-6.6053147,295.18234,32.071156,162.51518,-8.241498,244.5466,22.45073,128.85704,-6.9437165,153.7187,21.067606,119.8133,-6.176521,123.051476,13.646001,94.901184,-3.098721,137.7469,8.706402,94.43026,-2.916534,99.20186,3.6900396,109.21062,0.28579843,175.72551,12.886931,181.60808,14.645563,202.43317,15.36167,225.66493
