chroma_stft_mean,chroma_stft_var,rms_mean,rms_var,spectral_centroid_mean,spectral_centroid_var,spectral_bandwidth_mean,spectral_bandwidth_var,rolloff_mean,rolloff_var,zero_crossing_rate_mean,zero_crossing_rate_var,harmony_mean,harmony_var,perceptr_mean,perceptr_var,tempo,mfcc1_mean,mfcc1_var,mfcc2_mean,mfcc2_var,mfcc3_mean,mfcc3_var,mfcc4_mean,mfcc4_var,mfcc5_mean,mfcc5_var,mfcc6_mean,mfcc6_var,mfcc7_mean,mfcc7_var,mfcc8_mean,mfcc8_var,mfcc9_mean,mfcc9_var,mfcc10_mean,mfcc10_var,mfcc11_mean,mfcc11_var,mfcc12_mean,mfcc12_var,mfcc13_mean,mfcc13_var,mfcc14_mean,mfcc14_var,mfcc15_mean,mfcc15_var,mfcc16_mean,mfcc16_var,mfcc17_mean,mfcc17_var,mfcc18_mean,mfcc18_var,mfcc19_mean,mfcc19_var,mfcc20_mean,mfcc20_var
0.4225295,0.09144833,0.30026007,0.013961623,2566.9254687003345,1442018.2484048111,2942.488198790913,242405.85214286562,5932.106021606729,4630720.384078496,0.08562104239172467,0.009280297870122953,1.8709292e-06,0.05186065,-0.00030181682,0.01842227,92.28515625,-78.21304,6130.8486,70.18442,1212.8798,45.89907,670.27014,42.0747,320.20538,15.084578,213.69176,10.687758,123.86693,-0.6957338,192.02739,-0.61182225,102.15586,0.36743763,116.50495,-0.35835868,102.5451,1.0923243,78.30273,-0.6734942,50.04081,-0.8149564,45.32084,-0.819042,50.658504,-4.24915,44.834084,-6.084853,34.824783,-2.9591346,32.370216,-3.7049592,34.70668,-4.6043954,33.920105,-4.980039,30.92544
