chroma_stft_mean,chroma_stft_var,rms_mean,rms_var,spectral_centroid_mean,spectral_centroid_var,spectral_bandwidth_mean,spectral_bandwidth_var,rolloff_mean,rolloff_var,zero_crossing_rate_mean,zero_crossing_rate_var,harmony_mean,harmony_var,perceptr_mean,perceptr_var,tempo,mfcc1_mean,mfcc1_var,mfcc2_mean,mfcc2_var,mfcc3_mean,mfcc3_var,mfcc4_mean,mfcc4_var,mfcc5_mean,mfcc5_var,mfcc6_mean,mfcc6_var,mfcc7_mean,mfcc7_var,mfcc8_mean,mfcc8_var,mfcc9_mean,mfcc9_var,mfcc10_mean,mfcc10_var,mfcc11_mean,mfcc11_var,mfcc12_mean,mfcc12_var,mfcc13_mean,mfcc13_var,mfcc14_mean,mfcc14_var,mfcc15_mean,mfcc15_var,mfcc16_mean,mfcc16_var,mfcc17_mean,mfcc17_var,mfcc18_mean,mfcc18_var,mfcc19_mean,mfcc19_var,mfcc20_mean,mfcc20_var
0.48979455,0.07331044,0.1851305,0.0037534852,2436.5700963303734,265923.0689633266,2117.3243435959766,96190.57853774668,4774.86705381743,888685.414130711,0.1338294693783836,0.0020391585462512475,6.068764e-05,0.01516838,0.00073742465,0.009385839,135.99917763157896,-51.30058,3248.361,91.1179,693.6794,-33.764687,546.1388,69.9305,251.97603,-12.937068,199.17201,23.175821,127.565994,-13.755631,158.76787,23.783102,71.7463,-14.731517,70.853775,10.696287,74.725555,-13.472491,52.827938,6.080384,51.853706,-14.718082,44.23103,1.6842011,50.05425,-7.2441125,45.5327,3.9613552,48.594997,-2.6555943,65.89151,7.552985,87.406944,-0.13239107,63.75453,-0.7225546,43.71344
