chroma_stft_mean,chroma_stft_var,rms_mean,rms_var,spectral_centroid_mean,spectral_centroid_var,spectral_bandwidth_mean,spectral_bandwidth_var,rolloff_mean,rolloff_var,zero_crossing_rate_mean,zero_crossing_rate_var,harmony_mean,harmony_var,perceptr_mean,perceptr_var,tempo,mfcc1_mean,mfcc1_var,mfcc2_mean,mfcc2_var,mfcc3_mean,mfcc3_var,mfcc4_mean,mfcc4_var,mfcc5_mean,mfcc5_var,mfcc6_mean,mfcc6_var,mfcc7_mean,mfcc7_var,mfcc8_mean,mfcc8_var,mfcc9_mean,mfcc9_var,mfcc10_mean,mfcc10_var,mfcc11_mean,mfcc11_var,mfcc12_mean,mfcc12_var,mfcc13_mean,mfcc13_var,mfcc14_mean,mfcc14_var,mfcc15_mean,mfcc15_var,mfcc16_mean,mfcc16_var,mfcc17_mean,mfcc17_var,mfcc18_mean,mfcc18_var,mfcc19_mean,mfcc19_var,mfcc20_mean,mfcc20_var
0.44784296,0.085353926,0.110620566,0.0027066125,2367.639173778173,313527.40450832626,2302.8831942477173,67976.19892838289,5016.46193218895,1058244.2320181848,0.11083682267498067,0.0035376168828742055,-7.916605e-05,0.007825102,-0.000839144,0.0035221684,103.359375,-121.9977,1853.7345,89.62222,399.0539,-25.78171,345.63025,40.958427,239.28249,-4.291184,183.19731,27.560095,141.10037,-15.568068,161.98503,22.402187,110.71069,-10.835225,77.31087,19.812077,93.816536,-8.643745,77.98431,19.082935,76.11774,-8.475936,61.906853,9.424949,66.9065,-3.395702,62.460537,0.9780495,65.60849,-5.6407003,70.25443,2.006995,63.207344,-4.32239,66.86726,1.8813189,66.284424
