chroma_stft_mean,chroma_stft_var,rms_mean,rms_var,spectral_centroid_mean,spectral_centroid_var,spectral_bandwidth_mean,spectral_bandwidth_var,rolloff_mean,rolloff_var,zero_crossing_rate_mean,zero_crossing_rate_var,harmony_mean,harmony_var,perceptr_mean,perceptr_var,tempo,mfcc1_mean,mfcc1_var,mfcc2_mean,mfcc2_var,mfcc3_mean,mfcc3_var,mfcc4_mean,mfcc4_var,mfcc5_mean,mfcc5_var,mfcc6_mean,mfcc6_var,mfcc7_mean,mfcc7_var,mfcc8_mean,mfcc8_var,mfcc9_mean,mfcc9_var,mfcc10_mean,mfcc10_var,mfcc11_mean,mfcc11_var,mfcc12_mean,mfcc12_var,mfcc13_mean,mfcc13_var,mfcc14_mean,mfcc14_var,mfcc15_mean,mfcc15_var,mfcc16_mean,mfcc16_var,mfcc17_mean,mfcc17_var,mfcc18_mean,mfcc18_var,mfcc19_mean,mfcc19_var,mfcc20_mean,mfcc20_var
0.4711407,0.081767306,0.22744754,0.0028079946,3191.9170162946484,257976.0035887472,2735.4354317870484,52372.88848604955,6355.537277747845,755796.5616053265,0.1693078753591954,0.0032391507031187105,-7.348346e-05,0.020100778,-0.001269741,0.015123186,99.38401442307692,5.626782,997.54865,53.15753,299.5033,-9.0912,235.84505,26.983356,145.74945,0.5944695,164.41614,15.572928,74.65514,1.6008064,103.8665,7.68756,62.41008,4.9796963,68.25098,8.549695,66.33592,3.3433354,42.253887,8.50685,47.358307,1.0881997,37.68172,4.908385,34.574806,0.8471131,37.59329,3.3546793,39.413486,-2.9016843,41.137203,2.7760174,43.200703,-1.8038847,51.057724,-0.2859233,55.45031
