chroma_stft_mean,chroma_stft_var,rms_mean,rms_var,spectral_centroid_mean,spectral_centroid_var,spectral_bandwidth_mean,spectral_bandwidth_var,rolloff_mean,rolloff_var,zero_crossing_rate_mean,zero_crossing_rate_var,harmony_mean,harmony_var,perceptr_mean,perceptr_var,tempo,mfcc1_mean,mfcc1_var,mfcc2_mean,mfcc2_var,mfcc3_mean,mfcc3_var,mfcc4_mean,mfcc4_var,mfcc5_mean,mfcc5_var,mfcc6_mean,mfcc6_var,mfcc7_mean,mfcc7_var,mfcc8_mean,mfcc8_var,mfcc9_mean,mfcc9_var,mfcc10_mean,mfcc10_var,mfcc11_mean,mfcc11_var,mfcc12_mean,mfcc12_var,mfcc13_mean,mfcc13_var,mfcc14_mean,mfcc14_var,mfcc15_mean,mfcc15_var,mfcc16_mean,mfcc16_var,mfcc17_mean,mfcc17_var,mfcc18_mean,mfcc18_var,mfcc19_mean,mfcc19_var,mfcc20_mean,mfcc20_var
0.4494163,0.09492505,0.24700375,0.014613781,3235.5558089909523,1284765.360765681,3272.0505859825503,150883.7028825704,7337.784528621664,2667307.4809740004,0.10929758495262955,0.00922898193303071,-1.1986028e-06,0.040158253,-0.00016240944,0.016126398,95.703125,-76.705734,3625.7542,52.78695,745.2528,34.63606,525.3496,26.197575,297.67426,16.664793,254.79118,11.354165,183.4064,5.861285,130.28786,6.9141855,143.42484,3.6776621,113.16109,-0.95861554,102.495384,3.8744404,91.0495,4.487364,76.65217,0.6391593,73.43152,5.4336534,66.459,4.1947055,54.66584,0.81152654,51.390606,1.6309177,46.375145,0.69367623,37.71315,-2.8054793,32.428127,-3.4080603,42.047993
