chroma_stft_mean,chroma_stft_var,rms_mean,rms_var,spectral_centroid_mean,spectral_centroid_var,spectral_bandwidth_mean,spectral_bandwidth_var,rolloff_mean,rolloff_var,zero_crossing_rate_mean,zero_crossing_rate_var,harmony_mean,harmony_var,perceptr_mean,perceptr_var,tempo,mfcc1_mean,mfcc1_var,mfcc2_mean,mfcc2_var,mfcc3_mean,mfcc3_var,mfcc4_mean,mfcc4_var,mfcc5_mean,mfcc5_var,mfcc6_mean,mfcc6_var,mfcc7_mean,mfcc7_var,mfcc8_mean,mfcc8_var,mfcc9_mean,mfcc9_var,mfcc10_mean,mfcc10_var,mfcc11_mean,mfcc11_var,mfcc12_mean,mfcc12_var,mfcc13_mean,mfcc13_var,mfcc14_mean,mfcc14_var,mfcc15_mean,mfcc15_var,mfcc16_mean,mfcc16_var,mfcc17_mean,mfcc17_var,mfcc18_mean,mfcc18_var,mfcc19_mean,mfcc19_var,mfcc20_mean,mfcc20_var
0.49841172,0.08707901,0.12068817,0.0019544947,2669.9475361239274,338143.2372854676,2396.5034787987697,70809.63379034559,5526.430800010876,936023.7989859164,0.11757230943058777,0.003453093160808795,-2.1367383e-05,0.009037875,-0.0006350159,0.0036968694,129.19921875,-103.14578,1708.1514,74.096306,396.6913,-22.450449,313.74295,51.598633,135.35207,-7.0803447,142.19444,32.66976,71.77595,-14.982949,67.721115,19.638306,63.329514,-7.0651374,60.444244,22.265232,45.171898,-7.3165903,59.750748,17.61653,45.284737,-0.035863396,65.006386,14.716657,41.59642,-4.2357807,42.905373,10.654611,40.500587,-6.327601,52.942257,1.040412,47.06079,-1.8256198,51.698654,5.556781,66.81835
