chroma_stft_mean,chroma_stft_var,rms_mean,rms_var,spectral_centroid_mean,spectral_centroid_var,spectral_bandwidth_mean,spectral_bandwidth_var,rolloff_mean,rolloff_var,zero_crossing_rate_mean,zero_crossing_rate_var,harmony_mean,harmony_var,perceptr_mean,perceptr_var,tempo,mfcc1_mean,mfcc1_var,mfcc2_mean,mfcc2_var,mfcc3_mean,mfcc3_var,mfcc4_mean,mfcc4_var,mfcc5_mean,mfcc5_var,mfcc6_mean,mfcc6_var,mfcc7_mean,mfcc7_var,mfcc8_mean,mfcc8_var,mfcc9_mean,mfcc9_var,mfcc10_mean,mfcc10_var,mfcc11_mean,mfcc11_var,mfcc12_mean,mfcc12_var,mfcc13_mean,mfcc13_var,mfcc14_mean,mfcc14_var,mfcc15_mean,mfcc15_var,mfcc16_mean,mfcc16_var,mfcc17_mean,mfcc17_var,mfcc18_mean,mfcc18_var,mfcc19_mean,mfcc19_var,mfcc20_mean,mfcc20_var
0.4280005,0.09637492,0.13499676,0.001794775,2639.343177690068,1083240.6302556,2632.7060086732495,216096.8942606241,5633.429340662317,3264234.4605221497,0.10254357665639445,0.007402318998746052,0.00061969325,0.0101520065,0.0011943623,0.0063636494,92.28515625,-109.31013,4277.4185,76.75423,1350.1707,2.7861836,673.5455,19.187447,313.01126,0.563186,306.38208,8.245012,146.66214,-8.03061,207.2812,6.012482,118.96143,-4.275914,93.70035,3.6560714,101.17381,-1.5355548,116.64662,2.663836,97.012825,2.2838657,100.13804,2.864195,68.9608,-5.218628,79.345894,5.35988,81.39135,-6.171876,64.73349,2.2480874,64.41981,-2.446409,54.143585,-5.9339814,70.083435
