chroma_stft_mean,chroma_stft_var,rms_mean,rms_var,spectral_centroid_mean,spectral_centroid_var,spectral_bandwidth_mean,spectral_bandwidth_var,rolloff_mean,rolloff_var,zero_crossing_rate_mean,zero_crossing_rate_var,harmony_mean,harmony_var,perceptr_mean,perceptr_var,tempo,mfcc1_mean,mfcc1_var,mfcc2_mean,mfcc2_var,mfcc3_mean,mfcc3_var,mfcc4_mean,mfcc4_var,mfcc5_mean,mfcc5_var,mfcc6_mean,mfcc6_var,mfcc7_mean,mfcc7_var,mfcc8_mean,mfcc8_var,mfcc9_mean,mfcc9_var,mfcc10_mean,mfcc10_var,mfcc11_mean,mfcc11_var,mfcc12_mean,mfcc12_var,mfcc13_mean,mfcc13_var,mfcc14_mean,mfcc14_var,mfcc15_mean,mfcc15_var,mfcc16_mean,mfcc16_var,mfcc17_mean,mfcc17_var,mfcc18_mean,mfcc18_var,mfcc19_mean,mfcc19_var,mfcc20_mean,mfcc20_var
0.503631,0.08313809,0.10224163,0.0021299655,2290.9396470333063,383310.63262473023,2181.5663392997676,58935.77189513518,4820.264974713602,885143.6004475105,0.11330995021268368,0.004862582053472399,-0.00010144864,0.0071899677,-0.0009487015,0.0020921223,107.666015625,-122.77545,957.928,95.02316,510.925,-29.384426,289.22577,46.77722,120.44068,-16.006794,130.23802,27.109676,89.19621,-13.129478,123.75946,20.252937,94.82836,-5.38928,81.82269,15.461106,57.592133,-6.9193435,68.20067,15.639389,57.99157,-6.7110047,57.07035,8.279566,52.70054,-0.7614806,48.79505,9.408431,38.00436,1.2525133,64.11709,1.6708386,55.465748,0.4884754,42.29035,1.6206381,45.73319
