chroma_stft_mean,chroma_stft_var,rms_mean,rms_var,spectral_centroid_mean,spectral_centroid_var,spectral_bandwidth_mean,spectral_bandwidth_var,rolloff_mean,rolloff_var,zero_crossing_rate_mean,zero_crossing_rate_var,harmony_mean,harmony_var,perceptr_mean,perceptr_var,tempo,mfcc1_mean,mfcc1_var,mfcc2_mean,mfcc2_var,mfcc3_mean,mfcc3_var,mfcc4_mean,mfcc4_var,mfcc5_mean,mfcc5_var,mfcc6_mean,mfcc6_var,mfcc7_mean,mfcc7_var,mfcc8_mean,mfcc8_var,mfcc9_mean,mfcc9_var,mfcc10_mean,mfcc10_var,mfcc11_mean,mfcc11_var,mfcc12_mean,mfcc12_var,mfcc13_mean,mfcc13_var,mfcc14_mean,mfcc14_var,mfcc15_mean,mfcc15_var,mfcc16_mean,mfcc16_var,mfcc17_mean,mfcc17_var,mfcc18_mean,mfcc18_var,mfcc19_mean,mfcc19_var,mfcc20_mean,mfcc20_var
0.4249017,0.09791433,0.23710126,0.027704349,2328.52633694279,1292732.6455604155,2627.5253121218893,370767.7444957424,4935.3418761782195,5820272.712825284,0.09665249782482599,0.00822679478178431,0.0012162165,0.04729,0.0011979501,0.021318793,95.703125,-111.27533,7028.282,89.93035,1445.8751,4.4503665,1065.5557,14.5376835,396.8727,9.927538,311.5069,-9.4755535,314.47342,2.9035454,154.0464,-0.15854305,175.69957,-3.0790896,163.52342,3.2574103,120.0422,-1.5119746,113.02999,1.5706158,89.10358,2.3876393,115.40792,-1.1697704,66.05453,0.86567414,73.86107,0.6658926,77.36297,-5.1654673,84.25836,2.7177014,69.04105,2.351001,59.597443,-0.25273964,55.08185
