chroma_stft_mean,chroma_stft_var,rms_mean,rms_var,spectral_centroid_mean,spectral_centroid_var,spectral_bandwidth_mean,spectral_bandwidth_var,rolloff_mean,rolloff_var,zero_crossing_rate_mean,zero_crossing_rate_var,harmony_mean,harmony_var,perceptr_mean,perceptr_var,tempo,mfcc1_mean,mfcc1_var,mfcc2_mean,mfcc2_var,mfcc3_mean,mfcc3_var,mfcc4_mean,mfcc4_var,mfcc5_mean,mfcc5_var,mfcc6_mean,mfcc6_var,mfcc7_mean,mfcc7_var,mfcc8_mean,mfcc8_var,mfcc9_mean,mfcc9_var,mfcc10_mean,mfcc10_var,mfcc11_mean,mfcc11_var,mfcc12_mean,mfcc12_var,mfcc13_mean,mfcc13_var,mfcc14_mean,mfcc14_var,mfcc15_mean,mfcc15_var,mfcc16_mean,mfcc16_var,mfcc17_mean,mfcc17_var,mfcc18_mean,mfcc18_var,mfcc19_mean,mfcc19_var,mfcc20_mean,mfcc20_var
0.40067565,0.09688355,0.2247038,0.004116224,1811.510320100113,413114.0568474242,2279.639247744241,107842.71872270825,3890.7900073412125,1755954.2049732462,0.051442110160479504,0.0014842571583784082,1.6289468e-06,0.0396554,-7.141226e-05,0.005273778,143.5546875,-113.623055,3846.9644,87.05368,514.83856,-0.64112395,505.45312,52.261642,175.36678,19.37811,137.02994,19.67521,93.11756,15.385646,84.568726,13.703338,69.03269,6.950013,38.490643,9.077205,52.420696,7.971615,42.203392,4.4166303,57.688587,-0.15431142,64.42377,-0.43441993,58.25451,0.22512797,26.95965,-0.8328568,37.525696,-2.1803095,56.12563,-1.9919999,44.559616,-4.4398932,35.963337,-4.299701,53.095478
