chroma_stft_mean,chroma_stft_var,rms_mean,rms_var,spectral_centroid_mean,spectral_centroid_var,spectral_bandwidth_mean,spectral_bandwidth_var,rolloff_mean,rolloff_var,zero_crossing_rate_mean,zero_crossing_rate_var,harmony_mean,harmony_var,perceptr_mean,perceptr_var,tempo,mfcc1_mean,mfcc1_var,mfcc2_mean,mfcc2_var,mfcc3_mean,mfcc3_var,mfcc4_mean,mfcc4_var,mfcc5_mean,mfcc5_var,mfcc6_mean,mfcc6_var,mfcc7_mean,mfcc7_var,mfcc8_mean,mfcc8_var,mfcc9_mean,mfcc9_var,mfcc10_mean,mfcc10_var,mfcc11_mean,mfcc11_var,mfcc12_mean,mfcc12_var,mfcc13_mean,mfcc13_var,mfcc14_mean,mfcc14_var,mfcc15_mean,mfcc15_var,mfcc16_mean,mfcc16_var,mfcc17_mean,mfcc17_var,mfcc18_mean,mfcc18_var,mfcc19_mean,mfcc19_var,mfcc20_mean,mfcc20_var
0.4798458,0.08207583,0.21307458,0.0035854103,3084.823804546642,554994.9401960314,2970.61795564429,103306.64426076924,6779.025674825852,2160805.0688468404,0.13644361938854488,0.006458001940550383,-0.00015651096,0.02392107,-0.0011885143,0.011292377,99.38401442307692,-25.108788,1381.5844,60.825592,532.1105,-4.1871734,367.40656,14.84839,382.26895,6.795023,124.48539,6.0983334,134.23605,15.451296,127.995766,3.7847345,147.9855,5.6598086,92.65814,10.247507,74.253746,0.86333084,72.358536,4.183889,68.00178,0.9262049,63.532524,3.2527385,68.34941,0.21559037,55.67637,2.6983185,54.269707,0.7047307,63.101013,0.89628994,52.377106,0.3617592,47.20571,-0.006407416,57.017918
