chroma_stft_mean,chroma_stft_var,rms_mean,rms_var,spectral_centroid_mean,spectral_centroid_var,spectral_bandwidth_mean,spectral_bandwidth_var,rolloff_mean,rolloff_var,zero_crossing_rate_mean,zero_crossing_rate_var,harmony_mean,harmony_var,perceptr_mean,perceptr_var,tempo,mfcc1_mean,mfcc1_var,mfcc2_mean,mfcc2_var,mfcc3_mean,mfcc3_var,mfcc4_mean,mfcc4_var,mfcc5_mean,mfcc5_var,mfcc6_mean,mfcc6_var,mfcc7_mean,mfcc7_var,mfcc8_mean,mfcc8_var,mfcc9_mean,mfcc9_var,mfcc10_mean,mfcc10_var,mfcc11_mean,mfcc11_var,mfcc12_mean,mfcc12_var,mfcc13_mean,mfcc13_var,mfcc14_mean,mfcc14_var,mfcc15_mean,mfcc15_var,mfcc16_mean,mfcc16_var,mfcc17_mean,mfcc17_var,mfcc18_mean,mfcc18_var,mfcc19_mean,mfcc19_var,mfcc20_mean,mfcc20_var
0.4602241,0.08556267,0.118538655,0.0017604168,2694.7841274938905,275264.29646855197,2389.1395069826526,49546.41474889154,5599.723628280887,694547.1231011039,0.14988572783739365,0.003140258586730663,-1.413046e-05,0.003935018,-0.00036505912,0.0058278004,117.45383522727273,-89.90493,2009.5559,79.77237,361.44754,-25.73345,424.80487,47.740093,227.4214,-10.01658,190.86958,31.554688,175.84569,-22.208487,110.76056,26.64222,108.0124,-10.969624,90.093544,18.825157,87.04549,-15.554683,55.227703,14.415654,73.320724,-10.034326,61.43761,8.898057,61.723824,-8.93279,50.668846,7.2319345,61.661724,-5.005691,52.677483,3.1360536,64.99635,-4.73014,45.54174,-1.5844126,57.810524
