chroma_stft_mean,chroma_stft_var,rms_mean,rms_var,spectral_centroid_mean,spectral_centroid_var,spectral_bandwidth_mean,spectral_bandwidth_var,rolloff_mean,rolloff_var,zero_crossing_rate_mean,zero_crossing_rate_var,harmony_mean,harmony_var,perceptr_mean,perceptr_var,tempo,mfcc1_mean,mfcc1_var,mfcc2_mean,mfcc2_var,mfcc3_mean,mfcc3_var,mfcc4_mean,mfcc4_var,mfcc5_mean,mfcc5_var,mfcc6_mean,mfcc6_var,mfcc7_mean,mfcc7_var,mfcc8_mean,mfcc8_var,mfcc9_mean,mfcc9_var,mfcc10_mean,mfcc10_var,mfcc11_mean,mfcc11_var,mfcc12_mean,mfcc12_var,mfcc13_mean,mfcc13_var,mfcc14_mean,mfcc14_var,mfcc15_mean,mfcc15_var,mfcc16_mean,mfcc16_var,mfcc17_mean,mfcc17_var,mfcc18_mean,mfcc18_var,mfcc19_mean,mfcc19_var,mfcc20_mean,mfcc20_var
0.4811308,0.08478305,0.19137202,0.0050939065,2145.045444983045,233909.03437181757,2358.7536603738904,81618.13749668261,4956.067376015081,981468.4847523917,0.08037456798627224,0.0017959915595080127,-4.0933938e-07,0.012624417,-0.00050335727,0.015402006,99.38401442307692,-76.79857,2421.9207,98.390625,350.26962,-5.0479903,456.0975,49.339622,165.86177,-10.298393,148.67607,33.28461,120.90876,-9.9737,96.62899,17.609251,52.129623,-12.237133,51.732273,18.658957,62.540283,-10.978353,56.149143,11.509188,50.132282,-10.487104,50.023357,6.2597446,55.686745,-6.9740677,43.441673,2.4984546,45.193447,-4.895601,43.255928,5.457154,50.457508,-1.8284396,64.158905,0.6430392,53.564487
