chroma_stft_mean,chroma_stft_var,rms_mean,rms_var,spectral_centroid_mean,spectral_centroid_var,spectral_bandwidth_mean,spectral_bandwidth_var,rolloff_mean,rolloff_var,zero_crossing_rate_mean,zero_crossing_rate_var,harmony_mean,harmony_var,perceptr_mean,perceptr_var,tempo,mfcc1_mean,mfcc1_var,mfcc2_mean,mfcc2_var,mfcc3_mean,mfcc3_var,mfcc4_mean,mfcc4_var,mfcc5_mean,mfcc5_var,mfcc6_mean,mfcc6_var,mfcc7_mean,mfcc7_var,mfcc8_mean,mfcc8_var,mfcc9_mean,mfcc9_var,mfcc10_mean,mfcc10_var,mfcc11_mean,mfcc11_var,mfcc12_mean,mfcc12_var,mfcc13_mean,mfcc13_var,mfcc14_mean,mfcc14_var,mfcc15_mean,mfcc15_var,mfcc16_mean,mfcc16_var,mfcc17_mean,mfcc17_var,mfcc18_mean,mfcc18_var,mfcc19_mean,mfcc19_var,mfcc20_mean,mfcc20_var
0.5336,0.07368551,0.1135739,0.0018789051,2629.0449785113356,260697.72056612928,2350.8161857462896,51835.058517171594,5411.5703963348315,642431.5851947177,0.1385510319992266,0.004135411522196877,-4.4950855e-05,0.005779474,-0.00082813884,0.003886822,103.359375,-105.535225,2076.6758,76.67295,342.6772,-24.781746,400.24612,55.20959,201.19847,-8.259848,218.958,28.89764,127.579185,-15.744415,143.7281,26.299292,106.891136,-8.478252,94.97097,20.452374,81.601555,-8.147398,87.38327,13.909218,79.74731,-6.5623593,69.78725,9.866114,53.26328,-4.860474,76.313576,5.8747473,58.13719,-1.9424009,70.4489,3.9641562,50.28293,-3.6098754,62.088875,-2.2909822,67.47951
