chroma_stft_mean,chroma_stft_var,rms_mean,rms_var,spectral_centroid_mean,spectral_centroid_var,spectral_bandwidth_mean,spectral_bandwidth_var,rolloff_mean,rolloff_var,zero_crossing_rate_mean,zero_crossing_rate_var,harmony_mean,harmony_var,perceptr_mean,perceptr_var,tempo,mfcc1_mean,mfcc1_var,mfcc2_mean,mfcc2_var,mfcc3_mean,mfcc3_var,mfcc4_mean,mfcc4_var,mfcc5_mean,mfcc5_var,mfcc6_mean,mfcc6_var,mfcc7_mean,mfcc7_var,mfcc8_mean,mfcc8_var,mfcc9_mean,mfcc9_var,mfcc10_mean,mfcc10_var,mfcc11_mean,mfcc11_var,mfcc12_mean,mfcc12_var,mfcc13_mean,mfcc13_var,mfcc14_mean,mfcc14_var,mfcc15_mean,mfcc15_var,mfcc16_mean,mfcc16_var,mfcc17_mean,mfcc17_var,mfcc18_mean,mfcc18_var,mfcc19_mean,mfcc19_var,mfcc20_mean,mfcc20_var
0.39349407,0.09352374,0.24395056,0.00758553,2500.467553526264,1244852.1139115093,2578.186263714857,223496.22564291858,5294.528361097013,3670921.618718511,0.09950325973994587,0.0075101878106347405,3.0101623e-06,0.034961883,-8.392468e-06,0.015481468,107.666015625,-78.70536,4961.666,73.10555,1524.9666,21.826069,977.0669,49.19616,346.5834,3.1053555,261.6842,18.316319,106.556854,1.8645644,107.6572,8.3988495,70.748856,1.426505,69.92491,4.221521,80.21823,-1.3166568,50.853165,1.2564663,56.329338,-3.0075817,52.00147,1.8005416,40.65311,-1.8447683,39.6786,-0.9998016,42.855026,-1.9077119,56.123207,-2.6412976,53.533653,-4.7969174,40.41776,-4.8740335,43.834995
