chroma_stft_mean,chroma_stft_var,rms_mean,rms_var,spectral_centroid_mean,spectral_centroid_var,spectral_bandwidth_mean,spectral_bandwidth_var,rolloff_mean,rolloff_var,zero_crossing_rate_mean,zero_crossing_rate_var,harmony_mean,harmony_var,perceptr_mean,perceptr_var,tempo,mfcc1_mean,mfcc1_var,mfcc2_mean,mfcc2_var,mfcc3_mean,mfcc3_var,mfcc4_mean,mfcc4_var,mfcc5_mean,mfcc5_var,mfcc6_mean,mfcc6_var,mfcc7_mean,mfcc7_var,mfcc8_mean,mfcc8_var,mfcc9_mean,mfcc9_var,mfcc10_mean,mfcc10_var,mfcc11_mean,mfcc11_var,mfcc12_mean,mfcc12_var,mfcc13_mean,mfcc13_var,mfcc14_mean,mfcc14_var,mfcc15_mean,mfcc15_var,mfcc16_mean,mfcc16_var,mfcc17_mean,mfcc17_var,mfcc18_mean,mfcc18_var,mfcc19_mean,mfcc19_var,mfcc20_mean,mfcc20_var
0.45112708,0.0967379,0.19159333,0.01500569,3140.9185615259057,1782080.6569505394,2849.948107588064,136852.62148122987,6336.75704212587,3352455.642748502,0.14681442744586234,0.01687126595237589,4.9870647e-07,0.016068216,-0.0006647394,0.021721335,92.28515625,-94.559555,4382.5254,51.677036,1860.0056,17.531384,836.9219,28.92272,593.127,2.0536478,359.5063,3.729747,279.0214,-1.8468494,235.23196,4.372743,168.36229,8.770599,193.31099,2.1283352,193.71431,-1.3841964,112.572914,4.6820245,104.96438,4.0688467,98.700294,0.007691232,82.64784,0.20955451,62.961536,-0.441542,55.19258,-4.121804,53.70535,-1.1049199,47.37647,-0.12459452,46.19375,-2.7599957,45.123074
