chroma_stft_mean,chroma_stft_var,rms_mean,rms_var,spectral_centroid_mean,spectral_centroid_var,spectral_bandwidth_mean,spectral_bandwidth_var,rolloff_mean,rolloff_var,zero_crossing_rate_mean,zero_crossing_rate_var,harmony_mean,harmony_var,perceptr_mean,perceptr_var,tempo,mfcc1_mean,mfcc1_var,mfcc2_mean,mfcc2_var,mfcc3_mean,mfcc3_var,mfcc4_mean,mfcc4_var,mfcc5_mean,mfcc5_var,mfcc6_mean,mfcc6_var,mfcc7_mean,mfcc7_var,mfcc8_mean,mfcc8_var,mfcc9_mean,mfcc9_var,mfcc10_mean,mfcc10_var,mfcc11_mean,mfcc11_var,mfcc12_mean,mfcc12_var,mfcc13_mean,mfcc13_var,mfcc14_mean,mfcc14_var,mfcc15_mean,mfcc15_var,mfcc16_mean,mfcc16_var,mfcc17_mean,mfcc17_var,mfcc18_mean,mfcc18_var,mfcc19_mean,mfcc19_var,mfcc20_mean,mfcc20_var
0.3810477,0.08254451,0.1904764,0.003100154,2240.2899872227676,250733.01457396863,2193.9809559450014,64418.89432749961,4728.4366050065255,915711.3554608529,0.10665716538573086,0.0012994837034952156,-1.5511958e-05,0.017381653,-0.0003550136,0.010510653,95.703125,-44.723373,1259.0405,101.193695,333.5962,-26.262499,198.09209,52.928112,97.98022,-11.71543,141.67946,26.944754,71.07928,-13.282815,87.373566,20.712088,61.048676,-17.486723,50.55803,11.862879,44.839287,-10.666727,47.237232,8.381841,40.87056,-15.426938,37.06045,4.8783975,41.49952,-10.051116,40.722816,4.5640874,48.96519,-1.9918473,38.87483,7.9792347,39.143364,1.2123257,40.73594,1.3652085,45.673122
