chroma_stft_mean,chroma_stft_var,rms_mean,rms_var,spectral_centroid_mean,spectral_centroid_var,spectral_bandwidth_mean,spectral_bandwidth_var,rolloff_mean,rolloff_var,zero_crossing_rate_mean,zero_crossing_rate_var,harmony_mean,harmony_var,perceptr_mean,perceptr_var,tempo,mfcc1_mean,mfcc1_var,mfcc2_mean,mfcc2_var,mfcc3_mean,mfcc3_var,mfcc4_mean,mfcc4_var,mfcc5_mean,mfcc5_var,mfcc6_mean,mfcc6_var,mfcc7_mean,mfcc7_var,mfcc8_mean,mfcc8_var,mfcc9_mean,mfcc9_var,mfcc10_mean,mfcc10_var,mfcc11_mean,mfcc11_var,mfcc12_mean,mfcc12_var,mfcc13_mean,mfcc13_var,mfcc14_mean,mfcc14_var,mfcc15_mean,mfcc15_var,mfcc16_mean,mfcc16_var,mfcc17_mean,mfcc17_var,mfcc18_mean,mfcc18_var,mfcc19_mean,mfcc19_var,mfcc20_mean,mfcc20_var
0.4494114,0.09043341,0.24915487,0.0082482565,2896.950312515822,982939.6860136094,2759.680802283589,150416.89471008573,6007.0540549538355,2494873.2707515205,0.10171046401515152,0.005657281801172962,1.4862712e-05,0.04674773,-4.96023e-05,0.012679884,92.28515625,-74.73161,4315.89,48.89044,1124.3643,3.8210833,754.07416,36.29552,338.2579,12.968528,268.7094,13.447174,161.59146,9.112768,163.57726,12.724714,134.5275,2.4919138,119.396736,12.091033,101.04588,8.99561,95.38589,3.9080641,80.472946,4.785855,122.8237,1.4901079,93.13763,3.0510886,96.38026,4.4357505,102.33693,-4.1812606,65.22888,2.8459816,95.45955,2.7624748,125.297585,2.7784908,111.634964
