chroma_stft_mean,chroma_stft_var,rms_mean,rms_var,spectral_centroid_mean,spectral_centroid_var,spectral_bandwidth_mean,spectral_bandwidth_var,rolloff_mean,rolloff_var,zero_crossing_rate_mean,zero_crossing_rate_var,harmony_mean,harmony_var,perceptr_mean,perceptr_var,tempo,mfcc1_mean,mfcc1_var,mfcc2_mean,mfcc2_var,mfcc3_mean,mfcc3_var,mfcc4_mean,mfcc4_var,mfcc5_mean,mfcc5_var,mfcc6_mean,mfcc6_var,mfcc7_mean,mfcc7_var,mfcc8_mean,mfcc8_var,mfcc9_mean,mfcc9_var,mfcc10_mean,mfcc10_var,mfcc11_mean,mfcc11_var,mfcc12_mean,mfcc12_var,mfcc13_mean,mfcc13_var,mfcc14_mean,mfcc14_var,mfcc15_mean,mfcc15_var,mfcc16_mean,mfcc16_var,mfcc17_mean,mfcc17_var,mfcc18_mean,mfcc18_var,mfcc19_mean,mfcc19_var,mfcc20_mean,mfcc20_var
0.43799865,0.09471424,0.2527779,0.013652372,1821.46331961173,745171.6912118868,2522.0395257494642,309601.5983553406,4003.2772621809745,4797188.056314435,0.051527455529775716,0.0018696147382571428,2.8355856e-07,0.04224019,0.00019170243,0.016428143,99.38401442307692,-118.05631,4447.2163,102.20693,1231.4054,20.763098,553.982,36.992615,281.61673,24.375978,253.27267,7.8266506,212.87447,15.940079,107.824585,-1.5931469,140.8523,6.758074,95.18085,-0.77758014,84.019714,8.574868,71.51978,1.4911983,68.21171,-4.211417,75.495804,3.0170677,54.167694,1.0018679,62.358757,-0.98992103,49.72186,-5.462844,51.79764,-1.2905505,42.557068,-4.243604,39.901028,-5.021297,58.48602
