chroma_stft_mean,chroma_stft_var,rms_mean,rms_var,spectral_centroid_mean,spectral_centroid_var,spectral_bandwidth_mean,spectral_bandwidth_var,rolloff_mean,rolloff_var,zero_crossing_rate_mean,zero_crossing_rate_var,harmony_mean,harmony_var,perceptr_mean,perceptr_var,tempo,mfcc1_mean,mfcc1_var,mfcc2_mean,mfcc2_var,mfcc3_mean,mfcc3_var,mfcc4_mean,mfcc4_var,mfcc5_mean,mfcc5_var,mfcc6_mean,mfcc6_var,mfcc7_mean,mfcc7_var,mfcc8_mean,mfcc8_var,mfcc9_mean,mfcc9_var,mfcc10_mean,mfcc10_var,mfcc11_mean,mfcc11_var,mfcc12_mean,mfcc12_var,mfcc13_mean,mfcc13_var,mfcc14_mean,mfcc14_var,mfcc15_mean,mfcc15_var,mfcc16_mean,mfcc16_var,mfcc17_mean,mfcc17_var,mfcc18_mean,mfcc18_var,mfcc19_mean,mfcc19_var,mfcc20_mean,mfcc20_var
0.45458713,0.09301759,0.19215399,0.0013117077,2148.49442922645,653520.692609456,2665.474788911582,263304.40054264554,5063.999850456787,3326092.3329443303,0.05099348052010828,0.0008772604662350302,6.4027853e-07,0.026070302,-1.160563e-05,0.004188287,172.265625,-105.895134,1975.1821,88.19101,749.3312,19.303364,484.07806,30.587206,247.54752,10.000641,214.4431,17.935595,104.050186,3.6842966,91.24736,8.918493,74.94464,5.854395,70.548195,8.842855,75.449326,5.6089683,54.267124,10.507835,37.084072,5.9251924,48.934124,6.094801,38.71064,7.0562305,41.584076,5.076852,34.07999,4.4585123,34.649216,2.1627479,31.122988,1.4106364,34.59084,-1.2254568,36.46222
