chroma_stft_mean,chroma_stft_var,rms_mean,rms_var,spectral_centroid_mean,spectral_centroid_var,spectral_bandwidth_mean,spectral_bandwidth_var,rolloff_mean,rolloff_var,zero_crossing_rate_mean,zero_crossing_rate_var,harmony_mean,harmony_var,perceptr_mean,perceptr_var,tempo,mfcc1_mean,mfcc1_var,mfcc2_mean,mfcc2_var,mfcc3_mean,mfcc3_var,mfcc4_mean,mfcc4_var,mfcc5_mean,mfcc5_var,mfcc6_mean,mfcc6_var,mfcc7_mean,mfcc7_var,mfcc8_mean,mfcc8_var,mfcc9_mean,mfcc9_var,mfcc10_mean,mfcc10_var,mfcc11_mean,mfcc11_var,mfcc12_mean,mfcc12_var,mfcc13_mean,mfcc13_var,mfcc14_mean,mfcc14_var,mfcc15_mean,mfcc15_var,mfcc16_mean,mfcc16_var,mfcc17_mean,mfcc17_var,mfcc18_mean,mfcc18_var,mfcc19_mean,mfcc19_var,mfcc20_mean,mfcc20_var
0.39402536,0.101320826,0.13867211,0.004651082,1754.0198285353754,913457.8888799486,2068.163203945778,339328.2642756468,3840.3376957656615,4470474.751804375,0.0712822650812065,0.004151391457408682,-0.0010056952,0.011632625,-0.0026473103,0.0059806965,143.5546875,-184.58188,8488.296,106.214096,1201.5977,4.0007606,809.8384,38.708908,276.81937,8.411527,554.48596,30.451197,152.94687,-3.3438368,379.333,20.298872,129.86754,-1.5424036,166.25945,15.916831,95.99315,-6.5128145,103.501816,13.191903,88.096146,-1.7114568,106.979095,6.8503737,131.4619,-3.2332587,74.50789,1.8666652,67.65205,-6.040374,70.989265,3.5150418,58.124172,-7.407167,83.30948,-1.7401564,59.81287
