chroma_stft_mean,chroma_stft_var,rms_mean,rms_var,spectral_centroid_mean,spectral_centroid_var,spectral_bandwidth_mean,spectral_bandwidth_var,rolloff_mean,rolloff_var,zero_crossing_rate_mean,zero_crossing_rate_var,harmony_mean,harmony_var,perceptr_mean,perceptr_var,tempo,mfcc1_mean,mfcc1_var,mfcc2_mean,mfcc2_var,mfcc3_mean,mfcc3_var,mfcc4_mean,mfcc4_var,mfcc5_mean,mfcc5_var,mfcc6_mean,mfcc6_var,mfcc7_mean,mfcc7_var,mfcc8_mean,mfcc8_var,mfcc9_mean,mfcc9_var,mfcc10_mean,mfcc10_var,mfcc11_mean,mfcc11_var,mfcc12_mean,mfcc12_var,mfcc13_mean,mfcc13_var,mfcc14_mean,mfcc14_var,mfcc15_mean,mfcc15_var,mfcc16_mean,mfcc16_var,mfcc17_mean,mfcc17_var,mfcc18_mean,mfcc18_var,mfcc19_mean,mfcc19_var,mfcc20_mean,mfcc20_var
0.4311517,0.081996605,0.18007122,0.0014878061,2467.1929456866374,454208.5647844575,2006.4014228485987,30952.43040025784,4723.590385277697,639131.1685134164,0.13959632395591648,0.004165093522883479,-2.5667625e-06,0.020952856,-2.9300167e-05,0.006659441,117.45383522727273,-67.11288,2820.4465,80.68692,960.0932,-43.87355,308.24435,57.721367,68.96101,-12.790038,67.23984,33.588192,70.33073,-7.73336,55.12964,14.119094,54.211205,-1.2372346,69.02267,7.4127393,46.585773,-2.044152,41.818325,6.0994887,47.899708,-6.627344,43.390514,-1.0022154,30.859423,-4.7615833,25.813581,1.0605364,33.468212,3.4982176,42.98007,4.537469,40.307625,-1.2955124,25.604368,-3.1530488,25.045523
