chroma_stft_mean,chroma_stft_var,rms_mean,rms_var,spectral_centroid_mean,spectral_centroid_var,spectral_bandwidth_mean,spectral_bandwidth_var,rolloff_mean,rolloff_var,zero_crossing_rate_mean,zero_crossing_rate_var,harmony_mean,harmony_var,perceptr_mean,perceptr_var,tempo,mfcc1_mean,mfcc1_var,mfcc2_mean,mfcc2_var,mfcc3_mean,mfcc3_var,mfcc4_mean,mfcc4_var,mfcc5_mean,mfcc5_var,mfcc6_mean,mfcc6_var,mfcc7_mean,mfcc7_var,mfcc8_mean,mfcc8_var,mfcc9_mean,mfcc9_var,mfcc10_mean,mfcc10_var,mfcc11_mean,mfcc11_var,mfcc12_mean,mfcc12_var,mfcc13_mean,mfcc13_var,mfcc14_mean,mfcc14_var,mfcc15_mean,mfcc15_var,mfcc16_mean,mfcc16_var,mfcc17_mean,mfcc17_var,mfcc18_mean,mfcc18_var,mfcc19_mean,mfcc19_var,mfcc20_mean,mfcc20_var
0.39642534,0.09302845,0.09683505,0.002178945,2542.483268553463,1668261.0465132631,2726.2070510272347,537132.4324487854,5477.693817067865,7368131.672708926,0.10157722774071926,0.006733152323083717,-0.005713967,0.007367707,-0.0027567798,0.0021673287,151.99908088235293,-182.2128,6231.113,83.503174,1625.8701,4.883158,939.7299,12.692699,416.06357,30.064579,235.64421,17.202955,170.61063,6.1048517,142.58025,7.6960196,121.40366,7.1469874,90.53452,8.881941,72.58755,-2.1440816,99.71247,5.7184424,63.421574,1.4553062,73.072235,-4.9348474,80.79705,2.9161978,66.10498,2.1959825,59.066433,-3.2292233,63.325714,0.7557456,71.04134,-1.6916462,70.97195,-0.6324339,84.656975
