chroma_stft_mean,chroma_stft_var,rms_mean,rms_var,spectral_centroid_mean,spectral_centroid_var,spectral_bandwidth_mean,spectral_bandwidth_var,rolloff_mean,rolloff_var,zero_crossing_rate_mean,zero_crossing_rate_var,harmony_mean,harmony_var,perceptr_mean,perceptr_var,tempo,mfcc1_mean,mfcc1_var,mfcc2_mean,mfcc2_var,mfcc3_mean,mfcc3_var,mfcc4_mean,mfcc4_var,mfcc5_mean,mfcc5_var,mfcc6_mean,mfcc6_var,mfcc7_mean,mfcc7_var,mfcc8_mean,mfcc8_var,mfcc9_mean,mfcc9_var,mfcc10_mean,mfcc10_var,mfcc11_mean,mfcc11_var,mfcc12_mean,mfcc12_var,mfcc13_mean,mfcc13_var,mfcc14_mean,mfcc14_var,mfcc15_mean,mfcc15_var,mfcc16_mean,mfcc16_var,mfcc17_mean,mfcc17_var,mfcc18_mean,mfcc18_var,mfcc19_mean,mfcc19_var,mfcc20_mean,mfcc20_var
0.38774243,0.10162734,0.20773205,0.012899821,3296.462832779134,2113636.826664911,3065.0234997852335,219647.49214717426,6910.209723027842,4942526.076969026,0.12183240284222738,0.011987641726079166,9.72613e-06,0.032825787,-6.7443484e-06,0.01558377,83.35433467741936,-110.21196,6225.291,48.556263,1530.3767,29.646896,451.7534,18.435995,429.7108,-0.46312666,211.28575,4.653466,215.43663,-2.266834,169.46777,-6.5920463,162.65442,-2.146058,142.61893,-0.14949822,133.93874,-0.67925465,107.33738,0.5426738,137.05725,1.9057003,112.03891,-1.0558658,107.39296,1.7253125,67.959625,0.82580876,65.404976,-1.6861656,77.82815,2.6582394,69.71683,3.102614,95.859406,3.743673,85.11482
