chroma_stft_mean,chroma_stft_var,rms_mean,rms_var,spectral_centroid_mean,spectral_centroid_var,spectral_bandwidth_mean,spectral_bandwidth_var,rolloff_mean,rolloff_var,zero_crossing_rate_mean,zero_crossing_rate_var,harmony_mean,harmony_var,perceptr_mean,perceptr_var,tempo,mfcc1_mean,mfcc1_var,mfcc2_mean,mfcc2_var,mfcc3_mean,mfcc3_var,mfcc4_mean,mfcc4_var,mfcc5_mean,mfcc5_var,mfcc6_mean,mfcc6_var,mfcc7_mean,mfcc7_var,mfcc8_mean,mfcc8_var,mfcc9_mean,mfcc9_var,mfcc10_mean,mfcc10_var,mfcc11_mean,mfcc11_var,mfcc12_mean,mfcc12_var,mfcc13_mean,mfcc13_var,mfcc14_mean,mfcc14_var,mfcc15_mean,mfcc15_var,mfcc16_mean,mfcc16_var,mfcc17_mean,mfcc17_var,mfcc18_mean,mfcc18_var,mfcc19_mean,mfcc19_var,mfcc20_mean,mfcc20_var
0.34880447,0.097634494,0.12366478,0.0028149432,1811.4103936654164,655731.6371544825,2019.3002564021967,195537.96423370126,3854.8513744380803,2880614.558627496,0.07214969124613302,0.0026726199244264163,-0.0019057388,0.009617225,-0.0021133048,0.0054491768,135.99917763157896,-169.15335,5892.562,110.46,1215.4264,-8.5762,493.89438,43.884247,327.86285,0.27496976,245.5842,26.637419,143.9993,-14.368152,259.7197,13.034431,129.64703,-11.149249,166.33925,8.130109,120.264595,-7.6929665,102.96237,10.910651,78.15807,-8.175924,92.049706,2.8085628,91.18565,-6.4069405,73.62809,1.105841,72.94996,-4.252866,107.90174,4.344626,117.172226,-3.4471128,85.09533,1.2228184,89.14486
