chroma_stft_mean,chroma_stft_var,rms_mean,rms_var,spectral_centroid_mean,spectral_centroid_var,spectral_bandwidth_mean,spectral_bandwidth_var,rolloff_mean,rolloff_var,zero_crossing_rate_mean,zero_crossing_rate_var,harmony_mean,harmony_var,perceptr_mean,perceptr_var,tempo,mfcc1_mean,mfcc1_var,mfcc2_mean,mfcc2_var,mfcc3_mean,mfcc3_var,mfcc4_mean,mfcc4_var,mfcc5_mean,mfcc5_var,mfcc6_mean,mfcc6_var,mfcc7_mean,mfcc7_var,mfcc8_mean,mfcc8_var,mfcc9_mean,mfcc9_var,mfcc10_mean,mfcc10_var,mfcc11_mean,mfcc11_var,mfcc12_mean,mfcc12_var,mfcc13_mean,mfcc13_var,mfcc14_mean,mfcc14_var,mfcc15_mean,mfcc15_var,mfcc16_mean,mfcc16_var,mfcc17_mean,mfcc17_var,mfcc18_mean,mfcc18_var,mfcc19_mean,mfcc19_var,mfcc20_mean,mfcc20_var
0.3717509,0.09465936,0.09113359,0.0015555676,2631.1187832454702,1321804.4721628076,2827.597160930656,332431.9767479687,5698.113546349333,5761373.760538117,0.11195424279775715,0.007834762351312627,-0.00093020854,0.004226667,-0.0012715654,0.003258628,123.046875,-169.36552,6937.0107,83.94522,1057.495,11.21859,777.47546,12.120247,298.39163,21.056637,318.63004,9.510337,183.94583,0.9373277,180.61249,2.19974,122.35751,0.8741439,110.26606,1.6558639,140.91557,-0.4098269,103.72924,0.73294413,81.61029,-4.780017,94.62928,-1.7264755,70.2783,-2.0956078,107.670906,-1.4204185,74.33413,-4.661785,76.45215,-0.20302887,62.94501,1.9626487,78.527916,-1.2595943,97.62323
