chroma_stft_mean,chroma_stft_var,rms_mean,rms_var,spectral_centroid_mean,spectral_centroid_var,spectral_bandwidth_mean,spectral_bandwidth_var,rolloff_mean,rolloff_var,zero_crossing_rate_mean,zero_crossing_rate_var,harmony_mean,harmony_var,perceptr_mean,perceptr_var,tempo,mfcc1_mean,mfcc1_var,mfcc2_mean,mfcc2_var,mfcc3_mean,mfcc3_var,mfcc4_mean,mfcc4_var,mfcc5_mean,mfcc5_var,mfcc6_mean,mfcc6_var,mfcc7_mean,mfcc7_var,mfcc8_mean,mfcc8_var,mfcc9_mean,mfcc9_var,mfcc10_mean,mfcc10_var,mfcc11_mean,mfcc11_var,mfcc12_mean,mfcc12_var,mfcc13_mean,mfcc13_var,mfcc14_mean,mfcc14_var,mfcc15_mean,mfcc15_var,mfcc16_mean,mfcc16_var,mfcc17_mean,mfcc17_var,mfcc18_mean,mfcc18_var,mfcc19_mean,mfcc19_var,mfcc20_mean,mfcc20_var
0.38917026,0.09313067,0.12909263,0.0026532433,1629.2960017192215,335119.28943623375,1886.519012237297,147943.01085613263,3258.641445221868,1426914.718849576,0.06708825768561485,0.0012799905175044032,-1.6760634e-07,0.009711166,1.1004895e-05,0.0045063347,161.4990234375,-147.10289,3532.6125,120.109085,953.1462,-21.602928,429.86368,39.639435,337.54153,6.9424305,177.27454,15.083756,167.00496,-1.0146865,194.87347,15.940521,121.54082,2.5470617,126.83296,4.496182,118.42516,0.015698355,109.42312,4.326937,95.84642,4.6409745,68.3261,4.0078354,48.001984,3.0568736,63.26403,0.53608185,56.225185,-6.150787,48.90384,-1.6701401,63.150375,-0.73401433,48.62873,0.18896914,42.85476
