chroma_stft_mean,chroma_stft_var,rms_mean,rms_var,spectral_centroid_mean,spectral_centroid_var,spectral_bandwidth_mean,spectral_bandwidth_var,rolloff_mean,rolloff_var,zero_crossing_rate_mean,zero_crossing_rate_var,harmony_mean,harmony_var,perceptr_mean,perceptr_var,tempo,mfcc1_mean,mfcc1_var,mfcc2_mean,mfcc2_var,mfcc3_mean,mfcc3_var,mfcc4_mean,mfcc4_var,mfcc5_mean,mfcc5_var,mfcc6_mean,mfcc6_var,mfcc7_mean,mfcc7_var,mfcc8_mean,mfcc8_var,mfcc9_mean,mfcc9_var,mfcc10_mean,mfcc10_var,mfcc11_mean,mfcc11_var,mfcc12_mean,mfcc12_var,mfcc13_mean,mfcc13_var,mfcc14_mean,mfcc14_var,mfcc15_mean,mfcc15_var,mfcc16_mean,mfcc16_var,mfcc17_mean,mfcc17_var,mfcc18_mean,mfcc18_var,mfcc19_mean,mfcc19_var,mfcc20_mean,mfcc20_var
0.36245447,0.0959501,0.12680219,0.0029766199,1708.9705332649312,599635.9599071478,1899.2219190734234,271821.9756965151,3582.5804247933584,3097655.3127463283,0.07374708466260634,0.002629882406599631,-0.0017051646,0.011564774,-0.0020055338,0.0039105103,123.046875,-177.28357,8152.1455,110.989265,1002.9288,-15.664685,996.32385,36.767456,300.85687,0.053477183,362.57172,24.45962,185.7985,-3.7588267,265.15158,18.421553,184.6291,-3.3568943,205.71991,13.789159,106.563934,-2.092428,92.54706,8.603011,95.19743,-5.942914,105.45616,2.897947,77.3968,-5.271761,86.92782,-3.0629234,92.58539,-6.195288,80.77969,2.0540478,84.19822,-0.99353784,62.04498,2.3032737,97.45372
