chroma_stft_mean,chroma_stft_var,rms_mean,rms_var,spectral_centroid_mean,spectral_centroid_var,spectral_bandwidth_mean,spectral_bandwidth_var,rolloff_mean,rolloff_var,zero_crossing_rate_mean,zero_crossing_rate_var,harmony_mean,harmony_var,perceptr_mean,perceptr_var,tempo,mfcc1_mean,mfcc1_var,mfcc2_mean,mfcc2_var,mfcc3_mean,mfcc3_var,mfcc4_mean,mfcc4_var,mfcc5_mean,mfcc5_var,mfcc6_mean,mfcc6_var,mfcc7_mean,mfcc7_var,mfcc8_mean,mfcc8_var,mfcc9_mean,mfcc9_var,mfcc10_mean,mfcc10_var,mfcc11_mean,mfcc11_var,mfcc12_mean,mfcc12_var,mfcc13_mean,mfcc13_var,mfcc14_mean,mfcc14_var,mfcc15_mean,mfcc15_var,mfcc16_mean,mfcc16_var,mfcc17_mean,mfcc17_var,mfcc18_mean,mfcc18_var,mfcc19_mean,mfcc19_var,mfcc20_mean,mfcc20_var
0.45771417,0.08140714,0.09118426,0.0013196894,4281.984674096292,984805.3796454378,3111.955776476379,142295.51333546964,7925.459448865284,1831109.6683758374,0.2237736701227765,0.008561402701870292,2.349395e-05,0.0038904531,-6.693892e-05,0.0035330846,161.4990234375,-120.34942,6118.4966,16.420616,875.30145,25.026825,1043.7521,37.238605,454.93872,9.279794,225.05489,13.024576,133.70605,3.2330544,190.5174,5.978342,100.41714,4.086191,103.81209,1.715049,91.74906,1.9000336,98.69286,2.6751618,65.96856,2.0213578,62.82885,-1.7136208,66.54965,2.1092255,51.52282,3.2454617,63.77356,-2.0658197,56.47201,2.7736528,52.00088,1.6120902,41.392567,-4.0458384,62.93539
