chroma_stft_mean,chroma_stft_var,rms_mean,rms_var,spectral_centroid_mean,spectral_centroid_var,spectral_bandwidth_mean,spectral_bandwidth_var,rolloff_mean,rolloff_var,zero_crossing_rate_mean,zero_crossing_rate_var,harmony_mean,harmony_var,perceptr_mean,perceptr_var,tempo,mfcc1_mean,mfcc1_var,mfcc2_mean,mfcc2_var,mfcc3_mean,mfcc3_var,mfcc4_mean,mfcc4_var,mfcc5_mean,mfcc5_var,mfcc6_mean,mfcc6_var,mfcc7_mean,mfcc7_var,mfcc8_mean,mfcc8_var,mfcc9_mean,mfcc9_var,mfcc10_mean,mfcc10_var,mfcc11_mean,mfcc11_var,mfcc12_mean,mfcc12_var,mfcc13_mean,mfcc13_var,mfcc14_mean,mfcc14_var,mfcc15_mean,mfcc15_var,mfcc16_mean,mfcc16_var,mfcc17_mean,mfcc17_var,mfcc18_mean,mfcc18_var,mfcc19_mean,mfcc19_var,mfcc20_mean,mfcc20_var
0.3585137,0.10027707,0.09531278,0.0017871393,2104.695061638517,897317.0137031788,2311.35317114462,196488.6963371416,4381.024269050899,3182848.3575871955,0.07783120045436968,0.0031076576346968946,-8.275414e-06,0.0071377372,4.876831e-05,0.001689594,135.99917763157896,-194.7791,6075.1626,83.05221,1399.5688,-0.7635783,493.7733,32.33564,377.84656,2.8098269,217.07149,23.164373,147.10704,2.9725363,291.4371,14.224822,98.9703,8.545867,110.537025,10.442085,156.83322,7.072537,110.794106,8.811519,81.310844,1.4220294,63.60264,5.406333,51.74722,2.7486744,58.123367,5.2465186,55.453114,1.6419295,87.3521,0.50925684,70.04713,1.136634,76.83949,-1.5712875,69.00772
