chroma_stft_mean,chroma_stft_var,rms_mean,rms_var,spectral_centroid_mean,spectral_centroid_var,spectral_bandwidth_mean,spectral_bandwidth_var,rolloff_mean,rolloff_var,zero_crossing_rate_mean,zero_crossing_rate_var,harmony_mean,harmony_var,perceptr_mean,perceptr_var,tempo,mfcc1_mean,mfcc1_var,mfcc2_mean,mfcc2_var,mfcc3_mean,mfcc3_var,mfcc4_mean,mfcc4_var,mfcc5_mean,mfcc5_var,mfcc6_mean,mfcc6_var,mfcc7_mean,mfcc7_var,mfcc8_mean,mfcc8_var,mfcc9_mean,mfcc9_var,mfcc10_mean,mfcc10_var,mfcc11_mean,mfcc11_var,mfcc12_mean,mfcc12_var,mfcc13_mean,mfcc13_var,mfcc14_mean,mfcc14_var,mfcc15_mean,mfcc15_var,mfcc16_mean,mfcc16_var,mfcc17_mean,mfcc17_var,mfcc18_mean,mfcc18_var,mfcc19_mean,mfcc19_var,mfcc20_mean,mfcc20_var
0.4584854,0.087073416,0.073211625,0.0018881317,1699.3251213149977,552609.4539342576,2030.5500431853902,211534.44814060375,3786.1216534041473,2852514.771719482,0.06128250676720804,0.0018031638061589445,2.9011078e-06,0.0026435223,-1.542109e-05,0.0024888709,107.666015625,-223.38548,6416.9937,114.23247,706.2744,-4.411993,586.82654,40.19879,307.19263,-5.0810466,310.56628,24.666904,251.2789,0.7201274,209.43451,17.04557,130.58803,-2.362455,108.29464,11.148087,75.68605,-3.0846,77.73437,6.1236105,57.870625,-5.687237,51.642536,3.50682,52.130917,-5.4873457,52.235413,0.028731462,37.68685,-4.841373,38.91125,-0.7054739,34.818172,-3.6403236,32.698254,-2.8060377,36.94082
