chroma_stft_mean,chroma_stft_var,rms_mean,rms_var,spectral_centroid_mean,spectral_centroid_var,spectral_bandwidth_mean,spectral_bandwidth_var,rolloff_mean,rolloff_var,zero_crossing_rate_mean,zero_crossing_rate_var,harmony_mean,harmony_var,perceptr_mean,perceptr_var,tempo,mfcc1_mean,mfcc1_var,mfcc2_mean,mfcc2_var,mfcc3_mean,mfcc3_var,mfcc4_mean,mfcc4_var,mfcc5_mean,mfcc5_var,mfcc6_mean,mfcc6_var,mfcc7_mean,mfcc7_var,mfcc8_mean,mfcc8_var,mfcc9_mean,mfcc9_var,mfcc10_mean,mfcc10_var,mfcc11_mean,mfcc11_var,mfcc12_mean,mfcc12_var,mfcc13_mean,mfcc13_var,mfcc14_mean,mfcc14_var,mfcc15_mean,mfcc15_var,mfcc16_mean,mfcc16_var,mfcc17_mean,mfcc17_var,mfcc18_mean,mfcc18_var,mfcc19_mean,mfcc19_var,mfcc20_mean,mfcc20_var
0.5020346,0.08378089,0.18993305,0.008378626,3289.1034005754636,1509345.6044636942,3253.1477161106054,220052.80903444518,7286.299689131381,3868481.349493268,0.1340670014017788,0.009698302647153087,-0.0016850674,0.016369017,0.0017309883,0.013613105,99.38401442307692,-85.34023,3300.8406,60.93964,1175.7305,34.79256,594.7062,19.793852,419.07755,16.717466,333.27484,7.9690657,201.84924,9.30231,131.23886,11.351191,118.36514,1.3844681,135.39934,-0.083008476,90.00733,6.4046226,92.323715,3.6226318,72.94306,5.658961,82.553406,7.2081447,70.193756,-0.84485054,62.343822,3.2402623,63.03844,-2.6929083,46.677963,0.35819867,61.195797,4.746941,60.741734,0.3182334,43.18037
