chroma_stft_mean,chroma_stft_var,rms_mean,rms_var,spectral_centroid_mean,spectral_centroid_var,spectral_bandwidth_mean,spectral_bandwidth_var,rolloff_mean,rolloff_var,zero_crossing_rate_mean,zero_crossing_rate_var,harmony_mean,harmony_var,perceptr_mean,perceptr_var,tempo,mfcc1_mean,mfcc1_var,mfcc2_mean,mfcc2_var,mfcc3_mean,mfcc3_var,mfcc4_mean,mfcc4_var,mfcc5_mean,mfcc5_var,mfcc6_mean,mfcc6_var,mfcc7_mean,mfcc7_var,mfcc8_mean,mfcc8_var,mfcc9_mean,mfcc9_var,mfcc10_mean,mfcc10_var,mfcc11_mean,mfcc11_var,mfcc12_mean,mfcc12_var,mfcc13_mean,mfcc13_var,mfcc14_mean,mfcc14_var,mfcc15_mean,mfcc15_var,mfcc16_mean,mfcc16_var,mfcc17_mean,mfcc17_var,mfcc18_mean,mfcc18_var,mfcc19_mean,mfcc19_var,mfcc20_mean,mfcc20_var
0.37554902,0.09374295,0.12001499,0.001737426,3880.9607426552216,486125.95849017275,3361.8066274201597,57472.65562351695,8249.673214091503,751921.9074891849,0.18918764803267596,0.007257568639121155,-8.231011e-07,0.006201801,1.7446606e-06,0.0053594285,107.666015625,-75.25609,2529.4265,44.865067,501.92084,10.096427,322.0024,1.1540514,324.31973,1.1483595,186.04529,-3.1336844,205.28395,0.13224766,170.87122,0.056791943,109.60518,-3.4559073,107.4673,0.105166025,98.47862,-1.929706,82.24429,-2.3094442,76.472664,-0.06527584,71.791534,-3.4786222,66.50059,-0.37119567,80.46554,-2.7273448,80.51024,2.5115635,109.387566,-0.98135865,92.62395,3.6390626,95.522766,-2.593978,122.17046
