chroma_stft_mean,chroma_stft_var,rms_mean,rms_var,spectral_centroid_mean,spectral_centroid_var,spectral_bandwidth_mean,spectral_bandwidth_var,rolloff_mean,rolloff_var,zero_crossing_rate_mean,zero_crossing_rate_var,harmony_mean,harmony_var,perceptr_mean,perceptr_var,tempo,mfcc1_mean,mfcc1_var,mfcc2_mean,mfcc2_var,mfcc3_mean,mfcc3_var,mfcc4_mean,mfcc4_var,mfcc5_mean,mfcc5_var,mfcc6_mean,mfcc6_var,mfcc7_mean,mfcc7_var,mfcc8_mean,mfcc8_var,mfcc9_mean,mfcc9_var,mfcc10_mean,mfcc10_var,mfcc11_mean,mfcc11_var,mfcc12_mean,mfcc12_var,mfcc13_mean,mfcc13_var,mfcc14_mean,mfcc14_var,mfcc15_mean,mfcc15_var,mfcc16_mean,mfcc16_var,mfcc17_mean,mfcc17_var,mfcc18_mean,mfcc18_var,mfcc19_mean,mfcc19_var,mfcc20_mean,mfcc20_var
0.39559025,0.09323469,0.18092696,0.002939907,3123.715745645115,1222962.2751774602,2918.3494041116587,305390.0251790604,6474.557884552639,4403265.321340299,0.13354284488592422,0.0065620458553128334,-1.4690709e-06,0.017176772,-8.28587e-05,0.0103333695,92.28515625,-74.10668,3052.319,57.996204,1041.2354,9.13596,715.7341,29.254284,353.97427,12.531282,261.42725,-0.1868652,154.08086,0.15999462,173.53976,1.3688495,136.70538,-5.0895095,197.17873,1.3554952,128.88187,2.8467243,113.64182,-1.5618768,81.49017,0.88444954,81.96457,1.0319654,97.68334,-4.334434,72.09886,-3.753367,72.166534,-3.6678789,83.417854,-1.0595723,87.193954,-4.1095676,80.60094,-4.1353154,97.84178
