chroma_stft_mean,chroma_stft_var,rms_mean,rms_var,spectral_centroid_mean,spectral_centroid_var,spectral_bandwidth_mean,spectral_bandwidth_var,rolloff_mean,rolloff_var,zero_crossing_rate_mean,zero_crossing_rate_var,harmony_mean,harmony_var,perceptr_mean,perceptr_var,tempo,mfcc1_mean,mfcc1_var,mfcc2_mean,mfcc2_var,mfcc3_mean,mfcc3_var,mfcc4_mean,mfcc4_var,mfcc5_mean,mfcc5_var,mfcc6_mean,mfcc6_var,mfcc7_mean,mfcc7_var,mfcc8_mean,mfcc8_var,mfcc9_mean,mfcc9_var,mfcc10_mean,mfcc10_var,mfcc11_mean,mfcc11_var,mfcc12_mean,mfcc12_var,mfcc13_mean,mfcc13_var,mfcc14_mean,mfcc14_var,mfcc15_mean,mfcc15_var,mfcc16_mean,mfcc16_var,mfcc17_mean,mfcc17_var,mfcc18_mean,mfcc18_var,mfcc19_mean,mfcc19_var,mfcc20_mean,mfcc20_var
0.44956988,0.0904235,0.19216162,0.0013097562,2152.9019278799587,658276.2878585968,2667.4425983468664,264560.2832784777,5073.059450224768,3345506.7134922068,0.05103162159222738,0.0008738100002173676,2.2363506e-06,0.026068512,-7.4927448e-06,0.004195436,172.265625,-105.91556,1975.5361,88.01672,754.3565,19.373737,486.34552,30.624731,246.47525,10.023094,212.37828,18.013231,103.34248,3.6694536,90.25689,8.916311,74.68766,5.8173366,70.366684,8.875631,74.94551,5.66506,53.622528,10.551831,37.351,5.903659,48.692074,6.102631,38.766888,7.048928,41.432076,5.0963635,34.06241,4.453688,34.13506,2.1766665,31.066359,1.3924339,34.240322,-1.268412,36.169346
