chroma_stft_mean,chroma_stft_var,rms_mean,rms_var,spectral_centroid_mean,spectral_centroid_var,spectral_bandwidth_mean,spectral_bandwidth_var,rolloff_mean,rolloff_var,zero_crossing_rate_mean,zero_crossing_rate_var,harmony_mean,harmony_var,perceptr_mean,perceptr_var,tempo,mfcc1_mean,mfcc1_var,mfcc2_mean,mfcc2_var,mfcc3_mean,mfcc3_var,mfcc4_mean,mfcc4_var,mfcc5_mean,mfcc5_var,mfcc6_mean,mfcc6_var,mfcc7_mean,mfcc7_var,mfcc8_mean,mfcc8_var,mfcc9_mean,mfcc9_var,mfcc10_mean,mfcc10_var,mfcc11_mean,mfcc11_var,mfcc12_mean,mfcc12_var,mfcc13_mean,mfcc13_var,mfcc14_mean,mfcc14_var,mfcc15_mean,mfcc15_var,mfcc16_mean,mfcc16_var,mfcc17_mean,mfcc17_var,mfcc18_mean,mfcc18_var,mfcc19_mean,mfcc19_var,mfcc20_mean,mfcc20_var
0.38070276,0.096292645,0.14899507,0.0017935608,2288.627178100081,569549.3384823635,2533.888402309692,209521.3836027647,5005.570428056119,2511602.752409656,0.060985686146558395,0.0011797607226723746,-4.95775e-07,0.01784157,-1.084876e-05,0.0031365138,172.265625,-136.7909,5019.226,75.6045,746.22614,-5.326231,497.30164,23.456251,414.02087,0.77529633,219.5486,12.287903,124.41606,4.4736085,166.88087,5.164087,118.22744,-0.06254428,83.27158,9.0365505,107.60132,4.886803,116.1177,2.3323925,93.608635,5.4959455,93.7447,0.65650934,117.30795,1.4731551,93.38919,3.839128,81.21568,-1.5909672,79.32142,-1.7157856,71.17376,-4.443669,72.43872,-9.704675,85.22577
