chroma_stft_mean,chroma_stft_var,rms_mean,rms_var,spectral_centroid_mean,spectral_centroid_var,spectral_bandwidth_mean,spectral_bandwidth_var,rolloff_mean,rolloff_var,zero_crossing_rate_mean,zero_crossing_rate_var,harmony_mean,harmony_var,perceptr_mean,perceptr_var,tempo,mfcc1_mean,mfcc1_var,mfcc2_mean,mfcc2_var,mfcc3_mean,mfcc3_var,mfcc4_mean,mfcc4_var,mfcc5_mean,mfcc5_var,mfcc6_mean,mfcc6_var,mfcc7_mean,mfcc7_var,mfcc8_mean,mfcc8_var,mfcc9_mean,mfcc9_var,mfcc10_mean,mfcc10_var,mfcc11_mean,mfcc11_var,mfcc12_mean,mfcc12_var,mfcc13_mean,mfcc13_var,mfcc14_mean,mfcc14_var,mfcc15_mean,mfcc15_var,mfcc16_mean,mfcc16_var,mfcc17_mean,mfcc17_var,mfcc18_mean,mfcc18_var,mfcc19_mean,mfcc19_var,mfcc20_mean,mfcc20_var
0.42588738,0.091860995,0.13969922,0.0035958611,1803.9538105585716,659084.8022273701,1973.1231937162263,201609.9453958015,3779.060494761456,2628766.919113716,0.07795204345514307,0.003549109989515909,-0.0018226391,0.01289351,-0.0024873037,0.0046272054,129.19921875,-154.80096,4672.7446,110.02115,1397.2231,-18.445381,605.95996,36.652046,343.12897,0.5233883,426.30383,31.578094,188.58679,-10.432264,322.13147,18.818373,135.97989,-7.174978,223.91536,13.1448,134.63953,-5.248939,129.1042,8.900309,88.72318,-6.7106643,120.83203,6.023155,98.3514,-2.7987282,82.97902,3.6353457,64.08296,-2.2221215,99.07967,5.3123302,63.88086,-6.5843883,62.558132,-2.9296017,67.36087
