chroma_stft_mean,chroma_stft_var,rms_mean,rms_var,spectral_centroid_mean,spectral_centroid_var,spectral_bandwidth_mean,spectral_bandwidth_var,rolloff_mean,rolloff_var,zero_crossing_rate_mean,zero_crossing_rate_var,harmony_mean,harmony_var,perceptr_mean,perceptr_var,tempo,mfcc1_mean,mfcc1_var,mfcc2_mean,mfcc2_var,mfcc3_mean,mfcc3_var,mfcc4_mean,mfcc4_var,mfcc5_mean,mfcc5_var,mfcc6_mean,mfcc6_var,mfcc7_mean,mfcc7_var,mfcc8_mean,mfcc8_var,mfcc9_mean,mfcc9_var,mfcc10_mean,mfcc10_var,mfcc11_mean,mfcc11_var,mfcc12_mean,mfcc12_var,mfcc13_mean,mfcc13_var,mfcc14_mean,mfcc14_var,mfcc15_mean,mfcc15_var,mfcc16_mean,mfcc16_var,mfcc17_mean,mfcc17_var,mfcc18_mean,mfcc18_var,mfcc19_mean,mfcc19_var,mfcc20_mean,mfcc20_var
0.44921467,0.081093684,0.15240075,0.003371763,2455.426131281741,888800.5566517254,2821.2230571683826,214226.38841156516,5584.577109918793,3847281.9403935326,0.08757227921983758,0.0025569017760384842,7.2928888e-06,0.012254126,-1.4191515e-05,0.006772575,172.265625,-104.17264,3834.3616,83.90962,766.4467,18.852966,493.79147,28.91025,283.66647,10.622362,168.59645,9.324545,162.87926,9.320573,159.79413,6.528051,128.82777,3.003524,104.21505,2.485452,104.375656,2.7980237,60.541523,-0.19782679,56.495407,3.1041365,40.339546,-2.215826,37.042267,-1.7537831,45.552345,-1.53154,40.996906,-0.26716337,29.5603,-0.9251908,32.884186,-0.94071186,39.802143,-3.522362,32.211052
