chroma_stft_mean,chroma_stft_var,rms_mean,rms_var,spectral_centroid_mean,spectral_centroid_var,spectral_bandwidth_mean,spectral_bandwidth_var,rolloff_mean,rolloff_var,zero_crossing_rate_mean,zero_crossing_rate_var,harmony_mean,harmony_var,perceptr_mean,perceptr_var,tempo,mfcc1_mean,mfcc1_var,mfcc2_mean,mfcc2_var,mfcc3_mean,mfcc3_var,mfcc4_mean,mfcc4_var,mfcc5_mean,mfcc5_var,mfcc6_mean,mfcc6_var,mfcc7_mean,mfcc7_var,mfcc8_mean,mfcc8_var,mfcc9_mean,mfcc9_var,mfcc10_mean,mfcc10_var,mfcc11_mean,mfcc11_var,mfcc12_mean,mfcc12_var,mfcc13_mean,mfcc13_var,mfcc14_mean,mfcc14_var,mfcc15_mean,mfcc15_var,mfcc16_mean,mfcc16_var,mfcc17_mean,mfcc17_var,mfcc18_mean,mfcc18_var,mfcc19_mean,mfcc19_var,mfcc20_mean,mfcc20_var
0.44669583,0.08893789,0.07418758,0.0013343523,1615.8305954532227,651279.1907794055,2062.834065908404,195091.12682766322,3560.6641871193447,3775320.2571830573,0.059114130172080434,0.0037214646136990545,2.2690463e-06,0.003615779,-9.794459e-06,0.0015387317,117.45383522727273,-249.37834,6442.322,111.5012,814.3285,11.242059,1411.4093,41.338905,302.82846,-2.8823273,296.78723,34.554188,228.60612,0.4282835,208.54027,22.32778,107.40395,-9.970538,98.62054,10.225955,133.71117,-2.7978456,63.62348,8.755895,71.08687,-1.4459752,43.30999,2.2448092,46.964386,-3.9111323,38.273373,-1.86212,35.280968,-0.8421162,37.403854,-0.9466903,41.86333,-3.1809545,58.11575,-4.3213177,34.370224
