chroma_stft_mean,chroma_stft_var,rms_mean,rms_var,spectral_centroid_mean,spectral_centroid_var,spectral_bandwidth_mean,spectral_bandwidth_var,rolloff_mean,rolloff_var,zero_crossing_rate_mean,zero_crossing_rate_var,harmony_mean,harmony_var,perceptr_mean,perceptr_var,tempo,mfcc1_mean,mfcc1_var,mfcc2_mean,mfcc2_var,mfcc3_mean,mfcc3_var,mfcc4_mean,mfcc4_var,mfcc5_mean,mfcc5_var,mfcc6_mean,mfcc6_var,mfcc7_mean,mfcc7_var,mfcc8_mean,mfcc8_var,mfcc9_mean,mfcc9_var,mfcc10_mean,mfcc10_var,mfcc11_mean,mfcc11_var,mfcc12_mean,mfcc12_var,mfcc13_mean,mfcc13_var,mfcc14_mean,mfcc14_var,mfcc15_mean,mfcc15_var,mfcc16_mean,mfcc16_var,mfcc17_mean,mfcc17_var,mfcc18_mean,mfcc18_var,mfcc19_mean,mfcc19_var,mfcc20_mean,mfcc20_var
0.39010885,0.08653179,0.15509753,0.003911224,2006.8493639042415,275361.22922282777,2120.295215487879,101022.53049561773,4323.369242586282,1294713.9124555439,0.09282441814095127,0.0015934951721879537,-0.002897099,0.013840438,-0.0030167021,0.0059935916,151.99908088235293,-88.075615,1519.6981,109.439316,443.1653,-25.164967,313.69247,40.39529,153.58565,-8.778365,135.3988,24.714594,148.69179,-11.52563,148.224,18.510263,76.95446,-8.291809,79.893814,17.030918,63.720036,-8.433278,74.50596,9.7990465,50.18951,-12.903516,53.888714,1.5718642,54.77504,-10.537674,46.343983,-0.4199838,45.086296,-7.8044624,47.100044,3.4466705,42.738422,-4.9901915,70.27458,0.06063975,55.909077
