chroma_stft_mean,chroma_stft_var,rms_mean,rms_var,spectral_centroid_mean,spectral_centroid_var,spectral_bandwidth_mean,spectral_bandwidth_var,rolloff_mean,rolloff_var,zero_crossing_rate_mean,zero_crossing_rate_var,harmony_mean,harmony_var,perceptr_mean,perceptr_var,tempo,mfcc1_mean,mfcc1_var,mfcc2_mean,mfcc2_var,mfcc3_mean,mfcc3_var,mfcc4_mean,mfcc4_var,mfcc5_mean,mfcc5_var,mfcc6_mean,mfcc6_var,mfcc7_mean,mfcc7_var,mfcc8_mean,mfcc8_var,mfcc9_mean,mfcc9_var,mfcc10_mean,mfcc10_var,mfcc11_mean,mfcc11_var,mfcc12_mean,mfcc12_var,mfcc13_mean,mfcc13_var,mfcc14_mean,mfcc14_var,mfcc15_mean,mfcc15_var,mfcc16_mean,mfcc16_var,mfcc17_mean,mfcc17_var,mfcc18_mean,mfcc18_var,mfcc19_mean,mfcc19_var,mfcc20_mean,mfcc20_var
0.42854872,0.08921186,0.10782551,0.002749595,2354.8865441845633,738804.4913969333,2336.4779718101163,135077.855404158,5050.202279854263,2567505.1057918137,0.12024747136020882,0.008299085020122053,-0.0026563911,0.0089051705,-0.0029136958,0.0025339432,129.19921875,-161.77791,4908.3184,78.69161,943.68555,-19.243172,384.08905,55.110035,256.24448,13.188936,209.6228,30.961428,149.46848,-7.0107627,177.04605,24.295376,100.71168,-12.827424,142.02678,21.51842,124.39052,-13.527458,80.06719,12.775018,61.993656,-7.452332,67.60643,12.764471,64.214806,-3.3393497,56.98513,9.142723,56.009552,-7.7529416,54.372116,0.6332626,61.977516,-4.118244,66.92285,0.49797994,110.00731
