chroma_stft_mean,chroma_stft_var,rms_mean,rms_var,spectral_centroid_mean,spectral_centroid_var,spectral_bandwidth_mean,spectral_bandwidth_var,rolloff_mean,rolloff_var,zero_crossing_rate_mean,zero_crossing_rate_var,harmony_mean,harmony_var,perceptr_mean,perceptr_var,tempo,mfcc1_mean,mfcc1_var,mfcc2_mean,mfcc2_var,mfcc3_mean,mfcc3_var,mfcc4_mean,mfcc4_var,mfcc5_mean,mfcc5_var,mfcc6_mean,mfcc6_var,mfcc7_mean,mfcc7_var,mfcc8_mean,mfcc8_var,mfcc9_mean,mfcc9_var,mfcc10_mean,mfcc10_var,mfcc11_mean,mfcc11_var,mfcc12_mean,mfcc12_var,mfcc13_mean,mfcc13_var,mfcc14_mean,mfcc14_var,mfcc15_mean,mfcc15_var,mfcc16_mean,mfcc16_var,mfcc17_mean,mfcc17_var,mfcc18_mean,mfcc18_var,mfcc19_mean,mfcc19_var,mfcc20_mean,mfcc20_var
0.4272126,0.08862077,0.07554815,0.001811889,2300.0428803814098,906082.4107409017,2303.7429281149575,235347.97973601005,4920.853178019866,3369064.70072766,0.11374762845610982,0.00781167123236559,-4.577963e-07,0.002632685,-1.5597887e-05,0.0030422749,129.19921875,-191.19943,5304.428,96.34123,987.1887,-17.658962,676.55145,24.837395,468.5408,-0.889669,361.23874,26.334473,246.60298,-12.93426,288.11682,19.635569,219.33125,-9.790511,133.6165,16.973425,106.57072,-8.587678,113.40066,11.422936,93.50097,-8.202379,93.233795,5.9587607,100.16698,-1.860794,60.20796,5.956678,58.796955,-8.071679,63.585804,3.3935697,76.19092,-2.6479979,76.226395,-0.798589,58.11996
