chroma_stft_mean,chroma_stft_var,rms_mean,rms_var,spectral_centroid_mean,spectral_centroid_var,spectral_bandwidth_mean,spectral_bandwidth_var,rolloff_mean,rolloff_var,zero_crossing_rate_mean,zero_crossing_rate_var,harmony_mean,harmony_var,perceptr_mean,perceptr_var,tempo,mfcc1_mean,mfcc1_var,mfcc2_mean,mfcc2_var,mfcc3_mean,mfcc3_var,mfcc4_mean,mfcc4_var,mfcc5_mean,mfcc5_var,mfcc6_mean,mfcc6_var,mfcc7_mean,mfcc7_var,mfcc8_mean,mfcc8_var,mfcc9_mean,mfcc9_var,mfcc10_mean,mfcc10_var,mfcc11_mean,mfcc11_var,mfcc12_mean,mfcc12_var,mfcc13_mean,mfcc13_var,mfcc14_mean,mfcc14_var,mfcc15_mean,mfcc15_var,mfcc16_mean,mfcc16_var,mfcc17_mean,mfcc17_var,mfcc18_mean,mfcc18_var,mfcc19_mean,mfcc19_var,mfcc20_mean,mfcc20_var
0.30251363,0.09504286,0.03904713,0.0008975366,2032.5080275306436,845457.2374279985,1850.5023635876562,134247.9901040928,3839.0303821962007,1953740.6502482037,0.1010474067092034,0.007547032824122208,-7.2595203e-06,0.0013610073,-9.044243e-06,0.00061252655,92.28515625,-296.14597,14087.329,93.16974,1567.5648,-31.418371,625.7825,29.494474,902.222,-18.943125,355.6414,1.9469982,354.27356,-19.490215,298.95175,-6.23907,208.04317,-24.016157,141.8135,-7.1000185,115.831665,-14.198104,211.78403,3.2807305,201.75162,-10.582574,232.00008,-2.7949562,102.28376,-10.79673,89.692505,-6.704186,88.67273,-8.503935,49.949814,-3.1265094,60.676285,-7.0537586,81.6685,-4.7609177,72.59607
