chroma_stft_mean,chroma_stft_var,rms_mean,rms_var,spectral_centroid_mean,spectral_centroid_var,spectral_bandwidth_mean,spectral_bandwidth_var,rolloff_mean,rolloff_var,zero_crossing_rate_mean,zero_crossing_rate_var,harmony_mean,harmony_var,perceptr_mean,perceptr_var,tempo,mfcc1_mean,mfcc1_var,mfcc2_mean,mfcc2_var,mfcc3_mean,mfcc3_var,mfcc4_mean,mfcc4_var,mfcc5_mean,mfcc5_var,mfcc6_mean,mfcc6_var,mfcc7_mean,mfcc7_var,mfcc8_mean,mfcc8_var,mfcc9_mean,mfcc9_var,mfcc10_mean,mfcc10_var,mfcc11_mean,mfcc11_var,mfcc12_mean,mfcc12_var,mfcc13_mean,mfcc13_var,mfcc14_mean,mfcc14_var,mfcc15_mean,mfcc15_var,mfcc16_mean,mfcc16_var,mfcc17_mean,mfcc17_var,mfcc18_mean,mfcc18_var,mfcc19_mean,mfcc19_var,mfcc20_mean,mfcc20_var
0.32443446,0.10221544,0.093435176,0.0011223243,2322.2154852399008,762857.6157230592,2592.7201538766035,224742.61332219245,5227.597237075841,3057019.45185085,0.08096405524941995,0.0026531970791245454,-2.7962471e-06,0.0070044454,-2.7364867e-05,0.00097289856,172.265625,-169.06036,3003.3647,79.51624,739.88513,15.222343,436.35223,42.739277,331.16745,7.678777,176.96507,17.028755,101.14601,-5.9828863,114.09573,0.53912115,69.58843,0.05804505,74.41026,-0.9593687,88.42365,0.8281725,79.03958,-1.5911511,55.2973,-2.8918557,60.883446,-4.032358,53.844017,-5.769482,51.384243,-2.5851192,49.148655,-6.5175977,45.23138,-6.5875325,59.04842,-2.849062,57.376637,-1.2066326,62.086704
