chroma_stft_mean,chroma_stft_var,rms_mean,rms_var,spectral_centroid_mean,spectral_centroid_var,spectral_bandwidth_mean,spectral_bandwidth_var,rolloff_mean,rolloff_var,zero_crossing_rate_mean,zero_crossing_rate_var,harmony_mean,harmony_var,perceptr_mean,perceptr_var,tempo,mfcc1_mean,mfcc1_var,mfcc2_mean,mfcc2_var,mfcc3_mean,mfcc3_var,mfcc4_mean,mfcc4_var,mfcc5_mean,mfcc5_var,mfcc6_mean,mfcc6_var,mfcc7_mean,mfcc7_var,mfcc8_mean,mfcc8_var,mfcc9_mean,mfcc9_var,mfcc10_mean,mfcc10_var,mfcc11_mean,mfcc11_var,mfcc12_mean,mfcc12_var,mfcc13_mean,mfcc13_var,mfcc14_mean,mfcc14_var,mfcc15_mean,mfcc15_var,mfcc16_mean,mfcc16_var,mfcc17_mean,mfcc17_var,mfcc18_mean,mfcc18_var,mfcc19_mean,mfcc19_var,mfcc20_mean,mfcc20_var
0.3950728,0.093918264,0.11416169,0.004020756,1716.0497964664387,919800.4320849413,2062.6838002523396,358254.5841345316,3790.5515312318735,4732759.614452634,0.06409059599767981,0.0033877416330034974,-0.0029401418,0.010150982,-0.002744689,0.0035654092,129.19921875,-209.5813,6745.89,105.26066,1305.72,2.5705209,812.75415,34.898067,403.8865,15.326888,349.56607,25.199398,184.2119,-6.063227,292.00662,18.243076,215.94867,-5.0739202,208.75261,8.950725,126.469696,-1.0186211,124.88164,8.250103,90.48242,-4.0277166,96.86194,4.7467117,74.953255,-1.0588846,94.17885,3.0612166,66.07506,-4.6020155,72.653465,4.2569423,63.201263,-2.1253927,50.663227,-3.6633239,89.7659
