chroma_stft_mean,chroma_stft_var,rms_mean,rms_var,spectral_centroid_mean,spectral_centroid_var,spectral_bandwidth_mean,spectral_bandwidth_var,rolloff_mean,rolloff_var,zero_crossing_rate_mean,zero_crossing_rate_var,harmony_mean,harmony_var,perceptr_mean,perceptr_var,tempo,mfcc1_mean,mfcc1_var,mfcc2_mean,mfcc2_var,mfcc3_mean,mfcc3_var,mfcc4_mean,mfcc4_var,mfcc5_mean,mfcc5_var,mfcc6_mean,mfcc6_var,mfcc7_mean,mfcc7_var,mfcc8_mean,mfcc8_var,mfcc9_mean,mfcc9_var,mfcc10_mean,mfcc10_var,mfcc11_mean,mfcc11_var,mfcc12_mean,mfcc12_var,mfcc13_mean,mfcc13_var,mfcc14_mean,mfcc14_var,mfcc15_mean,mfcc15_var,mfcc16_mean,mfcc16_var,mfcc17_mean,mfcc17_var,mfcc18_mean,mfcc18_var,mfcc19_mean,mfcc19_var,mfcc20_mean,mfcc20_var
0.44493183,0.09741582,0.05730878,0.00093814044,2112.968318838473,1134088.0152800495,2595.2257204834805,435440.92719695804,4785.22564031685,6022046.835368957,0.06084407325502707,0.0029268242612119815,-0.003330781,0.0027590406,-0.0019117016,0.00071024796,151.99908088235293,-265.6985,7492.5483,80.639626,1146.6971,9.737633,668.5598,36.647453,369.1718,27.827784,193.3353,12.086293,163.13554,15.0113535,135.0408,15.11303,122.32312,6.5591526,74.72788,6.282747,71.89395,7.4844704,97.48065,5.643651,69.6769,4.3488317,53.76588,3.0891593,62.269142,2.4080856,59.97313,2.189641,56.06152,2.4807236,47.594173,1.2773058,44.93941,-0.21289241,49.912197,0.8120676,41.37055
