chroma_stft_mean,chroma_stft_var,rms_mean,rms_var,spectral_centroid_mean,spectral_centroid_var,spectral_bandwidth_mean,spectral_bandwidth_var,rolloff_mean,rolloff_var,zero_crossing_rate_mean,zero_crossing_rate_var,harmony_mean,harmony_var,perceptr_mean,perceptr_var,tempo,mfcc1_mean,mfcc1_var,mfcc2_mean,mfcc2_var,mfcc3_mean,mfcc3_var,mfcc4_mean,mfcc4_var,mfcc5_mean,mfcc5_var,mfcc6_mean,mfcc6_var,mfcc7_mean,mfcc7_var,mfcc8_mean,mfcc8_var,mfcc9_mean,mfcc9_var,mfcc10_mean,mfcc10_var,mfcc11_mean,mfcc11_var,mfcc12_mean,mfcc12_var,mfcc13_mean,mfcc13_var,mfcc14_mean,mfcc14_var,mfcc15_mean,mfcc15_var,mfcc16_mean,mfcc16_var,mfcc17_mean,mfcc17_var,mfcc18_mean,mfcc18_var,mfcc19_mean,mfcc19_var,mfcc20_mean,mfcc20_var
0.41946858,0.08081075,0.18555832,0.0023751059,2118.551041160394,225105.00614831684,2303.0696601109494,82096.14971647524,4853.047736006381,1087884.8928355617,0.07924770700406032,0.0012872444355983008,-0.0037020992,0.02064016,-0.0048625907,0.0076206364,143.5546875,-76.086586,3792.0974,101.112076,306.27942,-11.623927,429.0899,46.250248,136.28505,-11.212149,77.23889,31.397367,75.64895,-9.473126,85.00789,22.47439,55.228878,-16.812243,56.19712,15.9744,61.944576,-9.512783,53.716526,11.821731,52.293564,-7.8461685,46.31534,9.718278,37.221825,-7.2436585,39.041004,6.178953,41.42211,-8.610425,56.77429,8.079643,65.86868,-5.593419,59.1257,3.7306018,48.008553
