chroma_stft_mean,chroma_stft_var,rms_mean,rms_var,spectral_centroid_mean,spectral_centroid_var,spectral_bandwidth_mean,spectral_bandwidth_var,rolloff_mean,rolloff_var,zero_crossing_rate_mean,zero_crossing_rate_var,harmony_mean,harmony_var,perceptr_mean,perceptr_var,tempo,mfcc1_mean,mfcc1_var,mfcc2_mean,mfcc2_var,mfcc3_mean,mfcc3_var,mfcc4_mean,mfcc4_var,mfcc5_mean,mfcc5_var,mfcc6_mean,mfcc6_var,mfcc7_mean,mfcc7_var,mfcc8_mean,mfcc8_var,mfcc9_mean,mfcc9_var,mfcc10_mean,mfcc10_var,mfcc11_mean,mfcc11_var,mfcc12_mean,mfcc12_var,mfcc13_mean,mfcc13_var,mfcc14_mean,mfcc14_var,mfcc15_mean,mfcc15_var,mfcc16_mean,mfcc16_var,mfcc17_mean,mfcc17_var,mfcc18_mean,mfcc18_var,mfcc19_mean,mfcc19_var,mfcc20_mean,mfcc20_var
0.3708234,0.088208295,0.10708073,0.0017628279,2109.798559689395,699011.4070073463,2528.143974245456,493642.82674985565,4606.440101145592,6461731.003567627,0.0892859840245553,0.001994144025171982,-5.630596e-06,0.005964826,-3.3745464e-06,0.0034680984,89.10290948275862,-147.46721,5552.7285,113.253334,767.4377,-6.285358,713.0294,9.108814,303.91788,24.549637,441.70795,-9.7793,271.39807,13.131395,217.27567,-1.9983362,180.69727,-2.7058117,143.39258,12.224996,146.27191,-4.1247916,96.01598,-1.0217456,99.86542,1.9693737,69.45402,1.4722767,78.98551,0.006102241,79.738266,-3.0015397,90.36192,-3.5819473,56.761433,-3.8757665,61.750328,-0.50726557,74.24634,-3.057545,81.6774
