chroma_stft_mean,chroma_stft_var,rms_mean,rms_var,spectral_centroid_mean,spectral_centroid_var,spectral_bandwidth_mean,spectral_bandwidth_var,rolloff_mean,rolloff_var,zero_crossing_rate_mean,zero_crossing_rate_var,harmony_mean,harmony_var,perceptr_mean,perceptr_var,tempo,mfcc1_mean,mfcc1_var,mfcc2_mean,mfcc2_var,mfcc3_mean,mfcc3_var,mfcc4_mean,mfcc4_var,mfcc5_mean,mfcc5_var,mfcc6_mean,mfcc6_var,mfcc7_mean,mfcc7_var,mfcc8_mean,mfcc8_var,mfcc9_mean,mfcc9_var,mfcc10_mean,mfcc10_var,mfcc11_mean,mfcc11_var,mfcc12_mean,mfcc12_var,mfcc13_mean,mfcc13_var,mfcc14_mean,mfcc14_var,mfcc15_mean,mfcc15_var,mfcc16_mean,mfcc16_var,mfcc17_mean,mfcc17_var,mfcc18_mean,mfcc18_var,mfcc19_mean,mfcc19_var,mfcc20_mean,mfcc20_var
0.349065,0.08822988,0.0819897,0.0016143051,1638.9307245186242,409099.7626094296,1995.1894577900885,213746.6490716958,3574.7781775667054,2707103.110717543,0.06396975299690642,0.0013560247290892668,3.3966128e-08,0.004697292,-1.5503034e-05,0.0021027394,151.99908088235293,-190.9372,2945.5588,127.41596,779.32056,-3.7882683,430.5869,26.704466,129.61641,-12.820788,125.71829,23.924118,77.67591,-8.222865,94.715004,9.962504,114.06806,-12.229613,79.93239,13.450587,79.07953,-7.066006,76.47876,1.6455318,63.793648,-14.52819,56.84579,-3.2282116,72.55329,-10.449793,58.658276,-3.4982026,48.894363,-9.746694,51.996494,-3.9085407,60.188393,-7.650833,62.767475,-3.547193,55.4459
