chroma_stft_mean,chroma_stft_var,rms_mean,rms_var,spectral_centroid_mean,spectral_centroid_var,spectral_bandwidth_mean,spectral_bandwidth_var,rolloff_mean,rolloff_var,zero_crossing_rate_mean,zero_crossing_rate_var,harmony_mean,harmony_var,perceptr_mean,perceptr_var,tempo,mfcc1_mean,mfcc1_var,mfcc2_mean,mfcc2_var,mfcc3_mean,mfcc3_var,mfcc4_mean,mfcc4_var,mfcc5_mean,mfcc5_var,mfcc6_mean,mfcc6_var,mfcc7_mean,mfcc7_var,mfcc8_mean,mfcc8_var,mfcc9_mean,mfcc9_var,mfcc10_mean,mfcc10_var,mfcc11_mean,mfcc11_var,mfcc12_mean,mfcc12_var,mfcc13_mean,mfcc13_var,mfcc14_mean,mfcc14_var,mfcc15_mean,mfcc15_var,mfcc16_mean,mfcc16_var,mfcc17_mean,mfcc17_var,mfcc18_mean,mfcc18_var,mfcc19_mean,mfcc19_var,mfcc20_mean,mfcc20_var
0.36963344,0.08775424,0.13285553,0.0022273227,2322.240523866596,557493.1237410697,2803.8732432813813,268196.6589172614,5450.573305630075,3427033.1871365993,0.08068951505703789,0.002425434197857909,7.445565e-06,0.010631139,-3.1513714e-06,0.0038144959,95.703125,-121.542076,4112.5083,89.58558,739.0275,23.789015,433.9673,32.782005,335.0001,8.866974,139.27463,-2.6041195,113.8727,6.634385,81.259575,1.7822745,55.224743,-2.9385774,55.38921,-3.0915277,57.223934,-0.69193345,44.539356,-5.426301,41.8637,-6.5422583,43.807846,-4.7037277,38.542713,-3.2882633,45.515034,-6.459644,40.49856,-6.6467524,39.633446,-4.4126306,33.677544,-3.161991,31.565403,-3.9836926,39.077393
