chroma_stft_mean,chroma_stft_var,rms_mean,rms_var,spectral_centroid_mean,spectral_centroid_var,spectral_bandwidth_mean,spectral_bandwidth_var,rolloff_mean,rolloff_var,zero_crossing_rate_mean,zero_crossing_rate_var,harmony_mean,harmony_var,perceptr_mean,perceptr_var,tempo,mfcc1_mean,mfcc1_var,mfcc2_mean,mfcc2_var,mfcc3_mean,mfcc3_var,mfcc4_mean,mfcc4_var,mfcc5_mean,mfcc5_var,mfcc6_mean,mfcc6_var,mfcc7_mean,mfcc7_var,mfcc8_mean,mfcc8_var,mfcc9_mean,mfcc9_var,mfcc10_mean,mfcc10_var,mfcc11_mean,mfcc11_var,mfcc12_mean,mfcc12_var,mfcc13_mean,mfcc13_var,mfcc14_mean,mfcc14_var,mfcc15_mean,mfcc15_var,mfcc16_mean,mfcc16_var,mfcc17_mean,mfcc17_var,mfcc18_mean,mfcc18_var,mfcc19_mean,mfcc19_var,mfcc20_mean,mfcc20_var
0.5179426,0.08531182,0.0863252,0.0027582864,1709.737126203655,524025.07035227976,2068.2247261518946,191149.90886996812,3838.08944949971,2768360.139423458,0.06325753456109823,0.0027096320986937767,4.4203443e-06,0.0038101869,-6.3010934e-06,0.0032924898,151.99908088235293,-242.43837,10502.38,98.31112,592.08673,-3.823008,794.35004,46.033684,299.03162,3.2677617,465.84296,29.203756,187.94241,8.860404,187.48827,26.992907,182.45468,4.7140493,122.48982,13.135102,123.86081,-0.64974314,97.84027,12.06008,92.02554,3.0021527,79.51943,10.187944,73.96004,-3.2665584,42.468563,2.0415235,64.45646,-3.5573347,36.889267,0.95110637,47.995335,-6.3199954,38.696815,-2.8523598,41.10515
