chroma_stft_mean,chroma_stft_var,rms_mean,rms_var,spectral_centroid_mean,spectral_centroid_var,spectral_bandwidth_mean,spectral_bandwidth_var,rolloff_mean,rolloff_var,zero_crossing_rate_mean,zero_crossing_rate_var,harmony_mean,harmony_var,perceptr_mean,perceptr_var,tempo,mfcc1_mean,mfcc1_var,mfcc2_mean,mfcc2_var,mfcc3_mean,mfcc3_var,mfcc4_mean,mfcc4_var,mfcc5_mean,mfcc5_var,mfcc6_mean,mfcc6_var,mfcc7_mean,mfcc7_var,mfcc8_mean,mfcc8_var,mfcc9_mean,mfcc9_var,mfcc10_mean,mfcc10_var,mfcc11_mean,mfcc11_var,mfcc12_mean,mfcc12_var,mfcc13_mean,mfcc13_var,mfcc14_mean,mfcc14_var,mfcc15_mean,mfcc15_var,mfcc16_mean,mfcc16_var,mfcc17_mean,mfcc17_var,mfcc18_mean,mfcc18_var,mfcc19_mean,mfcc19_var,mfcc20_mean,mfcc20_var
0.42451566,0.080797836,0.1622456,0.004127433,2617.1778006286586,509002.54547475977,2787.4453144858594,156054.0325280721,5719.163792869054,1827027.0225189638,0.1031685790071539,0.0026254214747363823,-7.781383e-06,0.011128766,-8.685718e-05,0.008803917,123.046875,-69.06215,2775.0664,79.14716,285.84543,13.084549,522.08875,29.383537,136.53831,0.27989483,105.78965,4.1548095,72.77656,-0.44261524,119.41341,0.17704034,80.418144,2.8039243,61.12146,0.60514885,78.83616,-2.8017468,35.620106,-0.51617074,41.71518,-3.1838446,45.63811,-7.2210145,33.944725,-4.4067698,39.088448,-6.802467,40.63954,-9.391648,29.342886,-2.3476753,31.817772,-5.940138,29.777332,-7.3609853,33.012676
