chroma_stft_mean,chroma_stft_var,rms_mean,rms_var,spectral_centroid_mean,spectral_centroid_var,spectral_bandwidth_mean,spectral_bandwidth_var,rolloff_mean,rolloff_var,zero_crossing_rate_mean,zero_crossing_rate_var,harmony_mean,harmony_var,perceptr_mean,perceptr_var,tempo,mfcc1_mean,mfcc1_var,mfcc2_mean,mfcc2_var,mfcc3_mean,mfcc3_var,mfcc4_mean,mfcc4_var,mfcc5_mean,mfcc5_var,mfcc6_mean,mfcc6_var,mfcc7_mean,mfcc7_var,mfcc8_mean,mfcc8_var,mfcc9_mean,mfcc9_var,mfcc10_mean,mfcc10_var,mfcc11_mean,mfcc11_var,mfcc12_mean,mfcc12_var,mfcc13_mean,mfcc13_var,mfcc14_mean,mfcc14_var,mfcc15_mean,mfcc15_var,mfcc16_mean,mfcc16_var,mfcc17_mean,mfcc17_var,mfcc18_mean,mfcc18_var,mfcc19_mean,mfcc19_var,mfcc20_mean,mfcc20_var
0.37586,0.085594766,0.12638019,0.001967008,2671.481384342479,823225.3659528156,2716.552296984155,203476.29834216373,5699.20436213022,3188687.139033595,0.11736196708236658,0.003772864102659697,-0.00094720686,0.008536939,-0.0015023793,0.004918051,151.99908088235293,-93.51898,3892.918,80.19957,754.0222,-0.32109222,398.6391,15.24674,347.01968,4.335902,275.71075,9.050054,132.28639,1.6788758,317.73444,2.5456696,117.2821,-4.296264,119.32177,0.9993398,125.02138,-1.6968484,87.92768,-2.997322,71.73032,2.2623456,75.82611,-2.090514,59.984283,0.3200177,47.1307,-4.3863263,61.318928,-4.0574255,62.88245,-3.1715336,43.877174,-5.4251657,49.418907,-2.1440194,62.682514
