chroma_stft_mean,chroma_stft_var,rms_mean,rms_var,spectral_centroid_mean,spectral_centroid_var,spectral_bandwidth_mean,spectral_bandwidth_var,rolloff_mean,rolloff_var,zero_crossing_rate_mean,zero_crossing_rate_var,harmony_mean,harmony_var,perceptr_mean,perceptr_var,tempo,mfcc1_mean,mfcc1_var,mfcc2_mean,mfcc2_var,mfcc3_mean,mfcc3_var,mfcc4_mean,mfcc4_var,mfcc5_mean,mfcc5_var,mfcc6_mean,mfcc6_var,mfcc7_mean,mfcc7_var,mfcc8_mean,mfcc8_var,mfcc9_mean,mfcc9_var,mfcc10_mean,mfcc10_var,mfcc11_mean,mfcc11_var,mfcc12_mean,mfcc12_var,mfcc13_mean,mfcc13_var,mfcc14_mean,mfcc14_var,mfcc15_mean,mfcc15_var,mfcc16_mean,mfcc16_var,mfcc17_mean,mfcc17_var,mfcc18_mean,mfcc18_var,mfcc19_mean,mfcc19_var,mfcc20_mean,mfcc20_var
0.433583,0.08374285,0.07124089,0.0014758909,2479.991063724072,685865.7297435452,2521.6384031877315,297962.8769604208,5047.412789116879,3712440.3673862168,0.105634531491686,0.003312765851375345,-0.0009531615,0.0031004606,-0.0010670853,0.0017705034,123.046875,-174.87035,3922.7905,79.32584,614.1839,-24.305244,781.24176,17.970098,357.21744,24.484268,260.75565,15.731203,126.379,7.4711018,161.09465,4.228036,97.60392,3.9252238,92.242096,4.8089337,92.72464,2.7649367,85.64029,1.7253922,67.09513,-2.3426092,80.16408,-1.5954624,69.55677,-4.445672,65.237656,-0.36644277,80.07535,-2.4289129,77.87272,1.4903153,58.074863,-0.32953608,40.761402,-3.6637068,53.749184
