chroma_stft_mean,chroma_stft_var,rms_mean,rms_var,spectral_centroid_mean,spectral_centroid_var,spectral_bandwidth_mean,spectral_bandwidth_var,rolloff_mean,rolloff_var,zero_crossing_rate_mean,zero_crossing_rate_var,harmony_mean,harmony_var,perceptr_mean,perceptr_var,tempo,mfcc1_mean,mfcc1_var,mfcc2_mean,mfcc2_var,mfcc3_mean,mfcc3_var,mfcc4_mean,mfcc4_var,mfcc5_mean,mfcc5_var,mfcc6_mean,mfcc6_var,mfcc7_mean,mfcc7_var,mfcc8_mean,mfcc8_var,mfcc9_mean,mfcc9_var,mfcc10_mean,mfcc10_var,mfcc11_mean,mfcc11_var,mfcc12_mean,mfcc12_var,mfcc13_mean,mfcc13_var,mfcc14_mean,mfcc14_var,mfcc15_mean,mfcc15_var,mfcc16_mean,mfcc16_var,mfcc17_mean,mfcc17_var,mfcc18_mean,mfcc18_var,mfcc19_mean,mfcc19_var,mfcc20_mean,mfcc20_var
0.38601115,0.09166791,0.09058583,0.0015239475,1754.1768111795132,456971.2940204107,2026.2008748333612,210742.62588954272,3768.9933475928074,2923958.6373929153,0.07387510271655066,0.0020010409667580017,5.0257795e-06,0.0055684387,-1.1087135e-05,0.0022774823,151.99908088235293,-192.26941,5022.488,116.4957,665.09625,-10.950728,725.35986,29.891136,417.05994,-0.659651,344.15002,21.443464,143.51093,-11.864701,403.38794,18.651209,156.03325,-13.07924,159.27045,14.4656515,146.52695,-7.3812265,139.09924,4.820051,107.795204,-2.8101099,115.016045,3.1210797,85.86989,-1.6220748,72.89175,-2.394694,96.711914,-6.5232224,88.36654,-1.415304,58.146065,-5.538162,70.282745,-2.5421896,85.98146
