chroma_stft_mean,chroma_stft_var,rms_mean,rms_var,spectral_centroid_mean,spectral_centroid_var,spectral_bandwidth_mean,spectral_bandwidth_var,rolloff_mean,rolloff_var,zero_crossing_rate_mean,zero_crossing_rate_var,harmony_mean,harmony_var,perceptr_mean,perceptr_var,tempo,mfcc1_mean,mfcc1_var,mfcc2_mean,mfcc2_var,mfcc3_mean,mfcc3_var,mfcc4_mean,mfcc4_var,mfcc5_mean,mfcc5_var,mfcc6_mean,mfcc6_var,mfcc7_mean,mfcc7_var,mfcc8_mean,mfcc8_var,mfcc9_mean,mfcc9_var,mfcc10_mean,mfcc10_var,mfcc11_mean,mfcc11_var,mfcc12_mean,mfcc12_var,mfcc13_mean,mfcc13_var,mfcc14_mean,mfcc14_var,mfcc15_mean,mfcc15_var,mfcc16_mean,mfcc16_var,mfcc17_mean,mfcc17_var,mfcc18_mean,mfcc18_var,mfcc19_mean,mfcc19_var,mfcc20_mean,mfcc20_var
0.45281878,0.08290818,0.09431865,0.000981589,2316.9096279606247,1045834.6915441434,2334.847779997414,364878.6314301523,4680.049349260441,4159912.646935937,0.09374924473124517,0.0028019961877297763,-0.0019636722,0.005055598,-0.0026205343,0.0022928086,161.4990234375,-175.51059,6898.2944,78.04632,1631.3229,-2.533933,1202.0471,52.855835,428.44394,15.844185,248.32724,24.74445,158.6424,5.2989025,106.26299,8.6599865,119.87908,6.651282,88.53245,9.80003,109.72885,-3.353283,151.35414,4.116687,92.986626,2.3600361,78.6192,-3.351113,62.531372,0.79182476,61.311123,-0.26379833,58.95294,-6.328812,50.31546,-6.457152,47.176937,-1.2543905,48.304405,-6.449903,64.976265
