chroma_stft_mean,chroma_stft_var,rms_mean,rms_var,spectral_centroid_mean,spectral_centroid_var,spectral_bandwidth_mean,spectral_bandwidth_var,rolloff_mean,rolloff_var,zero_crossing_rate_mean,zero_crossing_rate_var,harmony_mean,harmony_var,perceptr_mean,perceptr_var,tempo,mfcc1_mean,mfcc1_var,mfcc2_mean,mfcc2_var,mfcc3_mean,mfcc3_var,mfcc4_mean,mfcc4_var,mfcc5_mean,mfcc5_var,mfcc6_mean,mfcc6_var,mfcc7_mean,mfcc7_var,mfcc8_mean,mfcc8_var,mfcc9_mean,mfcc9_var,mfcc10_mean,mfcc10_var,mfcc11_mean,mfcc11_var,mfcc12_mean,mfcc12_var,mfcc13_mean,mfcc13_var,mfcc14_mean,mfcc14_var,mfcc15_mean,mfcc15_var,mfcc16_mean,mfcc16_var,mfcc17_mean,mfcc17_var,mfcc18_mean,mfcc18_var,mfcc19_mean,mfcc19_var,mfcc20_mean,mfcc20_var
0.38306823,0.0975564,0.086658604,0.0018704773,1609.8372860104514,1052387.2629134846,1990.4036604258897,380837.49331173196,3270.9318581424013,4916735.640720458,0.06057066596577726,0.002450264787341018,-1.5286518e-06,0.00488495,-1.7611317e-05,0.002422063,161.4990234375,-232.50473,6410.7056,131.2295,1339.363,2.6469772,611.5006,18.397951,301.72067,11.315558,308.45532,22.92844,255.34752,-10.467937,269.9701,16.771238,163.38512,-15.256651,171.9337,15.530609,136.18742,-8.389645,133.06055,8.022548,99.297066,-3.7816064,98.30137,3.1112487,84.96428,-1.4063514,69.00333,3.2672164,70.73723,-4.095124,68.917885,2.9421628,52.70118,0.3971407,61.50426,0.019509064,63.05079
