chroma_stft_mean,chroma_stft_var,rms_mean,rms_var,spectral_centroid_mean,spectral_centroid_var,spectral_bandwidth_mean,spectral_bandwidth_var,rolloff_mean,rolloff_var,zero_crossing_rate_mean,zero_crossing_rate_var,harmony_mean,harmony_var,perceptr_mean,perceptr_var,tempo,mfcc1_mean,mfcc1_var,mfcc2_mean,mfcc2_var,mfcc3_mean,mfcc3_var,mfcc4_mean,mfcc4_var,mfcc5_mean,mfcc5_var,mfcc6_mean,mfcc6_var,mfcc7_mean,mfcc7_var,mfcc8_mean,mfcc8_var,mfcc9_mean,mfcc9_var,mfcc10_mean,mfcc10_var,mfcc11_mean,mfcc11_var,mfcc12_mean,mfcc12_var,mfcc13_mean,mfcc13_var,mfcc14_mean,mfcc14_var,mfcc15_mean,mfcc15_var,mfcc16_mean,mfcc16_var,mfcc17_mean,mfcc17_var,mfcc18_mean,mfcc18_var,mfcc19_mean,mfcc19_var,mfcc20_mean,mfcc20_var
0.36883888,0.095104866,0.10192524,0.002298595,1691.338555436707,499423.7337490843,1963.212714997273,211513.11221472564,3656.0647703378772,2690638.4633291177,0.06943789878190255,0.0021131176257980873,3.3988863e-07,0.007352309,-4.3351547e-06,0.0024799183,95.703125,-194.54175,5911.617,118.60043,1139.0159,-6.408213,591.5775,40.801094,504.78732,-3.2935102,322.65338,25.461584,151.92676,-9.303606,234.99918,11.395714,163.50095,-6.1569276,201.23029,15.344735,127.612,-5.162594,105.48655,5.759956,83.38262,-6.2791595,104.73458,5.8801484,106.26472,-2.795967,130.4266,2.5813425,75.68967,-4.752368,80.387024,4.5279517,88.88036,-3.1901839,86.5453,-0.323051,103.32138
