chroma_stft_mean,chroma_stft_var,rms_mean,rms_var,spectral_centroid_mean,spectral_centroid_var,spectral_bandwidth_mean,spectral_bandwidth_var,rolloff_mean,rolloff_var,zero_crossing_rate_mean,zero_crossing_rate_var,harmony_mean,harmony_var,perceptr_mean,perceptr_var,tempo,mfcc1_mean,mfcc1_var,mfcc2_mean,mfcc2_var,mfcc3_mean,mfcc3_var,mfcc4_mean,mfcc4_var,mfcc5_mean,mfcc5_var,mfcc6_mean,mfcc6_var,mfcc7_mean,mfcc7_var,mfcc8_mean,mfcc8_var,mfcc9_mean,mfcc9_var,mfcc10_mean,mfcc10_var,mfcc11_mean,mfcc11_var,mfcc12_mean,mfcc12_var,mfcc13_mean,mfcc13_var,mfcc14_mean,mfcc14_var,mfcc15_mean,mfcc15_var,mfcc16_mean,mfcc16_var,mfcc17_mean,mfcc17_var,mfcc18_mean,mfcc18_var,mfcc19_mean,mfcc19_var,mfcc20_mean,mfcc20_var
0.35863972,0.09468295,0.13185678,0.0029848327,1923.1216152231768,663598.4939420294,2314.081014883259,272137.43526337366,4492.270825025377,3862920.6462726337,0.06818641845514307,0.001856942514168825,-0.0023660637,0.009088245,-0.0030923863,0.005668026,129.19921875,-157.81721,3868.5166,109.850296,844.3104,8.465338,519.7843,41.79409,275.32904,5.119004,201.50977,25.75197,193.70937,-12.951751,187.76805,22.064224,122.265686,-15.503764,124.96029,14.367299,133.95215,-11.917588,79.47515,11.595214,85.47874,-10.627038,73.03687,4.125364,71.59251,-4.0408373,80.53551,3.467273,67.8211,-8.397826,58.370983,1.7833028,54.788025,-5.2378936,56.076244,-1.4608471,79.77347
