chroma_stft_mean,chroma_stft_var,rms_mean,rms_var,spectral_centroid_mean,spectral_centroid_var,spectral_bandwidth_mean,spectral_bandwidth_var,rolloff_mean,rolloff_var,zero_crossing_rate_mean,zero_crossing_rate_var,harmony_mean,harmony_var,perceptr_mean,perceptr_var,tempo,mfcc1_mean,mfcc1_var,mfcc2_mean,mfcc2_var,mfcc3_mean,mfcc3_var,mfcc4_mean,mfcc4_var,mfcc5_mean,mfcc5_var,mfcc6_mean,mfcc6_var,mfcc7_mean,mfcc7_var,mfcc8_mean,mfcc8_var,mfcc9_mean,mfcc9_var,mfcc10_mean,mfcc10_var,mfcc11_mean,mfcc11_var,mfcc12_mean,mfcc12_var,mfcc13_mean,mfcc13_var,mfcc14_mean,mfcc14_var,mfcc15_mean,mfcc15_var,mfcc16_mean,mfcc16_var,mfcc17_mean,mfcc17_var,mfcc18_mean,mfcc18_var,mfcc19_mean,mfcc19_var,mfcc20_mean,mfcc20_var
0.3783931,0.092236996,0.092447795,0.0018355468,1796.8948919886877,427187.02715561027,2103.058675820294,152597.38556546235,3925.263116752465,2562543.274994816,0.07510279207753287,0.0017694716252478209,-1.1185485e-06,0.0038893702,-1.724239e-05,0.0039178417,103.359375,-189.09105,6337.2407,110.86749,719.11554,2.9827712,633.046,48.36251,321.31967,-6.4262414,191.84038,20.728699,243.54343,-12.56162,168.76566,15.884038,141.31915,-13.630971,130.79312,9.418686,126.580376,-8.044495,87.7309,8.090904,89.35044,-10.641822,102.136566,-2.5549018,108.58255,-4.712567,61.918903,-1.0281271,60.078403,-3.2127206,88.09082,2.689878,92.95932,-3.9885128,56.77525,2.8629758,72.10471
