chroma_stft_mean,chroma_stft_var,rms_mean,rms_var,spectral_centroid_mean,spectral_centroid_var,spectral_bandwidth_mean,spectral_bandwidth_var,rolloff_mean,rolloff_var,zero_crossing_rate_mean,zero_crossing_rate_var,harmony_mean,harmony_var,perceptr_mean,perceptr_var,tempo,mfcc1_mean,mfcc1_var,mfcc2_mean,mfcc2_var,mfcc3_mean,mfcc3_var,mfcc4_mean,mfcc4_var,mfcc5_mean,mfcc5_var,mfcc6_mean,mfcc6_var,mfcc7_mean,mfcc7_var,mfcc8_mean,mfcc8_var,mfcc9_mean,mfcc9_var,mfcc10_mean,mfcc10_var,mfcc11_mean,mfcc11_var,mfcc12_mean,mfcc12_var,mfcc13_mean,mfcc13_var,mfcc14_mean,mfcc14_var,mfcc15_mean,mfcc15_var,mfcc16_mean,mfcc16_var,mfcc17_mean,mfcc17_var,mfcc18_mean,mfcc18_var,mfcc19_mean,mfcc19_var,mfcc20_mean,mfcc20_var
0.2949157,0.0924358,0.06165027,0.0017615805,2149.1587886569287,699526.401365492,2036.7628281690304,130654.36629557218,4426.5970535455335,1886154.879221865,0.10275318119199536,0.0049181187995438885,-1.9254249e-07,0.00415001,-1.4806209e-05,0.0006005448,117.45383522727273,-233.64262,4993.102,87.52443,924.96387,-22.214462,404.39185,52.048756,344.89392,-8.575607,414.1049,24.966368,102.79255,-18.236242,328.67963,1.8883245,113.743546,-9.132005,109.322044,-0.22732626,85.294365,-17.069843,102.00829,-3.0311315,86.29483,-9.793287,86.57045,-8.79585,63.2211,-7.729949,65.17367,-2.188233,69.62725,-13.639918,112.12726,-6.4867253,47.220726,-9.144659,75.0057,-12.719942,63.182182
