chroma_stft_mean,chroma_stft_var,rms_mean,rms_var,spectral_centroid_mean,spectral_centroid_var,spectral_bandwidth_mean,spectral_bandwidth_var,rolloff_mean,rolloff_var,zero_crossing_rate_mean,zero_crossing_rate_var,harmony_mean,harmony_var,perceptr_mean,perceptr_var,tempo,mfcc1_mean,mfcc1_var,mfcc2_mean,mfcc2_var,mfcc3_mean,mfcc3_var,mfcc4_mean,mfcc4_var,mfcc5_mean,mfcc5_var,mfcc6_mean,mfcc6_var,mfcc7_mean,mfcc7_var,mfcc8_mean,mfcc8_var,mfcc9_mean,mfcc9_var,mfcc10_mean,mfcc10_var,mfcc11_mean,mfcc11_var,mfcc12_mean,mfcc12_var,mfcc13_mean,mfcc13_var,mfcc14_mean,mfcc14_var,mfcc15_mean,mfcc15_var,mfcc16_mean,mfcc16_var,mfcc17_mean,mfcc17_var,mfcc18_mean,mfcc18_var,mfcc19_mean,mfcc19_var,mfcc20_mean,mfcc20_var
0.40379235,0.09071338,0.116905145,0.0028670463,2280.0273192565046,582125.8008836926,2270.0535108917884,152238.82690045622,4829.1746913971865,2335557.280737384,0.11017558488012374,0.004756290610703382,-2.4263404e-08,0.0059036133,1.8639673e-06,0.005641015,123.046875,-109.0909,4123.5625,106.83238,1023.3935,-18.271952,432.968,23.419096,172.47862,-17.746166,128.99341,19.014435,166.52913,-13.604414,138.49248,18.686167,88.5802,-18.363714,94.64644,18.390692,76.56533,-9.709161,66.14228,11.85656,79.38228,-5.5525517,73.514725,12.879695,72.27869,-3.821772,91.92445,8.682671,81.0962,-7.066877,62.010754,5.4199233,59.01264,-6.1939063,83.62225,2.3227253,52.968773
