chroma_stft_mean,chroma_stft_var,rms_mean,rms_var,spectral_centroid_mean,spectral_centroid_var,spectral_bandwidth_mean,spectral_bandwidth_var,rolloff_mean,rolloff_var,zero_crossing_rate_mean,zero_crossing_rate_var,harmony_mean,harmony_var,perceptr_mean,perceptr_var,tempo,mfcc1_mean,mfcc1_var,mfcc2_mean,mfcc2_var,mfcc3_mean,mfcc3_var,mfcc4_mean,mfcc4_var,mfcc5_mean,mfcc5_var,mfcc6_mean,mfcc6_var,mfcc7_mean,mfcc7_var,mfcc8_mean,mfcc8_var,mfcc9_mean,mfcc9_var,mfcc10_mean,mfcc10_var,mfcc11_mean,mfcc11_var,mfcc12_mean,mfcc12_var,mfcc13_mean,mfcc13_var,mfcc14_mean,mfcc14_var,mfcc15_mean,mfcc15_var,mfcc16_mean,mfcc16_var,mfcc17_mean,mfcc17_var,mfcc18_mean,mfcc18_var,mfcc19_mean,mfcc19_var,mfcc20_mean,mfcc20_var
0.416339,0.078350276,0.1252895,0.0020069953,2590.895265318272,256323.62090327466,2163.0263132154587,67103.0105795849,5061.243667071491,947836.026568755,0.16977497522718485,0.0026735134613512456,-0.0023758628,0.005537375,-0.0016033195,0.007081361,123.046875,-70.546455,1642.0,90.50209,355.88278,-48.061337,331.05273,36.66895,204.11278,-17.68213,164.07782,21.58345,132.64745,-30.1917,99.00253,24.033106,98.09903,-20.452553,85.846176,14.4755535,77.52545,-18.49691,86.190506,9.121702,53.907707,-12.047788,59.538036,6.2679443,55.8101,-11.548881,50.164413,4.907653,40.30359,-7.8757615,38.911007,-0.64561254,45.671177,-4.357143,41.66506,0.19585004,45.507214
