chroma_stft_mean,chroma_stft_var,rms_mean,rms_var,spectral_centroid_mean,spectral_centroid_var,spectral_bandwidth_mean,spectral_bandwidth_var,rolloff_mean,rolloff_var,zero_crossing_rate_mean,zero_crossing_rate_var,harmony_mean,harmony_var,perceptr_mean,perceptr_var,tempo,mfcc1_mean,mfcc1_var,mfcc2_mean,mfcc2_var,mfcc3_mean,mfcc3_var,mfcc4_mean,mfcc4_var,mfcc5_mean,mfcc5_var,mfcc6_mean,mfcc6_var,mfcc7_mean,mfcc7_var,mfcc8_mean,mfcc8_var,mfcc9_mean,mfcc9_var,mfcc10_mean,mfcc10_var,mfcc11_mean,mfcc11_var,mfcc12_mean,mfcc12_var,mfcc13_mean,mfcc13_var,mfcc14_mean,mfcc14_var,mfcc15_mean,mfcc15_var,mfcc16_mean,mfcc16_var,mfcc17_mean,mfcc17_var,mfcc18_mean,mfcc18_var,mfcc19_mean,mfcc19_var,mfcc20_mean,mfcc20_var
0.43490428,0.07937897,0.11445442,0.0016624331,1974.5076873650016,351058.0594344442,2089.6314580753333,180506.79528027054,4249.843262851653,1961304.1011155734,0.09297320608565351,0.001697839103425914,8.871508e-06,0.0055169375,0.00028347905,0.0050235805,129.19921875,-121.1838,3522.9165,116.97426,679.75433,-22.78105,458.42493,45.153744,141.53424,-4.218045,120.54065,30.24878,94.71086,-12.239501,84.92413,21.706036,63.800747,-16.536747,78.448784,16.226421,48.9614,-10.650367,68.286446,7.3293166,43.760494,-9.34128,49.004765,5.7815695,53.536713,-8.4193735,43.7635,2.747461,41.146393,-8.090049,36.75196,0.3667019,43.388584,-3.2368221,56.369453,3.5789423,61.412624
