chroma_stft_mean,chroma_stft_var,rms_mean,rms_var,spectral_centroid_mean,spectral_centroid_var,spectral_bandwidth_mean,spectral_bandwidth_var,rolloff_mean,rolloff_var,zero_crossing_rate_mean,zero_crossing_rate_var,harmony_mean,harmony_var,perceptr_mean,perceptr_var,tempo,mfcc1_mean,mfcc1_var,mfcc2_mean,mfcc2_var,mfcc3_mean,mfcc3_var,mfcc4_mean,mfcc4_var,mfcc5_mean,mfcc5_var,mfcc6_mean,mfcc6_var,mfcc7_mean,mfcc7_var,mfcc8_mean,mfcc8_var,mfcc9_mean,mfcc9_var,mfcc10_mean,mfcc10_var,mfcc11_mean,mfcc11_var,mfcc12_mean,mfcc12_var,mfcc13_mean,mfcc13_var,mfcc14_mean,mfcc14_var,mfcc15_mean,mfcc15_var,mfcc16_mean,mfcc16_var,mfcc17_mean,mfcc17_var,mfcc18_mean,mfcc18_var,mfcc19_mean,mfcc19_var,mfcc20_mean,mfcc20_var
0.41718018,0.08384909,0.11573668,0.0025111786,3256.824592073175,388583.50232823845,2898.247907370289,93275.68711632806,6681.488136238399,1590227.9808376483,0.17375184285576178,0.0027882432241325603,-3.9213332e-06,0.0062209116,-4.6036125e-06,0.005047845,123.046875,-66.57301,2426.2607,58.33059,335.81183,-8.167375,258.99298,15.471976,235.30675,5.5654945,141.88387,7.6850796,120.56033,4.063464,85.58052,-3.5938892,93.1177,-1.3324877,70.54626,1.6080923,50.671444,-5.4819927,50.925922,-3.7419508,65.34366,-3.2483392,43.497204,-1.3407207,34.83001,-3.4400046,64.405464,-1.1899524,46.89881,-4.3770537,38.71729,-3.651327,49.481274,-2.0903535,55.316196,-0.3123816,57.22119
