chroma_stft_mean,chroma_stft_var,rms_mean,rms_var,spectral_centroid_mean,spectral_centroid_var,spectral_bandwidth_mean,spectral_bandwidth_var,rolloff_mean,rolloff_var,zero_crossing_rate_mean,zero_crossing_rate_var,harmony_mean,harmony_var,perceptr_mean,perceptr_var,tempo,mfcc1_mean,mfcc1_var,mfcc2_mean,mfcc2_var,mfcc3_mean,mfcc3_var,mfcc4_mean,mfcc4_var,mfcc5_mean,mfcc5_var,mfcc6_mean,mfcc6_var,mfcc7_mean,mfcc7_var,mfcc8_mean,mfcc8_var,mfcc9_mean,mfcc9_var,mfcc10_mean,mfcc10_var,mfcc11_mean,mfcc11_var,mfcc12_mean,mfcc12_var,mfcc13_mean,mfcc13_var,mfcc14_mean,mfcc14_var,mfcc15_mean,mfcc15_var,mfcc16_mean,mfcc16_var,mfcc17_mean,mfcc17_var,mfcc18_mean,mfcc18_var,mfcc19_mean,mfcc19_var,mfcc20_mean,mfcc20_var
0.41497517,0.084046245,0.108068004,0.0022320272,2825.987251028338,315302.35742310574,2680.4123913874064,68137.62313171905,6233.179503969693,1006080.5859996454,0.12045063865525908,0.002284159146304114,-4.782429e-06,0.00539259,-0.00019867123,0.004707936,129.19921875,-116.93205,2781.12,75.749084,294.94302,-4.221549,139.26872,37.290447,149.18181,-5.326528,88.52555,31.37679,77.389885,-12.156291,61.144627,22.918865,77.73166,-11.431438,50.691475,14.620312,56.26554,-13.048337,55.11126,13.391821,63.715332,-13.217568,64.6673,8.250454,62.46485,-15.219112,75.80729,9.844795,36.47997,-6.203883,41.632313,8.005424,62.716217,-8.028849,39.64732,4.3834634,43.828125
