chroma_stft_mean,chroma_stft_var,rms_mean,rms_var,spectral_centroid_mean,spectral_centroid_var,spectral_bandwidth_mean,spectral_bandwidth_var,rolloff_mean,rolloff_var,zero_crossing_rate_mean,zero_crossing_rate_var,harmony_mean,harmony_var,perceptr_mean,perceptr_var,tempo,mfcc1_mean,mfcc1_var,mfcc2_mean,mfcc2_var,mfcc3_mean,mfcc3_var,mfcc4_mean,mfcc4_var,mfcc5_mean,mfcc5_var,mfcc6_mean,mfcc6_var,mfcc7_mean,mfcc7_var,mfcc8_mean,mfcc8_var,mfcc9_mean,mfcc9_var,mfcc10_mean,mfcc10_var,mfcc11_mean,mfcc11_var,mfcc12_mean,mfcc12_var,mfcc13_mean,mfcc13_var,mfcc14_mean,mfcc14_var,mfcc15_mean,mfcc15_var,mfcc16_mean,mfcc16_var,mfcc17_mean,mfcc17_var,mfcc18_mean,mfcc18_var,mfcc19_mean,mfcc19_var,mfcc20_mean,mfcc20_var
0.4507588,0.08072023,0.16955869,0.0039048423,2492.5900128312974,487311.1153040859,2277.528939593561,111931.54832171029,5114.010839617169,1506842.077398244,0.13856991371809746,0.003986294772857221,-7.6157767e-06,0.008616827,6.150597e-06,0.014067645,135.99917763157896,-57.611416,3754.708,96.703575,646.1783,-24.457253,497.29944,39.99736,211.68716,-17.280684,161.61862,27.833838,96.37777,-13.284011,139.0055,23.197868,81.76052,-16.52066,65.72985,19.428204,71.69417,-15.479726,72.00665,11.827778,72.11133,-10.570341,76.14801,8.373797,65.6649,-9.371649,79.901764,6.538894,59.274796,-3.6863399,60.26578,0.3430383,66.33023,-4.3984547,62.20595,1.5675144,77.63211
