chroma_stft_mean,chroma_stft_var,rms_mean,rms_var,spectral_centroid_mean,spectral_centroid_var,spectral_bandwidth_mean,spectral_bandwidth_var,rolloff_mean,rolloff_var,zero_crossing_rate_mean,zero_crossing_rate_var,harmony_mean,harmony_var,perceptr_mean,perceptr_var,tempo,mfcc1_mean,mfcc1_var,mfcc2_mean,mfcc2_var,mfcc3_mean,mfcc3_var,mfcc4_mean,mfcc4_var,mfcc5_mean,mfcc5_var,mfcc6_mean,mfcc6_var,mfcc7_mean,mfcc7_var,mfcc8_mean,mfcc8_var,mfcc9_mean,mfcc9_var,mfcc10_mean,mfcc10_var,mfcc11_mean,mfcc11_var,mfcc12_mean,mfcc12_var,mfcc13_mean,mfcc13_var,mfcc14_mean,mfcc14_var,mfcc15_mean,mfcc15_var,mfcc16_mean,mfcc16_var,mfcc17_mean,mfcc17_var,mfcc18_mean,mfcc18_var,mfcc19_mean,mfcc19_var,mfcc20_mean,mfcc20_var
0.37013212,0.08823191,0.1387322,0.002273903,3043.1123946763596,454390.86748115,3000.57859278733,110964.65895943949,6837.516427095417,1586752.2945051023,0.14358338771268367,0.002749819864874428,-4.0428486e-06,0.008461881,-2.2288288e-05,0.006421671,123.046875,-73.086945,3786.9475,71.74661,516.0707,12.055069,556.1361,1.4190236,446.94302,4.5368185,233.13535,10.854836,202.601,3.867709,172.71974,0.938452,116.11533,-5.9773855,135.85841,9.039347,90.11887,-2.3677554,92.02096,3.5528102,70.56848,-0.14295743,79.71951,3.1307847,71.76109,-0.058583744,70.53971,0.38367394,82.913574,1.0944022,69.42567,1.5095392,78.68715,2.2970169,91.65582,1.9301828,98.4237
