chroma_stft_mean,chroma_stft_var,rms_mean,rms_var,spectral_centroid_mean,spectral_centroid_var,spectral_bandwidth_mean,spectral_bandwidth_var,rolloff_mean,rolloff_var,zero_crossing_rate_mean,zero_crossing_rate_var,harmony_mean,harmony_var,perceptr_mean,perceptr_var,tempo,mfcc1_mean,mfcc1_var,mfcc2_mean,mfcc2_var,mfcc3_mean,mfcc3_var,mfcc4_mean,mfcc4_var,mfcc5_mean,mfcc5_var,mfcc6_mean,mfcc6_var,mfcc7_mean,mfcc7_var,mfcc8_mean,mfcc8_var,mfcc9_mean,mfcc9_var,mfcc10_mean,mfcc10_var,mfcc11_mean,mfcc11_var,mfcc12_mean,mfcc12_var,mfcc13_mean,mfcc13_var,mfcc14_mean,mfcc14_var,mfcc15_mean,mfcc15_var,mfcc16_mean,mfcc16_var,mfcc17_mean,mfcc17_var,mfcc18_mean,mfcc18_var,mfcc19_mean,mfcc19_var,mfcc20_mean,mfcc20_var
0.36688584,0.085247986,0.1488845,0.0029683681,2330.184617913994,493420.65643498173,2437.1730406230477,244985.79743165968,4644.4354630401685,3056925.0909254244,0.10958987396075019,0.001631293957820726,-1.3411853e-06,0.010214709,-7.632251e-06,0.0075365966,123.046875,-71.29618,4064.7478,97.73015,962.41425,-18.382887,421.51688,8.58388,270.18027,5.191988,213.73898,-0.9440428,149.36183,0.4582461,119.65643,1.6218203,70.34956,-4.783834,73.655334,0.061743125,74.76434,-0.5539029,62.15598,-4.458565,46.972725,-5.319331,44.70353,-4.7845674,39.85128,-4.602756,40.297386,-5.980085,39.519783,-2.898809,37.700665,-3.432652,47.429123,-2.5663898,36.507336,-3.0406659,42.208797
