chroma_stft_mean,chroma_stft_var,rms_mean,rms_var,spectral_centroid_mean,spectral_centroid_var,spectral_bandwidth_mean,spectral_bandwidth_var,rolloff_mean,rolloff_var,zero_crossing_rate_mean,zero_crossing_rate_var,harmony_mean,harmony_var,perceptr_mean,perceptr_var,tempo,mfcc1_mean,mfcc1_var,mfcc2_mean,mfcc2_var,mfcc3_mean,mfcc3_var,mfcc4_mean,mfcc4_var,mfcc5_mean,mfcc5_var,mfcc6_mean,mfcc6_var,mfcc7_mean,mfcc7_var,mfcc8_mean,mfcc8_var,mfcc9_mean,mfcc9_var,mfcc10_mean,mfcc10_var,mfcc11_mean,mfcc11_var,mfcc12_mean,mfcc12_var,mfcc13_mean,mfcc13_var,mfcc14_mean,mfcc14_var,mfcc15_mean,mfcc15_var,mfcc16_mean,mfcc16_var,mfcc17_mean,mfcc17_var,mfcc18_mean,mfcc18_var,mfcc19_mean,mfcc19_var,mfcc20_mean,mfcc20_var
0.3887272,0.091959745,0.05919658,0.0010411888,2144.4212945283607,563309.7302607009,2414.5894493235623,104180.38074608492,4958.257334414879,2363006.7423298024,0.08474190956109823,0.0024308778164379473,-0.0033525731,0.0015669023,-0.0015436863,0.0017820074,99.38401442307692,-219.4053,3320.1008,94.67405,602.40674,12.12384,468.8673,48.86188,269.57837,-7.2065644,139.19193,16.64001,299.26654,-15.078675,120.96801,21.71575,68.37167,-19.993557,106.35207,13.237187,96.90511,-15.69585,79.400375,5.05655,72.076546,-15.275193,73.3275,0.07518919,62.34189,-9.207376,62.12445,0.23800413,51.132347,-9.55004,72.27821,-0.7562576,57.50562,-4.5359764,61.60111,-3.6949482,46.74481
