chroma_stft_mean,chroma_stft_var,rms_mean,rms_var,spectral_centroid_mean,spectral_centroid_var,spectral_bandwidth_mean,spectral_bandwidth_var,rolloff_mean,rolloff_var,zero_crossing_rate_mean,zero_crossing_rate_var,harmony_mean,harmony_var,perceptr_mean,perceptr_var,tempo,mfcc1_mean,mfcc1_var,mfcc2_mean,mfcc2_var,mfcc3_mean,mfcc3_var,mfcc4_mean,mfcc4_var,mfcc5_mean,mfcc5_var,mfcc6_mean,mfcc6_var,mfcc7_mean,mfcc7_var,mfcc8_mean,mfcc8_var,mfcc9_mean,mfcc9_var,mfcc10_mean,mfcc10_var,mfcc11_mean,mfcc11_var,mfcc12_mean,mfcc12_var,mfcc13_mean,mfcc13_var,mfcc14_mean,mfcc14_var,mfcc15_mean,mfcc15_var,mfcc16_mean,mfcc16_var,mfcc17_mean,mfcc17_var,mfcc18_mean,mfcc18_var,mfcc19_mean,mfcc19_var,mfcc20_mean,mfcc20_var
0.46316418,0.07819032,0.12146718,0.0018586379,2108.2221109107227,244586.05431729453,2072.4417848927833,120125.30632119205,4398.119267510151,1109504.13572882,0.11039008120649652,0.0017440055295460902,0.015051424,0.005648598,0.005790016,0.0052317334,129.19921875,-103.1011,2768.7163,107.495964,444.87326,-33.53895,448.23767,52.786156,137.75015,-9.130404,98.40629,30.337116,87.08659,-9.325207,90.65852,23.037294,65.35803,-11.889162,86.04294,18.169134,50.66662,-7.546332,71.97605,9.400739,40.59672,-5.425161,49.920315,6.642027,49.41054,-5.617512,42.61782,4.141733,38.77143,-5.4758644,36.92791,0.8398452,40.452118,-0.048351835,59.41506,3.7567449,57.637657
