chroma_stft_mean,chroma_stft_var,rms_mean,rms_var,spectral_centroid_mean,spectral_centroid_var,spectral_bandwidth_mean,spectral_bandwidth_var,rolloff_mean,rolloff_var,zero_crossing_rate_mean,zero_crossing_rate_var,harmony_mean,harmony_var,perceptr_mean,perceptr_var,tempo,mfcc1_mean,mfcc1_var,mfcc2_mean,mfcc2_var,mfcc3_mean,mfcc3_var,mfcc4_mean,mfcc4_var,mfcc5_mean,mfcc5_var,mfcc6_mean,mfcc6_var,mfcc7_mean,mfcc7_var,mfcc8_mean,mfcc8_var,mfcc9_mean,mfcc9_var,mfcc10_mean,mfcc10_var,mfcc11_mean,mfcc11_var,mfcc12_mean,mfcc12_var,mfcc13_mean,mfcc13_var,mfcc14_mean,mfcc14_var,mfcc15_mean,mfcc15_var,mfcc16_mean,mfcc16_var,mfcc17_mean,mfcc17_var,mfcc18_mean,mfcc18_var,mfcc19_mean,mfcc19_var,mfcc20_mean,mfcc20_var
0.3576883,0.08560685,0.122863606,0.0020092106,3653.6600399416443,318350.7544160973,3234.1174131634207,61893.033309318,7835.304773600638,555689.4760328117,0.18081285044470224,0.0032043932653675624,2.360839e-07,0.007023067,-4.3422974e-06,0.004714653,129.19921875,-65.7685,1609.1919,52.818344,193.64241,16.573313,324.30997,12.561863,226.27322,5.6153107,135.5277,8.380825,153.19144,-0.620421,73.63036,-0.6156937,67.81534,-4.0818486,71.12134,0.6821998,80.42282,-7.784732,61.839165,-1.8936242,48.58892,-7.254853,71.292984,-5.2742314,42.92708,-3.050217,51.99333,-4.3513255,65.752945,-2.5462742,61.32117,0.7212554,66.66315,-0.31364238,68.01989,2.927437,71.38913
