chroma_stft_mean,chroma_stft_var,rms_mean,rms_var,spectral_centroid_mean,spectral_centroid_var,spectral_bandwidth_mean,spectral_bandwidth_var,rolloff_mean,rolloff_var,zero_crossing_rate_mean,zero_crossing_rate_var,harmony_mean,harmony_var,perceptr_mean,perceptr_var,tempo,mfcc1_mean,mfcc1_var,mfcc2_mean,mfcc2_var,mfcc3_mean,mfcc3_var,mfcc4_mean,mfcc4_var,mfcc5_mean,mfcc5_var,mfcc6_mean,mfcc6_var,mfcc7_mean,mfcc7_var,mfcc8_mean,mfcc8_var,mfcc9_mean,mfcc9_var,mfcc10_mean,mfcc10_var,mfcc11_mean,mfcc11_var,mfcc12_mean,mfcc12_var,mfcc13_mean,mfcc13_var,mfcc14_mean,mfcc14_var,mfcc15_mean,mfcc15_var,mfcc16_mean,mfcc16_var,mfcc17_mean,mfcc17_var,mfcc18_mean,mfcc18_var,mfcc19_mean,mfcc19_var,mfcc20_mean,mfcc20_var
0.2205651,0.09284395,0.046983007,0.001074488,1710.975033885531,418561.8843905046,1620.2378540661057,118043.24350916843,3238.8652049195184,1212401.5040300253,0.08700922636310905,0.002808132910361682,-1.4789351e-06,0.0026349137,-1.4074272e-05,0.00018349913,117.45383522727273,-280.8543,3968.765,120.81254,580.74384,-37.62976,709.2139,28.712122,269.198,-10.775235,164.16042,-6.4053197,174.36499,-13.794428,118.33993,-4.07455,103.40356,-14.849012,103.48059,4.7964478,213.42447,-20.164257,74.48081,-5.091476,67.98032,-6.790002,71.13455,-6.412713,117.14791,-1.7540042,64.703255,-4.1189713,129.81454,3.4081714,143.84174,4.2542977,155.23012,0.99619967,125.48295,-1.1637304,136.16301
