chroma_stft_mean,chroma_stft_var,rms_mean,rms_var,spectral_centroid_mean,spectral_centroid_var,spectral_bandwidth_mean,spectral_bandwidth_var,rolloff_mean,rolloff_var,zero_crossing_rate_mean,zero_crossing_rate_var,harmony_mean,harmony_var,perceptr_mean,perceptr_var,tempo,mfcc1_mean,mfcc1_var,mfcc2_mean,mfcc2_var,mfcc3_mean,mfcc3_var,mfcc4_mean,mfcc4_var,mfcc5_mean,mfcc5_var,mfcc6_mean,mfcc6_var,mfcc7_mean,mfcc7_var,mfcc8_mean,mfcc8_var,mfcc9_mean,mfcc9_var,mfcc10_mean,mfcc10_var,mfcc11_mean,mfcc11_var,mfcc12_mean,mfcc12_var,mfcc13_mean,mfcc13_var,mfcc14_mean,mfcc14_var,mfcc15_mean,mfcc15_var,mfcc16_mean,mfcc16_var,mfcc17_mean,mfcc17_var,mfcc18_mean,mfcc18_var,mfcc19_mean,mfcc19_var,mfcc20_mean,mfcc20_var
0.40729582,0.08255386,0.13538006,0.002810124,2248.03051014649,840207.9234023065,2368.6748469523272,326713.4249557431,4609.5460117278135,3736132.1992027652,0.10971902491782676,0.004336851866243077,-2.0154273e-06,0.0068433457,-6.247311e-06,0.007377249,123.046875,-81.30502,3995.2007,106.47955,1476.5499,-9.540607,422.58575,17.966782,234.86263,3.0102844,188.79565,8.300962,146.80525,3.889344,100.872284,4.250727,50.90834,-3.7409382,55.170345,-2.0746686,37.89568,-2.2095342,43.241734,-4.5908613,43.938496,-1.1636226,45.611897,-1.8775957,40.068203,-0.22499163,32.245472,-1.04435,30.933718,-3.28482,30.862686,-1.8713301,37.31952,-0.7136363,50.328857,-0.55189586,42.52589
