chroma_stft_mean,chroma_stft_var,rms_mean,rms_var,spectral_centroid_mean,spectral_centroid_var,spectral_bandwidth_mean,spectral_bandwidth_var,rolloff_mean,rolloff_var,zero_crossing_rate_mean,zero_crossing_rate_var,harmony_mean,harmony_var,perceptr_mean,perceptr_var,tempo,mfcc1_mean,mfcc1_var,mfcc2_mean,mfcc2_var,mfcc3_mean,mfcc3_var,mfcc4_mean,mfcc4_var,mfcc5_mean,mfcc5_var,mfcc6_mean,mfcc6_var,mfcc7_mean,mfcc7_var,mfcc8_mean,mfcc8_var,mfcc9_mean,mfcc9_var,mfcc10_mean,mfcc10_var,mfcc11_mean,mfcc11_var,mfcc12_mean,mfcc12_var,mfcc13_mean,mfcc13_var,mfcc14_mean,mfcc14_var,mfcc15_mean,mfcc15_var,mfcc16_mean,mfcc16_var,mfcc17_mean,mfcc17_var,mfcc18_mean,mfcc18_var,mfcc19_mean,mfcc19_var,mfcc20_mean,mfcc20_var
0.3319344,0.0920617,0.06821812,0.0014238483,2218.89166415782,326429.7156621758,2307.129643752943,135260.19919713543,4882.1333812173725,1913905.4236922623,0.09612456496519721,0.0021580766120074288,-0.0026576852,0.002319027,-0.0012930371,0.0022218658,129.19921875,-182.10767,4587.869,103.43044,404.23825,-18.188179,363.08893,31.197874,357.04916,-12.529232,139.98347,18.83884,188.89725,-12.868975,119.59631,19.372463,104.574974,-17.702715,69.528946,18.49203,94.84722,-14.3258095,63.845963,11.538478,72.37582,-11.629478,59.443214,5.5931864,55.25226,-8.042038,57.281677,0.26590884,71.99121,-8.087152,48.68582,2.7225966,59.064392,-3.2905142,65.968025,3.5062501,57.262894
