chroma_stft_mean,chroma_stft_var,rms_mean,rms_var,spectral_centroid_mean,spectral_centroid_var,spectral_bandwidth_mean,spectral_bandwidth_var,rolloff_mean,rolloff_var,zero_crossing_rate_mean,zero_crossing_rate_var,harmony_mean,harmony_var,perceptr_mean,perceptr_var,tempo,mfcc1_mean,mfcc1_var,mfcc2_mean,mfcc2_var,mfcc3_mean,mfcc3_var,mfcc4_mean,mfcc4_var,mfcc5_mean,mfcc5_var,mfcc6_mean,mfcc6_var,mfcc7_mean,mfcc7_var,mfcc8_mean,mfcc8_var,mfcc9_mean,mfcc9_var,mfcc10_mean,mfcc10_var,mfcc11_mean,mfcc11_var,mfcc12_mean,mfcc12_var,mfcc13_mean,mfcc13_var,mfcc14_mean,mfcc14_var,mfcc15_mean,mfcc15_var,mfcc16_mean,mfcc16_var,mfcc17_mean,mfcc17_var,mfcc18_mean,mfcc18_var,mfcc19_mean,mfcc19_var,mfcc20_mean,mfcc20_var
0.45113242,0.070735656,0.15894556,0.001794288,2376.0247896611013,195875.4753517894,2258.317118856743,68105.35497115739,5006.06171149942,914834.5028528824,0.12873971323955916,0.0013028778018138517,-2.5412232e-06,0.010949249,7.305153e-05,0.00751584,107.666015625,-45.837555,1328.8765,101.74323,327.71194,-32.09262,294.32635,34.283173,157.17358,-17.53784,116.404366,32.319088,78.76791,-15.645128,100.099266,22.037209,46.85375,-16.113321,53.294724,18.675735,70.345825,-13.077868,47.463287,16.480183,39.75554,-9.910721,33.342754,11.569508,33.19317,-7.749476,32.59714,6.127837,36.330544,-7.369994,29.990118,3.575633,31.429588,-6.621386,29.988964,2.8448584,28.876396
