chroma_stft_mean,chroma_stft_var,rms_mean,rms_var,spectral_centroid_mean,spectral_centroid_var,spectral_bandwidth_mean,spectral_bandwidth_var,rolloff_mean,rolloff_var,zero_crossing_rate_mean,zero_crossing_rate_var,harmony_mean,harmony_var,perceptr_mean,perceptr_var,tempo,mfcc1_mean,mfcc1_var,mfcc2_mean,mfcc2_var,mfcc3_mean,mfcc3_var,mfcc4_mean,mfcc4_var,mfcc5_mean,mfcc5_var,mfcc6_mean,mfcc6_var,mfcc7_mean,mfcc7_var,mfcc8_mean,mfcc8_var,mfcc9_mean,mfcc9_var,mfcc10_mean,mfcc10_var,mfcc11_mean,mfcc11_var,mfcc12_mean,mfcc12_var,mfcc13_mean,mfcc13_var,mfcc14_mean,mfcc14_var,mfcc15_mean,mfcc15_var,mfcc16_mean,mfcc16_var,mfcc17_mean,mfcc17_var,mfcc18_mean,mfcc18_var,mfcc19_mean,mfcc19_var,mfcc20_mean,mfcc20_var
0.4025388,0.08212666,0.15245456,0.0043896916,3623.47282265526,916505.3268158247,3229.7424316853844,107377.29667991231,7702.866414860064,1904183.0946842232,0.17633637253480278,0.0073258160936863085,9.100037e-07,0.008154834,-1.438156e-05,0.011026151,123.046875,-51.76516,1872.5779,55.671803,590.00757,11.406057,302.9863,7.478552,174.07652,12.002954,123.165794,6.2611246,65.9459,4.352581,83.903305,4.310239,46.88103,-5.940638,55.73685,0.5639912,52.588165,3.5921662,94.639626,-2.3924637,47.99623,-5.827445,50.527805,-4.526173,32.646294,-7.0139523,33.235207,-4.2613654,43.361828,-1.736483,50.576115,-2.1432905,51.06934,-2.4925854,46.807205,-1.5445367,53.34374
