chroma_stft_mean,chroma_stft_var,rms_mean,rms_var,spectral_centroid_mean,spectral_centroid_var,spectral_bandwidth_mean,spectral_bandwidth_var,rolloff_mean,rolloff_var,zero_crossing_rate_mean,zero_crossing_rate_var,harmony_mean,harmony_var,perceptr_mean,perceptr_var,tempo,mfcc1_mean,mfcc1_var,mfcc2_mean,mfcc2_var,mfcc3_mean,mfcc3_var,mfcc4_mean,mfcc4_var,mfcc5_mean,mfcc5_var,mfcc6_mean,mfcc6_var,mfcc7_mean,mfcc7_var,mfcc8_mean,mfcc8_var,mfcc9_mean,mfcc9_var,mfcc10_mean,mfcc10_var,mfcc11_mean,mfcc11_var,mfcc12_mean,mfcc12_var,mfcc13_mean,mfcc13_var,mfcc14_mean,mfcc14_var,mfcc15_mean,mfcc15_var,mfcc16_mean,mfcc16_var,mfcc17_mean,mfcc17_var,mfcc18_mean,mfcc18_var,mfcc19_mean,mfcc19_var,mfcc20_mean,mfcc20_var
0.37081537,0.0850749,0.10665764,0.0013793837,2457.2908366769266,435047.26058437844,2400.458463665014,124864.70516700286,5267.457810687355,1829192.946884818,0.11746997051430781,0.0024372274310091443,-0.0021815563,0.006518557,-0.0028790773,0.0030161992,117.45383522727273,-123.83839,2648.691,89.85542,638.02734,-1.8465989,595.3088,51.16645,204.41135,-16.249851,129.06444,28.27051,122.618774,-12.485133,82.6442,19.029924,72.64229,-13.273394,68.105064,18.4808,69.06869,-13.773316,55.519505,12.865,44.120354,-8.755854,69.63435,8.252399,66.33624,-8.232474,66.17384,5.514292,41.224354,-8.406771,57.5158,4.4743967,69.77845,0.31307542,81.56279,1.8271207,69.64956
