chroma_stft_mean,chroma_stft_var,rms_mean,rms_var,spectral_centroid_mean,spectral_centroid_var,spectral_bandwidth_mean,spectral_bandwidth_var,rolloff_mean,rolloff_var,zero_crossing_rate_mean,zero_crossing_rate_var,harmony_mean,harmony_var,perceptr_mean,perceptr_var,tempo,mfcc1_mean,mfcc1_var,mfcc2_mean,mfcc2_var,mfcc3_mean,mfcc3_var,mfcc4_mean,mfcc4_var,mfcc5_mean,mfcc5_var,mfcc6_mean,mfcc6_var,mfcc7_mean,mfcc7_var,mfcc8_mean,mfcc8_var,mfcc9_mean,mfcc9_var,mfcc10_mean,mfcc10_var,mfcc11_mean,mfcc11_var,mfcc12_mean,mfcc12_var,mfcc13_mean,mfcc13_var,mfcc14_mean,mfcc14_var,mfcc15_mean,mfcc15_var,mfcc16_mean,mfcc16_var,mfcc17_mean,mfcc17_var,mfcc18_mean,mfcc18_var,mfcc19_mean,mfcc19_var,mfcc20_mean,mfcc20_var
0.54808533,0.07321556,0.29373232,0.012229716,2583.5803998593105,440412.84679902595,2626.6021176827153,123286.99449401679,5856.390083472303,1551420.8339253236,0.0997170007975638,0.003374739973095984,2.3004664e-05,0.065088846,-0.000385222,0.010165082,129.19921875,-51.742363,2849.6338,70.33154,356.6562,-3.8982093,416.10446,49.74502,185.4535,1.5872371,120.05581,35.71136,86.8266,-4.094437,117.59893,24.790552,69.46185,-9.714731,92.17976,22.04633,63.490284,-6.11539,67.757454,17.181833,45.83049,-2.779346,74.6178,11.961786,49.461338,-1.632734,51.505257,6.925027,38.150654,-2.9138086,56.422638,4.917393,47.261677,-0.49417764,49.227093,6.730306,53.94371
