chroma_stft_mean,chroma_stft_var,rms_mean,rms_var,spectral_centroid_mean,spectral_centroid_var,spectral_bandwidth_mean,spectral_bandwidth_var,rolloff_mean,rolloff_var,zero_crossing_rate_mean,zero_crossing_rate_var,harmony_mean,harmony_var,perceptr_mean,perceptr_var,tempo,mfcc1_mean,mfcc1_var,mfcc2_mean,mfcc2_var,mfcc3_mean,mfcc3_var,mfcc4_mean,mfcc4_var,mfcc5_mean,mfcc5_var,mfcc6_mean,mfcc6_var,mfcc7_mean,mfcc7_var,mfcc8_mean,mfcc8_var,mfcc9_mean,mfcc9_var,mfcc10_mean,mfcc10_var,mfcc11_mean,mfcc11_var,mfcc12_mean,mfcc12_var,mfcc13_mean,mfcc13_var,mfcc14_mean,mfcc14_var,mfcc15_mean,mfcc15_var,mfcc16_mean,mfcc16_var,mfcc17_mean,mfcc17_var,mfcc18_mean,mfcc18_var,mfcc19_mean,mfcc19_var,mfcc20_mean,mfcc20_var
0.4450482,0.0821647,0.1469729,0.0032042926,2117.6008935704253,923743.6173557586,2143.8668308789474,558116.7420458641,4198.641535854118,4725723.507781835,0.10365534971964424,0.002789953214514918,-2.3907246e-06,0.010168369,-2.7365145e-06,0.0069729984,117.45383522727273,-95.04604,8574.452,109.33905,1636.1671,-30.173485,858.12286,16.371214,254.22563,20.04151,303.50888,11.963911,68.02074,3.490323,109.249176,6.177454,46.68778,5.204813,33.539925,8.618461,36.806965,0.3315828,33.848213,0.38170958,36.61236,0.5376681,36.6298,-1.7974901,33.200447,0.979029,29.262241,-0.05615971,31.763254,-3.6710413,34.610764,-2.144687,30.069262,-3.6547704,34.26304,-4.406935,32.852936
