chroma_stft_mean,chroma_stft_var,rms_mean,rms_var,spectral_centroid_mean,spectral_centroid_var,spectral_bandwidth_mean,spectral_bandwidth_var,rolloff_mean,rolloff_var,zero_crossing_rate_mean,zero_crossing_rate_var,harmony_mean,harmony_var,perceptr_mean,perceptr_var,tempo,mfcc1_mean,mfcc1_var,mfcc2_mean,mfcc2_var,mfcc3_mean,mfcc3_var,mfcc4_mean,mfcc4_var,mfcc5_mean,mfcc5_var,mfcc6_mean,mfcc6_var,mfcc7_mean,mfcc7_var,mfcc8_mean,mfcc8_var,mfcc9_mean,mfcc9_var,mfcc10_mean,mfcc10_var,mfcc11_mean,mfcc11_var,mfcc12_mean,mfcc12_var,mfcc13_mean,mfcc13_var,mfcc14_mean,mfcc14_var,mfcc15_mean,mfcc15_var,mfcc16_mean,mfcc16_var,mfcc17_mean,mfcc17_var,mfcc18_mean,mfcc18_var,mfcc19_mean,mfcc19_var,mfcc20_mean,mfcc20_var
0.3233035,0.10400543,0.1843397,0.00969765,2549.269756774819,483133.8933632562,2485.524548182631,135810.8994432942,5583.144893779002,1947114.7737481825,0.11583368075696056,0.002542877999519632,0.0030670792,0.012582779,0.003548834,0.024395933,123.046875,-91.98377,5407.3296,87.6401,522.6817,-2.0667956,611.5345,34.27815,247.30864,-18.12457,229.09851,19.34566,249.62096,-14.665756,142.63394,17.112078,147.25267,-15.336202,85.050285,17.028185,121.85474,-13.534051,148.99962,11.835089,121.36834,-9.81468,139.34401,9.104671,109.68235,-11.460562,112.31211,-1.0429379,73.37516,-11.638879,84.06597,0.28133583,104.38065,-1.2876443,116.02668,0.10183987,87.693
