chroma_stft_mean,chroma_stft_var,rms_mean,rms_var,spectral_centroid_mean,spectral_centroid_var,spectral_bandwidth_mean,spectral_bandwidth_var,rolloff_mean,rolloff_var,zero_crossing_rate_mean,zero_crossing_rate_var,harmony_mean,harmony_var,perceptr_mean,perceptr_var,tempo,mfcc1_mean,mfcc1_var,mfcc2_mean,mfcc2_var,mfcc3_mean,mfcc3_var,mfcc4_mean,mfcc4_var,mfcc5_mean,mfcc5_var,mfcc6_mean,mfcc6_var,mfcc7_mean,mfcc7_var,mfcc8_mean,mfcc8_var,mfcc9_mean,mfcc9_var,mfcc10_mean,mfcc10_var,mfcc11_mean,mfcc11_var,mfcc12_mean,mfcc12_var,mfcc13_mean,mfcc13_var,mfcc14_mean,mfcc14_var,mfcc15_mean,mfcc15_var,mfcc16_mean,mfcc16_var,mfcc17_mean,mfcc17_var,mfcc18_mean,mfcc18_var,mfcc19_mean,mfcc19_var,mfcc20_mean,mfcc20_var
0.4740417,0.0775322,0.19189338,0.0021157393,2848.395241985928,148628.5388527547,2490.6398551435586,79177.36947612173,5506.662886546549,831315.6352638501,0.16364521401295437,0.0013395603488824531,-0.00034075818,0.01693425,-0.0014744935,0.010424563,123.046875,-14.574817,955.94855,65.19933,292.40375,-19.888517,338.13284,31.502684,227.9855,-4.814699,139.45724,11.8655615,84.122955,9.996404,123.5236,5.960234,68.62095,-3.8007708,61.87563,9.38057,72.25582,-4.387615,62.336746,3.3392262,62.51253,-4.4454346,48.178932,-1.2698743,35.135258,-0.8342525,41.67599,-2.1974072,35.423,-4.739514,38.406403,-2.620455,45.361065,-7.4701667,52.608868,0.23054624,43.67747
