chroma_stft_mean,chroma_stft_var,rms_mean,rms_var,spectral_centroid_mean,spectral_centroid_var,spectral_bandwidth_mean,spectral_bandwidth_var,rolloff_mean,rolloff_var,zero_crossing_rate_mean,zero_crossing_rate_var,harmony_mean,harmony_var,perceptr_mean,perceptr_var,tempo,mfcc1_mean,mfcc1_var,mfcc2_mean,mfcc2_var,mfcc3_mean,mfcc3_var,mfcc4_mean,mfcc4_var,mfcc5_mean,mfcc5_var,mfcc6_mean,mfcc6_var,mfcc7_mean,mfcc7_var,mfcc8_mean,mfcc8_var,mfcc9_mean,mfcc9_var,mfcc10_mean,mfcc10_var,mfcc11_mean,mfcc11_var,mfcc12_mean,mfcc12_var,mfcc13_mean,mfcc13_var,mfcc14_mean,mfcc14_var,mfcc15_mean,mfcc15_var,mfcc16_mean,mfcc16_var,mfcc17_mean,mfcc17_var,mfcc18_mean,mfcc18_var,mfcc19_mean,mfcc19_var,mfcc20_mean,mfcc20_var
0.42975032,0.07804853,0.10029263,0.0010042356,2128.9326621445252,326430.2256681196,2108.898695735198,157527.87886404825,4423.058147386166,1696889.9645400413,0.11182509184068058,0.0016580691176932148,1.9857252e-06,0.00436307,-7.1771734e-05,0.0033233948,129.19921875,-114.935326,2974.1992,113.476944,617.9053,-29.819769,445.00726,42.611168,134.02733,-10.305927,111.07968,26.97817,83.9275,-14.481592,78.965515,21.235638,59.98328,-17.643864,73.3728,17.091944,46.67149,-13.474372,65.56091,8.586037,39.583744,-11.412158,47.176308,6.210182,47.043865,-10.888187,43.413124,3.653079,37.09067,-10.314117,38.48494,0.569395,42.171764,-4.152319,62.8574,3.4732628,61.314556
