chroma_stft_mean,chroma_stft_var,rms_mean,rms_var,spectral_centroid_mean,spectral_centroid_var,spectral_bandwidth_mean,spectral_bandwidth_var,rolloff_mean,rolloff_var,zero_crossing_rate_mean,zero_crossing_rate_var,harmony_mean,harmony_var,perceptr_mean,perceptr_var,tempo,mfcc1_mean,mfcc1_var,mfcc2_mean,mfcc2_var,mfcc3_mean,mfcc3_var,mfcc4_mean,mfcc4_var,mfcc5_mean,mfcc5_var,mfcc6_mean,mfcc6_var,mfcc7_mean,mfcc7_var,mfcc8_mean,mfcc8_var,mfcc9_mean,mfcc9_var,mfcc10_mean,mfcc10_var,mfcc11_mean,mfcc11_var,mfcc12_mean,mfcc12_var,mfcc13_mean,mfcc13_var,mfcc14_mean,mfcc14_var,mfcc15_mean,mfcc15_var,mfcc16_mean,mfcc16_var,mfcc17_mean,mfcc17_var,mfcc18_mean,mfcc18_var,mfcc19_mean,mfcc19_var,mfcc20_mean,mfcc20_var
0.4045441,0.07937988,0.116038404,0.0034955484,2564.2888412274115,886708.6744763481,2669.9240408934897,294434.7110877023,5388.221942521027,3829394.3132928126,0.12072102486948956,0.004197172587979345,3.1653892e-07,0.0038079212,-7.4978634e-06,0.0091895955,123.046875,-98.18701,3438.413,92.406166,860.5406,2.6589994,430.95834,19.365164,283.37952,3.5725617,190.30254,-1.7528334,140.2193,-1.7048805,73.68694,-3.1811247,74.50525,-9.103381,77.634,-4.0845356,53.942932,-5.1873956,65.092354,-5.4817677,52.55867,-4.2330327,46.636578,-3.7672808,35.086845,-1.7109783,34.19371,-5.5838566,43.26305,-4.69225,29.96636,-2.7134736,38.895977,-1.8473064,59.235847,-3.0993195,29.961393
