chroma_stft_mean,chroma_stft_var,rms_mean,rms_var,spectral_centroid_mean,spectral_centroid_var,spectral_bandwidth_mean,spectral_bandwidth_var,rolloff_mean,rolloff_var,zero_crossing_rate_mean,zero_crossing_rate_var,harmony_mean,harmony_var,perceptr_mean,perceptr_var,tempo,mfcc1_mean,mfcc1_var,mfcc2_mean,mfcc2_var,mfcc3_mean,mfcc3_var,mfcc4_mean,mfcc4_var,mfcc5_mean,mfcc5_var,mfcc6_mean,mfcc6_var,mfcc7_mean,mfcc7_var,mfcc8_mean,mfcc8_var,mfcc9_mean,mfcc9_var,mfcc10_mean,mfcc10_var,mfcc11_mean,mfcc11_var,mfcc12_mean,mfcc12_var,mfcc13_mean,mfcc13_var,mfcc14_mean,mfcc14_var,mfcc15_mean,mfcc15_var,mfcc16_mean,mfcc16_var,mfcc17_mean,mfcc17_var,mfcc18_mean,mfcc18_var,mfcc19_mean,mfcc19_var,mfcc20_mean,mfcc20_var
0.44557777,0.08781498,0.14208542,0.004133415,2298.1112240567795,898537.2781825451,2566.1150752624544,192074.83618831227,4889.646293275712,3885287.234612343,0.09652545382318953,0.0070256291429629586,-0.000391283,0.010616532,-0.0011723792,0.0073823454,117.45383522727273,-111.09919,4400.1016,94.025856,1431.769,12.438059,562.4228,16.629438,201.37808,8.1260395,156.20563,15.663839,144.57639,-1.4103329,113.244194,7.014441,81.95488,0.9597832,57.71307,-1.4994508,55.553585,-3.0789328,77.77039,-5.098986,71.4388,-3.715649,52.89178,0.2136301,57.933002,-2.111481,52.70902,-1.8266252,39.54897,-5.325499,32.49436,1.2326591,41.852478,-5.604142,41.62941,-3.6123145,30.871485
