chroma_stft_mean,chroma_stft_var,rms_mean,rms_var,spectral_centroid_mean,spectral_centroid_var,spectral_bandwidth_mean,spectral_bandwidth_var,rolloff_mean,rolloff_var,zero_crossing_rate_mean,zero_crossing_rate_var,harmony_mean,harmony_var,perceptr_mean,perceptr_var,tempo,mfcc1_mean,mfcc1_var,mfcc2_mean,mfcc2_var,mfcc3_mean,mfcc3_var,mfcc4_mean,mfcc4_var,mfcc5_mean,mfcc5_var,mfcc6_mean,mfcc6_var,mfcc7_mean,mfcc7_var,mfcc8_mean,mfcc8_var,mfcc9_mean,mfcc9_var,mfcc10_mean,mfcc10_var,mfcc11_mean,mfcc11_var,mfcc12_mean,mfcc12_var,mfcc13_mean,mfcc13_var,mfcc14_mean,mfcc14_var,mfcc15_mean,mfcc15_var,mfcc16_mean,mfcc16_var,mfcc17_mean,mfcc17_var,mfcc18_mean,mfcc18_var,mfcc19_mean,mfcc19_var,mfcc20_mean,mfcc20_var
0.5036078,0.08833508,0.06199186,0.0023188333,2455.2491577692717,569631.3638952945,2100.2474542715263,89166.80618676967,4726.57972012761,1390971.1526103716,0.15141816814095127,0.006719794812698908,-8.27422e-06,0.00070542976,-2.103796e-06,0.004432405,112.34714673913044,-197.21649,9032.983,83.3477,1093.1188,-38.580997,763.21423,43.675888,324.35345,-7.3024435,162.15137,25.634623,116.612175,-8.659459,84.15799,13.366769,117.28942,-12.161141,75.15694,12.144545,76.569824,-12.045273,69.82126,10.619484,48.018154,-2.3993301,86.50582,12.016626,84.593185,1.3830501,150.80858,6.762504,71.58966,-3.372065,58.763832,-1.6578995,40.968033,0.067832574,46.623077,1.4053442,36.5086
