chroma_stft_mean,chroma_stft_var,rms_mean,rms_var,spectral_centroid_mean,spectral_centroid_var,spectral_bandwidth_mean,spectral_bandwidth_var,rolloff_mean,rolloff_var,zero_crossing_rate_mean,zero_crossing_rate_var,harmony_mean,harmony_var,perceptr_mean,perceptr_var,tempo,mfcc1_mean,mfcc1_var,mfcc2_mean,mfcc2_var,mfcc3_mean,mfcc3_var,mfcc4_mean,mfcc4_var,mfcc5_mean,mfcc5_var,mfcc6_mean,mfcc6_var,mfcc7_mean,mfcc7_var,mfcc8_mean,mfcc8_var,mfcc9_mean,mfcc9_var,mfcc10_mean,mfcc10_var,mfcc11_mean,mfcc11_var,mfcc12_mean,mfcc12_var,mfcc13_mean,mfcc13_var,mfcc14_mean,mfcc14_var,mfcc15_mean,mfcc15_var,mfcc16_mean,mfcc16_var,mfcc17_mean,mfcc17_var,mfcc18_mean,mfcc18_var,mfcc19_mean,mfcc19_var,mfcc20_mean,mfcc20_var
0.43158323,0.08281664,0.15957549,0.00489796,3099.082005849926,544886.088134465,2728.23313756183,129195.8682281967,6098.201459632395,1707666.9628044215,0.1402915488447409,0.002857352444903581,-4.004799e-06,0.009582244,-1.7299046e-05,0.011925141,129.19921875,-53.432594,1761.1354,56.165604,780.1305,-6.337501,326.6614,31.602524,318.096,4.648096,131.5939,16.339651,105.71887,4.1082096,86.47983,1.8778182,88.79143,-0.38534987,57.92631,2.4980185,48.748672,-0.5452888,58.843594,0.96003777,49.27262,0.49098662,41.558548,-0.17423524,41.959435,-1.8158447,43.26554,-2.527268,48.444504,0.8228423,56.21375,-0.33732003,49.81456,0.56019396,62.46478,2.7661414,64.36508
