chroma_stft_mean,chroma_stft_var,rms_mean,rms_var,spectral_centroid_mean,spectral_centroid_var,spectral_bandwidth_mean,spectral_bandwidth_var,rolloff_mean,rolloff_var,zero_crossing_rate_mean,zero_crossing_rate_var,harmony_mean,harmony_var,perceptr_mean,perceptr_var,tempo,mfcc1_mean,mfcc1_var,mfcc2_mean,mfcc2_var,mfcc3_mean,mfcc3_var,mfcc4_mean,mfcc4_var,mfcc5_mean,mfcc5_var,mfcc6_mean,mfcc6_var,mfcc7_mean,mfcc7_var,mfcc8_mean,mfcc8_var,mfcc9_mean,mfcc9_var,mfcc10_mean,mfcc10_var,mfcc11_mean,mfcc11_var,mfcc12_mean,mfcc12_var,mfcc13_mean,mfcc13_var,mfcc14_mean,mfcc14_var,mfcc15_mean,mfcc15_var,mfcc16_mean,mfcc16_var,mfcc17_mean,mfcc17_var,mfcc18_mean,mfcc18_var,mfcc19_mean,mfcc19_var,mfcc20_mean,mfcc20_var
0.4555278,0.07099946,0.11097853,0.0013907843,2449.2386358180383,212379.88300906355,2311.5141177568084,63141.84238602727,5184.522503987819,867527.2739559319,0.13458360523008508,0.0015134063363964772,0.00017684119,0.0046579614,0.0011797647,0.0047794054,107.666015625,-81.762085,1648.1443,97.613686,323.45837,-27.614212,293.32175,36.65628,151.41118,-17.259203,115.38187,30.749075,75.70717,-15.952651,98.39249,20.968424,47.028522,-16.221739,53.546898,17.413183,66.76645,-13.369761,46.333126,15.092774,37.189964,-10.377819,31.705675,10.259845,31.6341,-8.392493,31.422195,4.796943,34.327682,-7.946557,29.252966,2.2936847,30.77856,-7.1191573,27.786415,1.7661753,28.266266
