chroma_stft_mean,chroma_stft_var,rms_mean,rms_var,spectral_centroid_mean,spectral_centroid_var,spectral_bandwidth_mean,spectral_bandwidth_var,rolloff_mean,rolloff_var,zero_crossing_rate_mean,zero_crossing_rate_var,harmony_mean,harmony_var,perceptr_mean,perceptr_var,tempo,mfcc1_mean,mfcc1_var,mfcc2_mean,mfcc2_var,mfcc3_mean,mfcc3_var,mfcc4_mean,mfcc4_var,mfcc5_mean,mfcc5_var,mfcc6_mean,mfcc6_var,mfcc7_mean,mfcc7_var,mfcc8_mean,mfcc8_var,mfcc9_mean,mfcc9_var,mfcc10_mean,mfcc10_var,mfcc11_mean,mfcc11_var,mfcc12_mean,mfcc12_var,mfcc13_mean,mfcc13_var,mfcc14_mean,mfcc14_var,mfcc15_mean,mfcc15_var,mfcc16_mean,mfcc16_var,mfcc17_mean,mfcc17_var,mfcc18_mean,mfcc18_var,mfcc19_mean,mfcc19_var,mfcc20_mean,mfcc20_var
0.41731998,0.08885424,0.122181386,0.0023197264,2218.099825491157,390428.59094553057,2245.3047930793978,98735.84805202586,4744.0410994598315,1360486.1380474104,0.11094558137567673,0.0036325645309988014,-1.8924206e-06,0.004549118,-3.2201588e-05,0.008145428,129.19921875,-109.57256,3065.3037,104.138245,549.7622,-16.223967,446.53403,45.349792,165.05179,-10.189363,132.54756,25.546944,161.08876,-17.156565,93.481544,22.264034,73.38486,-16.84386,68.297,16.52762,110.521255,-12.082589,81.71013,8.661935,82.22115,-8.848724,65.60935,5.2406073,68.227974,-9.293187,52.57382,3.4503827,57.555817,-7.8932343,42.91361,1.5243026,48.4089,-4.043598,44.14244,-0.11666769,65.49773
