chroma_stft_mean,chroma_stft_var,rms_mean,rms_var,spectral_centroid_mean,spectral_centroid_var,spectral_bandwidth_mean,spectral_bandwidth_var,rolloff_mean,rolloff_var,zero_crossing_rate_mean,zero_crossing_rate_var,harmony_mean,harmony_var,perceptr_mean,perceptr_var,tempo,mfcc1_mean,mfcc1_var,mfcc2_mean,mfcc2_var,mfcc3_mean,mfcc3_var,mfcc4_mean,mfcc4_var,mfcc5_mean,mfcc5_var,mfcc6_mean,mfcc6_var,mfcc7_mean,mfcc7_var,mfcc8_mean,mfcc8_var,mfcc9_mean,mfcc9_var,mfcc10_mean,mfcc10_var,mfcc11_mean,mfcc11_var,mfcc12_mean,mfcc12_var,mfcc13_mean,mfcc13_var,mfcc14_mean,mfcc14_var,mfcc15_mean,mfcc15_var,mfcc16_mean,mfcc16_var,mfcc17_mean,mfcc17_var,mfcc18_mean,mfcc18_var,mfcc19_mean,mfcc19_var,mfcc20_mean,mfcc20_var
0.35841092,0.09090051,0.07617771,0.0008848489,1755.0626026809584,318773.6883983153,2043.03291181203,130537.82858537199,3815.532045297999,1651032.1739226321,0.07692752138921113,0.001409034316856178,-0.00045004537,0.002582608,-0.0013191047,0.0023108881,89.10290948275862,-182.81174,3124.143,124.19492,575.68164,-10.053613,300.2784,41.57794,154.47847,-7.377843,115.99642,26.939072,115.49522,-12.35473,95.61883,19.813566,85.45187,-16.044252,75.320694,16.194204,70.44294,-10.250695,54.3681,3.1294546,81.302086,-8.979432,47.149796,2.151767,66.79726,-6.1053224,77.5639,3.9012282,54.620335,-3.6973078,67.60165,4.9474716,87.316795,-1.2436286,101.536446,2.5218837,76.85354
