chroma_stft_mean,chroma_stft_var,rms_mean,rms_var,spectral_centroid_mean,spectral_centroid_var,spectral_bandwidth_mean,spectral_bandwidth_var,rolloff_mean,rolloff_var,zero_crossing_rate_mean,zero_crossing_rate_var,harmony_mean,harmony_var,perceptr_mean,perceptr_var,tempo,mfcc1_mean,mfcc1_var,mfcc2_mean,mfcc2_var,mfcc3_mean,mfcc3_var,mfcc4_mean,mfcc4_var,mfcc5_mean,mfcc5_var,mfcc6_mean,mfcc6_var,mfcc7_mean,mfcc7_var,mfcc8_mean,mfcc8_var,mfcc9_mean,mfcc9_var,mfcc10_mean,mfcc10_var,mfcc11_mean,mfcc11_var,mfcc12_mean,mfcc12_var,mfcc13_mean,mfcc13_var,mfcc14_mean,mfcc14_var,mfcc15_mean,mfcc15_var,mfcc16_mean,mfcc16_var,mfcc17_mean,mfcc17_var,mfcc18_mean,mfcc18_var,mfcc19_mean,mfcc19_var,mfcc20_mean,mfcc20_var
0.3979743,0.08153796,0.11900523,0.00294448,2238.5348872355758,161052.61154790298,2023.290677402401,47328.91158106471,4384.238428527407,567327.055355712,0.13140618957849962,0.0014391440377490244,3.114238e-06,0.0060048876,7.317141e-05,0.006244349,123.046875,-97.904755,1427.4763,101.02156,380.25885,-40.56285,144.17097,51.033695,124.62949,-11.7087,65.976555,25.062588,88.3611,-14.040237,47.763798,17.196808,53.633152,-9.614368,43.503227,16.974564,49.561153,-7.166898,51.5479,11.722058,41.57972,-5.7177386,50.985733,6.242812,34.952503,-6.062619,41.562996,4.6809263,36.647984,-6.246089,36.009117,-0.98769885,29.708061,-2.7478018,55.364716,0.63215196,53.2771
