chroma_stft_mean,chroma_stft_var,rms_mean,rms_var,spectral_centroid_mean,spectral_centroid_var,spectral_bandwidth_mean,spectral_bandwidth_var,rolloff_mean,rolloff_var,zero_crossing_rate_mean,zero_crossing_rate_var,harmony_mean,harmony_var,perceptr_mean,perceptr_var,tempo,mfcc1_mean,mfcc1_var,mfcc2_mean,mfcc2_var,mfcc3_mean,mfcc3_var,mfcc4_mean,mfcc4_var,mfcc5_mean,mfcc5_var,mfcc6_mean,mfcc6_var,mfcc7_mean,mfcc7_var,mfcc8_mean,mfcc8_var,mfcc9_mean,mfcc9_var,mfcc10_mean,mfcc10_var,mfcc11_mean,mfcc11_var,mfcc12_mean,mfcc12_var,mfcc13_mean,mfcc13_var,mfcc14_mean,mfcc14_var,mfcc15_mean,mfcc15_var,mfcc16_mean,mfcc16_var,mfcc17_mean,mfcc17_var,mfcc18_mean,mfcc18_var,mfcc19_mean,mfcc19_var,mfcc20_mean,mfcc20_var
0.35318205,0.08728946,0.12421887,0.0026340934,2251.7610160342965,227118.47530243016,2164.953134253347,78965.63499509102,4557.353391005656,1111292.0504706486,0.12186072542053364,0.0016081443380483427,0.00024147268,0.0075311973,0.0005279171,0.0065417923,129.19921875,-95.91633,3001.9534,103.349396,371.10898,-36.49247,430.1043,27.0972,239.55733,-22.864882,196.40134,9.97551,217.6389,-24.651752,115.77978,15.6494255,90.124756,-20.1475,73.69414,18.732792,69.068245,-18.555283,58.977226,9.852911,71.86442,-15.085711,75.80224,3.900769,56.612904,-11.175499,48.30982,0.51450676,51.16333,-5.4720416,44.350838,3.115231,57.53717,-7.895403,60.234818,2.9675362,86.64384
