chroma_stft_mean,chroma_stft_var,rms_mean,rms_var,spectral_centroid_mean,spectral_centroid_var,spectral_bandwidth_mean,spectral_bandwidth_var,rolloff_mean,rolloff_var,zero_crossing_rate_mean,zero_crossing_rate_var,harmony_mean,harmony_var,perceptr_mean,perceptr_var,tempo,mfcc1_mean,mfcc1_var,mfcc2_mean,mfcc2_var,mfcc3_mean,mfcc3_var,mfcc4_mean,mfcc4_var,mfcc5_mean,mfcc5_var,mfcc6_mean,mfcc6_var,mfcc7_mean,mfcc7_var,mfcc8_mean,mfcc8_var,mfcc9_mean,mfcc9_var,mfcc10_mean,mfcc10_var,mfcc11_mean,mfcc11_var,mfcc12_mean,mfcc12_var,mfcc13_mean,mfcc13_var,mfcc14_mean,mfcc14_var,mfcc15_mean,mfcc15_var,mfcc16_mean,mfcc16_var,mfcc17_mean,mfcc17_var,mfcc18_mean,mfcc18_var,mfcc19_mean,mfcc19_var,mfcc20_mean,mfcc20_var
0.40280697,0.08056949,0.17759283,0.0048255804,2648.809544128405,266074.46027944324,2384.074867259157,51756.95740715563,5546.0321767147625,749662.626463881,0.15107338795436967,0.0029568815777596385,2.0892898e-05,0.012811479,0.0004429884,0.012963317,112.34714673913044,-40.81154,1789.635,86.80334,322.2369,-26.940329,367.88055,34.94428,133.91357,-20.04464,132.35936,21.66503,117.74087,-23.949266,85.82751,19.2741,75.799515,-17.52948,92.41529,18.05118,75.712006,-16.0186,45.647633,12.443823,46.588192,-13.879082,40.95692,6.0113554,35.969273,-14.213063,35.256035,-0.81717587,37.016415,-14.489221,31.45773,-1.2266158,45.13222,-7.6988034,39.18964,4.3157125,50.541824
