chroma_stft_mean,chroma_stft_var,rms_mean,rms_var,spectral_centroid_mean,spectral_centroid_var,spectral_bandwidth_mean,spectral_bandwidth_var,rolloff_mean,rolloff_var,zero_crossing_rate_mean,zero_crossing_rate_var,harmony_mean,harmony_var,perceptr_mean,perceptr_var,tempo,mfcc1_mean,mfcc1_var,mfcc2_mean,mfcc2_var,mfcc3_mean,mfcc3_var,mfcc4_mean,mfcc4_var,mfcc5_mean,mfcc5_var,mfcc6_mean,mfcc6_var,mfcc7_mean,mfcc7_var,mfcc8_mean,mfcc8_var,mfcc9_mean,mfcc9_var,mfcc10_mean,mfcc10_var,mfcc11_mean,mfcc11_var,mfcc12_mean,mfcc12_var,mfcc13_mean,mfcc13_var,mfcc14_mean,mfcc14_var,mfcc15_mean,mfcc15_var,mfcc16_mean,mfcc16_var,mfcc17_mean,mfcc17_var,mfcc18_mean,mfcc18_var,mfcc19_mean,mfcc19_var,mfcc20_mean,mfcc20_var
0.4082245,0.082298905,0.15328684,0.003629896,2460.976249719336,490339.8161713223,2302.7645721470553,116596.98820241926,5018.7851199971,1887710.7085403334,0.13702236803944315,0.003767086580930932,-3.0096291e-05,0.008991112,-3.6471192e-05,0.010256954,107.666015625,-86.06048,3443.1184,87.53962,719.90186,-20.164946,294.43207,53.994804,191.63533,-1.049911,188.96179,19.554422,106.79179,-4.0692763,158.74294,21.03328,72.13238,-19.54656,126.193756,12.379771,128.56291,-22.007032,94.37142,9.582276,105.81382,-15.912197,131.74509,3.9749224,84.71043,-13.915902,56.371773,2.3806329,75.63943,-7.735189,59.389717,3.4427562,48.845783,-4.146654,87.228714,5.9218817,64.73723
