chroma_stft_mean,chroma_stft_var,rms_mean,rms_var,spectral_centroid_mean,spectral_centroid_var,spectral_bandwidth_mean,spectral_bandwidth_var,rolloff_mean,rolloff_var,zero_crossing_rate_mean,zero_crossing_rate_var,harmony_mean,harmony_var,perceptr_mean,perceptr_var,tempo,mfcc1_mean,mfcc1_var,mfcc2_mean,mfcc2_var,mfcc3_mean,mfcc3_var,mfcc4_mean,mfcc4_var,mfcc5_mean,mfcc5_var,mfcc6_mean,mfcc6_var,mfcc7_mean,mfcc7_var,mfcc8_mean,mfcc8_var,mfcc9_mean,mfcc9_var,mfcc10_mean,mfcc10_var,mfcc11_mean,mfcc11_var,mfcc12_mean,mfcc12_var,mfcc13_mean,mfcc13_var,mfcc14_mean,mfcc14_var,mfcc15_mean,mfcc15_var,mfcc16_mean,mfcc16_var,mfcc17_mean,mfcc17_var,mfcc18_mean,mfcc18_var,mfcc19_mean,mfcc19_var,mfcc20_mean,mfcc20_var
0.4529953,0.086779214,0.08474546,0.001775811,2292.343238495662,429166.827516305,2348.2576081037573,97938.1686300076,5038.586340813515,1787596.4573250355,0.09976307219160867,0.0029010117907457165,-4.000763e-06,0.0035273826,-1.5239848e-05,0.0029330146,123.046875,-154.65105,4178.8022,97.93247,573.20795,-10.3476305,278.10025,39.127403,129.9417,-11.209807,116.209274,24.103395,128.01373,-11.851628,74.14979,24.192099,84.57513,-13.451448,67.581245,20.55775,68.80918,-8.3087,62.357204,5.8849826,63.881996,-9.684563,70.732315,3.937956,44.46008,-8.818462,46.144386,3.3022313,43.245407,-0.30548558,62.860863,7.588761,65.56064,0.6538663,64.57523,0.80032057,70.42904
