chroma_stft_mean,chroma_stft_var,rms_mean,rms_var,spectral_centroid_mean,spectral_centroid_var,spectral_bandwidth_mean,spectral_bandwidth_var,rolloff_mean,rolloff_var,zero_crossing_rate_mean,zero_crossing_rate_var,harmony_mean,harmony_var,perceptr_mean,perceptr_var,tempo,mfcc1_mean,mfcc1_var,mfcc2_mean,mfcc2_var,mfcc3_mean,mfcc3_var,mfcc4_mean,mfcc4_var,mfcc5_mean,mfcc5_var,mfcc6_mean,mfcc6_var,mfcc7_mean,mfcc7_var,mfcc8_mean,mfcc8_var,mfcc9_mean,mfcc9_var,mfcc10_mean,mfcc10_var,mfcc11_mean,mfcc11_var,mfcc12_mean,mfcc12_var,mfcc13_mean,mfcc13_var,mfcc14_mean,mfcc14_var,mfcc15_mean,mfcc15_var,mfcc16_mean,mfcc16_var,mfcc17_mean,mfcc17_var,mfcc18_mean,mfcc18_var,mfcc19_mean,mfcc19_var,mfcc20_mean,mfcc20_var
0.3701102,0.08305006,0.07616043,0.0005364708,1937.51088284663,129672.81443847802,2099.6513207178587,66330.23618061627,4163.010995957801,871812.3441670608,0.0924305454853055,0.000567057175775645,-0.0026335712,0.0029801826,-0.001984259,0.0014330577,117.45383522727273,-143.2467,2048.1006,122.61794,233.0118,-23.91729,304.63367,28.138706,184.34651,-23.6903,149.90065,23.092947,93.99748,-17.904812,104.99982,18.74588,60.66691,-18.637712,75.85052,18.351133,66.05009,-13.917981,45.05093,9.725552,49.337963,-12.233235,39.894463,4.9434347,48.729748,-8.383514,36.25505,5.477707,36.42521,-7.868045,37.53309,3.9424803,34.40035,-5.717735,34.480587,-0.63769877,50.17703
