chroma_stft_mean,chroma_stft_var,rms_mean,rms_var,spectral_centroid_mean,spectral_centroid_var,spectral_bandwidth_mean,spectral_bandwidth_var,rolloff_mean,rolloff_var,zero_crossing_rate_mean,zero_crossing_rate_var,harmony_mean,harmony_var,perceptr_mean,perceptr_var,tempo,mfcc1_mean,mfcc1_var,mfcc2_mean,mfcc2_var,mfcc3_mean,mfcc3_var,mfcc4_mean,mfcc4_var,mfcc5_mean,mfcc5_var,mfcc6_mean,mfcc6_var,mfcc7_mean,mfcc7_var,mfcc8_mean,mfcc8_var,mfcc9_mean,mfcc9_var,mfcc10_mean,mfcc10_var,mfcc11_mean,mfcc11_var,mfcc12_mean,mfcc12_var,mfcc13_mean,mfcc13_var,mfcc14_mean,mfcc14_var,mfcc15_mean,mfcc15_var,mfcc16_mean,mfcc16_var,mfcc17_mean,mfcc17_var,mfcc18_mean,mfcc18_var,mfcc19_mean,mfcc19_var,mfcc20_mean,mfcc20_var
0.36492804,0.08137588,0.09131899,0.000941242,2541.8943744344933,258764.37664827512,2289.500881908814,63307.49155108151,5183.456668720998,893433.4849316464,0.14323520881670534,0.0028102931675165073,1.6329546e-05,0.004712397,0.00027223615,0.0019609218,99.38401442307692,-103.8082,1857.6292,92.46262,398.23624,-27.213505,285.32916,39.22121,187.83292,-23.041712,86.96115,20.625483,86.715195,-17.76918,61.809002,18.95148,43.15806,-15.207714,57.716026,16.388752,46.90897,-14.656909,44.358257,12.241646,50.148285,-14.979623,52.366203,8.230577,49.586155,-11.895829,39.820263,1.0182954,41.414055,-8.907712,48.689148,5.187954,60.61724,-6.437976,56.676697,1.6997781,65.973
