chroma_stft_mean,chroma_stft_var,rms_mean,rms_var,spectral_centroid_mean,spectral_centroid_var,spectral_bandwidth_mean,spectral_bandwidth_var,rolloff_mean,rolloff_var,zero_crossing_rate_mean,zero_crossing_rate_var,harmony_mean,harmony_var,perceptr_mean,perceptr_var,tempo,mfcc1_mean,mfcc1_var,mfcc2_mean,mfcc2_var,mfcc3_mean,mfcc3_var,mfcc4_mean,mfcc4_var,mfcc5_mean,mfcc5_var,mfcc6_mean,mfcc6_var,mfcc7_mean,mfcc7_var,mfcc8_mean,mfcc8_var,mfcc9_mean,mfcc9_var,mfcc10_mean,mfcc10_var,mfcc11_mean,mfcc11_var,mfcc12_mean,mfcc12_var,mfcc13_mean,mfcc13_var,mfcc14_mean,mfcc14_var,mfcc15_mean,mfcc15_var,mfcc16_mean,mfcc16_var,mfcc17_mean,mfcc17_var,mfcc18_mean,mfcc18_var,mfcc19_mean,mfcc19_var,mfcc20_mean,mfcc20_var
0.38212395,0.08890828,0.11454933,0.003202934,3328.4809117165955,640722.6470214752,3111.6719473592766,133846.36859193663,7195.770306155742,1935982.047889786,0.16901441959106728,0.005119949390194529,-1.3925976e-06,0.004902675,-6.9906105e-06,0.00799168,123.046875,-83.55509,2144.5955,64.49134,405.74182,5.6444163,383.59506,2.70193,191.07558,0.78633994,167.37979,6.165176,92.54009,1.884115,75.52765,1.9749736,65.206276,-1.8108131,78.26842,1.8658113,69.18772,2.4624798,67.694595,-0.22272578,44.80241,2.9572232,45.83983,-3.3813763,42.327618,-0.8703699,44.982254,0.0421895,43.09704,-1.5689081,56.43263,0.5630036,48.37765,0.3044867,57.798058,-2.779204,47.750435
