chroma_stft_mean,chroma_stft_var,rms_mean,rms_var,spectral_centroid_mean,spectral_centroid_var,spectral_bandwidth_mean,spectral_bandwidth_var,rolloff_mean,rolloff_var,zero_crossing_rate_mean,zero_crossing_rate_var,harmony_mean,harmony_var,perceptr_mean,perceptr_var,tempo,mfcc1_mean,mfcc1_var,mfcc2_mean,mfcc2_var,mfcc3_mean,mfcc3_var,mfcc4_mean,mfcc4_var,mfcc5_mean,mfcc5_var,mfcc6_mean,mfcc6_var,mfcc7_mean,mfcc7_var,mfcc8_mean,mfcc8_var,mfcc9_mean,mfcc9_var,mfcc10_mean,mfcc10_var,mfcc11_mean,mfcc11_var,mfcc12_mean,mfcc12_var,mfcc13_mean,mfcc13_var,mfcc14_mean,mfcc14_var,mfcc15_mean,mfcc15_var,mfcc16_mean,mfcc16_var,mfcc17_mean,mfcc17_var,mfcc18_mean,mfcc18_var,mfcc19_mean,mfcc19_var,mfcc20_mean,mfcc20_var
0.429202,0.08308239,0.110883966,0.0012756679,2690.503166212552,218732.89414313267,2480.3830352205878,50979.38008024168,5775.486525250145,618245.6388478632,0.12989565206883216,0.0018727491932614393,5.2436944e-06,0.00496996,-4.199904e-05,0.004254125,135.99917763157896,-91.738495,1476.0574,86.314156,263.65887,-17.3545,263.55936,43.086975,114.414116,-18.393627,107.41457,34.048004,63.570415,-18.388496,82.41416,26.830929,57.004044,-13.561455,66.60003,20.20347,68.053955,-14.606948,59.591557,12.665814,52.99696,-12.592617,51.874348,6.198493,43.024895,-10.431799,39.368076,7.356471,36.97824,-8.052274,44.627796,7.110288,52.7226,-2.443913,52.218678,-0.110924944,46.84413
