chroma_stft_mean,chroma_stft_var,rms_mean,rms_var,spectral_centroid_mean,spectral_centroid_var,spectral_bandwidth_mean,spectral_bandwidth_var,rolloff_mean,rolloff_var,zero_crossing_rate_mean,zero_crossing_rate_var,harmony_mean,harmony_var,perceptr_mean,perceptr_var,tempo,mfcc1_mean,mfcc1_var,mfcc2_mean,mfcc2_var,mfcc3_mean,mfcc3_var,mfcc4_mean,mfcc4_var,mfcc5_mean,mfcc5_var,mfcc6_mean,mfcc6_var,mfcc7_mean,mfcc7_var,mfcc8_mean,mfcc8_var,mfcc9_mean,mfcc9_var,mfcc10_mean,mfcc10_var,mfcc11_mean,mfcc11_var,mfcc12_mean,mfcc12_var,mfcc13_mean,mfcc13_var,mfcc14_mean,mfcc14_var,mfcc15_mean,mfcc15_var,mfcc16_mean,mfcc16_var,mfcc17_mean,mfcc17_var,mfcc18_mean,mfcc18_var,mfcc19_mean,mfcc19_var,mfcc20_mean,mfcc20_var
0.42124674,0.08551883,0.20944752,0.007226574,2396.9886992287784,565061.2131715403,2208.6154032949166,134426.46508566255,4920.578392365139,1754080.0372075518,0.13527580904389017,0.0054238293210201695,2.3802284e-07,0.018335067,-1.3669983e-05,0.019997481,123.046875,-45.15996,3613.4253,98.66788,913.6738,-24.665955,500.01282,40.495197,173.16138,-18.095556,151.66263,26.117126,110.305756,-12.685222,141.0714,13.979276,70.99511,-15.417927,62.300735,16.17709,61.617603,-14.375685,56.33897,8.136641,46.707542,-11.938592,61.51012,5.378862,48.92406,-7.678949,47.11509,3.6758816,39.08902,-6.8051763,35.907543,1.4878699,33.19696,-5.7984204,30.238937,-2.5041528,34.93967
