chroma_stft_mean,chroma_stft_var,rms_mean,rms_var,spectral_centroid_mean,spectral_centroid_var,spectral_bandwidth_mean,spectral_bandwidth_var,rolloff_mean,rolloff_var,zero_crossing_rate_mean,zero_crossing_rate_var,harmony_mean,harmony_var,perceptr_mean,perceptr_var,tempo,mfcc1_mean,mfcc1_var,mfcc2_mean,mfcc2_var,mfcc3_mean,mfcc3_var,mfcc4_mean,mfcc4_var,mfcc5_mean,mfcc5_var,mfcc6_mean,mfcc6_var,mfcc7_mean,mfcc7_var,mfcc8_mean,mfcc8_var,mfcc9_mean,mfcc9_var,mfcc10_mean,mfcc10_var,mfcc11_mean,mfcc11_var,mfcc12_mean,mfcc12_var,mfcc13_mean,mfcc13_var,mfcc14_mean,mfcc14_var,mfcc15_mean,mfcc15_var,mfcc16_mean,mfcc16_var,mfcc17_mean,mfcc17_var,mfcc18_mean,mfcc18_var,mfcc19_mean,mfcc19_var,mfcc20_mean,mfcc20_var
0.42698523,0.08796056,0.15107872,0.008467534,2387.679352105525,436512.54088587634,2191.294481593388,99715.68416512189,4919.995513703596,1407115.1658289481,0.12762833526682135,0.003857930040108707,-3.707839e-05,0.006626129,-0.0001497741,0.017624887,107.666015625,-107.9877,5138.9917,81.93319,673.69037,-30.605755,686.94293,41.328526,314.83447,-8.496704,203.67044,31.341997,173.08807,-8.859784,181.52292,26.03168,100.267845,-8.266655,114.300804,17.888088,89.023895,-4.6463256,79.08354,7.425041,45.609894,-4.354049,59.328148,4.487458,49.97493,-4.098499,56.431168,3.0758781,48.28718,-0.27600202,59.4765,4.9909654,65.84383,0.4085012,76.060265,3.8310826,87.65043
