chroma_stft_mean,chroma_stft_var,rms_mean,rms_var,spectral_centroid_mean,spectral_centroid_var,spectral_bandwidth_mean,spectral_bandwidth_var,rolloff_mean,rolloff_var,zero_crossing_rate_mean,zero_crossing_rate_var,harmony_mean,harmony_var,perceptr_mean,perceptr_var,tempo,mfcc1_mean,mfcc1_var,mfcc2_mean,mfcc2_var,mfcc3_mean,mfcc3_var,mfcc4_mean,mfcc4_var,mfcc5_mean,mfcc5_var,mfcc6_mean,mfcc6_var,mfcc7_mean,mfcc7_var,mfcc8_mean,mfcc8_var,mfcc9_mean,mfcc9_var,mfcc10_mean,mfcc10_var,mfcc11_mean,mfcc11_var,mfcc12_mean,mfcc12_var,mfcc13_mean,mfcc13_var,mfcc14_mean,mfcc14_var,mfcc15_mean,mfcc15_var,mfcc16_mean,mfcc16_var,mfcc17_mean,mfcc17_var,mfcc18_mean,mfcc18_var,mfcc19_mean,mfcc19_var,mfcc20_mean,mfcc20_var
0.44803378,0.08174124,0.20679496,0.0028870977,2722.8382056047735,432405.26426642836,2569.440633678847,88608.98822725029,5472.246935614224,1674089.5136308162,0.1446281579262452,0.003816777371252153,-0.00010856165,0.021280916,-0.0013083952,0.01075043,107.666015625,-24.816133,1547.387,73.69842,575.51044,-11.7444935,297.6451,28.304634,209.91534,6.291743,124.06496,2.1907132,109.36379,8.419229,107.82646,12.195893,74.31274,-4.0575852,67.549866,13.498219,53.906116,1.8683927,40.21972,-0.9259459,57.10428,0.5338901,36.219994,2.4650354,45.155117,-3.813913,38.149487,-0.92006296,42.417015,-0.9959542,67.10714,-3.46952,78.10393,-0.96042603,66.49503,0.0076329024,90.52894
