chroma_stft_mean,chroma_stft_var,rms_mean,rms_var,spectral_centroid_mean,spectral_centroid_var,spectral_bandwidth_mean,spectral_bandwidth_var,rolloff_mean,rolloff_var,zero_crossing_rate_mean,zero_crossing_rate_var,harmony_mean,harmony_var,perceptr_mean,perceptr_var,tempo,mfcc1_mean,mfcc1_var,mfcc2_mean,mfcc2_var,mfcc3_mean,mfcc3_var,mfcc4_mean,mfcc4_var,mfcc5_mean,mfcc5_var,mfcc6_mean,mfcc6_var,mfcc7_mean,mfcc7_var,mfcc8_mean,mfcc8_var,mfcc9_mean,mfcc9_var,mfcc10_mean,mfcc10_var,mfcc11_mean,mfcc11_var,mfcc12_mean,mfcc12_var,mfcc13_mean,mfcc13_var,mfcc14_mean,mfcc14_var,mfcc15_mean,mfcc15_var,mfcc16_mean,mfcc16_var,mfcc17_mean,mfcc17_var,mfcc18_mean,mfcc18_var,mfcc19_mean,mfcc19_var,mfcc20_mean,mfcc20_var
0.3883355,0.10085652,0.0921835,0.0009703862,2144.8670789271628,511443.53329393925,2403.8472224133425,158905.56819695525,4947.807152697216,2273367.4753153184,0.0648764531370843,0.0013407032930244807,-0.002447934,0.0048484546,-0.0025044107,0.002552248,123.046875,-189.154,7445.0425,93.94434,521.0992,7.849922,858.0818,41.894196,296.97824,-7.1112595,185.07065,31.876925,111.37595,-12.5919695,121.36944,24.209433,71.92225,-6.070887,109.761284,24.529634,93.82023,-6.031069,148.64557,16.755129,131.55672,-2.0233445,97.30832,6.327988,106.3329,-8.54724,80.35483,3.815166,46.08794,-2.5830746,54.585728,-0.8535464,68.71836,-3.1038532,96.92232,10.20412,83.224236
