chroma_stft_mean,chroma_stft_var,rms_mean,rms_var,spectral_centroid_mean,spectral_centroid_var,spectral_bandwidth_mean,spectral_bandwidth_var,rolloff_mean,rolloff_var,zero_crossing_rate_mean,zero_crossing_rate_var,harmony_mean,harmony_var,perceptr_mean,perceptr_var,tempo,mfcc1_mean,mfcc1_var,mfcc2_mean,mfcc2_var,mfcc3_mean,mfcc3_var,mfcc4_mean,mfcc4_var,mfcc5_mean,mfcc5_var,mfcc6_mean,mfcc6_var,mfcc7_mean,mfcc7_var,mfcc8_mean,mfcc8_var,mfcc9_mean,mfcc9_var,mfcc10_mean,mfcc10_var,mfcc11_mean,mfcc11_var,mfcc12_mean,mfcc12_var,mfcc13_mean,mfcc13_var,mfcc14_mean,mfcc14_var,mfcc15_mean,mfcc15_var,mfcc16_mean,mfcc16_var,mfcc17_mean,mfcc17_var,mfcc18_mean,mfcc18_var,mfcc19_mean,mfcc19_var,mfcc20_mean,mfcc20_var
0.4097578,0.09036134,0.11226138,0.0016716537,2617.495747563951,344762.26416475384,2156.578982396535,96223.69529718015,4986.227183330917,1160221.84910768,0.15433765951276102,0.0033193964008791407,-1.9624974e-07,0.0055875587,5.7771495e-06,0.004621355,99.38401442307692,-105.02221,2455.493,80.18618,471.93765,-41.07682,520.99896,54.00217,221.3407,-8.363626,155.22993,25.715185,152.72119,-12.457802,100.23728,28.7062,80.33444,-15.013625,69.315445,15.607914,56.706413,-7.6197186,56.446686,12.427019,64.66126,-7.360461,57.932365,5.768208,57.893597,-9.624188,61.931107,3.9919102,62.83551,-7.3489637,52.201458,3.433725,52.08326,-3.5105474,70.10501,-2.90249,85.91293
