chroma_stft_mean,chroma_stft_var,rms_mean,rms_var,spectral_centroid_mean,spectral_centroid_var,spectral_bandwidth_mean,spectral_bandwidth_var,rolloff_mean,rolloff_var,zero_crossing_rate_mean,zero_crossing_rate_var,harmony_mean,harmony_var,perceptr_mean,perceptr_var,tempo,mfcc1_mean,mfcc1_var,mfcc2_mean,mfcc2_var,mfcc3_mean,mfcc3_var,mfcc4_mean,mfcc4_var,mfcc5_mean,mfcc5_var,mfcc6_mean,mfcc6_var,mfcc7_mean,mfcc7_var,mfcc8_mean,mfcc8_var,mfcc9_mean,mfcc9_var,mfcc10_mean,mfcc10_var,mfcc11_mean,mfcc11_var,mfcc12_mean,mfcc12_var,mfcc13_mean,mfcc13_var,mfcc14_mean,mfcc14_var,mfcc15_mean,mfcc15_var,mfcc16_mean,mfcc16_var,mfcc17_mean,mfcc17_var,mfcc18_mean,mfcc18_var,mfcc19_mean,mfcc19_var,mfcc20_mean,mfcc20_var
0.48534542,0.07670391,0.09060119,0.0028783327,2574.4596642775045,432699.5721419409,2396.4319550740747,95936.23066388683,5458.62535799739,1467936.101811084,0.14611353804137664,0.004203579946984526,2.9853966e-06,0.002571001,5.4650463e-05,0.0057611037,129.19921875,-125.691124,1860.995,88.54062,583.1719,-16.764917,353.594,42.78476,206.76556,-9.905494,120.22728,29.165888,102.353,-19.357843,92.69958,20.46263,68.83755,-16.489721,65.19472,15.01323,55.798145,-8.7628,53.619,12.773269,45.487083,-7.7579846,41.074554,7.044875,42.845665,-8.517818,33.039425,3.2749631,32.60456,-6.4780283,43.295677,5.800038,32.013554,-3.495919,35.273003,-0.05712178,35.27227
