chroma_stft_mean,chroma_stft_var,rms_mean,rms_var,spectral_centroid_mean,spectral_centroid_var,spectral_bandwidth_mean,spectral_bandwidth_var,rolloff_mean,rolloff_var,zero_crossing_rate_mean,zero_crossing_rate_var,harmony_mean,harmony_var,perceptr_mean,perceptr_var,tempo,mfcc1_mean,mfcc1_var,mfcc2_mean,mfcc2_var,mfcc3_mean,mfcc3_var,mfcc4_mean,mfcc4_var,mfcc5_mean,mfcc5_var,mfcc6_mean,mfcc6_var,mfcc7_mean,mfcc7_var,mfcc8_mean,mfcc8_var,mfcc9_mean,mfcc9_var,mfcc10_mean,mfcc10_var,mfcc11_mean,mfcc11_var,mfcc12_mean,mfcc12_var,mfcc13_mean,mfcc13_var,mfcc14_mean,mfcc14_var,mfcc15_mean,mfcc15_var,mfcc16_mean,mfcc16_var,mfcc17_mean,mfcc17_var,mfcc18_mean,mfcc18_var,mfcc19_mean,mfcc19_var,mfcc20_mean,mfcc20_var
0.45429057,0.08680474,0.19048811,0.0056288005,2801.719944106093,308724.0134859118,2423.6424425279492,98312.63632248367,5445.952622059036,1173359.150754603,0.1643124669216705,0.0031361834217439413,-0.0003186028,0.010446005,-0.0010874802,0.0207577,123.046875,-32.569878,1611.0778,65.03629,414.32184,-26.761168,382.73618,30.300564,215.40613,5.697337,163.54128,11.660783,124.30754,-2.227687,137.8165,10.421782,80.80213,-2.3734117,95.78255,5.365474,74.63126,-3.8786147,98.23391,-0.86318004,58.500446,-0.2106435,67.5853,3.4743693,55.41417,-3.0502956,60.379765,0.35862797,75.1405,-0.9338928,64.9433,1.1889795,66.16892,0.026238304,76.6177,2.9308534,82.42348
