chroma_stft_mean,chroma_stft_var,rms_mean,rms_var,spectral_centroid_mean,spectral_centroid_var,spectral_bandwidth_mean,spectral_bandwidth_var,rolloff_mean,rolloff_var,zero_crossing_rate_mean,zero_crossing_rate_var,harmony_mean,harmony_var,perceptr_mean,perceptr_var,tempo,mfcc1_mean,mfcc1_var,mfcc2_mean,mfcc2_var,mfcc3_mean,mfcc3_var,mfcc4_mean,mfcc4_var,mfcc5_mean,mfcc5_var,mfcc6_mean,mfcc6_var,mfcc7_mean,mfcc7_var,mfcc8_mean,mfcc8_var,mfcc9_mean,mfcc9_var,mfcc10_mean,mfcc10_var,mfcc11_mean,mfcc11_var,mfcc12_mean,mfcc12_var,mfcc13_mean,mfcc13_var,mfcc14_mean,mfcc14_var,mfcc15_mean,mfcc15_var,mfcc16_mean,mfcc16_var,mfcc17_mean,mfcc17_var,mfcc18_mean,mfcc18_var,mfcc19_mean,mfcc19_var,mfcc20_mean,mfcc20_var
0.45011917,0.07988506,0.16993791,0.0046382463,3167.957019535548,670882.4104262296,3047.7515848614516,80129.50221436637,6935.539964290893,1698825.1133826193,0.15077543443058777,0.0059440167185475816,3.7626119e-06,0.012200982,-4.8034667e-06,0.011677735,135.99917763157896,-40.752613,2001.5311,63.94863,436.34833,4.9002733,218.24033,16.338194,247.35696,12.109656,199.67897,9.335104,92.55706,4.537441,90.72023,5.1856236,63.811558,-0.590275,58.546925,-0.085546345,68.90598,2.94747,51.344444,-1.4827536,40.647053,-1.7634144,38.33026,-2.2719662,31.324736,-6.1210017,45.310555,-4.726044,33.427406,-4.745715,31.178467,-5.7655835,25.345272,-4.028948,25.122086,-5.362669,24.810057
