chroma_stft_mean,chroma_stft_var,rms_mean,rms_var,spectral_centroid_mean,spectral_centroid_var,spectral_bandwidth_mean,spectral_bandwidth_var,rolloff_mean,rolloff_var,zero_crossing_rate_mean,zero_crossing_rate_var,harmony_mean,harmony_var,perceptr_mean,perceptr_var,tempo,mfcc1_mean,mfcc1_var,mfcc2_mean,mfcc2_var,mfcc3_mean,mfcc3_var,mfcc4_mean,mfcc4_var,mfcc5_mean,mfcc5_var,mfcc6_mean,mfcc6_var,mfcc7_mean,mfcc7_var,mfcc8_mean,mfcc8_var,mfcc9_mean,mfcc9_var,mfcc10_mean,mfcc10_var,mfcc11_mean,mfcc11_var,mfcc12_mean,mfcc12_var,mfcc13_mean,mfcc13_var,mfcc14_mean,mfcc14_var,mfcc15_mean,mfcc15_var,mfcc16_mean,mfcc16_var,mfcc17_mean,mfcc17_var,mfcc18_mean,mfcc18_var,mfcc19_mean,mfcc19_var,mfcc20_mean,mfcc20_var
0.43539393,0.08672395,0.17817323,0.0019677149,3167.5553238891907,700617.4478253846,2934.880440699375,99919.69052096836,6730.133523963167,1983505.4323495952,0.15097822409126063,0.006583157659780504,2.6272141e-07,0.015907902,-9.648679e-06,0.00839723,112.34714673913044,-32.176426,2745.1287,60.042603,769.5023,3.3742273,405.27945,18.975922,378.8941,4.3331447,286.8976,0.68896496,182.80222,-2.0220764,166.17732,1.329652,106.56806,-4.6426954,88.61101,3.790977,71.56391,-6.739723,57.030296,-4.8872533,38.740917,-2.336693,58.320114,-1.6814722,39.361984,-3.4923313,47.577873,-2.6718416,44.67499,1.0063704,40.048256,4.0142937,60.03543,4.700172,56.59582,5.847051,49.90871
