chroma_stft_mean,chroma_stft_var,rms_mean,rms_var,spectral_centroid_mean,spectral_centroid_var,spectral_bandwidth_mean,spectral_bandwidth_var,rolloff_mean,rolloff_var,zero_crossing_rate_mean,zero_crossing_rate_var,harmony_mean,harmony_var,perceptr_mean,perceptr_var,tempo,mfcc1_mean,mfcc1_var,mfcc2_mean,mfcc2_var,mfcc3_mean,mfcc3_var,mfcc4_mean,mfcc4_var,mfcc5_mean,mfcc5_var,mfcc6_mean,mfcc6_var,mfcc7_mean,mfcc7_var,mfcc8_mean,mfcc8_var,mfcc9_mean,mfcc9_var,mfcc10_mean,mfcc10_var,mfcc11_mean,mfcc11_var,mfcc12_mean,mfcc12_var,mfcc13_mean,mfcc13_var,mfcc14_mean,mfcc14_var,mfcc15_mean,mfcc15_var,mfcc16_mean,mfcc16_var,mfcc17_mean,mfcc17_var,mfcc18_mean,mfcc18_var,mfcc19_mean,mfcc19_var,mfcc20_mean,mfcc20_var
0.44101816,0.08248898,0.122635394,0.0015603682,2418.030526971729,353005.28754861024,2432.2940291263426,82714.38796330888,5386.464979698376,1413592.381011232,0.11256940919856923,0.0026906185623706805,-1.4727826e-06,0.0060076555,-6.0126767e-05,0.005126422,123.046875,-91.60158,1842.4957,99.44184,424.39362,-8.968849,268.01303,40.157185,205.14023,-18.011234,144.85481,22.539673,122.75149,-21.947449,116.82925,15.766949,94.16991,-25.639265,64.271835,17.657349,58.013237,-13.664313,53.252506,15.622417,72.18288,-15.459026,49.01488,4.5017815,44.623936,-10.141648,55.745914,0.458398,49.092056,-10.141388,40.08135,4.7843423,45.266922,-6.88776,47.371387,-0.9881234,41.126026
