chroma_stft_mean,chroma_stft_var,rms_mean,rms_var,spectral_centroid_mean,spectral_centroid_var,spectral_bandwidth_mean,spectral_bandwidth_var,rolloff_mean,rolloff_var,zero_crossing_rate_mean,zero_crossing_rate_var,harmony_mean,harmony_var,perceptr_mean,perceptr_var,tempo,mfcc1_mean,mfcc1_var,mfcc2_mean,mfcc2_var,mfcc3_mean,mfcc3_var,mfcc4_mean,mfcc4_var,mfcc5_mean,mfcc5_var,mfcc6_mean,mfcc6_var,mfcc7_mean,mfcc7_var,mfcc8_mean,mfcc8_var,mfcc9_mean,mfcc9_var,mfcc10_mean,mfcc10_var,mfcc11_mean,mfcc11_var,mfcc12_mean,mfcc12_var,mfcc13_mean,mfcc13_var,mfcc14_mean,mfcc14_var,mfcc15_mean,mfcc15_var,mfcc16_mean,mfcc16_var,mfcc17_mean,mfcc17_var,mfcc18_mean,mfcc18_var,mfcc19_mean,mfcc19_var,mfcc20_mean,mfcc20_var
0.5680954,0.07834053,0.089196034,0.0030359628,3004.2823843648275,830374.416357962,2745.823220302523,55900.31452414137,6576.211923125725,802542.7997544548,0.1586842311968291,0.00959489825352795,-8.204382e-05,0.0019240578,-0.0005153977,0.0063760015,123.046875,-166.88416,5414.4976,67.67795,1010.69763,11.208783,673.8134,37.44182,417.99994,-10.936878,219.06429,27.39581,184.50821,-18.942213,147.49341,27.296139,74.22068,-15.84909,103.12714,20.541365,79.45681,-8.619039,98.91399,14.184042,83.04305,-6.046257,71.331894,12.007288,77.818504,-6.077664,94.63388,7.2749496,61.226955,-4.2322536,68.001816,5.1271224,61.372765,-4.525802,56.357464,3.4588468,44.462906
