chroma_stft_mean,chroma_stft_var,rms_mean,rms_var,spectral_centroid_mean,spectral_centroid_var,spectral_bandwidth_mean,spectral_bandwidth_var,rolloff_mean,rolloff_var,zero_crossing_rate_mean,zero_crossing_rate_var,harmony_mean,harmony_var,perceptr_mean,perceptr_var,tempo,mfcc1_mean,mfcc1_var,mfcc2_mean,mfcc2_var,mfcc3_mean,mfcc3_var,mfcc4_mean,mfcc4_var,mfcc5_mean,mfcc5_var,mfcc6_mean,mfcc6_var,mfcc7_mean,mfcc7_var,mfcc8_mean,mfcc8_var,mfcc9_mean,mfcc9_var,mfcc10_mean,mfcc10_var,mfcc11_mean,mfcc11_var,mfcc12_mean,mfcc12_var,mfcc13_mean,mfcc13_var,mfcc14_mean,mfcc14_var,mfcc15_mean,mfcc15_var,mfcc16_mean,mfcc16_var,mfcc17_mean,mfcc17_var,mfcc18_mean,mfcc18_var,mfcc19_mean,mfcc19_var,mfcc20_mean,mfcc20_var
0.42836955,0.09106811,0.1755619,0.003678601,2737.358914673473,488208.4145952346,2613.804056295593,129213.77097682354,5710.012308756511,1875048.5968649285,0.1314991138599537,0.0038752190319026607,-0.00040031882,0.014173842,-0.0010047739,0.010668462,112.34714673913044,-57.955585,2364.3455,68.42821,672.1772,-15.226618,378.34787,23.4141,232.63922,14.886023,133.78354,13.217155,151.30069,2.1807864,89.23728,12.793449,76.462105,0.0489805,95.31709,12.763609,64.659424,0.0070236702,72.038155,3.38002,56.335056,0.8436664,54.035366,1.0487714,52.18961,0.55684376,43.437912,2.9899888,79.11106,2.9046798,77.96233,4.0230665,88.38397,0.52316934,61.120323,1.9532893,66.48472
