chroma_stft_mean,chroma_stft_var,rms_mean,rms_var,spectral_centroid_mean,spectral_centroid_var,spectral_bandwidth_mean,spectral_bandwidth_var,rolloff_mean,rolloff_var,zero_crossing_rate_mean,zero_crossing_rate_var,harmony_mean,harmony_var,perceptr_mean,perceptr_var,tempo,mfcc1_mean,mfcc1_var,mfcc2_mean,mfcc2_var,mfcc3_mean,mfcc3_var,mfcc4_mean,mfcc4_var,mfcc5_mean,mfcc5_var,mfcc6_mean,mfcc6_var,mfcc7_mean,mfcc7_var,mfcc8_mean,mfcc8_var,mfcc9_mean,mfcc9_var,mfcc10_mean,mfcc10_var,mfcc11_mean,mfcc11_var,mfcc12_mean,mfcc12_var,mfcc13_mean,mfcc13_var,mfcc14_mean,mfcc14_var,mfcc15_mean,mfcc15_var,mfcc16_mean,mfcc16_var,mfcc17_mean,mfcc17_var,mfcc18_mean,mfcc18_var,mfcc19_mean,mfcc19_var,mfcc20_mean,mfcc20_var
0.41056672,0.08667929,0.17707454,0.0026135747,3292.704549878069,552468.1847909248,2768.0390848656034,137858.88744297362,6522.435342111895,2067639.9340634851,0.1885523173483103,0.004372701970941694,-0.00019206897,0.013918419,-0.0012383568,0.009862321,117.45383522727273,-29.0431,1143.0614,51.860497,524.64246,-7.5676084,378.86328,21.507437,181.3151,8.141378,79.60213,18.118086,93.58491,6.8945746,76.314926,6.569047,53.50234,0.71136445,47.764553,11.159763,60.684547,-1.816327,41.905853,1.63559,45.748596,-2.5911896,42.603188,-1.3763998,42.883904,-3.614617,44.11499,0.2174406,61.26924,-0.39202842,93.40186,2.6324089,84.18346,-3.3654647,68.51461,-0.089749634,82.249374
