chroma_stft_mean,chroma_stft_var,rms_mean,rms_var,spectral_centroid_mean,spectral_centroid_var,spectral_bandwidth_mean,spectral_bandwidth_var,rolloff_mean,rolloff_var,zero_crossing_rate_mean,zero_crossing_rate_var,harmony_mean,harmony_var,perceptr_mean,perceptr_var,tempo,mfcc1_mean,mfcc1_var,mfcc2_mean,mfcc2_var,mfcc3_mean,mfcc3_var,mfcc4_mean,mfcc4_var,mfcc5_mean,mfcc5_var,mfcc6_mean,mfcc6_var,mfcc7_mean,mfcc7_var,mfcc8_mean,mfcc8_var,mfcc9_mean,mfcc9_var,mfcc10_mean,mfcc10_var,mfcc11_mean,mfcc11_var,mfcc12_mean,mfcc12_var,mfcc13_mean,mfcc13_var,mfcc14_mean,mfcc14_var,mfcc15_mean,mfcc15_var,mfcc16_mean,mfcc16_var,mfcc17_mean,mfcc17_var,mfcc18_mean,mfcc18_var,mfcc19_mean,mfcc19_var,mfcc20_mean,mfcc20_var
0.41271257,0.0853221,0.22595817,0.003968741,2837.7549858083225,400077.47493049246,2665.2183053541107,84806.36814619142,5966.530587872485,1622882.2576911338,0.14207548253676472,0.004055452214371114,-0.0001864678,0.029545218,-0.0011297613,0.00997537,129.19921875,-11.805786,1120.0671,66.32044,506.21835,-17.49376,339.09918,14.880482,196.24753,3.3793337,222.19202,11.690413,203.3882,6.847482,112.07691,11.316561,104.60534,-0.66915655,115.25972,6.309976,97.573135,0.49444005,81.61812,0.030095339,85.401276,-3.9107816,61.870403,5.4131107,69.91497,-1.9745984,48.579746,1.2235336,53.37476,-0.6033465,53.593266,2.279148,48.98665,0.37533087,73.945114,2.068748,58.676018
0.41109106,0.08425093,0.21257898,0.00451559,2752.5283433030145,271867.64794466225,2602.8455520674434,104187.30579322581,5758.481845914764,1495735.304542911,0.13875199545278638,0.00300890691022428,-0.00017206286,0.028410465,-0.0012098898,0.007834727,135.99917763157896,-20.117386,1137.8535,67.974266,386.45248,-22.747286,468.50357,16.26557,261.15097,6.222519,227.49274,9.963043,172.81573,5.078647,110.28958,12.276912,86.97091,-0.12365784,84.11099,5.003148,80.89244,-0.26325163,85.01519,2.1614323,100.24879,0.4252805,77.95887,5.996556,85.34323,0.77815753,77.06033,2.2146547,85.384254,-2.5559056,55.133217,0.8849928,44.311115,0.45210922,71.21142,3.815732,39.560104
