chroma_stft_mean,chroma_stft_var,rms_mean,rms_var,spectral_centroid_mean,spectral_centroid_var,spectral_bandwidth_mean,spectral_bandwidth_var,rolloff_mean,rolloff_var,zero_crossing_rate_mean,zero_crossing_rate_var,harmony_mean,harmony_var,perceptr_mean,perceptr_var,tempo,mfcc1_mean,mfcc1_var,mfcc2_mean,mfcc2_var,mfcc3_mean,mfcc3_var,mfcc4_mean,mfcc4_var,mfcc5_mean,mfcc5_var,mfcc6_mean,mfcc6_var,mfcc7_mean,mfcc7_var,mfcc8_mean,mfcc8_var,mfcc9_mean,mfcc9_var,mfcc10_mean,mfcc10_var,mfcc11_mean,mfcc11_var,mfcc12_mean,mfcc12_var,mfcc13_mean,mfcc13_var,mfcc14_mean,mfcc14_var,mfcc15_mean,mfcc15_var,mfcc16_mean,mfcc16_var,mfcc17_mean,mfcc17_var,mfcc18_mean,mfcc18_var,mfcc19_mean,mfcc19_var,mfcc20_mean,mfcc20_var
0.56058866,0.07546252,0.21565284,0.009976246,2200.1104645288874,982016.1991363695,2285.5671614469156,256347.38962660223,4792.170223227233,3396934.119116077,0.09830917983855375,0.007401237535857475,-0.0009943198,0.025955142,-0.0044848975,0.01455948,103.359375,-94.94585,5016.4004,94.2148,1622.3636,-2.5425851,660.1831,49.543236,290.77194,-6.608906,229.05948,33.220383,169.22412,-7.631567,189.75616,20.948034,95.26172,-8.870919,115.30534,16.786118,98.70072,-5.2582693,101.38948,10.763062,71.093315,-3.474365,58.390118,7.295585,58.120144,-3.4523704,60.670944,3.8399713,58.55381,-3.2529206,39.51478,1.7923428,54.400642,0.07654595,70.789154,3.9815254,100.02929
