chroma_stft_mean,chroma_stft_var,rms_mean,rms_var,spectral_centroid_mean,spectral_centroid_var,spectral_bandwidth_mean,spectral_bandwidth_var,rolloff_mean,rolloff_var,zero_crossing_rate_mean,zero_crossing_rate_var,harmony_mean,harmony_var,perceptr_mean,perceptr_var,tempo,mfcc1_mean,mfcc1_var,mfcc2_mean,mfcc2_var,mfcc3_mean,mfcc3_var,mfcc4_mean,mfcc4_var,mfcc5_mean,mfcc5_var,mfcc6_mean,mfcc6_var,mfcc7_mean,mfcc7_var,mfcc8_mean,mfcc8_var,mfcc9_mean,mfcc9_var,mfcc10_mean,mfcc10_var,mfcc11_mean,mfcc11_var,mfcc12_mean,mfcc12_var,mfcc13_mean,mfcc13_var,mfcc14_mean,mfcc14_var,mfcc15_mean,mfcc15_var,mfcc16_mean,mfcc16_var,mfcc17_mean,mfcc17_var,mfcc18_mean,mfcc18_var,mfcc19_mean,mfcc19_var,mfcc20_mean,mfcc20_var
0.37452632,0.09261652,0.15451379,0.0012528367,2774.064292349821,861688.6479643389,2700.4561048453725,167153.27392318627,5745.168508011891,3073887.086547317,0.11452140129543696,0.004371286304950818,0.0004238979,0.012211786,0.0011645192,0.007209818,117.45383522727273,-83.2537,2499.862,67.73527,1095.0713,1.2410202,778.028,29.653978,378.25522,12.586732,409.41638,5.6169643,281.85916,6.2087727,133.53795,8.087188,92.24165,-4.766954,184.58762,7.666656,103.2458,-1.1727865,92.7386,4.248984,55.46716,1.9444283,57.93517,1.0314817,52.61279,2.3869326,53.54019,3.1086676,61.873383,-8.0600195,68.55765,1.6635858,63.14877,-1.6524816,43.815285,-3.280375,48.177563
