chroma_stft_mean,chroma_stft_var,rms_mean,rms_var,spectral_centroid_mean,spectral_centroid_var,spectral_bandwidth_mean,spectral_bandwidth_var,rolloff_mean,rolloff_var,zero_crossing_rate_mean,zero_crossing_rate_var,harmony_mean,harmony_var,perceptr_mean,perceptr_var,tempo,mfcc1_mean,mfcc1_var,mfcc2_mean,mfcc2_var,mfcc3_mean,mfcc3_var,mfcc4_mean,mfcc4_var,mfcc5_mean,mfcc5_var,mfcc6_mean,mfcc6_var,mfcc7_mean,mfcc7_var,mfcc8_mean,mfcc8_var,mfcc9_mean,mfcc9_var,mfcc10_mean,mfcc10_var,mfcc11_mean,mfcc11_var,mfcc12_mean,mfcc12_var,mfcc13_mean,mfcc13_var,mfcc14_mean,mfcc14_var,mfcc15_mean,mfcc15_var,mfcc16_mean,mfcc16_var,mfcc17_mean,mfcc17_var,mfcc18_mean,mfcc18_var,mfcc19_mean,mfcc19_var,mfcc20_mean,mfcc20_var
0.49833652,0.085458845,0.21794207,0.019337548,3053.843913876604,1146407.433959284,3025.017584952465,193371.32433675707,6668.173522241154,3482948.472696629,0.12687080070572312,0.009732325548208558,1.5178914e-07,0.0358294,8.0569735e-05,0.013727791,95.703125,-74.66587,3489.9094,58.725624,793.6614,9.914969,672.3779,21.557991,293.45694,15.055373,271.89297,4.9287863,175.20534,2.2788138,193.0501,5.4631743,160.03435,3.1182058,140.38313,0.5998957,106.71284,2.4616172,104.67558,4.2016363,111.87813,3.4685113,90.06436,3.595682,85.61442,2.7739656,73.206474,1.8868796,53.972343,-1.6994164,61.571564,-1.1438514,39.32204,-1.3498927,42.692123,-4.013917,55.69433
