chroma_stft_mean,chroma_stft_var,rms_mean,rms_var,spectral_centroid_mean,spectral_centroid_var,spectral_bandwidth_mean,spectral_bandwidth_var,rolloff_mean,rolloff_var,zero_crossing_rate_mean,zero_crossing_rate_var,harmony_mean,harmony_var,perceptr_mean,perceptr_var,tempo,mfcc1_mean,mfcc1_var,mfcc2_mean,mfcc2_var,mfcc3_mean,mfcc3_var,mfcc4_mean,mfcc4_var,mfcc5_mean,mfcc5_var,mfcc6_mean,mfcc6_var,mfcc7_mean,mfcc7_var,mfcc8_mean,mfcc8_var,mfcc9_mean,mfcc9_var,mfcc10_mean,mfcc10_var,mfcc11_mean,mfcc11_var,mfcc12_mean,mfcc12_var,mfcc13_mean,mfcc13_var,mfcc14_mean,mfcc14_var,mfcc15_mean,mfcc15_var,mfcc16_mean,mfcc16_var,mfcc17_mean,mfcc17_var,mfcc18_mean,mfcc18_var,mfcc19_mean,mfcc19_var,mfcc20_mean,mfcc20_var
0.44934258,0.093510814,0.20046541,0.015383314,2372.6884690482993,1071439.7000370277,2359.40948237905,367182.5049194382,5060.011295044229,4343756.975133718,0.0998514386359242,0.00612396932562926,-1.8378298e-05,0.031817034,-0.00034696696,0.011934392,95.703125,-140.16278,12399.764,71.62643,1066.5519,-3.7887423,1506.2157,38.988525,458.57278,4.189599,416.59183,31.528362,306.67758,-3.9393039,278.82562,19.742453,155.56175,-3.7496216,186.60094,16.006994,189.94212,-3.1765268,112.03351,11.833971,90.15263,-1.247125,110.40424,5.767767,112.04255,1.2916698,79.74876,1.6718788,71.925514,-0.83026874,60.75621,1.6229786,65.3077,-4.085927,59.223034,1.1263291,81.73278
