chroma_stft_mean,chroma_stft_var,rms_mean,rms_var,spectral_centroid_mean,spectral_centroid_var,spectral_bandwidth_mean,spectral_bandwidth_var,rolloff_mean,rolloff_var,zero_crossing_rate_mean,zero_crossing_rate_var,harmony_mean,harmony_var,perceptr_mean,perceptr_var,tempo,mfcc1_mean,mfcc1_var,mfcc2_mean,mfcc2_var,mfcc3_mean,mfcc3_var,mfcc4_mean,mfcc4_var,mfcc5_mean,mfcc5_var,mfcc6_mean,mfcc6_var,mfcc7_mean,mfcc7_var,mfcc8_mean,mfcc8_var,mfcc9_mean,mfcc9_var,mfcc10_mean,mfcc10_var,mfcc11_mean,mfcc11_var,mfcc12_mean,mfcc12_var,mfcc13_mean,mfcc13_var,mfcc14_mean,mfcc14_var,mfcc15_mean,mfcc15_var,mfcc16_mean,mfcc16_var,mfcc17_mean,mfcc17_var,mfcc18_mean,mfcc18_var,mfcc19_mean,mfcc19_var,mfcc20_mean,mfcc20_var
0.47533035,0.08821424,0.13448663,0.0052137547,2145.890945678912,950948.894706376,2441.669949507938,237543.5711345867,4529.893202670785,4008088.82671611,0.07872191436531008,0.004384389986005313,-0.0002998266,0.010168402,-0.0011929444,0.00575473,99.38401442307692,-148.12135,4682.0854,90.56765,1364.6451,-0.27532333,613.23315,28.855238,377.36578,19.306164,255.15266,15.245029,174.60625,4.281466,97.59764,15.519956,77.088,1.2726043,86.46025,11.129076,77.66257,8.849079,87.659615,6.316172,73.642334,1.6312523,40.871387,1.4264013,41.546177,-3.4119387,33.624012,1.1954082,34.12568,-0.72351336,38.630222,0.7817317,43.29166,-0.45094883,42.985985,1.7203562,66.53333
