chroma_stft_mean,chroma_stft_var,rms_mean,rms_var,spectral_centroid_mean,spectral_centroid_var,spectral_bandwidth_mean,spectral_bandwidth_var,rolloff_mean,rolloff_var,zero_crossing_rate_mean,zero_crossing_rate_var,harmony_mean,harmony_var,perceptr_mean,perceptr_var,tempo,mfcc1_mean,mfcc1_var,mfcc2_mean,mfcc2_var,mfcc3_mean,mfcc3_var,mfcc4_mean,mfcc4_var,mfcc5_mean,mfcc5_var,mfcc6_mean,mfcc6_var,mfcc7_mean,mfcc7_var,mfcc8_mean,mfcc8_var,mfcc9_mean,mfcc9_var,mfcc10_mean,mfcc10_var,mfcc11_mean,mfcc11_var,mfcc12_mean,mfcc12_var,mfcc13_mean,mfcc13_var,mfcc14_mean,mfcc14_var,mfcc15_mean,mfcc15_var,mfcc16_mean,mfcc16_var,mfcc17_mean,mfcc17_var,mfcc18_mean,mfcc18_var,mfcc19_mean,mfcc19_var,mfcc20_mean,mfcc20_var
0.46112064,0.087338924,0.23840559,0.0071994034,2987.5950110584854,946887.6514933546,2900.287043266731,219658.81645583222,6404.82061611804,3581875.0794121595,0.1376235619682908,0.0063016357629192415,9.415335e-06,0.019222941,-3.6584155e-05,0.027661914,117.45383522727273,-25.85015,3305.0425,70.90157,1141.1304,9.568535,625.03394,17.494287,399.01044,-1.6235468,336.68393,-0.53744894,261.72025,0.2639297,170.0484,-4.636478,118.30348,-0.5794759,116.49303,-3.067374,104.48276,-2.406686,145.012,0.38423544,82.273834,-2.147279,78.31231,-0.33359468,75.78719,-2.3723738,74.67332,1.9410757,70.593636,1.3159381,68.144615,-1.2813123,65.993164,-2.0177338,84.05816,-0.1935894,60.64471
