chroma_stft_mean,chroma_stft_var,rms_mean,rms_var,spectral_centroid_mean,spectral_centroid_var,spectral_bandwidth_mean,spectral_bandwidth_var,rolloff_mean,rolloff_var,zero_crossing_rate_mean,zero_crossing_rate_var,harmony_mean,harmony_var,perceptr_mean,perceptr_var,tempo,mfcc1_mean,mfcc1_var,mfcc2_mean,mfcc2_var,mfcc3_mean,mfcc3_var,mfcc4_mean,mfcc4_var,mfcc5_mean,mfcc5_var,mfcc6_mean,mfcc6_var,mfcc7_mean,mfcc7_var,mfcc8_mean,mfcc8_var,mfcc9_mean,mfcc9_var,mfcc10_mean,mfcc10_var,mfcc11_mean,mfcc11_var,mfcc12_mean,mfcc12_var,mfcc13_mean,mfcc13_var,mfcc14_mean,mfcc14_var,mfcc15_mean,mfcc15_var,mfcc16_mean,mfcc16_var,mfcc17_mean,mfcc17_var,mfcc18_mean,mfcc18_var,mfcc19_mean,mfcc19_var,mfcc20_mean,mfcc20_var
0.430894,0.09504695,0.15363686,0.0149112195,1963.064381362766,675544.0651623977,1917.4023309206564,130006.86871141242,3798.4537005147913,2173630.7393567166,0.10151491806844548,0.004365468471726561,-6.090548e-05,0.011947404,0.00029873473,0.015264922,107.666015625,-138.8806,3719.4749,100.20721,1566.0077,-31.442928,1049.7914,32.449326,556.51373,-2.7517662,318.88293,13.091756,320.94656,-14.506294,228.85161,13.94322,196.26253,-15.174354,208.54184,8.177486,153.5932,-4.9255123,137.21,3.5089593,123.831955,-7.9849477,109.89909,0.7927422,91.69168,-2.976042,95.22754,-0.73441213,62.972908,-7.7248073,52.218315,-1.2218403,73.13881,-6.5167875,73.36829,-5.394308,60.212456
