chroma_stft_mean,chroma_stft_var,rms_mean,rms_var,spectral_centroid_mean,spectral_centroid_var,spectral_bandwidth_mean,spectral_bandwidth_var,rolloff_mean,rolloff_var,zero_crossing_rate_mean,zero_crossing_rate_var,harmony_mean,harmony_var,perceptr_mean,perceptr_var,tempo,mfcc1_mean,mfcc1_var,mfcc2_mean,mfcc2_var,mfcc3_mean,mfcc3_var,mfcc4_mean,mfcc4_var,mfcc5_mean,mfcc5_var,mfcc6_mean,mfcc6_var,mfcc7_mean,mfcc7_var,mfcc8_mean,mfcc8_var,mfcc9_mean,mfcc9_var,mfcc10_mean,mfcc10_var,mfcc11_mean,mfcc11_var,mfcc12_mean,mfcc12_var,mfcc13_mean,mfcc13_var,mfcc14_mean,mfcc14_var,mfcc15_mean,mfcc15_var,mfcc16_mean,mfcc16_var,mfcc17_mean,mfcc17_var,mfcc18_mean,mfcc18_var,mfcc19_mean,mfcc19_var,mfcc20_mean,mfcc20_var
0.491607,0.08681843,0.16656049,0.0017484442,2355.838782301562,355122.1192918787,2497.0585103955036,112729.63272591907,5177.219867042489,1258353.5725080555,0.07014558560518175,0.0011052806722996462,-6.613031e-06,0.019389194,-9.7245334e-05,0.003720704,99.38401442307692,-101.071526,2874.4292,72.41138,441.43832,-2.371432,494.24738,46.02547,221.64912,5.5287857,152.87534,24.215315,84.58178,3.5469203,84.008026,14.532065,68.52307,5.650925,84.14807,13.52277,95.38369,4.9679728,53.802288,9.9139805,54.088566,2.9338572,50.709145,-3.011142,68.7772,-1.2484565,44.270786,2.3096156,34.584507,-2.8161368,28.785595,1.7621337,43.363094,0.8564974,35.376263,-4.3606477,49.042095
