chroma_stft_mean,chroma_stft_var,rms_mean,rms_var,spectral_centroid_mean,spectral_centroid_var,spectral_bandwidth_mean,spectral_bandwidth_var,rolloff_mean,rolloff_var,zero_crossing_rate_mean,zero_crossing_rate_var,harmony_mean,harmony_var,perceptr_mean,perceptr_var,tempo,mfcc1_mean,mfcc1_var,mfcc2_mean,mfcc2_var,mfcc3_mean,mfcc3_var,mfcc4_mean,mfcc4_var,mfcc5_mean,mfcc5_var,mfcc6_mean,mfcc6_var,mfcc7_mean,mfcc7_var,mfcc8_mean,mfcc8_var,mfcc9_mean,mfcc9_var,mfcc10_mean,mfcc10_var,mfcc11_mean,mfcc11_var,mfcc12_mean,mfcc12_var,mfcc13_mean,mfcc13_var,mfcc14_mean,mfcc14_var,mfcc15_mean,mfcc15_var,mfcc16_mean,mfcc16_var,mfcc17_mean,mfcc17_var,mfcc18_mean,mfcc18_var,mfcc19_mean,mfcc19_var,mfcc20_mean,mfcc20_var
0.39055607,0.09734109,0.13372414,0.004905775,1735.1780888053472,525039.0018815545,2055.9282768952953,144889.3876081023,3552.329022259281,1911712.6374996393,0.0724604843387471,0.0030060246075363766,-4.2042387e-07,0.011334445,-9.502315e-05,0.0050916243,107.666015625,-161.52745,2854.179,104.06318,753.5278,-10.907193,395.19196,43.697933,222.16609,13.963114,190.7146,14.444334,123.69721,7.506867,155.93655,9.481524,57.291836,6.4333916,55.00412,6.989431,62.892963,1.3591906,55.379665,4.434304,72.19765,-2.9288795,36.194225,-3.216544,40.22677,0.03854467,35.06169,4.1522975,51.18652,-6.4352865,60.733147,-4.963188,41.03569,-4.2097697,44.08294,-2.2778883,33.323807
