chroma_stft_mean,chroma_stft_var,rms_mean,rms_var,spectral_centroid_mean,spectral_centroid_var,spectral_bandwidth_mean,spectral_bandwidth_var,rolloff_mean,rolloff_var,zero_crossing_rate_mean,zero_crossing_rate_var,harmony_mean,harmony_var,perceptr_mean,perceptr_var,tempo,mfcc1_mean,mfcc1_var,mfcc2_mean,mfcc2_var,mfcc3_mean,mfcc3_var,mfcc4_mean,mfcc4_var,mfcc5_mean,mfcc5_var,mfcc6_mean,mfcc6_var,mfcc7_mean,mfcc7_var,mfcc8_mean,mfcc8_var,mfcc9_mean,mfcc9_var,mfcc10_mean,mfcc10_var,mfcc11_mean,mfcc11_var,mfcc12_mean,mfcc12_var,mfcc13_mean,mfcc13_var,mfcc14_mean,mfcc14_var,mfcc15_mean,mfcc15_var,mfcc16_mean,mfcc16_var,mfcc17_mean,mfcc17_var,mfcc18_mean,mfcc18_var,mfcc19_mean,mfcc19_var,mfcc20_mean,mfcc20_var
0.46741277,0.09102124,0.20773114,0.01121178,2432.633895056764,603223.4539138582,2247.3131091664304,109938.66254847721,4919.146176225348,1494158.5389750695,0.11039989970030936,0.0055640662682107985,-3.638833e-06,0.027664661,-0.00040005075,0.014573248,99.38401442307692,-88.141426,4404.5913,77.38236,674.83484,-19.072306,577.31104,51.598656,331.08023,-11.7594,217.43121,22.23447,209.38167,-4.727125,213.48964,20.125822,132.40285,-8.3214035,121.058365,14.612495,96.444046,-3.8051765,99.671585,8.59063,90.90521,-11.454931,89.95223,2.1611478,70.20938,-12.67955,94.98075,0.39431232,96.94758,0.97560227,124.52069,10.530947,138.58263,7.629914,128.44202,4.391355,131.93866
