chroma_stft_mean,chroma_stft_var,rms_mean,rms_var,spectral_centroid_mean,spectral_centroid_var,spectral_bandwidth_mean,spectral_bandwidth_var,rolloff_mean,rolloff_var,zero_crossing_rate_mean,zero_crossing_rate_var,harmony_mean,harmony_var,perceptr_mean,perceptr_var,tempo,mfcc1_mean,mfcc1_var,mfcc2_mean,mfcc2_var,mfcc3_mean,mfcc3_var,mfcc4_mean,mfcc4_var,mfcc5_mean,mfcc5_var,mfcc6_mean,mfcc6_var,mfcc7_mean,mfcc7_var,mfcc8_mean,mfcc8_var,mfcc9_mean,mfcc9_var,mfcc10_mean,mfcc10_var,mfcc11_mean,mfcc11_var,mfcc12_mean,mfcc12_var,mfcc13_mean,mfcc13_var,mfcc14_mean,mfcc14_var,mfcc15_mean,mfcc15_var,mfcc16_mean,mfcc16_var,mfcc17_mean,mfcc17_var,mfcc18_mean,mfcc18_var,mfcc19_mean,mfcc19_var,mfcc20_mean,mfcc20_var
0.34576976,0.0942061,0.13083652,0.010721615,2457.2400884546137,2099110.45290852,2790.1561300248936,501683.77235180995,5319.8186146129265,8263045.510589828,0.10350008877840909,0.013559834643500565,2.8622671e-06,0.008959444,-2.9066865e-05,0.010893957,161.4990234375,-182.9864,10032.687,95.955444,2130.8738,43.948254,755.5039,13.522106,312.7367,5.9876814,243.80075,-3.019344,241.90067,3.083681,204.5716,-9.802795,142.46063,-3.7693412,139.9247,5.308352,142.5085,-1.046581,124.83321,7.543807,129.89748,5.855525,104.817696,-0.2976542,112.26573,0.4995556,77.610985,0.7631257,91.92123,-5.5287404,95.24648,-5.2310967,91.24888,-3.3074722,90.1726,-5.085406,127.89938
