chroma_stft_mean,chroma_stft_var,rms_mean,rms_var,spectral_centroid_mean,spectral_centroid_var,spectral_bandwidth_mean,spectral_bandwidth_var,rolloff_mean,rolloff_var,zero_crossing_rate_mean,zero_crossing_rate_var,harmony_mean,harmony_var,perceptr_mean,perceptr_var,tempo,mfcc1_mean,mfcc1_var,mfcc2_mean,mfcc2_var,mfcc3_mean,mfcc3_var,mfcc4_mean,mfcc4_var,mfcc5_mean,mfcc5_var,mfcc6_mean,mfcc6_var,mfcc7_mean,mfcc7_var,mfcc8_mean,mfcc8_var,mfcc9_mean,mfcc9_var,mfcc10_mean,mfcc10_var,mfcc11_mean,mfcc11_var,mfcc12_mean,mfcc12_var,mfcc13_mean,mfcc13_var,mfcc14_mean,mfcc14_var,mfcc15_mean,mfcc15_var,mfcc16_mean,mfcc16_var,mfcc17_mean,mfcc17_var,mfcc18_mean,mfcc18_var,mfcc19_mean,mfcc19_var,mfcc20_mean,mfcc20_var
0.4326594,0.08856896,0.2638739,0.009449092,2047.1754195666026,497640.6506908019,2269.448830898864,209580.84555410582,4553.073396262326,2445387.853114939,0.07863669458139985,0.0025502613925913243,4.664398e-07,0.031734616,-0.00050603016,0.024169408,123.046875,-58.496304,3683.1013,103.04962,634.43646,-7.211679,727.53766,44.861683,418.69495,-8.600805,286.60406,12.351103,180.5495,-13.741838,207.0623,19.971472,127.030235,-13.119663,153.67851,17.136522,95.905556,-3.9439187,106.011604,15.57406,85.93494,-0.4531827,70.86049,6.926793,48.162136,-6.0321846,52.31931,5.6364055,50.472763,-3.1755676,67.41338,1.8142024,38.458504,-2.5621526,31.227402,0.11353246,42.271637
