chroma_stft_mean,chroma_stft_var,rms_mean,rms_var,spectral_centroid_mean,spectral_centroid_var,spectral_bandwidth_mean,spectral_bandwidth_var,rolloff_mean,rolloff_var,zero_crossing_rate_mean,zero_crossing_rate_var,harmony_mean,harmony_var,perceptr_mean,perceptr_var,tempo,mfcc1_mean,mfcc1_var,mfcc2_mean,mfcc2_var,mfcc3_mean,mfcc3_var,mfcc4_mean,mfcc4_var,mfcc5_mean,mfcc5_var,mfcc6_mean,mfcc6_var,mfcc7_mean,mfcc7_var,mfcc8_mean,mfcc8_var,mfcc9_mean,mfcc9_var,mfcc10_mean,mfcc10_var,mfcc11_mean,mfcc11_var,mfcc12_mean,mfcc12_var,mfcc13_mean,mfcc13_var,mfcc14_mean,mfcc14_var,mfcc15_mean,mfcc15_var,mfcc16_mean,mfcc16_var,mfcc17_mean,mfcc17_var,mfcc18_mean,mfcc18_var,mfcc19_mean,mfcc19_var,mfcc20_mean,mfcc20_var
0.4607935,0.08519273,0.12520438,0.0024681136,2668.0004395576575,418577.87491272984,2351.252049555612,107832.0725798813,5475.470551315981,1564256.6394276158,0.147308750845901,0.00289120224100405,-0.01526407,0.004693573,-0.0024530364,0.008692362,117.45383522727273,-80.93423,4878.1924,84.780525,750.62506,-31.534628,548.8253,33.90174,407.25797,-19.836761,158.76445,23.553934,135.67868,-22.136858,93.60942,20.0265,96.799095,-16.764809,93.4932,19.219479,55.834465,-13.098828,75.08731,11.502166,52.45921,-10.718429,74.16828,10.579796,72.08784,-8.420744,64.90663,7.3195724,55.411167,-5.372349,69.4579,7.692515,62.213734,-5.549921,63.389984,1.5127794,41.120728
