chroma_stft_mean,chroma_stft_var,rms_mean,rms_var,spectral_centroid_mean,spectral_centroid_var,spectral_bandwidth_mean,spectral_bandwidth_var,rolloff_mean,rolloff_var,zero_crossing_rate_mean,zero_crossing_rate_var,harmony_mean,harmony_var,perceptr_mean,perceptr_var,tempo,mfcc1_mean,mfcc1_var,mfcc2_mean,mfcc2_var,mfcc3_mean,mfcc3_var,mfcc4_mean,mfcc4_var,mfcc5_mean,mfcc5_var,mfcc6_mean,mfcc6_var,mfcc7_mean,mfcc7_var,mfcc8_mean,mfcc8_var,mfcc9_mean,mfcc9_var,mfcc10_mean,mfcc10_var,mfcc11_mean,mfcc11_var,mfcc12_mean,mfcc12_var,mfcc13_mean,mfcc13_var,mfcc14_mean,mfcc14_var,mfcc15_mean,mfcc15_var,mfcc16_mean,mfcc16_var,mfcc17_mean,mfcc17_var,mfcc18_mean,mfcc18_var,mfcc19_mean,mfcc19_var,mfcc20_mean,mfcc20_var
0.42384538,0.08250683,0.14012909,0.004069048,2397.144331633838,286465.05187175935,2346.275923200654,63605.287665072676,5283.620203288138,953409.3707550886,0.11600965837683681,0.002519392780422265,-2.473074e-05,0.0073882337,-0.0008251397,0.009307334,99.38401442307692,-81.904236,2106.22,94.720695,427.31454,-16.211037,264.41455,40.537342,172.03972,-12.241579,121.42705,28.193031,131.40442,-20.108301,74.68664,18.112103,60.194523,-14.630498,45.98412,14.179908,80.22067,-7.2731595,85.9909,13.656333,47.550953,-8.495124,51.813637,7.899787,58.42236,-4.828517,53.42237,5.1057014,44.218304,-5.877637,50.90832,2.075965,50.781322,-5.662679,54.753372,-1.3687441,49.979008
