chroma_stft_mean,chroma_stft_var,rms_mean,rms_var,spectral_centroid_mean,spectral_centroid_var,spectral_bandwidth_mean,spectral_bandwidth_var,rolloff_mean,rolloff_var,zero_crossing_rate_mean,zero_crossing_rate_var,harmony_mean,harmony_var,perceptr_mean,perceptr_var,tempo,mfcc1_mean,mfcc1_var,mfcc2_mean,mfcc2_var,mfcc3_mean,mfcc3_var,mfcc4_mean,mfcc4_var,mfcc5_mean,mfcc5_var,mfcc6_mean,mfcc6_var,mfcc7_mean,mfcc7_var,mfcc8_mean,mfcc8_var,mfcc9_mean,mfcc9_var,mfcc10_mean,mfcc10_var,mfcc11_mean,mfcc11_var,mfcc12_mean,mfcc12_var,mfcc13_mean,mfcc13_var,mfcc14_mean,mfcc14_var,mfcc15_mean,mfcc15_var,mfcc16_mean,mfcc16_var,mfcc17_mean,mfcc17_var,mfcc18_mean,mfcc18_var,mfcc19_mean,mfcc19_var,mfcc20_mean,mfcc20_var
0.4272534,0.08706912,0.17160548,0.005875792,2284.341189135125,241150.05296503,2116.5943117834136,42514.01556520959,4663.012638667344,657222.0886126993,0.12542634921210363,0.0024029117354776113,-1.0794378e-05,0.0098608555,-0.00066870055,0.0139584895,95.703125,-67.46242,1307.7848,94.84827,457.97244,-38.84963,284.91696,37.633415,194.60878,-12.246916,155.31615,36.890293,97.94893,-12.640728,107.093765,18.295763,75.59801,-8.845362,76.176544,17.97754,64.500786,-7.2741294,60.73122,9.713927,54.420624,-8.736391,49.176426,4.5039,50.867413,-7.5942483,33.091103,0.21276529,41.045444,-4.881601,63.5427,4.8451633,90.559944,-1.9947603,87.99533,-0.738198,77.9022
