chroma_stft_mean,chroma_stft_var,rms_mean,rms_var,spectral_centroid_mean,spectral_centroid_var,spectral_bandwidth_mean,spectral_bandwidth_var,rolloff_mean,rolloff_var,zero_crossing_rate_mean,zero_crossing_rate_var,harmony_mean,harmony_var,perceptr_mean,perceptr_var,tempo,mfcc1_mean,mfcc1_var,mfcc2_mean,mfcc2_var,mfcc3_mean,mfcc3_var,mfcc4_mean,mfcc4_var,mfcc5_mean,mfcc5_var,mfcc6_mean,mfcc6_var,mfcc7_mean,mfcc7_var,mfcc8_mean,mfcc8_var,mfcc9_mean,mfcc9_var,mfcc10_mean,mfcc10_var,mfcc11_mean,mfcc11_var,mfcc12_mean,mfcc12_var,mfcc13_mean,mfcc13_var,mfcc14_mean,mfcc14_var,mfcc15_mean,mfcc15_var,mfcc16_mean,mfcc16_var,mfcc17_mean,mfcc17_var,mfcc18_mean,mfcc18_var,mfcc19_mean,mfcc19_var,mfcc20_mean,mfcc20_var
0.46123517,0.08964072,0.109974444,0.00161812,2595.994967867747,1372929.6773781385,2881.8281456296077,238322.00293274535,5859.520974568591,4525915.322418296,0.08233033642691415,0.004231745917767616,6.1554506e-06,0.0053039347,-8.341121e-06,0.0047054444,103.359375,-146.45955,4865.854,81.55766,1184.648,31.96333,489.93677,22.411772,212.92827,5.077597,177.51096,13.6172695,114.93274,6.487694,105.09741,8.408617,98.07927,4.4354043,82.83009,4.9975214,67.737564,1.8295834,51.92628,2.8662937,38.342506,4.52971,46.833717,3.8548667,51.94204,1.3367449,46.723614,1.2318839,48.77854,0.57961595,45.244617,-0.16625884,29.559847,-0.65098315,32.111153,-0.0822212,42.19979
