chroma_stft_mean,chroma_stft_var,rms_mean,rms_var,spectral_centroid_mean,spectral_centroid_var,spectral_bandwidth_mean,spectral_bandwidth_var,rolloff_mean,rolloff_var,zero_crossing_rate_mean,zero_crossing_rate_var,harmony_mean,harmony_var,perceptr_mean,perceptr_var,tempo,mfcc1_mean,mfcc1_var,mfcc2_mean,mfcc2_var,mfcc3_mean,mfcc3_var,mfcc4_mean,mfcc4_var,mfcc5_mean,mfcc5_var,mfcc6_mean,mfcc6_var,mfcc7_mean,mfcc7_var,mfcc8_mean,mfcc8_var,mfcc9_mean,mfcc9_var,mfcc10_mean,mfcc10_var,mfcc11_mean,mfcc11_var,mfcc12_mean,mfcc12_var,mfcc13_mean,mfcc13_var,mfcc14_mean,mfcc14_var,mfcc15_mean,mfcc15_var,mfcc16_mean,mfcc16_var,mfcc17_mean,mfcc17_var,mfcc18_mean,mfcc18_var,mfcc19_mean,mfcc19_var,mfcc20_mean,mfcc20_var
0.43942475,0.09290934,0.16663784,0.0030662226,3127.2664007991543,930910.1360196936,2853.6647964825183,105661.35632114044,6389.138429974198,2269153.7467475273,0.11533292717889908,0.006041513436357604,-0.0002506049,0.018589703,-0.0011968876,0.007284812,123.046875,-72.31159,2670.3875,57.15118,1064.9087,5.8386006,562.0204,25.909645,242.77892,6.706988,122.65895,11.402706,133.4712,5.0632772,113.00021,10.026864,115.24536,0.94820917,75.9612,8.561544,79.62944,-1.6964636,49.78923,6.0592165,54.03028,0.2139893,56.284737,5.043593,42.835682,-1.9047036,42.6134,6.2093773,50.614376,0.21893936,53.04317,4.175263,53.888664,0.29554924,47.282337,5.907637,50.73618
