chroma_stft_mean,chroma_stft_var,rms_mean,rms_var,spectral_centroid_mean,spectral_centroid_var,spectral_bandwidth_mean,spectral_bandwidth_var,rolloff_mean,rolloff_var,zero_crossing_rate_mean,zero_crossing_rate_var,harmony_mean,harmony_var,perceptr_mean,perceptr_var,tempo,mfcc1_mean,mfcc1_var,mfcc2_mean,mfcc2_var,mfcc3_mean,mfcc3_var,mfcc4_mean,mfcc4_var,mfcc5_mean,mfcc5_var,mfcc6_mean,mfcc6_var,mfcc7_mean,mfcc7_var,mfcc8_mean,mfcc8_var,mfcc9_mean,mfcc9_var,mfcc10_mean,mfcc10_var,mfcc11_mean,mfcc11_var,mfcc12_mean,mfcc12_var,mfcc13_mean,mfcc13_var,mfcc14_mean,mfcc14_var,mfcc15_mean,mfcc15_var,mfcc16_mean,mfcc16_var,mfcc17_mean,mfcc17_var,mfcc18_mean,mfcc18_var,mfcc19_mean,mfcc19_var,mfcc20_mean,mfcc20_var
0.40981027,0.094299704,0.18972842,0.015077826,2245.0676185562293,753618.6461775432,2484.0931602339115,168087.835394991,4816.043267836427,2734493.237829902,0.07937459215487239,0.003513511856101581,-6.778765e-06,0.029901216,-0.00026461354,0.012763228,92.28515625,-111.97783,7437.5776,89.09961,1085.098,13.175455,605.1546,36.359657,402.68048,-3.276571,260.9926,3.877864,173.79492,0.56019145,99.385345,6.327396,107.845795,-2.1887617,131.35442,2.9669952,100.934265,-1.6431161,94.2776,-0.37794462,69.00191,-3.478565,87.76177,0.7700504,73.93191,-0.22705078,51.956226,-3.190697,52.027626,-3.7023087,47.35228,-3.9954925,36.549442,-3.0225985,43.99787,-2.4588232,42.224606
