chroma_stft_mean,chroma_stft_var,rms_mean,rms_var,spectral_centroid_mean,spectral_centroid_var,spectral_bandwidth_mean,spectral_bandwidth_var,rolloff_mean,rolloff_var,zero_crossing_rate_mean,zero_crossing_rate_var,harmony_mean,harmony_var,perceptr_mean,perceptr_var,tempo,mfcc1_mean,mfcc1_var,mfcc2_mean,mfcc2_var,mfcc3_mean,mfcc3_var,mfcc4_mean,mfcc4_var,mfcc5_mean,mfcc5_var,mfcc6_mean,mfcc6_var,mfcc7_mean,mfcc7_var,mfcc8_mean,mfcc8_var,mfcc9_mean,mfcc9_var,mfcc10_mean,mfcc10_var,mfcc11_mean,mfcc11_var,mfcc12_mean,mfcc12_var,mfcc13_mean,mfcc13_var,mfcc14_mean,mfcc14_var,mfcc15_mean,mfcc15_var,mfcc16_mean,mfcc16_var,mfcc17_mean,mfcc17_var,mfcc18_mean,mfcc18_var,mfcc19_mean,mfcc19_var,mfcc20_mean,mfcc20_var
0.47974592,0.090254314,0.07905619,0.001801847,2083.4389005825383,443318.55002590927,2198.235479537311,108959.31386068239,4479.439167633411,1754818.990174267,0.07984399168600155,0.002937418809140497,-3.2584696e-05,0.0044666147,-0.00049009366,0.0014542292,99.38401442307692,-198.95903,3202.531,92.613266,739.325,-19.521551,382.38556,39.53248,387.77097,-0.6365576,295.4982,33.590065,167.65817,-6.4646487,128.41353,27.523464,108.03872,-2.3977473,92.32404,14.995195,119.09421,-2.988018,108.51263,14.89381,96.2256,-3.3824236,86.733574,9.287607,64.94604,0.83695483,72.84726,8.28641,56.30275,-0.5855435,61.7821,-1.6162293,63.707428,1.2545995,46.0117,3.0456839,57.57021
