chroma_stft_mean,chroma_stft_var,rms_mean,rms_var,spectral_centroid_mean,spectral_centroid_var,spectral_bandwidth_mean,spectral_bandwidth_var,rolloff_mean,rolloff_var,zero_crossing_rate_mean,zero_crossing_rate_var,harmony_mean,harmony_var,perceptr_mean,perceptr_var,tempo,mfcc1_mean,mfcc1_var,mfcc2_mean,mfcc2_var,mfcc3_mean,mfcc3_var,mfcc4_mean,mfcc4_var,mfcc5_mean,mfcc5_var,mfcc6_mean,mfcc6_var,mfcc7_mean,mfcc7_var,mfcc8_mean,mfcc8_var,mfcc9_mean,mfcc9_var,mfcc10_mean,mfcc10_var,mfcc11_mean,mfcc11_var,mfcc12_mean,mfcc12_var,mfcc13_mean,mfcc13_var,mfcc14_mean,mfcc14_var,mfcc15_mean,mfcc15_var,mfcc16_mean,mfcc16_var,mfcc17_mean,mfcc17_var,mfcc18_mean,mfcc18_var,mfcc19_mean,mfcc19_var,mfcc20_mean,mfcc20_var
0.50620407,0.08108714,0.1303836,0.0044106385,2677.746993460678,964933.8741910043,2414.5620817860026,128493.17539223206,5211.751264319895,2001161.5015370033,0.13613681542440062,0.009366214401318379,-1.0603281e-06,0.007906638,-8.580122e-05,0.007075937,172.265625,-109.82442,4698.318,63.054916,870.1277,-13.828153,618.4716,43.01986,324.1552,6.1724057,221.37625,23.183786,141.53784,8.033159,168.2055,10.669684,123.96459,0.968362,91.10565,5.329999,91.95978,-1.8259578,78.665306,-1.4317561,68.82555,-1.8608027,53.47535,-3.1810365,46.58206,-4.737015,40.896248,-3.8031566,41.54409,-5.5285573,28.52931,-3.1891096,25.99838,-3.2604816,28.6046,-3.926867,34.512886
