chroma_stft_mean,chroma_stft_var,rms_mean,rms_var,spectral_centroid_mean,spectral_centroid_var,spectral_bandwidth_mean,spectral_bandwidth_var,rolloff_mean,rolloff_var,zero_crossing_rate_mean,zero_crossing_rate_var,harmony_mean,harmony_var,perceptr_mean,perceptr_var,tempo,mfcc1_mean,mfcc1_var,mfcc2_mean,mfcc2_var,mfcc3_mean,mfcc3_var,mfcc4_mean,mfcc4_var,mfcc5_mean,mfcc5_var,mfcc6_mean,mfcc6_var,mfcc7_mean,mfcc7_var,mfcc8_mean,mfcc8_var,mfcc9_mean,mfcc9_var,mfcc10_mean,mfcc10_var,mfcc11_mean,mfcc11_var,mfcc12_mean,mfcc12_var,mfcc13_mean,mfcc13_var,mfcc14_mean,mfcc14_var,mfcc15_mean,mfcc15_var,mfcc16_mean,mfcc16_var,mfcc17_mean,mfcc17_var,mfcc18_mean,mfcc18_var,mfcc19_mean,mfcc19_var,mfcc20_mean,mfcc20_var
0.44707796,0.09174661,0.12414034,0.0018567707,3258.307248271105,837471.3802466487,3321.339011000736,113648.58166502602,7619.44815155525,1728076.9743329606,0.1262363749516628,0.0059896990425017125,1.07029855e-05,0.006168661,-9.29334e-06,0.0060213334,112.34714673913044,-104.79348,3082.2783,64.03617,657.0734,28.8045,613.87885,10.56003,250.39806,15.176521,202.37724,13.067325,90.35306,8.025532,117.13335,5.2390757,113.18241,6.7465467,88.49429,5.125547,65.00397,4.450881,66.73415,4.4701214,55.173832,3.3572874,68.65793,2.427763,42.656773,0.18994242,44.75124,-1.5184565,37.89375,-2.5634263,35.954407,-1.191898,27.88048,-2.1913831,28.278633,-1.8783262,33.312927
