chroma_stft_mean,chroma_stft_var,rms_mean,rms_var,spectral_centroid_mean,spectral_centroid_var,spectral_bandwidth_mean,spectral_bandwidth_var,rolloff_mean,rolloff_var,zero_crossing_rate_mean,zero_crossing_rate_var,harmony_mean,harmony_var,perceptr_mean,perceptr_var,tempo,mfcc1_mean,mfcc1_var,mfcc2_mean,mfcc2_var,mfcc3_mean,mfcc3_var,mfcc4_mean,mfcc4_var,mfcc5_mean,mfcc5_var,mfcc6_mean,mfcc6_var,mfcc7_mean,mfcc7_var,mfcc8_mean,mfcc8_var,mfcc9_mean,mfcc9_var,mfcc10_mean,mfcc10_var,mfcc11_mean,mfcc11_var,mfcc12_mean,mfcc12_var,mfcc13_mean,mfcc13_var,mfcc14_mean,mfcc14_var,mfcc15_mean,mfcc15_var,mfcc16_mean,mfcc16_var,mfcc17_mean,mfcc17_var,mfcc18_mean,mfcc18_var,mfcc19_mean,mfcc19_var,mfcc20_mean,mfcc20_var
0.4840443,0.08512067,0.28870907,0.0059530498,3085.556031555025,628034.5876229693,3055.7315724614145,97268.85641533931,6683.5781725819315,1408602.0955955568,0.10873717553654293,0.0034151543264059974,-9.763248e-06,0.05441877,5.943497e-05,0.0139079755,135.99917763157896,-44.586338,2651.281,41.58716,567.5796,29.919214,568.96356,51.871937,298.56845,12.878272,296.47974,13.72171,113.838264,7.9571733,190.55641,9.288721,86.49015,8.39591,117.76618,1.9085698,68.99812,1.1404613,79.75725,4.5597878,65.70894,5.5193515,53.33818,1.3191726,37.25573,2.3586175,33.614315,-0.8025534,34.23521,-4.256165,40.78695,-3.574641,33.21629,-3.8377788,44.360348,-4.442885,46.9485
