chroma_stft_mean,chroma_stft_var,rms_mean,rms_var,spectral_centroid_mean,spectral_centroid_var,spectral_bandwidth_mean,spectral_bandwidth_var,rolloff_mean,rolloff_var,zero_crossing_rate_mean,zero_crossing_rate_var,harmony_mean,harmony_var,perceptr_mean,perceptr_var,tempo,mfcc1_mean,mfcc1_var,mfcc2_mean,mfcc2_var,mfcc3_mean,mfcc3_var,mfcc4_mean,mfcc4_var,mfcc5_mean,mfcc5_var,mfcc6_mean,mfcc6_var,mfcc7_mean,mfcc7_var,mfcc8_mean,mfcc8_var,mfcc9_mean,mfcc9_var,mfcc10_mean,mfcc10_var,mfcc11_mean,mfcc11_var,mfcc12_mean,mfcc12_var,mfcc13_mean,mfcc13_var,mfcc14_mean,mfcc14_var,mfcc15_mean,mfcc15_var,mfcc16_mean,mfcc16_var,mfcc17_mean,mfcc17_var,mfcc18_mean,mfcc18_var,mfcc19_mean,mfcc19_var,mfcc20_mean,mfcc20_var
0.46427453,0.08911075,0.27054507,0.016059298,2858.1926146109095,965720.9131565463,2639.930294665964,163443.38528694183,6048.0988752537705,2252824.2225695704,0.12817024059841453,0.00934216763750142,2.9059966e-05,0.035942815,-0.00057362154,0.026640235,99.38401442307692,-59.565926,6875.6304,63.92967,1022.021,3.4871747,754.5967,45.23575,432.80676,-1.1528622,391.82724,28.24374,225.10146,-13.17086,211.75526,23.591469,155.13824,-6.623231,148.09875,16.47062,118.80797,-7.2728996,102.87432,14.477064,108.33266,-5.8007746,97.77084,8.173893,67.947655,-6.858704,70.307,6.7351766,49.28121,-4.4826007,64.75156,0.95316154,53.573387,-7.1244907,68.96228,-1.2569647,45.489243
