chroma_stft_mean,chroma_stft_var,rms_mean,rms_var,spectral_centroid_mean,spectral_centroid_var,spectral_bandwidth_mean,spectral_bandwidth_var,rolloff_mean,rolloff_var,zero_crossing_rate_mean,zero_crossing_rate_var,harmony_mean,harmony_var,perceptr_mean,perceptr_var,tempo,mfcc1_mean,mfcc1_var,mfcc2_mean,mfcc2_var,mfcc3_mean,mfcc3_var,mfcc4_mean,mfcc4_var,mfcc5_mean,mfcc5_var,mfcc6_mean,mfcc6_var,mfcc7_mean,mfcc7_var,mfcc8_mean,mfcc8_var,mfcc9_mean,mfcc9_var,mfcc10_mean,mfcc10_var,mfcc11_mean,mfcc11_var,mfcc12_mean,mfcc12_var,mfcc13_mean,mfcc13_var,mfcc14_mean,mfcc14_var,mfcc15_mean,mfcc15_var,mfcc16_mean,mfcc16_var,mfcc17_mean,mfcc17_var,mfcc18_mean,mfcc18_var,mfcc19_mean,mfcc19_var,mfcc20_mean,mfcc20_var
0.43086842,0.0852765,0.17854476,0.007642339,2517.7936351466747,390899.23082396365,2163.294065311931,175996.19054278737,4926.498774198811,1551115.4867304382,0.13885955928557617,0.0031231450858311273,-0.0018571859,0.007874778,-0.0031162517,0.019031052,103.359375,-63.147476,3960.2979,86.30365,619.409,-37.95675,807.68164,39.56944,381.73657,-16.530737,326.39066,21.098028,181.05254,-12.261162,213.56462,13.075492,96.299515,-12.380371,108.66885,16.627066,92.485374,-3.9949179,90.641045,8.840082,70.580315,-6.3225536,72.875244,5.698435,56.128746,-6.304396,79.92523,2.3077388,93.74816,-0.8495546,100.57365,6.523471,77.04122,4.6868777,96.62109,4.4054775,87.045815
