chroma_stft_mean,chroma_stft_var,rms_mean,rms_var,spectral_centroid_mean,spectral_centroid_var,spectral_bandwidth_mean,spectral_bandwidth_var,rolloff_mean,rolloff_var,zero_crossing_rate_mean,zero_crossing_rate_var,harmony_mean,harmony_var,perceptr_mean,perceptr_var,tempo,mfcc1_mean,mfcc1_var,mfcc2_mean,mfcc2_var,mfcc3_mean,mfcc3_var,mfcc4_mean,mfcc4_var,mfcc5_mean,mfcc5_var,mfcc6_mean,mfcc6_var,mfcc7_mean,mfcc7_var,mfcc8_mean,mfcc8_var,mfcc9_mean,mfcc9_var,mfcc10_mean,mfcc10_var,mfcc11_mean,mfcc11_var,mfcc12_mean,mfcc12_var,mfcc13_mean,mfcc13_var,mfcc14_mean,mfcc14_var,mfcc15_mean,mfcc15_var,mfcc16_mean,mfcc16_var,mfcc17_mean,mfcc17_var,mfcc18_mean,mfcc18_var,mfcc19_mean,mfcc19_var,mfcc20_mean,mfcc20_var
0.4091633,0.09800512,0.15857546,0.016957963,3785.438539628473,1735144.5398066281,2835.096618166119,298714.58873390866,7074.1874001242895,4044434.2456561443,0.21422600023674243,0.01469534115303099,-3.7081823e-05,0.0044952948,2.7569622e-05,0.033025444,143.5546875,-95.94046,6769.889,30.268179,1899.384,2.6401818,1324.7909,12.595183,498.34772,-11.173503,446.2111,-2.2091284,427.19077,-3.686765,259.34915,-7.669313,158.14066,-5.387625,147.69618,-0.7307738,101.11261,-4.0471606,94.72216,-3.0586393,82.867905,-4.9752517,85.40507,-3.2091753,77.461426,-4.2563944,89.93426,-2.6788945,82.86651,-3.5295167,94.96572,-0.41617733,84.74133,-2.9791667,164.17642,2.3001385,149.56842
