chroma_stft_mean,chroma_stft_var,rms_mean,rms_var,spectral_centroid_mean,spectral_centroid_var,spectral_bandwidth_mean,spectral_bandwidth_var,rolloff_mean,rolloff_var,zero_crossing_rate_mean,zero_crossing_rate_var,harmony_mean,harmony_var,perceptr_mean,perceptr_var,tempo,mfcc1_mean,mfcc1_var,mfcc2_mean,mfcc2_var,mfcc3_mean,mfcc3_var,mfcc4_mean,mfcc4_var,mfcc5_mean,mfcc5_var,mfcc6_mean,mfcc6_var,mfcc7_mean,mfcc7_var,mfcc8_mean,mfcc8_var,mfcc9_mean,mfcc9_var,mfcc10_mean,mfcc10_var,mfcc11_mean,mfcc11_var,mfcc12_mean,mfcc12_var,mfcc13_mean,mfcc13_var,mfcc14_mean,mfcc14_var,mfcc15_mean,mfcc15_var,mfcc16_mean,mfcc16_var,mfcc17_mean,mfcc17_var,mfcc18_mean,mfcc18_var,mfcc19_mean,mfcc19_var,mfcc20_mean,mfcc20_var
0.4396077,0.10337021,0.18021424,0.0039322376,1717.3394378748421,345819.85783872945,2052.4764667682657,130205.1046929719,3685.6916600203017,1404861.3720730008,0.053872942647911835,0.0021889223878313723,3.4629197e-06,0.028256854,-6.482759e-05,0.003351813,184.5703125,-153.54395,5123.2036,92.79628,495.61905,-15.8539295,689.9088,57.933186,353.7587,8.580763,266.12918,18.461569,123.10882,13.279116,125.50022,11.165099,88.003494,7.618666,70.12452,12.9682,99.87533,5.6574016,66.09398,7.0170255,55.38219,2.8851962,59.1545,1.6129954,57.501064,0.013288907,51.16548,3.026649,42.28519,-0.23386578,40.174316,-1.3898926,39.210762,-2.3185618,36.25999,-1.3301164,42.522846
