chroma_stft_mean,chroma_stft_var,rms_mean,rms_var,spectral_centroid_mean,spectral_centroid_var,spectral_bandwidth_mean,spectral_bandwidth_var,rolloff_mean,rolloff_var,zero_crossing_rate_mean,zero_crossing_rate_var,harmony_mean,harmony_var,perceptr_mean,perceptr_var,tempo,mfcc1_mean,mfcc1_var,mfcc2_mean,mfcc2_var,mfcc3_mean,mfcc3_var,mfcc4_mean,mfcc4_var,mfcc5_mean,mfcc5_var,mfcc6_mean,mfcc6_var,mfcc7_mean,mfcc7_var,mfcc8_mean,mfcc8_var,mfcc9_mean,mfcc9_var,mfcc10_mean,mfcc10_var,mfcc11_mean,mfcc11_var,mfcc12_mean,mfcc12_var,mfcc13_mean,mfcc13_var,mfcc14_mean,mfcc14_var,mfcc15_mean,mfcc15_var,mfcc16_mean,mfcc16_var,mfcc17_mean,mfcc17_var,mfcc18_mean,mfcc18_var,mfcc19_mean,mfcc19_var,mfcc20_mean,mfcc20_var
0.39278713,0.10158411,0.18449508,0.009057791,2693.217660121341,1562114.348456263,2937.7648619296024,271527.7591527778,5976.55684037642,5474228.0364799965,0.11156375769412878,0.01101715196249023,1.9211833e-05,0.014983877,3.4536697e-05,0.014731242,95.703125,-120.94078,8754.53,77.27129,1484.7534,29.06561,1168.4467,10.437188,505.7945,3.5667598,316.78665,5.3683963,353.75076,5.1985555,271.73532,-0.8017177,225.22983,1.3497723,191.15414,2.302974,164.02228,3.0739121,117.6813,1.1976856,120.760124,-0.67196214,70.00738,-4.940569,74.065575,-0.06167843,70.755394,-4.4861,66.44093,-2.2154822,72.12121,-1.3785951,75.08003,-3.080928,102.22618,-7.357733,99.181725
