chroma_stft_mean,chroma_stft_var,rms_mean,rms_var,spectral_centroid_mean,spectral_centroid_var,spectral_bandwidth_mean,spectral_bandwidth_var,rolloff_mean,rolloff_var,zero_crossing_rate_mean,zero_crossing_rate_var,harmony_mean,harmony_var,perceptr_mean,perceptr_var,tempo,mfcc1_mean,mfcc1_var,mfcc2_mean,mfcc2_var,mfcc3_mean,mfcc3_var,mfcc4_mean,mfcc4_var,mfcc5_mean,mfcc5_var,mfcc6_mean,mfcc6_var,mfcc7_mean,mfcc7_var,mfcc8_mean,mfcc8_var,mfcc9_mean,mfcc9_var,mfcc10_mean,mfcc10_var,mfcc11_mean,mfcc11_var,mfcc12_mean,mfcc12_var,mfcc13_mean,mfcc13_var,mfcc14_mean,mfcc14_var,mfcc15_mean,mfcc15_var,mfcc16_mean,mfcc16_var,mfcc17_mean,mfcc17_var,mfcc18_mean,mfcc18_var,mfcc19_mean,mfcc19_var,mfcc20_mean,mfcc20_var
0.41758767,0.101035,0.20691244,0.018761773,2447.017199907088,1917074.6793130673,2779.59821443409,280950.6937156083,5314.679309110354,6582867.8627327345,0.0885514851604795,0.009083506214127249,-7.5930184e-06,0.022811793,4.959881e-05,0.020241251,95.703125,-140.10194,8676.2,77.09097,2138.4656,42.042377,682.3967,31.247862,391.93454,12.197926,300.1003,10.2141695,212.23051,3.7384353,134.14893,8.296796,104.884834,-1.5552227,109.49812,-1.76049,122.68912,3.6245475,78.418335,4.591823,66.59501,-2.5488017,96.31033,1.8554649,51.731956,-2.7649348,43.702724,-3.618874,57.93089,-2.6323535,47.391052,-1.5260718,38.72801,-2.652154,36.843792,-5.081056,33.97178
