chroma_stft_mean,chroma_stft_var,rms_mean,rms_var,spectral_centroid_mean,spectral_centroid_var,spectral_bandwidth_mean,spectral_bandwidth_var,rolloff_mean,rolloff_var,zero_crossing_rate_mean,zero_crossing_rate_var,harmony_mean,harmony_var,perceptr_mean,perceptr_var,tempo,mfcc1_mean,mfcc1_var,mfcc2_mean,mfcc2_var,mfcc3_mean,mfcc3_var,mfcc4_mean,mfcc4_var,mfcc5_mean,mfcc5_var,mfcc6_mean,mfcc6_var,mfcc7_mean,mfcc7_var,mfcc8_mean,mfcc8_var,mfcc9_mean,mfcc9_var,mfcc10_mean,mfcc10_var,mfcc11_mean,mfcc11_var,mfcc12_mean,mfcc12_var,mfcc13_mean,mfcc13_var,mfcc14_mean,mfcc14_var,mfcc15_mean,mfcc15_var,mfcc16_mean,mfcc16_var,mfcc17_mean,mfcc17_var,mfcc18_mean,mfcc18_var,mfcc19_mean,mfcc19_var,mfcc20_mean,mfcc20_var
0.46724436,0.09183839,0.26632264,0.013483677,2492.954722767297,495227.09031775786,2330.174362999248,194831.47558511284,5125.735027552204,1810545.2103917538,0.10350127489365817,0.002283423218579105,-1.5669728e-05,0.028895589,-0.00046203684,0.032884534,92.28515625,-40.30154,4952.789,80.84723,750.1453,-25.67689,1259.1753,38.443054,291.84286,-11.0728245,278.7092,24.899412,309.96506,-7.373214,270.60342,26.759275,187.6433,-5.30603,174.1464,16.782677,108.06337,-3.5075712,89.51739,8.458928,75.21646,-5.6017284,71.80681,12.050404,68.21594,-1.8917375,73.524086,10.464018,102.3559,0.64275295,60.65561,0.26245183,62.015553,-5.0987406,57.279457,-4.0196013,57.161736
