chroma_stft_mean,chroma_stft_var,rms_mean,rms_var,spectral_centroid_mean,spectral_centroid_var,spectral_bandwidth_mean,spectral_bandwidth_var,rolloff_mean,rolloff_var,zero_crossing_rate_mean,zero_crossing_rate_var,harmony_mean,harmony_var,perceptr_mean,perceptr_var,tempo,mfcc1_mean,mfcc1_var,mfcc2_mean,mfcc2_var,mfcc3_mean,mfcc3_var,mfcc4_mean,mfcc4_var,mfcc5_mean,mfcc5_var,mfcc6_mean,mfcc6_var,mfcc7_mean,mfcc7_var,mfcc8_mean,mfcc8_var,mfcc9_mean,mfcc9_var,mfcc10_mean,mfcc10_var,mfcc11_mean,mfcc11_var,mfcc12_mean,mfcc12_var,mfcc13_mean,mfcc13_var,mfcc14_mean,mfcc14_var,mfcc15_mean,mfcc15_var,mfcc16_mean,mfcc16_var,mfcc17_mean,mfcc17_var,mfcc18_mean,mfcc18_var,mfcc19_mean,mfcc19_var,mfcc20_mean,mfcc20_var
0.5625077,0.06800579,0.10344428,0.0017922609,2735.6851447731715,279927.98073423933,2295.5018679407126,50865.60313572894,5419.747351272476,661701.4543369814,0.1575562373114849,0.002893470293054973,-1.8069622e-05,0.0037127894,-0.00075706386,0.003932054,112.34714673913044,-92.64569,1416.0919,77.41155,362.69464,-32.758095,295.69156,54.586475,137.01932,-13.199569,86.62031,33.660706,82.68818,-12.074938,79.66361,28.02354,68.19638,-11.954623,60.094715,18.8322,51.0111,-6.6618686,46.754284,13.044242,29.86,-7.011976,32.96287,7.0714054,31.538198,-4.538113,30.756731,6.4907193,38.149666,-2.9716415,43.55176,3.7051673,35.969875,-5.40854,34.270634,-4.210358,34.009693
