chroma_stft_mean,chroma_stft_var,rms_mean,rms_var,spectral_centroid_mean,spectral_centroid_var,spectral_bandwidth_mean,spectral_bandwidth_var,rolloff_mean,rolloff_var,zero_crossing_rate_mean,zero_crossing_rate_var,harmony_mean,harmony_var,perceptr_mean,perceptr_var,tempo,mfcc1_mean,mfcc1_var,mfcc2_mean,mfcc2_var,mfcc3_mean,mfcc3_var,mfcc4_mean,mfcc4_var,mfcc5_mean,mfcc5_var,mfcc6_mean,mfcc6_var,mfcc7_mean,mfcc7_var,mfcc8_mean,mfcc8_var,mfcc9_mean,mfcc9_var,mfcc10_mean,mfcc10_var,mfcc11_mean,mfcc11_var,mfcc12_mean,mfcc12_var,mfcc13_mean,mfcc13_var,mfcc14_mean,mfcc14_var,mfcc15_mean,mfcc15_var,mfcc16_mean,mfcc16_var,mfcc17_mean,mfcc17_var,mfcc18_mean,mfcc18_var,mfcc19_mean,mfcc19_var,mfcc20_mean,mfcc20_var
0.50733954,0.07888983,0.25150633,0.0073311487,2305.154160219727,501897.2408856844,2226.9679384963615,91708.43460155651,4814.935798379495,1331396.472847185,0.10742489607501933,0.004583549047844538,-9.173358e-06,0.033313747,-0.00034809616,0.019929882,107.666015625,-44.338444,2313.2664,93.38643,603.71124,-22.309427,749.0294,48.852543,260.7577,-13.904016,210.32565,34.413067,130.94774,-6.3259196,140.51384,25.873789,94.23975,-12.339953,74.26871,20.430222,61.403206,-5.7629786,69.92626,11.865526,55.147083,-11.55436,67.45467,10.151672,52.071266,-3.957819,72.049774,10.602381,77.692856,0.8375742,86.5633,9.2124815,87.86698,1.723354,91.55515,-0.21945429,102.89892
