chroma_stft_mean,chroma_stft_var,rms_mean,rms_var,spectral_centroid_mean,spectral_centroid_var,spectral_bandwidth_mean,spectral_bandwidth_var,rolloff_mean,rolloff_var,zero_crossing_rate_mean,zero_crossing_rate_var,harmony_mean,harmony_var,perceptr_mean,perceptr_var,tempo,mfcc1_mean,mfcc1_var,mfcc2_mean,mfcc2_var,mfcc3_mean,mfcc3_var,mfcc4_mean,mfcc4_var,mfcc5_mean,mfcc5_var,mfcc6_mean,mfcc6_var,mfcc7_mean,mfcc7_var,mfcc8_mean,mfcc8_var,mfcc9_mean,mfcc9_var,mfcc10_mean,mfcc10_var,mfcc11_mean,mfcc11_var,mfcc12_mean,mfcc12_var,mfcc13_mean,mfcc13_var,mfcc14_mean,mfcc14_var,mfcc15_mean,mfcc15_var,mfcc16_mean,mfcc16_var,mfcc17_mean,mfcc17_var,mfcc18_mean,mfcc18_var,mfcc19_mean,mfcc19_var,mfcc20_mean,mfcc20_var
0.35879922,0.09056837,0.19884692,0.0041756053,1976.8724759558752,215752.68690248174,2110.123008273574,86503.4583923154,4277.396769866589,1062264.801008373,0.08725355580529776,0.0011226358179928003,-3.202298e-05,0.01869862,-0.0015225434,0.01034122,99.38401442307692,-67.06468,1958.5021,112.4042,319.12936,-23.642937,296.94708,44.273914,166.43596,-18.864435,131.41237,23.873178,98.03824,-13.402471,156.41232,20.146372,83.44675,-10.64462,70.797806,20.617966,66.44483,-7.5052657,89.32941,14.423792,74.27125,-9.388905,84.696724,11.289869,60.62874,-8.865541,88.22934,7.081061,118.34394,0.44676337,116.67926,9.378616,113.185104,-0.8929117,111.30581,-0.5767688,105.72392
