chroma_stft_mean,chroma_stft_var,rms_mean,rms_var,spectral_centroid_mean,spectral_centroid_var,spectral_bandwidth_mean,spectral_bandwidth_var,rolloff_mean,rolloff_var,zero_crossing_rate_mean,zero_crossing_rate_var,harmony_mean,harmony_var,perceptr_mean,perceptr_var,tempo,mfcc1_mean,mfcc1_var,mfcc2_mean,mfcc2_var,mfcc3_mean,mfcc3_var,mfcc4_mean,mfcc4_var,mfcc5_mean,mfcc5_var,mfcc6_mean,mfcc6_var,mfcc7_mean,mfcc7_var,mfcc8_mean,mfcc8_var,mfcc9_mean,mfcc9_var,mfcc10_mean,mfcc10_var,mfcc11_mean,mfcc11_var,mfcc12_mean,mfcc12_var,mfcc13_mean,mfcc13_var,mfcc14_mean,mfcc14_var,mfcc15_mean,mfcc15_var,mfcc16_mean,mfcc16_var,mfcc17_mean,mfcc17_var,mfcc18_mean,mfcc18_var,mfcc19_mean,mfcc19_var,mfcc20_mean,mfcc20_var
0.47355226,0.078844346,0.1555688,0.0032084535,1811.681664691942,325494.8630343254,2201.181650414098,118229.49836917919,3806.439138177929,1524126.773825701,0.0673042645494973,0.0014795726966101632,-2.7389564e-07,0.012908931,-7.721959e-05,0.006241608,184.5703125,-127.280014,3161.5774,95.79218,503.97565,-12.782046,550.71783,37.926857,343.70444,20.56561,358.78445,23.201853,156.83646,8.269457,126.942924,9.612638,81.68812,8.668725,97.60002,5.510033,91.22215,6.6769094,80.42628,4.0242624,66.40764,1.7337765,54.984406,0.7089213,52.58818,-0.4317715,54.86307,2.2407367,47.975567,-1.6001177,43.227707,-1.2176809,61.37563,-2.2143807,74.5154,-0.74498355,49.419605
