chroma_stft_mean,chroma_stft_var,rms_mean,rms_var,spectral_centroid_mean,spectral_centroid_var,spectral_bandwidth_mean,spectral_bandwidth_var,rolloff_mean,rolloff_var,zero_crossing_rate_mean,zero_crossing_rate_var,harmony_mean,harmony_var,perceptr_mean,perceptr_var,tempo,mfcc1_mean,mfcc1_var,mfcc2_mean,mfcc2_var,mfcc3_mean,mfcc3_var,mfcc4_mean,mfcc4_var,mfcc5_mean,mfcc5_var,mfcc6_mean,mfcc6_var,mfcc7_mean,mfcc7_var,mfcc8_mean,mfcc8_var,mfcc9_mean,mfcc9_var,mfcc10_mean,mfcc10_var,mfcc11_mean,mfcc11_var,mfcc12_mean,mfcc12_var,mfcc13_mean,mfcc13_var,mfcc14_mean,mfcc14_var,mfcc15_mean,mfcc15_var,mfcc16_mean,mfcc16_var,mfcc17_mean,mfcc17_var,mfcc18_mean,mfcc18_var,mfcc19_mean,mfcc19_var,mfcc20_mean,mfcc20_var
0.4739168,0.08400409,0.20822197,0.010352005,2774.785858823798,726544.4876846148,2712.4689217879163,117219.24623404919,5968.685821037558,1551861.8431426024,0.11074241408062645,0.0047002783728349465,2.398558e-05,0.03044506,-0.00012141151,0.009776919,99.38401442307692,-68.91117,3307.9822,62.395336,706.3343,24.27625,689.5119,53.779545,388.8411,-1.9351078,240.55405,12.820083,106.84917,-4.355874,113.94944,12.3553915,73.34201,-0.21981905,99.905396,9.055807,71.136024,-0.9797525,64.579185,3.9336565,64.12992,1.9129128,73.159805,2.2534542,48.392326,-2.5323775,57.54788,-3.540817,42.83886,-2.9367027,44.60301,-3.6556938,32.83437,-3.4215834,31.410555,-3.7172923,30.679077
