chroma_stft_mean,chroma_stft_var,rms_mean,rms_var,spectral_centroid_mean,spectral_centroid_var,spectral_bandwidth_mean,spectral_bandwidth_var,rolloff_mean,rolloff_var,zero_crossing_rate_mean,zero_crossing_rate_var,harmony_mean,harmony_var,perceptr_mean,perceptr_var,tempo,mfcc1_mean,mfcc1_var,mfcc2_mean,mfcc2_var,mfcc3_mean,mfcc3_var,mfcc4_mean,mfcc4_var,mfcc5_mean,mfcc5_var,mfcc6_mean,mfcc6_var,mfcc7_mean,mfcc7_var,mfcc8_mean,mfcc8_var,mfcc9_mean,mfcc9_var,mfcc10_mean,mfcc10_var,mfcc11_mean,mfcc11_var,mfcc12_mean,mfcc12_var,mfcc13_mean,mfcc13_var,mfcc14_mean,mfcc14_var,mfcc15_mean,mfcc15_var,mfcc16_mean,mfcc16_var,mfcc17_mean,mfcc17_var,mfcc18_mean,mfcc18_var,mfcc19_mean,mfcc19_var,mfcc20_mean,mfcc20_var
0.42542815,0.09156281,0.18691297,0.011421139,2702.6536727978196,702441.2680399037,2666.6033742419754,153341.71859592476,5555.2972412109375,2468881.692879207,0.11936627012310606,0.004510460135803187,-1.614507e-05,0.02320508,-3.5114357e-07,0.011738767,92.28515625,-77.00406,4500.1143,68.31946,1107.4331,-0.64739156,451.57666,30.70986,467.7547,3.9499156,413.4369,5.4936357,174.61975,3.3855941,150.66838,3.0454907,162.48859,5.648922,127.899254,4.724795,77.60414,4.2856207,73.1635,3.46072,79.47678,2.8874724,74.530266,1.4367249,60.208702,-2.2967932,74.999275,-2.5643852,62.042187,-5.0145826,58.652245,-3.964501,71.96014,-5.7228184,92.264885,-0.040206723,79.62607
