chroma_stft_mean,chroma_stft_var,rms_mean,rms_var,spectral_centroid_mean,spectral_centroid_var,spectral_bandwidth_mean,spectral_bandwidth_var,rolloff_mean,rolloff_var,zero_crossing_rate_mean,zero_crossing_rate_var,harmony_mean,harmony_var,perceptr_mean,perceptr_var,tempo,mfcc1_mean,mfcc1_var,mfcc2_mean,mfcc2_var,mfcc3_mean,mfcc3_var,mfcc4_mean,mfcc4_var,mfcc5_mean,mfcc5_var,mfcc6_mean,mfcc6_var,mfcc7_mean,mfcc7_var,mfcc8_mean,mfcc8_var,mfcc9_mean,mfcc9_var,mfcc10_mean,mfcc10_var,mfcc11_mean,mfcc11_var,mfcc12_mean,mfcc12_var,mfcc13_mean,mfcc13_var,mfcc14_mean,mfcc14_var,mfcc15_mean,mfcc15_var,mfcc16_mean,mfcc16_var,mfcc17_mean,mfcc17_var,mfcc18_mean,mfcc18_var,mfcc19_mean,mfcc19_var,mfcc20_mean,mfcc20_var
0.44404677,0.08521116,0.20370935,0.0066062678,2095.4936844516546,430350.33754790336,2241.0014685556775,110809.27482028118,4581.942543684745,1717747.1036535944,0.09415142534319412,0.003422177139843083,-3.734744e-05,0.020214075,-0.0011351968,0.012435835,135.99917763157896,-74.21385,2634.6091,104.603294,672.71356,-8.389851,544.26465,49.65144,280.77914,-9.374009,164.55537,21.451525,137.84421,-16.336187,144.37321,18.779911,104.23649,-13.071929,80.86253,18.470472,67.090965,-14.949953,63.95687,6.8847446,61.13777,-15.329198,50.568577,4.7792454,62.848186,-11.102331,52.785793,4.7398634,76.971146,-2.8093808,101.67607,6.800127,107.98508,-5.809849,103.88382,-3.7738276,92.307724
