chroma_stft_mean,chroma_stft_var,rms_mean,rms_var,spectral_centroid_mean,spectral_centroid_var,spectral_bandwidth_mean,spectral_bandwidth_var,rolloff_mean,rolloff_var,zero_crossing_rate_mean,zero_crossing_rate_var,harmony_mean,harmony_var,perceptr_mean,perceptr_var,tempo,mfcc1_mean,mfcc1_var,mfcc2_mean,mfcc2_var,mfcc3_mean,mfcc3_var,mfcc4_mean,mfcc4_var,mfcc5_mean,mfcc5_var,mfcc6_mean,mfcc6_var,mfcc7_mean,mfcc7_var,mfcc8_mean,mfcc8_var,mfcc9_mean,mfcc9_var,mfcc10_mean,mfcc10_var,mfcc11_mean,mfcc11_var,mfcc12_mean,mfcc12_var,mfcc13_mean,mfcc13_var,mfcc14_mean,mfcc14_var,mfcc15_mean,mfcc15_var,mfcc16_mean,mfcc16_var,mfcc17_mean,mfcc17_var,mfcc18_mean,mfcc18_var,mfcc19_mean,mfcc19_var,mfcc20_mean,mfcc20_var
0.40424496,0.09223005,0.09347895,0.0011247408,1490.683575771141,633571.6974267545,1910.4906288587938,233566.16610071092,3095.0940196309457,3407199.4334651213,0.05871157192575406,0.0024811409677019387,-0.000951561,0.00371606,-0.0018315681,0.0032532145,99.38401442307692,-202.88803,4657.7275,132.37215,1036.3481,12.0172825,805.331,43.746815,317.36142,-10.215273,344.28967,17.121582,208.75688,-13.547271,178.8781,15.044368,127.90408,-16.248148,137.12375,9.423361,112.94323,-11.636703,132.07475,7.048088,78.88022,-4.321259,99.26022,0.82388306,91.072334,-5.606884,69.534805,1.260992,54.927567,-6.9671044,61.7151,0.39286575,41.18751,-2.425388,41.67059,-2.932968,38.80096
