chroma_stft_mean,chroma_stft_var,rms_mean,rms_var,spectral_centroid_mean,spectral_centroid_var,spectral_bandwidth_mean,spectral_bandwidth_var,rolloff_mean,rolloff_var,zero_crossing_rate_mean,zero_crossing_rate_var,harmony_mean,harmony_var,perceptr_mean,perceptr_var,tempo,mfcc1_mean,mfcc1_var,mfcc2_mean,mfcc2_var,mfcc3_mean,mfcc3_var,mfcc4_mean,mfcc4_var,mfcc5_mean,mfcc5_var,mfcc6_mean,mfcc6_var,mfcc7_mean,mfcc7_var,mfcc8_mean,mfcc8_var,mfcc9_mean,mfcc9_var,mfcc10_mean,mfcc10_var,mfcc11_mean,mfcc11_var,mfcc12_mean,mfcc12_var,mfcc13_mean,mfcc13_var,mfcc14_mean,mfcc14_var,mfcc15_mean,mfcc15_var,mfcc16_mean,mfcc16_var,mfcc17_mean,mfcc17_var,mfcc18_mean,mfcc18_var,mfcc19_mean,mfcc19_var,mfcc20_mean,mfcc20_var
0.4616843,0.0968019,0.16548869,0.0071475375,2677.2014312905194,1002887.2706733005,2337.2949947868146,102798.12508203292,5366.388973227233,1776668.0123678283,0.14572457463263727,0.01062507865136506,-1.5216045e-05,0.008301103,-0.00015891004,0.014291995,143.5546875,-113.53241,4874.289,68.488365,1635.1357,-15.747566,729.18207,56.377026,582.918,-8.181871,376.99954,27.015606,291.52374,-12.3755245,222.78891,20.661098,132.542,-12.6683,136.90187,15.433944,112.05996,-10.997763,112.27837,14.044762,98.81729,-12.50229,102.72846,7.4038095,79.5263,-13.326708,80.1144,-0.24176922,70.2668,-12.049074,81.636925,3.820072,86.13626,-2.6744127,95.33511,5.6393175,138.03485
