chroma_stft_mean,chroma_stft_var,rms_mean,rms_var,spectral_centroid_mean,spectral_centroid_var,spectral_bandwidth_mean,spectral_bandwidth_var,rolloff_mean,rolloff_var,zero_crossing_rate_mean,zero_crossing_rate_var,harmony_mean,harmony_var,perceptr_mean,perceptr_var,tempo,mfcc1_mean,mfcc1_var,mfcc2_mean,mfcc2_var,mfcc3_mean,mfcc3_var,mfcc4_mean,mfcc4_var,mfcc5_mean,mfcc5_var,mfcc6_mean,mfcc6_var,mfcc7_mean,mfcc7_var,mfcc8_mean,mfcc8_var,mfcc9_mean,mfcc9_var,mfcc10_mean,mfcc10_var,mfcc11_mean,mfcc11_var,mfcc12_mean,mfcc12_var,mfcc13_mean,mfcc13_var,mfcc14_mean,mfcc14_var,mfcc15_mean,mfcc15_var,mfcc16_mean,mfcc16_var,mfcc17_mean,mfcc17_var,mfcc18_mean,mfcc18_var,mfcc19_mean,mfcc19_var,mfcc20_mean,mfcc20_var
0.5207127,0.08613395,0.08635042,0.0033893334,1470.2938674326106,355309.8404945588,1954.8448319946945,180371.12942474638,3279.0005641857597,2646701.538151936,0.05182163270978345,0.0011617797914734297,-0.00014099099,0.002061806,-0.001090162,0.0056392746,103.359375,-215.99901,5021.419,122.53193,533.2109,0.90698904,768.5364,39.340004,310.34073,9.276779,253.05974,26.041027,159.54074,-4.0447974,172.60442,18.255962,109.66345,-6.518696,97.82757,13.916698,90.4072,-3.0740812,82.66792,8.889011,51.28628,-4.3479905,58.319515,4.6949477,45.87623,-0.108831964,57.392727,0.9156308,33.031914,-1.9219093,36.751297,-1.7733055,40.70321,1.1663698,50.574226,-4.018684,40.94158
