chroma_stft_mean,chroma_stft_var,rms_mean,rms_var,spectral_centroid_mean,spectral_centroid_var,spectral_bandwidth_mean,spectral_bandwidth_var,rolloff_mean,rolloff_var,zero_crossing_rate_mean,zero_crossing_rate_var,harmony_mean,harmony_var,perceptr_mean,perceptr_var,tempo,mfcc1_mean,mfcc1_var,mfcc2_mean,mfcc2_var,mfcc3_mean,mfcc3_var,mfcc4_mean,mfcc4_var,mfcc5_mean,mfcc5_var,mfcc6_mean,mfcc6_var,mfcc7_mean,mfcc7_var,mfcc8_mean,mfcc8_var,mfcc9_mean,mfcc9_var,mfcc10_mean,mfcc10_var,mfcc11_mean,mfcc11_var,mfcc12_mean,mfcc12_var,mfcc13_mean,mfcc13_var,mfcc14_mean,mfcc14_var,mfcc15_mean,mfcc15_var,mfcc16_mean,mfcc16_var,mfcc17_mean,mfcc17_var,mfcc18_mean,mfcc18_var,mfcc19_mean,mfcc19_var,mfcc20_mean,mfcc20_var
0.43091887,0.08914119,0.27877173,0.005571338,2500.4618224971823,1243129.0871503358,3049.2102835032524,321021.69088921236,6026.957033515806,6245081.896400167,0.06922378008990719,0.003066996462214641,-1.9773574e-06,0.05076495,6.0453927e-05,0.0129085835,95.703125,-81.72639,4956.1094,82.33733,1051.0537,53.536568,748.99164,25.525997,276.42252,15.728674,213.4995,19.205505,88.35615,8.432267,77.85416,6.3902464,63.45066,0.2068231,78.89646,0.13791877,59.55185,1.2020646,45.724968,1.532111,37.305824,-0.7304982,38.264816,1.3523006,35.70632,-0.38841522,37.909946,-3.121266,24.566757,-0.49184778,24.121725,-0.7469335,23.116385,-3.7749352,26.733566,-2.5100982,23.330105
