chroma_stft_mean,chroma_stft_var,rms_mean,rms_var,spectral_centroid_mean,spectral_centroid_var,spectral_bandwidth_mean,spectral_bandwidth_var,rolloff_mean,rolloff_var,zero_crossing_rate_mean,zero_crossing_rate_var,harmony_mean,harmony_var,perceptr_mean,perceptr_var,tempo,mfcc1_mean,mfcc1_var,mfcc2_mean,mfcc2_var,mfcc3_mean,mfcc3_var,mfcc4_mean,mfcc4_var,mfcc5_mean,mfcc5_var,mfcc6_mean,mfcc6_var,mfcc7_mean,mfcc7_var,mfcc8_mean,mfcc8_var,mfcc9_mean,mfcc9_var,mfcc10_mean,mfcc10_var,mfcc11_mean,mfcc11_var,mfcc12_mean,mfcc12_var,mfcc13_mean,mfcc13_var,mfcc14_mean,mfcc14_var,mfcc15_mean,mfcc15_var,mfcc16_mean,mfcc16_var,mfcc17_mean,mfcc17_var,mfcc18_mean,mfcc18_var,mfcc19_mean,mfcc19_var,mfcc20_mean,mfcc20_var
0.40821314,0.10244728,0.23593709,0.0141581725,2429.7567970045075,664046.470130146,2575.167652629,135653.91090363503,5273.794534422129,1747924.6268680491,0.07979187814191802,0.003610842859469814,4.408708e-06,0.01924364,0.00055900076,0.0338906,86.1328125,-82.389885,3905.2722,69.9665,692.4316,10.69905,599.7616,48.823395,348.12308,4.6501894,310.6557,13.297806,220.99283,-1.7968225,158.64366,5.130041,144.31642,-1.0847992,133.75542,-2.7969444,100.274185,-2.5503407,77.62298,0.22138514,90.54085,-3.1227164,75.091896,2.3073792,60.40805,-2.700535,54.333782,-0.7789591,63.97345,1.7283931,48.446304,-5.1309257,54.435314,-5.698678,42.055054,-3.7948177,33.327866
