chroma_stft_mean,chroma_stft_var,rms_mean,rms_var,spectral_centroid_mean,spectral_centroid_var,spectral_bandwidth_mean,spectral_bandwidth_var,rolloff_mean,rolloff_var,zero_crossing_rate_mean,zero_crossing_rate_var,harmony_mean,harmony_var,perceptr_mean,perceptr_var,tempo,mfcc1_mean,mfcc1_var,mfcc2_mean,mfcc2_var,mfcc3_mean,mfcc3_var,mfcc4_mean,mfcc4_var,mfcc5_mean,mfcc5_var,mfcc6_mean,mfcc6_var,mfcc7_mean,mfcc7_var,mfcc8_mean,mfcc8_var,mfcc9_mean,mfcc9_var,mfcc10_mean,mfcc10_var,mfcc11_mean,mfcc11_var,mfcc12_mean,mfcc12_var,mfcc13_mean,mfcc13_var,mfcc14_mean,mfcc14_var,mfcc15_mean,mfcc15_var,mfcc16_mean,mfcc16_var,mfcc17_mean,mfcc17_var,mfcc18_mean,mfcc18_var,mfcc19_mean,mfcc19_var,mfcc20_mean,mfcc20_var
0.4825702,0.08623863,0.10914599,0.0017848576,2272.5405031296214,222355.3214874217,2327.1482067943803,52251.21769098706,4964.2193504386605,952549.3280230699,0.10443931868716164,0.0022997861379544463,1.8919078e-06,0.0056306557,-0.00055105763,0.003763581,117.45383522727273,-109.51281,944.84076,97.39123,246.93887,-20.617918,224.00874,37.375572,129.10046,-3.1134143,123.24915,28.608015,78.60422,-14.167001,129.60258,23.848665,73.42367,-8.73561,78.844666,19.89689,60.10717,-11.290993,58.902744,17.932451,50.9405,-3.4741397,49.910133,8.232468,46.4445,-8.94511,45.27938,9.265489,39.519535,-4.9853783,52.312336,1.842355,62.225662,-2.2441218,56.472908,0.6696808,56.98389
