chroma_stft_mean,chroma_stft_var,rms_mean,rms_var,spectral_centroid_mean,spectral_centroid_var,spectral_bandwidth_mean,spectral_bandwidth_var,rolloff_mean,rolloff_var,zero_crossing_rate_mean,zero_crossing_rate_var,harmony_mean,harmony_var,perceptr_mean,perceptr_var,tempo,mfcc1_mean,mfcc1_var,mfcc2_mean,mfcc2_var,mfcc3_mean,mfcc3_var,mfcc4_mean,mfcc4_var,mfcc5_mean,mfcc5_var,mfcc6_mean,mfcc6_var,mfcc7_mean,mfcc7_var,mfcc8_mean,mfcc8_var,mfcc9_mean,mfcc9_var,mfcc10_mean,mfcc10_var,mfcc11_mean,mfcc11_var,mfcc12_mean,mfcc12_var,mfcc13_mean,mfcc13_var,mfcc14_mean,mfcc14_var,mfcc15_mean,mfcc15_var,mfcc16_mean,mfcc16_var,mfcc17_mean,mfcc17_var,mfcc18_mean,mfcc18_var,mfcc19_mean,mfcc19_var,mfcc20_mean,mfcc20_var
0.39370215,0.085228145,0.19659239,0.0017112998,1977.0957174136204,137168.42530325736,1927.7012073969408,73886.46077729626,3943.357335774362,695655.2182812053,0.10660165313225058,0.000946205608834699,-3.3479034e-06,0.018108414,-4.2046966e-05,0.009178951,99.38401442307692,-55.631004,1013.77313,114.9514,318.2905,-37.04922,205.41469,64.900314,68.838974,-7.1699824,93.57416,15.256333,114.96858,-16.24762,97.79859,18.646315,77.883606,-9.762152,68.49206,21.460814,73.34603,-5.662462,72.03129,12.79181,99.28801,-16.540878,55.811733,3.7969823,54.153934,-7.9076314,57.914635,8.472277,56.29077,-4.0752034,47.117863,3.2032905,50.154823,-5.1877713,54.7304,-1.2790169,57.963596
