chroma_stft_mean,chroma_stft_var,rms_mean,rms_var,spectral_centroid_mean,spectral_centroid_var,spectral_bandwidth_mean,spectral_bandwidth_var,rolloff_mean,rolloff_var,zero_crossing_rate_mean,zero_crossing_rate_var,harmony_mean,harmony_var,perceptr_mean,perceptr_var,tempo,mfcc1_mean,mfcc1_var,mfcc2_mean,mfcc2_var,mfcc3_mean,mfcc3_var,mfcc4_mean,mfcc4_var,mfcc5_mean,mfcc5_var,mfcc6_mean,mfcc6_var,mfcc7_mean,mfcc7_var,mfcc8_mean,mfcc8_var,mfcc9_mean,mfcc9_var,mfcc10_mean,mfcc10_var,mfcc11_mean,mfcc11_var,mfcc12_mean,mfcc12_var,mfcc13_mean,mfcc13_var,mfcc14_mean,mfcc14_var,mfcc15_mean,mfcc15_var,mfcc16_mean,mfcc16_var,mfcc17_mean,mfcc17_var,mfcc18_mean,mfcc18_var,mfcc19_mean,mfcc19_var,mfcc20_mean,mfcc20_var
0.39096886,0.10045535,0.063039556,0.0015321699,918.6809999781143,522913.1738072154,1437.0351043764242,192328.66463791605,1602.5332846940255,2287747.1941500152,0.03231153023491879,0.0016002975588640964,-1.7120014e-05,0.004176994,-0.00014141091,0.00051355123,83.35433467741936,-332.2246,7292.3906,128.08928,965.24335,28.80515,1185.7218,41.830193,303.7448,31.214472,229.45088,23.334787,160.46344,5.784112,186.87914,9.001364,148.51697,-3.8817174,184.25235,3.731323,95.78013,-0.8742291,90.75337,-0.4391902,82.60477,1.4851278,92.31089,-1.5689237,68.91012,-0.8338707,57.630722,2.1711133,60.39903,-3.8898404,72.59805,-4.195392,43.173668,-5.925874,45.381966,-3.4450047,32.34512
