chroma_stft_mean,chroma_stft_var,rms_mean,rms_var,spectral_centroid_mean,spectral_centroid_var,spectral_bandwidth_mean,spectral_bandwidth_var,rolloff_mean,rolloff_var,zero_crossing_rate_mean,zero_crossing_rate_var,harmony_mean,harmony_var,perceptr_mean,perceptr_var,tempo,mfcc1_mean,mfcc1_var,mfcc2_mean,mfcc2_var,mfcc3_mean,mfcc3_var,mfcc4_mean,mfcc4_var,mfcc5_mean,mfcc5_var,mfcc6_mean,mfcc6_var,mfcc7_mean,mfcc7_var,mfcc8_mean,mfcc8_var,mfcc9_mean,mfcc9_var,mfcc10_mean,mfcc10_var,mfcc11_mean,mfcc11_var,mfcc12_mean,mfcc12_var,mfcc13_mean,mfcc13_var,mfcc14_mean,mfcc14_var,mfcc15_mean,mfcc15_var,mfcc16_mean,mfcc16_var,mfcc17_mean,mfcc17_var,mfcc18_mean,mfcc18_var,mfcc19_mean,mfcc19_var,mfcc20_mean,mfcc20_var
0.28080696,0.091172345,0.1019351,0.003558167,1210.1413910383174,131835.5423929671,1497.6767028673225,51645.13871693966,2521.9827390878772,610051.874210673,0.052467009860788866,0.0010877847348502296,-2.3218185e-05,0.008701689,-0.00011488633,0.0020992793,95.703125,-227.2558,4144.4,137.76518,507.1656,-14.502318,1245.1947,63.57536,210.98936,5.6017485,152.54596,11.988768,93.58656,1.8891491,102.56179,-1.8709356,87.26914,-7.618036,97.51639,-2.4516425,97.63352,-2.8980217,104.15347,-9.433825,87.92734,-10.939208,115.719406,3.5636466,68.92533,4.152738,77.30342,0.094712175,45.212193,-2.9802275,66.8502,-1.3866447,82.508995,7.5348935,93.42404,-3.0437849,74.07117
