chroma_stft_mean,chroma_stft_var,rms_mean,rms_var,spectral_centroid_mean,spectral_centroid_var,spectral_bandwidth_mean,spectral_bandwidth_var,rolloff_mean,rolloff_var,zero_crossing_rate_mean,zero_crossing_rate_var,harmony_mean,harmony_var,perceptr_mean,perceptr_var,tempo,mfcc1_mean,mfcc1_var,mfcc2_mean,mfcc2_var,mfcc3_mean,mfcc3_var,mfcc4_mean,mfcc4_var,mfcc5_mean,mfcc5_var,mfcc6_mean,mfcc6_var,mfcc7_mean,mfcc7_var,mfcc8_mean,mfcc8_var,mfcc9_mean,mfcc9_var,mfcc10_mean,mfcc10_var,mfcc11_mean,mfcc11_var,mfcc12_mean,mfcc12_var,mfcc13_mean,mfcc13_var,mfcc14_mean,mfcc14_var,mfcc15_mean,mfcc15_var,mfcc16_mean,mfcc16_var,mfcc17_mean,mfcc17_var,mfcc18_mean,mfcc18_var,mfcc19_mean,mfcc19_var,mfcc20_mean,mfcc20_var
0.35681704,0.08764,0.16190661,0.004790586,2068.3321715132806,283340.9801771344,2033.9588199378036,116351.66949518383,4231.815658533933,1130991.0146468694,0.10435170751160093,0.001929636247653688,-5.459284e-06,0.013774456,-2.9197916e-05,0.009370511,107.666015625,-95.44059,3216.1946,105.23433,612.76733,-26.953482,376.1165,60.816486,117.35528,-4.854668,152.49684,21.543472,167.84454,-13.520524,118.71463,12.13553,103.32625,-20.231928,90.339134,12.156194,85.81288,-5.2262135,73.183075,10.267819,61.97442,-9.4598,66.39126,3.8689907,67.318054,-10.188684,59.287865,3.5827923,53.05044,-3.1101313,48.43398,0.20062798,57.98104,0.8418169,66.159874,-3.4198139,60.704742
