chroma_stft_mean,chroma_stft_var,rms_mean,rms_var,spectral_centroid_mean,spectral_centroid_var,spectral_bandwidth_mean,spectral_bandwidth_var,rolloff_mean,rolloff_var,zero_crossing_rate_mean,zero_crossing_rate_var,harmony_mean,harmony_var,perceptr_mean,perceptr_var,tempo,mfcc1_mean,mfcc1_var,mfcc2_mean,mfcc2_var,mfcc3_mean,mfcc3_var,mfcc4_mean,mfcc4_var,mfcc5_mean,mfcc5_var,mfcc6_mean,mfcc6_var,mfcc7_mean,mfcc7_var,mfcc8_mean,mfcc8_var,mfcc9_mean,mfcc9_var,mfcc10_mean,mfcc10_var,mfcc11_mean,mfcc11_var,mfcc12_mean,mfcc12_var,mfcc13_mean,mfcc13_var,mfcc14_mean,mfcc14_var,mfcc15_mean,mfcc15_var,mfcc16_mean,mfcc16_var,mfcc17_mean,mfcc17_var,mfcc18_mean,mfcc18_var,mfcc19_mean,mfcc19_var,mfcc20_mean,mfcc20_var
0.27857408,0.09503724,0.07705383,0.005932036,1198.8570176825062,161946.55559916742,1573.309953310918,84086.3673391801,2478.8330644576567,992995.9729777103,0.05197268646075019,0.001486869460338792,-3.4151584e-05,0.008433905,-6.513466e-05,0.0019195939,83.35433467741936,-284.64056,6202.548,108.80131,675.54285,9.085319,1444.9445,51.198063,296.57825,18.071892,210.83527,7.6021547,181.8869,8.755716,122.01364,2.3540907,103.12947,0.003367177,93.45781,2.2484956,106.08587,4.1991253,84.31745,-3.283064,97.75062,1.6176828,68.57549,2.679472,74.232735,3.3437948,91.85233,3.2793777,115.848816,-4.5331836,137.81163,0.48806837,105.86488,5.921497,140.58414,3.2215703,169.69243
