chroma_stft_mean,chroma_stft_var,rms_mean,rms_var,spectral_centroid_mean,spectral_centroid_var,spectral_bandwidth_mean,spectral_bandwidth_var,rolloff_mean,rolloff_var,zero_crossing_rate_mean,zero_crossing_rate_var,harmony_mean,harmony_var,perceptr_mean,perceptr_var,tempo,mfcc1_mean,mfcc1_var,mfcc2_mean,mfcc2_var,mfcc3_mean,mfcc3_var,mfcc4_mean,mfcc4_var,mfcc5_mean,mfcc5_var,mfcc6_mean,mfcc6_var,mfcc7_mean,mfcc7_var,mfcc8_mean,mfcc8_var,mfcc9_mean,mfcc9_var,mfcc10_mean,mfcc10_var,mfcc11_mean,mfcc11_var,mfcc12_mean,mfcc12_var,mfcc13_mean,mfcc13_var,mfcc14_mean,mfcc14_var,mfcc15_mean,mfcc15_var,mfcc16_mean,mfcc16_var,mfcc17_mean,mfcc17_var,mfcc18_mean,mfcc18_var,mfcc19_mean,mfcc19_var,mfcc20_mean,mfcc20_var
0.36832434,0.0879262,0.24235758,0.0075179394,1827.2572927983213,155339.38839349555,1898.4619176162173,55152.18993587411,3743.613145301624,769354.0286920278,0.09403926793310131,0.0012039334675779153,3.258112e-05,0.034877792,0.00036168817,0.014046813,117.45383522727273,-54.706253,2272.1147,119.48301,397.96436,-34.87408,246.3921,37.540634,185.53296,-15.880536,157.4765,22.081291,112.480835,-14.661809,207.59784,18.532047,95.02667,-9.647198,124.39633,11.256581,77.11396,-11.729359,75.76016,11.540745,55.89343,-6.4318557,72.85557,1.7925242,61.136856,-5.8779697,46.92905,0.38042605,64.58496,-9.064893,48.627502,-2.0241985,44.95125,-5.4177175,54.0621,0.032431856,49.07397
