chroma_stft_mean,chroma_stft_var,rms_mean,rms_var,spectral_centroid_mean,spectral_centroid_var,spectral_bandwidth_mean,spectral_bandwidth_var,rolloff_mean,rolloff_var,zero_crossing_rate_mean,zero_crossing_rate_var,harmony_mean,harmony_var,perceptr_mean,perceptr_var,tempo,mfcc1_mean,mfcc1_var,mfcc2_mean,mfcc2_var,mfcc3_mean,mfcc3_var,mfcc4_mean,mfcc4_var,mfcc5_mean,mfcc5_var,mfcc6_mean,mfcc6_var,mfcc7_mean,mfcc7_var,mfcc8_mean,mfcc8_var,mfcc9_mean,mfcc9_var,mfcc10_mean,mfcc10_var,mfcc11_mean,mfcc11_var,mfcc12_mean,mfcc12_var,mfcc13_mean,mfcc13_var,mfcc14_mean,mfcc14_var,mfcc15_mean,mfcc15_var,mfcc16_mean,mfcc16_var,mfcc17_mean,mfcc17_var,mfcc18_mean,mfcc18_var,mfcc19_mean,mfcc19_var,mfcc20_mean,mfcc20_var
0.33038977,0.089893155,0.0962278,0.0017359635,2839.8868647026125,289513.83829927875,2443.989707087495,56248.15221062855,5711.47812137471,476263.8609413221,0.15441054294760248,0.0030691837452442696,-0.000151911,0.0054188534,-0.00038521853,0.0028933934,92.28515625,-129.15756,2037.5012,72.09806,426.36514,-7.7710886,593.79803,49.25128,142.07368,-32.72323,107.302666,21.606962,78.493195,-27.37162,188.03764,15.0016575,52.663307,-10.260744,121.35637,12.431697,51.915085,-17.031103,57.228012,7.1205482,68.507515,-18.018093,66.155426,2.9243608,46.8635,-14.481514,69.771324,4.073019,56.86808,-14.528055,66.761566,7.258472,80.84455,-8.21289,81.373505,-1.9991802,76.82915
