chroma_stft_mean,chroma_stft_var,rms_mean,rms_var,spectral_centroid_mean,spectral_centroid_var,spectral_bandwidth_mean,spectral_bandwidth_var,rolloff_mean,rolloff_var,zero_crossing_rate_mean,zero_crossing_rate_var,harmony_mean,harmony_var,perceptr_mean,perceptr_var,tempo,mfcc1_mean,mfcc1_var,mfcc2_mean,mfcc2_var,mfcc3_mean,mfcc3_var,mfcc4_mean,mfcc4_var,mfcc5_mean,mfcc5_var,mfcc6_mean,mfcc6_var,mfcc7_mean,mfcc7_var,mfcc8_mean,mfcc8_var,mfcc9_mean,mfcc9_var,mfcc10_mean,mfcc10_var,mfcc11_mean,mfcc11_var,mfcc12_mean,mfcc12_var,mfcc13_mean,mfcc13_var,mfcc14_mean,mfcc14_var,mfcc15_mean,mfcc15_var,mfcc16_mean,mfcc16_var,mfcc17_mean,mfcc17_var,mfcc18_mean,mfcc18_var,mfcc19_mean,mfcc19_var,mfcc20_mean,mfcc20_var
0.42225853,0.092752494,0.09936382,0.0012849164,991.4865889707816,415969.7908179799,1396.653097394131,262398.14289019327,1943.7254726471867,2277540.049016325,0.03605237637761021,0.0006523652146482036,4.57966e-06,0.0076546017,-0.00012619568,0.0012336723,123.046875,-236.30539,7767.4595,161.68063,1108.3844,-1.1661631,608.8001,27.27869,116.24081,9.586512,332.46265,20.620241,90.32631,0.2274405,80.38704,13.798597,103.98853,-0.50903946,90.118744,10.1752,82.59196,-4.4575562,85.555176,5.5087075,57.379803,-3.7265837,57.427578,-0.8961916,43.654408,-4.9078717,70.36175,-2.8703985,46.71458,-3.756362,36.188797,-3.347305,45.80034,-2.4162548,45.627956,-3.7818203,40.24526
