chroma_stft_mean,chroma_stft_var,rms_mean,rms_var,spectral_centroid_mean,spectral_centroid_var,spectral_bandwidth_mean,spectral_bandwidth_var,rolloff_mean,rolloff_var,zero_crossing_rate_mean,zero_crossing_rate_var,harmony_mean,harmony_var,perceptr_mean,perceptr_var,tempo,mfcc1_mean,mfcc1_var,mfcc2_mean,mfcc2_var,mfcc3_mean,mfcc3_var,mfcc4_mean,mfcc4_var,mfcc5_mean,mfcc5_var,mfcc6_mean,mfcc6_var,mfcc7_mean,mfcc7_var,mfcc8_mean,mfcc8_var,mfcc9_mean,mfcc9_var,mfcc10_mean,mfcc10_var,mfcc11_mean,mfcc11_var,mfcc12_mean,mfcc12_var,mfcc13_mean,mfcc13_var,mfcc14_mean,mfcc14_var,mfcc15_mean,mfcc15_var,mfcc16_mean,mfcc16_var,mfcc17_mean,mfcc17_var,mfcc18_mean,mfcc18_var,mfcc19_mean,mfcc19_var,mfcc20_mean,mfcc20_var
0.3901175,0.086306624,0.13620916,0.0004673378,2279.0311186490426,170912.65500255735,2375.2320905788447,52988.857673429186,5198.686455463312,569824.0025389729,0.09252533171403712,0.0009024755703477607,-0.0021756263,0.010294868,-0.0046636397,0.0031387617,135.99917763157896,-109.53125,825.78674,86.9288,227.79308,-8.606026,278.6758,64.480484,82.36141,-6.302876,55.093422,43.645935,38.814426,-8.295385,51.62467,28.543201,54.884113,-14.081493,77.61288,8.137968,85.42997,-21.48412,69.56904,11.087112,94.99685,-5.095304,91.418175,3.9801104,68.81322,-12.861199,52.78264,12.336353,61.292187,0.017295018,73.2527,-0.7424919,56.273933,-5.134484,95.952225,3.2994614,92.61926
