chroma_stft_mean,chroma_stft_var,rms_mean,rms_var,spectral_centroid_mean,spectral_centroid_var,spectral_bandwidth_mean,spectral_bandwidth_var,rolloff_mean,rolloff_var,zero_crossing_rate_mean,zero_crossing_rate_var,harmony_mean,harmony_var,perceptr_mean,perceptr_var,tempo,mfcc1_mean,mfcc1_var,mfcc2_mean,mfcc2_var,mfcc3_mean,mfcc3_var,mfcc4_mean,mfcc4_var,mfcc5_mean,mfcc5_var,mfcc6_mean,mfcc6_var,mfcc7_mean,mfcc7_var,mfcc8_mean,mfcc8_var,mfcc9_mean,mfcc9_var,mfcc10_mean,mfcc10_var,mfcc11_mean,mfcc11_var,mfcc12_mean,mfcc12_var,mfcc13_mean,mfcc13_var,mfcc14_mean,mfcc14_var,mfcc15_mean,mfcc15_var,mfcc16_mean,mfcc16_var,mfcc17_mean,mfcc17_var,mfcc18_mean,mfcc18_var,mfcc19_mean,mfcc19_var,mfcc20_mean,mfcc20_var
0.3026832,0.09436195,0.07542555,0.002492628,1390.3828142454302,103083.25083197534,1911.21837782118,88690.56843978264,3006.1467358794953,945931.9719751858,0.05258634232405259,0.000616229079623275,-5.47156e-06,0.0045763054,-9.017861e-05,0.0014828884,135.99917763157896,-230.36378,2989.1602,127.07773,397.76837,7.1146965,600.3924,39.767056,176.0069,1.9217218,116.42421,17.410606,100.17704,-5.626918,79.68089,8.2406645,69.49092,-18.116041,60.15173,13.844725,72.71004,-3.7571108,71.56751,2.579849,74.58947,-4.3167143,62.589,6.797995,62.125072,-6.167014,60.688465,-6.2006335,49.888157,-4.5018964,52.918427,-1.8255954,73.46966,-0.51591,94.82006,1.5071843,73.84815
