chroma_stft_mean,chroma_stft_var,rms_mean,rms_var,spectral_centroid_mean,spectral_centroid_var,spectral_bandwidth_mean,spectral_bandwidth_var,rolloff_mean,rolloff_var,zero_crossing_rate_mean,zero_crossing_rate_var,harmony_mean,harmony_var,perceptr_mean,perceptr_var,tempo,mfcc1_mean,mfcc1_var,mfcc2_mean,mfcc2_var,mfcc3_mean,mfcc3_var,mfcc4_mean,mfcc4_var,mfcc5_mean,mfcc5_var,mfcc6_mean,mfcc6_var,mfcc7_mean,mfcc7_var,mfcc8_mean,mfcc8_var,mfcc9_mean,mfcc9_var,mfcc10_mean,mfcc10_var,mfcc11_mean,mfcc11_var,mfcc12_mean,mfcc12_var,mfcc13_mean,mfcc13_var,mfcc14_mean,mfcc14_var,mfcc15_mean,mfcc15_var,mfcc16_mean,mfcc16_var,mfcc17_mean,mfcc17_var,mfcc18_mean,mfcc18_var,mfcc19_mean,mfcc19_var,mfcc20_mean,mfcc20_var
0.36592886,0.096423194,0.124884635,0.0036679134,1245.6864186148603,713242.3525921911,1634.505436383305,335262.0417074252,2518.152393597738,3531630.3962476575,0.04881868414056458,0.0027271221550006965,-1.1555078e-05,0.011525531,-6.856245e-05,0.0029160168,123.046875,-212.79181,7245.46,139.06325,1555.4478,9.446759,732.1798,35.453796,258.03745,12.697431,310.7154,20.420671,185.9254,-5.582625,180.287,10.889944,102.0161,-8.73331,140.48264,8.059619,75.97051,0.16372366,95.16277,2.6487746,75.527466,-1.0296488,76.18483,-1.4043938,72.52261,-4.7083907,72.94243,1.1376657,100.25064,-9.471994,81.15206,-2.188778,54.718277,-4.0989065,52.215096,-3.338622,45.732597
