chroma_stft_mean,chroma_stft_var,rms_mean,rms_var,spectral_centroid_mean,spectral_centroid_var,spectral_bandwidth_mean,spectral_bandwidth_var,rolloff_mean,rolloff_var,zero_crossing_rate_mean,zero_crossing_rate_var,harmony_mean,harmony_var,perceptr_mean,perceptr_var,tempo,mfcc1_mean,mfcc1_var,mfcc2_mean,mfcc2_var,mfcc3_mean,mfcc3_var,mfcc4_mean,mfcc4_var,mfcc5_mean,mfcc5_var,mfcc6_mean,mfcc6_var,mfcc7_mean,mfcc7_var,mfcc8_mean,mfcc8_var,mfcc9_mean,mfcc9_var,mfcc10_mean,mfcc10_var,mfcc11_mean,mfcc11_var,mfcc12_mean,mfcc12_var,mfcc13_mean,mfcc13_var,mfcc14_mean,mfcc14_var,mfcc15_mean,mfcc15_var,mfcc16_mean,mfcc16_var,mfcc17_mean,mfcc17_var,mfcc18_mean,mfcc18_var,mfcc19_mean,mfcc19_var,mfcc20_mean,mfcc20_var
0.33906108,0.08660953,0.25124043,0.0037354217,2141.5407737603573,127267.16948142147,2168.0853543847343,74571.71253818435,4628.506221904002,970609.0559705851,0.10512510271655066,0.0006445664820023462,-1.4876777e-06,0.033674873,-0.0002548218,0.014540482,123.046875,-29.367115,1404.6522,108.66699,254.32214,-25.570353,268.21948,38.4609,153.98647,-18.340786,203.99947,21.792147,97.207405,-25.148397,100.3202,22.39537,62.93754,-17.588984,83.93119,14.681227,88.787895,-12.085815,61.455338,5.48115,64.42262,-7.693527,64.40304,7.3994966,67.020676,-11.3165245,65.443794,7.225638,68.242516,-9.477632,81.949936,1.937944,70.14037,-6.332122,57.14506,-1.3043139,61.87349
