chroma_stft_mean,chroma_stft_var,rms_mean,rms_var,spectral_centroid_mean,spectral_centroid_var,spectral_bandwidth_mean,spectral_bandwidth_var,rolloff_mean,rolloff_var,zero_crossing_rate_mean,zero_crossing_rate_var,harmony_mean,harmony_var,perceptr_mean,perceptr_var,tempo,mfcc1_mean,mfcc1_var,mfcc2_mean,mfcc2_var,mfcc3_mean,mfcc3_var,mfcc4_mean,mfcc4_var,mfcc5_mean,mfcc5_var,mfcc6_mean,mfcc6_var,mfcc7_mean,mfcc7_var,mfcc8_mean,mfcc8_var,mfcc9_mean,mfcc9_var,mfcc10_mean,mfcc10_var,mfcc11_mean,mfcc11_var,mfcc12_mean,mfcc12_var,mfcc13_mean,mfcc13_var,mfcc14_mean,mfcc14_var,mfcc15_mean,mfcc15_var,mfcc16_mean,mfcc16_var,mfcc17_mean,mfcc17_var,mfcc18_mean,mfcc18_var,mfcc19_mean,mfcc19_var,mfcc20_mean,mfcc20_var
0.4215437,0.07872209,0.27078366,0.0018968092,2442.941257538624,130595.75140069805,2358.6658883014015,31737.91165979753,5267.915786778567,414655.6834674431,0.12468240948859242,0.0011888826330901203,1.7716717e-05,0.04008134,-3.537102e-05,0.012199369,161.4990234375,-3.5798953,1020.4018,92.929634,171.39415,-25.082928,149.58519,45.179504,65.76457,-10.856173,70.59468,31.863396,42.470566,-18.04439,73.045944,28.626354,48.179405,-10.2277155,59.069,14.668069,41.811085,-14.905226,30.200726,14.741958,28.676184,-15.603514,40.916348,9.546685,42.935627,-14.794422,35.299202,2.0718615,46.790436,-13.811246,38.363274,3.5728886,33.2389,-5.967709,34.37323,-1.6463124,59.82942
