chroma_stft_mean,chroma_stft_var,rms_mean,rms_var,spectral_centroid_mean,spectral_centroid_var,spectral_bandwidth_mean,spectral_bandwidth_var,rolloff_mean,rolloff_var,zero_crossing_rate_mean,zero_crossing_rate_var,harmony_mean,harmony_var,perceptr_mean,perceptr_var,tempo,mfcc1_mean,mfcc1_var,mfcc2_mean,mfcc2_var,mfcc3_mean,mfcc3_var,mfcc4_mean,mfcc4_var,mfcc5_mean,mfcc5_var,mfcc6_mean,mfcc6_var,mfcc7_mean,mfcc7_var,mfcc8_mean,mfcc8_var,mfcc9_mean,mfcc9_var,mfcc10_mean,mfcc10_var,mfcc11_mean,mfcc11_var,mfcc12_mean,mfcc12_var,mfcc13_mean,mfcc13_var,mfcc14_mean,mfcc14_var,mfcc15_mean,mfcc15_var,mfcc16_mean,mfcc16_var,mfcc17_mean,mfcc17_var,mfcc18_mean,mfcc18_var,mfcc19_mean,mfcc19_var,mfcc20_mean,mfcc20_var
0.36588737,0.10200271,0.06570574,0.002499327,1352.7427097237671,511953.3552514408,1756.882097133257,220316.58302418704,2880.9110920279873,2932944.116679484,0.043930584759280744,0.0018957123722602104,4.6168816e-06,0.005014702,-1.1477762e-05,0.0006338636,161.4990234375,-287.9319,5931.3467,124.010765,994.99554,5.4674478,302.0755,33.66307,344.49417,1.091654,441.21622,14.703699,235.38486,-4.8811417,149.53206,8.668892,189.32147,0.7843314,148.67032,6.57608,114.22455,-4.875815,93.7772,-3.176761,84.19608,-5.538258,65.792854,-6.779148,60.83885,-2.6465132,55.49734,-2.9903204,54.537933,-3.3829944,39.835857,-1.8589838,46.825733,1.8391857,37.05892,-4.891355,28.130304
