chroma_stft_mean,chroma_stft_var,rms_mean,rms_var,spectral_centroid_mean,spectral_centroid_var,spectral_bandwidth_mean,spectral_bandwidth_var,rolloff_mean,rolloff_var,zero_crossing_rate_mean,zero_crossing_rate_var,harmony_mean,harmony_var,perceptr_mean,perceptr_var,tempo,mfcc1_mean,mfcc1_var,mfcc2_mean,mfcc2_var,mfcc3_mean,mfcc3_var,mfcc4_mean,mfcc4_var,mfcc5_mean,mfcc5_var,mfcc6_mean,mfcc6_var,mfcc7_mean,mfcc7_var,mfcc8_mean,mfcc8_var,mfcc9_mean,mfcc9_var,mfcc10_mean,mfcc10_var,mfcc11_mean,mfcc11_var,mfcc12_mean,mfcc12_var,mfcc13_mean,mfcc13_var,mfcc14_mean,mfcc14_var,mfcc15_mean,mfcc15_var,mfcc16_mean,mfcc16_var,mfcc17_mean,mfcc17_var,mfcc18_mean,mfcc18_var,mfcc19_mean,mfcc19_var,mfcc20_mean,mfcc20_var
0.33642253,0.08611636,0.11219959,0.00052807614,2013.0124617688698,162651.93971504105,2310.092635589126,44028.09552200974,4848.792721777118,581102.7284518713,0.07532370818832174,0.0008400964618032157,-0.0037498123,0.008903606,-0.0030208817,0.0015340992,151.99908088235293,-149.96422,1104.7489,93.663895,194.89075,6.347333,172.53929,71.49793,97.62369,-8.129108,96.843216,36.19368,39.40081,-9.783754,51.195137,17.647097,66.05271,-21.112293,55.39758,-0.13059248,64.453476,-22.204636,40.758312,5.4265747,35.140984,-7.464398,42.076725,-4.3298597,40.63248,-12.407085,31.270174,9.623547,46.44603,-5.024197,38.21109,-3.7060928,45.848766,2.3371365,53.570126,4.1607966,43.544956
