chroma_stft_mean,chroma_stft_var,rms_mean,rms_var,spectral_centroid_mean,spectral_centroid_var,spectral_bandwidth_mean,spectral_bandwidth_var,rolloff_mean,rolloff_var,zero_crossing_rate_mean,zero_crossing_rate_var,harmony_mean,harmony_var,perceptr_mean,perceptr_var,tempo,mfcc1_mean,mfcc1_var,mfcc2_mean,mfcc2_var,mfcc3_mean,mfcc3_var,mfcc4_mean,mfcc4_var,mfcc5_mean,mfcc5_var,mfcc6_mean,mfcc6_var,mfcc7_mean,mfcc7_var,mfcc8_mean,mfcc8_var,mfcc9_mean,mfcc9_var,mfcc10_mean,mfcc10_var,mfcc11_mean,mfcc11_var,mfcc12_mean,mfcc12_var,mfcc13_mean,mfcc13_var,mfcc14_mean,mfcc14_var,mfcc15_mean,mfcc15_var,mfcc16_mean,mfcc16_var,mfcc17_mean,mfcc17_var,mfcc18_mean,mfcc18_var,mfcc19_mean,mfcc19_var,mfcc20_mean,mfcc20_var
0.25371763,0.09932377,0.15147567,0.0031959515,1330.6062681557469,352248.0685721231,1973.2623612410227,234481.19141217507,2898.630603338892,3709897.5074145617,0.04294722484048724,0.0010961764349717974,3.4333164e-07,0.023250263,9.560382e-07,0.0008500974,151.99908088235293,-221.87302,2512.0298,110.8554,586.3889,18.636082,190.44043,30.92296,180.49846,3.2964358,221.32793,22.585636,100.604965,-20.403688,318.4722,12.121834,114.503334,-26.332514,109.00269,-4.367301,102.22711,-26.395552,128.8599,-13.04718,107.47272,-12.667627,146.42516,-1.8228296,95.050285,-7.255051,110.84827,-6.657476,108.960014,-14.686026,103.15434,-11.712328,115.847015,-11.020865,118.50701,-13.38948,98.54089
