chroma_stft_mean,chroma_stft_var,rms_mean,rms_var,spectral_centroid_mean,spectral_centroid_var,spectral_bandwidth_mean,spectral_bandwidth_var,rolloff_mean,rolloff_var,zero_crossing_rate_mean,zero_crossing_rate_var,harmony_mean,harmony_var,perceptr_mean,perceptr_var,tempo,mfcc1_mean,mfcc1_var,mfcc2_mean,mfcc2_var,mfcc3_mean,mfcc3_var,mfcc4_mean,mfcc4_var,mfcc5_mean,mfcc5_var,mfcc6_mean,mfcc6_var,mfcc7_mean,mfcc7_var,mfcc8_mean,mfcc8_var,mfcc9_mean,mfcc9_var,mfcc10_mean,mfcc10_var,mfcc11_mean,mfcc11_var,mfcc12_mean,mfcc12_var,mfcc13_mean,mfcc13_var,mfcc14_mean,mfcc14_var,mfcc15_mean,mfcc15_var,mfcc16_mean,mfcc16_var,mfcc17_mean,mfcc17_var,mfcc18_mean,mfcc18_var,mfcc19_mean,mfcc19_var,mfcc20_mean,mfcc20_var
0.29277053,0.08795711,0.10029806,0.0008634326,2816.3627737389425,347610.5402122624,2372.057664509357,44802.74597619075,5613.737696671984,617082.3959867021,0.14628196297370458,0.002553609353603767,-0.00022097013,0.00558981,-0.00063917384,0.0025482122,107.666015625,-118.35662,1182.1466,74.87531,605.6735,-19.86609,341.94843,46.944565,126.391266,-32.55983,128.8168,23.820112,84.06199,-26.35521,158.19856,17.678152,55.986504,-13.824853,74.54639,11.931674,68.852776,-17.888668,62.154594,7.5392737,67.23195,-22.89513,46.130962,4.7638674,63.41402,-12.789289,76.19104,5.6152854,57.887627,-14.7285595,90.324356,6.676352,102.57544,-9.173862,135.86937,-2.2358475,100.82644
