chroma_stft_mean,chroma_stft_var,rms_mean,rms_var,spectral_centroid_mean,spectral_centroid_var,spectral_bandwidth_mean,spectral_bandwidth_var,rolloff_mean,rolloff_var,zero_crossing_rate_mean,zero_crossing_rate_var,harmony_mean,harmony_var,perceptr_mean,perceptr_var,tempo,mfcc1_mean,mfcc1_var,mfcc2_mean,mfcc2_var,mfcc3_mean,mfcc3_var,mfcc4_mean,mfcc4_var,mfcc5_mean,mfcc5_var,mfcc6_mean,mfcc6_var,mfcc7_mean,mfcc7_var,mfcc8_mean,mfcc8_var,mfcc9_mean,mfcc9_var,mfcc10_mean,mfcc10_var,mfcc11_mean,mfcc11_var,mfcc12_mean,mfcc12_var,mfcc13_mean,mfcc13_var,mfcc14_mean,mfcc14_var,mfcc15_mean,mfcc15_var,mfcc16_mean,mfcc16_var,mfcc17_mean,mfcc17_var,mfcc18_mean,mfcc18_var,mfcc19_mean,mfcc19_var,mfcc20_mean,mfcc20_var
0.26306966,0.09996888,0.08692267,0.0025121507,1120.1665687071636,176332.30941012528,1448.122767904381,53858.880893471636,2324.212009226363,1139225.1880237283,0.04727604770881671,0.0010789939313289771,-1.0099588e-05,0.0065561477,-0.000102504055,0.0017136887,103.359375,-274.37683,5920.2183,130.40738,500.41647,-6.357467,1342.9836,70.38822,311.4976,13.269664,230.38287,9.472181,155.52798,7.7330894,121.50667,-1.2365491,150.25732,-0.5709879,94.17128,-2.2971628,68.86658,3.7794154,76.74092,0.085482165,73.516495,-0.9368571,126.63781,2.2968419,63.148663,4.289634,69.60199,-1.6617899,47.883125,-10.439051,49.10369,-6.7934256,39.414467,-1.0635625,44.236256,-1.5890816,83.50596
