chroma_stft_mean,chroma_stft_var,rms_mean,rms_var,spectral_centroid_mean,spectral_centroid_var,spectral_bandwidth_mean,spectral_bandwidth_var,rolloff_mean,rolloff_var,zero_crossing_rate_mean,zero_crossing_rate_var,harmony_mean,harmony_var,perceptr_mean,perceptr_var,tempo,mfcc1_mean,mfcc1_var,mfcc2_mean,mfcc2_var,mfcc3_mean,mfcc3_var,mfcc4_mean,mfcc4_var,mfcc5_mean,mfcc5_var,mfcc6_mean,mfcc6_var,mfcc7_mean,mfcc7_var,mfcc8_mean,mfcc8_var,mfcc9_mean,mfcc9_var,mfcc10_mean,mfcc10_var,mfcc11_mean,mfcc11_var,mfcc12_mean,mfcc12_var,mfcc13_mean,mfcc13_var,mfcc14_mean,mfcc14_var,mfcc15_mean,mfcc15_var,mfcc16_mean,mfcc16_var,mfcc17_mean,mfcc17_var,mfcc18_mean,mfcc18_var,mfcc19_mean,mfcc19_var,mfcc20_mean,mfcc20_var
0.2775931,0.09067043,0.08853809,0.00045790555,1318.6118508553823,411923.0877087152,1904.7518035841686,170176.58525888168,3046.5652076384863,3067408.5660411404,0.039961269818252126,0.000759941091522924,-0.0042173346,0.006365133,-0.0021692591,0.00062430673,123.046875,-255.96312,3162.6323,110.83974,667.7594,21.46607,351.6857,67.558914,204.99411,4.2955728,197.39035,43.095005,83.037125,-4.5027637,74.33721,10.435257,75.69823,-8.718684,102.5398,1.6503062,80.245735,-20.581207,69.36396,-2.4358413,60.116077,-7.146028,66.004974,-11.169808,59.454624,-12.609449,42.89654,2.7359972,50.8929,-8.942252,59.62651,-7.9447255,59.154613,-2.3537965,70.3278,-0.71453446,82.61938
