chroma_stft_mean,chroma_stft_var,rms_mean,rms_var,spectral_centroid_mean,spectral_centroid_var,spectral_bandwidth_mean,spectral_bandwidth_var,rolloff_mean,rolloff_var,zero_crossing_rate_mean,zero_crossing_rate_var,harmony_mean,harmony_var,perceptr_mean,perceptr_var,tempo,mfcc1_mean,mfcc1_var,mfcc2_mean,mfcc2_var,mfcc3_mean,mfcc3_var,mfcc4_mean,mfcc4_var,mfcc5_mean,mfcc5_var,mfcc6_mean,mfcc6_var,mfcc7_mean,mfcc7_var,mfcc8_mean,mfcc8_var,mfcc9_mean,mfcc9_var,mfcc10_mean,mfcc10_var,mfcc11_mean,mfcc11_var,mfcc12_mean,mfcc12_var,mfcc13_mean,mfcc13_var,mfcc14_mean,mfcc14_var,mfcc15_mean,mfcc15_var,mfcc16_mean,mfcc16_var,mfcc17_mean,mfcc17_var,mfcc18_mean,mfcc18_var,mfcc19_mean,mfcc19_var,mfcc20_mean,mfcc20_var
0.4296856,0.090013646,0.14828186,0.000708944,1739.118783072362,144891.45634930584,2290.362915529216,65376.6134875657,4551.058301460992,819696.7521784143,0.048048310010634185,0.00026618744156701264,-0.0020876694,0.0138332825,-0.004860272,0.0023364867,129.19921875,-163.24342,669.9909,89.78384,207.5522,12.974768,134.92914,80.69835,43.353313,3.663785,32.880096,39.734093,38.96316,-5.409266,44.017635,26.490929,31.626709,-13.169032,37.974056,2.7055442,35.892223,-20.547697,38.927917,6.011405,37.744682,-2.906491,50.2276,-0.43132114,31.98003,-17.537825,38.903324,4.16445,32.078102,-5.9858317,36.06116,-7.8653197,31.954786,-8.567486,31.808247,1.8536395,42.822422
