chroma_stft_mean,chroma_stft_var,rms_mean,rms_var,spectral_centroid_mean,spectral_centroid_var,spectral_bandwidth_mean,spectral_bandwidth_var,rolloff_mean,rolloff_var,zero_crossing_rate_mean,zero_crossing_rate_var,harmony_mean,harmony_var,perceptr_mean,perceptr_var,tempo,mfcc1_mean,mfcc1_var,mfcc2_mean,mfcc2_var,mfcc3_mean,mfcc3_var,mfcc4_mean,mfcc4_var,mfcc5_mean,mfcc5_var,mfcc6_mean,mfcc6_var,mfcc7_mean,mfcc7_var,mfcc8_mean,mfcc8_var,mfcc9_mean,mfcc9_var,mfcc10_mean,mfcc10_var,mfcc11_mean,mfcc11_var,mfcc12_mean,mfcc12_var,mfcc13_mean,mfcc13_var,mfcc14_mean,mfcc14_var,mfcc15_mean,mfcc15_var,mfcc16_mean,mfcc16_var,mfcc17_mean,mfcc17_var,mfcc18_mean,mfcc18_var,mfcc19_mean,mfcc19_var,mfcc20_mean,mfcc20_var
0.26491037,0.091197476,0.113129914,0.00419274,1324.5278252945684,171556.88399977336,1827.8501316965392,78336.96976953464,2711.4849187935033,1076354.55766458,0.0514017032820959,0.001255387820866968,-5.6321674e-06,0.012679606,-6.0357368e-05,0.0016058078,107.666015625,-209.80392,1968.6527,124.46476,541.9335,10.309394,662.1497,47.016357,148.4147,6.478227,101.90166,15.41512,146.17114,-2.0159419,69.43244,6.7262187,76.019615,-21.543222,96.41771,10.720835,95.860405,-5.5328465,90.6517,-2.1957276,59.19819,-3.0491858,52.31441,8.643512,71.75554,-0.30701292,68.603455,-0.63291776,88.57952,-2.933559,97.390205,-1.7062988,104.24756,-1.7673149,88.82407,-7.755139,113.835785
