chroma_stft_mean,chroma_stft_var,rms_mean,rms_var,spectral_centroid_mean,spectral_centroid_var,spectral_bandwidth_mean,spectral_bandwidth_var,rolloff_mean,rolloff_var,zero_crossing_rate_mean,zero_crossing_rate_var,harmony_mean,harmony_var,perceptr_mean,perceptr_var,tempo,mfcc1_mean,mfcc1_var,mfcc2_mean,mfcc2_var,mfcc3_mean,mfcc3_var,mfcc4_mean,mfcc4_var,mfcc5_mean,mfcc5_var,mfcc6_mean,mfcc6_var,mfcc7_mean,mfcc7_var,mfcc8_mean,mfcc8_var,mfcc9_mean,mfcc9_var,mfcc10_mean,mfcc10_var,mfcc11_mean,mfcc11_var,mfcc12_mean,mfcc12_var,mfcc13_mean,mfcc13_var,mfcc14_mean,mfcc14_var,mfcc15_mean,mfcc15_var,mfcc16_mean,mfcc16_var,mfcc17_mean,mfcc17_var,mfcc18_mean,mfcc18_var,mfcc19_mean,mfcc19_var,mfcc20_mean,mfcc20_var
0.39099976,0.089701205,0.13775411,0.0032615764,1811.5485980815154,347373.0934060201,2052.0015654552462,119607.93276728225,3927.985992785673,1515679.3263610902,0.07550308451759474,0.001698276613367128,-4.62238e-06,0.012996036,-2.8430542e-05,0.005138235,161.4990234375,-145.29242,4647.8833,102.850784,530.9258,-12.567545,354.1106,56.993618,279.27228,2.2211056,261.18112,26.614082,190.24197,-4.29843,191.168,17.341423,107.84073,-8.0161295,80.43466,15.237474,82.39677,-6.9487624,48.317543,7.4706616,104.04367,-10.477944,49.6342,-2.345747,92.43324,-6.7928333,78.48814,2.6742005,46.55548,-4.7882085,73.1065,-0.94487613,62.88041,0.021900102,91.02122,-2.0035136,53.255524
