chroma_stft_mean,chroma_stft_var,rms_mean,rms_var,spectral_centroid_mean,spectral_centroid_var,spectral_bandwidth_mean,spectral_bandwidth_var,rolloff_mean,rolloff_var,zero_crossing_rate_mean,zero_crossing_rate_var,harmony_mean,harmony_var,perceptr_mean,perceptr_var,tempo,mfcc1_mean,mfcc1_var,mfcc2_mean,mfcc2_var,mfcc3_mean,mfcc3_var,mfcc4_mean,mfcc4_var,mfcc5_mean,mfcc5_var,mfcc6_mean,mfcc6_var,mfcc7_mean,mfcc7_var,mfcc8_mean,mfcc8_var,mfcc9_mean,mfcc9_var,mfcc10_mean,mfcc10_var,mfcc11_mean,mfcc11_var,mfcc12_mean,mfcc12_var,mfcc13_mean,mfcc13_var,mfcc14_mean,mfcc14_var,mfcc15_mean,mfcc15_var,mfcc16_mean,mfcc16_var,mfcc17_mean,mfcc17_var,mfcc18_mean,mfcc18_var,mfcc19_mean,mfcc19_var,mfcc20_mean,mfcc20_var
0.32889304,0.10805751,0.066998236,0.0027116744,1171.967431930455,147268.4565215006,1705.370129989288,96499.73883417257,2344.9874700913574,877107.628571067,0.045036675850734724,0.001559970831725131,-0.000112428286,0.004727469,-0.00020128214,0.0011998452,151.99908088235293,-305.66437,8192.634,113.07102,682.14856,12.107334,1462.7548,45.052197,224.56734,17.734386,248.84837,14.590071,154.57202,4.147996,157.61455,0.22631137,166.89561,-7.021587,97.5899,13.646477,76.79964,8.91421,90.02956,1.3037986,62.693882,5.954979,64.31771,8.547473,76.00693,1.1196221,137.01826,0.59824115,67.728806,0.06084261,96.59573,-3.7137508,65.659485,-0.9935343,89.37376,-1.8043832,113.50517
