chroma_stft_mean,chroma_stft_var,rms_mean,rms_var,spectral_centroid_mean,spectral_centroid_var,spectral_bandwidth_mean,spectral_bandwidth_var,rolloff_mean,rolloff_var,zero_crossing_rate_mean,zero_crossing_rate_var,harmony_mean,harmony_var,perceptr_mean,perceptr_var,tempo,mfcc1_mean,mfcc1_var,mfcc2_mean,mfcc2_var,mfcc3_mean,mfcc3_var,mfcc4_mean,mfcc4_var,mfcc5_mean,mfcc5_var,mfcc6_mean,mfcc6_var,mfcc7_mean,mfcc7_var,mfcc8_mean,mfcc8_var,mfcc9_mean,mfcc9_var,mfcc10_mean,mfcc10_var,mfcc11_mean,mfcc11_var,mfcc12_mean,mfcc12_var,mfcc13_mean,mfcc13_var,mfcc14_mean,mfcc14_var,mfcc15_mean,mfcc15_var,mfcc16_mean,mfcc16_var,mfcc17_mean,mfcc17_var,mfcc18_mean,mfcc18_var,mfcc19_mean,mfcc19_var,mfcc20_mean,mfcc20_var
0.3655845,0.08791537,0.2188772,0.004651627,2645.7246950388817,186295.21403815298,2426.1337925233142,50757.90109426588,5612.422056264501,579829.2280861732,0.13647177711716937,0.0026628060585194052,-0.011285399,0.035068244,-0.0064129573,0.007279701,117.45383522727273,-52.707645,1343.419,74.45461,222.07434,-18.709469,219.17458,56.292683,113.06734,-3.9566317,128.09073,31.991102,101.31982,-16.460793,138.79938,22.40643,80.235756,-12.25808,66.48326,27.22263,65.776596,-9.23979,83.30694,7.799893,51.77075,-10.568794,59.106785,6.9374247,49.770767,-9.131171,85.39435,13.01696,51.38549,-9.856919,52.908028,3.691295,56.38314,-4.942613,70.96475,4.4164157,65.24875
