chroma_stft_mean,chroma_stft_var,rms_mean,rms_var,spectral_centroid_mean,spectral_centroid_var,spectral_bandwidth_mean,spectral_bandwidth_var,rolloff_mean,rolloff_var,zero_crossing_rate_mean,zero_crossing_rate_var,harmony_mean,harmony_var,perceptr_mean,perceptr_var,tempo,mfcc1_mean,mfcc1_var,mfcc2_mean,mfcc2_var,mfcc3_mean,mfcc3_var,mfcc4_mean,mfcc4_var,mfcc5_mean,mfcc5_var,mfcc6_mean,mfcc6_var,mfcc7_mean,mfcc7_var,mfcc8_mean,mfcc8_var,mfcc9_mean,mfcc9_var,mfcc10_mean,mfcc10_var,mfcc11_mean,mfcc11_var,mfcc12_mean,mfcc12_var,mfcc13_mean,mfcc13_var,mfcc14_mean,mfcc14_var,mfcc15_mean,mfcc15_var,mfcc16_mean,mfcc16_var,mfcc17_mean,mfcc17_var,mfcc18_mean,mfcc18_var,mfcc19_mean,mfcc19_var,mfcc20_mean,mfcc20_var
0.40100908,0.089657135,0.18228516,0.0039758557,1945.2525228542231,147430.67269131765,2081.7630299360785,73538.9944327851,4174.460398238109,808384.1460867272,0.08579060022718484,0.0012194024196383187,-4.7653455e-07,0.014091876,-3.737813e-05,0.012257947,135.99917763157896,-83.02948,2507.6577,107.10441,315.97162,-25.338032,340.72153,57.1057,204.45326,0.0798358,138.05843,34.69768,73.129486,-11.060305,101.87094,20.54429,52.264706,-11.203026,61.223705,14.825527,59.41549,-10.235623,43.789463,12.548191,50.428417,-9.764642,45.16902,2.5628443,45.140182,-6.2880325,46.704365,3.006186,33.8147,-8.714562,38.76483,-0.33176586,56.96435,-2.9872,42.399,0.7050282,55.6446
