chroma_stft_mean,chroma_stft_var,rms_mean,rms_var,spectral_centroid_mean,spectral_centroid_var,spectral_bandwidth_mean,spectral_bandwidth_var,rolloff_mean,rolloff_var,zero_crossing_rate_mean,zero_crossing_rate_var,harmony_mean,harmony_var,perceptr_mean,perceptr_var,tempo,mfcc1_mean,mfcc1_var,mfcc2_mean,mfcc2_var,mfcc3_mean,mfcc3_var,mfcc4_mean,mfcc4_var,mfcc5_mean,mfcc5_var,mfcc6_mean,mfcc6_var,mfcc7_mean,mfcc7_var,mfcc8_mean,mfcc8_var,mfcc9_mean,mfcc9_var,mfcc10_mean,mfcc10_var,mfcc11_mean,mfcc11_var,mfcc12_mean,mfcc12_var,mfcc13_mean,mfcc13_var,mfcc14_mean,mfcc14_var,mfcc15_mean,mfcc15_var,mfcc16_mean,mfcc16_var,mfcc17_mean,mfcc17_var,mfcc18_mean,mfcc18_var,mfcc19_mean,mfcc19_var,mfcc20_mean,mfcc20_var
0.4663816,0.08150153,0.19198641,0.008015129,2224.014584740541,463879.69732240477,2254.7335542592823,99048.37648569228,4700.258585139936,1867237.9682458607,0.10850946200696056,0.0032158010706293174,-0.0047373665,0.013112467,-0.005584166,0.018237334,117.45383522727273,-86.491806,6869.525,92.72617,780.0597,-15.342206,504.624,54.05328,238.10812,0.8746949,214.33212,31.574251,129.706,-14.615236,93.89247,23.328945,48.94382,-14.971668,74.02933,15.337374,75.26608,-7.053954,83.06796,12.179845,61.870365,-6.0996003,92.54944,7.03196,47.55699,-5.8055077,48.185974,7.4373384,67.83611,-6.083114,46.961395,3.3929815,41.52902,-4.2883315,53.531445,1.235791,44.435253
