chroma_stft_mean,chroma_stft_var,rms_mean,rms_var,spectral_centroid_mean,spectral_centroid_var,spectral_bandwidth_mean,spectral_bandwidth_var,rolloff_mean,rolloff_var,zero_crossing_rate_mean,zero_crossing_rate_var,harmony_mean,harmony_var,perceptr_mean,perceptr_var,tempo,mfcc1_mean,mfcc1_var,mfcc2_mean,mfcc2_var,mfcc3_mean,mfcc3_var,mfcc4_mean,mfcc4_var,mfcc5_mean,mfcc5_var,mfcc6_mean,mfcc6_var,mfcc7_mean,mfcc7_var,mfcc8_mean,mfcc8_var,mfcc9_mean,mfcc9_var,mfcc10_mean,mfcc10_var,mfcc11_mean,mfcc11_var,mfcc12_mean,mfcc12_var,mfcc13_mean,mfcc13_var,mfcc14_mean,mfcc14_var,mfcc15_mean,mfcc15_var,mfcc16_mean,mfcc16_var,mfcc17_mean,mfcc17_var,mfcc18_mean,mfcc18_var,mfcc19_mean,mfcc19_var,mfcc20_mean,mfcc20_var
0.4089921,0.08345764,0.24307846,0.0050955983,2207.1391896914824,184234.5505368341,2191.577407234482,75492.0344893757,4658.224706804669,1090808.9604955807,0.11153393573569219,0.0011451971378402478,2.60886e-05,0.025988871,0.00024670348,0.018031051,99.38401442307692,-28.989248,1957.8125,104.531006,307.0893,-30.983427,307.83673,38.162052,109.1293,-8.009196,133.65538,30.894712,96.35674,-20.60816,98.65362,25.823612,69.795135,-12.974684,84.48471,16.943222,53.345673,-12.2729435,58.619835,10.787743,37.383167,-10.56656,46.01934,6.8798337,40.22371,-10.299989,40.618732,6.9615793,46.87601,-10.2633505,51.759186,0.7075953,46.453415,-6.008073,31.8613,1.353122,44.739697
