chroma_stft_mean,chroma_stft_var,rms_mean,rms_var,spectral_centroid_mean,spectral_centroid_var,spectral_bandwidth_mean,spectral_bandwidth_var,rolloff_mean,rolloff_var,zero_crossing_rate_mean,zero_crossing_rate_var,harmony_mean,harmony_var,perceptr_mean,perceptr_var,tempo,mfcc1_mean,mfcc1_var,mfcc2_mean,mfcc2_var,mfcc3_mean,mfcc3_var,mfcc4_mean,mfcc4_var,mfcc5_mean,mfcc5_var,mfcc6_mean,mfcc6_var,mfcc7_mean,mfcc7_var,mfcc8_mean,mfcc8_var,mfcc9_mean,mfcc9_var,mfcc10_mean,mfcc10_var,mfcc11_mean,mfcc11_var,mfcc12_mean,mfcc12_var,mfcc13_mean,mfcc13_var,mfcc14_mean,mfcc14_var,mfcc15_mean,mfcc15_var,mfcc16_mean,mfcc16_var,mfcc17_mean,mfcc17_var,mfcc18_mean,mfcc18_var,mfcc19_mean,mfcc19_var,mfcc20_mean,mfcc20_var
0.27611077,0.09884967,0.099547915,0.00410349,1115.5894796268246,105511.55064570518,1398.722658897419,52841.206055793205,2290.6881593496228,637990.4068159218,0.04801998743232792,0.0008165978609675527,-2.1830642e-06,0.008178832,-3.0100598e-05,0.0026274773,103.359375,-248.98882,4960.168,139.05774,397.9725,-16.27087,1165.7607,57.137146,329.1937,20.188509,158.22343,10.186956,133.22313,4.5429106,126.33146,0.33107212,118.26378,-7.8745785,69.82373,-3.4545717,68.51031,-2.6574361,79.47989,-2.8329575,66.65289,-0.90465844,95.408035,-2.4093254,55.038513,2.5699363,62.241905,-5.852057,46.437405,-12.404832,55.870274,-7.3133807,37.512794,-0.93787175,48.65181,-2.6867251,86.66317
