chroma_stft_mean,chroma_stft_var,rms_mean,rms_var,spectral_centroid_mean,spectral_centroid_var,spectral_bandwidth_mean,spectral_bandwidth_var,rolloff_mean,rolloff_var,zero_crossing_rate_mean,zero_crossing_rate_var,harmony_mean,harmony_var,perceptr_mean,perceptr_var,tempo,mfcc1_mean,mfcc1_var,mfcc2_mean,mfcc2_var,mfcc3_mean,mfcc3_var,mfcc4_mean,mfcc4_var,mfcc5_mean,mfcc5_var,mfcc6_mean,mfcc6_var,mfcc7_mean,mfcc7_var,mfcc8_mean,mfcc8_var,mfcc9_mean,mfcc9_var,mfcc10_mean,mfcc10_var,mfcc11_mean,mfcc11_var,mfcc12_mean,mfcc12_var,mfcc13_mean,mfcc13_var,mfcc14_mean,mfcc14_var,mfcc15_mean,mfcc15_var,mfcc16_mean,mfcc16_var,mfcc17_mean,mfcc17_var,mfcc18_mean,mfcc18_var,mfcc19_mean,mfcc19_var,mfcc20_mean,mfcc20_var
0.37769488,0.09638859,0.06586,0.0018039934,570.3499042411772,104947.12167592371,995.5058534728203,84704.57755371548,929.3001037739269,499972.2079548395,0.02169698315448569,0.00011746860485255436,7.6123837e-07,0.0053168465,-0.00010389266,0.00023672632,143.5546875,-350.35263,2656.7532,169.53174,622.58655,31.77135,316.68668,16.71844,213.50073,28.658941,188.21754,19.246181,68.66772,7.845076,40.605225,10.037885,36.637596,4.740645,40.665188,2.9217067,36.67361,3.900229,46.568295,1.8129543,42.355606,-5.969145,35.479504,-5.2570925,33.864666,-0.23415944,38.705025,-1.7799479,35.267666,-3.7090912,34.09589,0.17281222,34.522312,2.071619,44.243015,-2.8897853,61.440556
