chroma_stft_mean,chroma_stft_var,rms_mean,rms_var,spectral_centroid_mean,spectral_centroid_var,spectral_bandwidth_mean,spectral_bandwidth_var,rolloff_mean,rolloff_var,zero_crossing_rate_mean,zero_crossing_rate_var,harmony_mean,harmony_var,perceptr_mean,perceptr_var,tempo,mfcc1_mean,mfcc1_var,mfcc2_mean,mfcc2_var,mfcc3_mean,mfcc3_var,mfcc4_mean,mfcc4_var,mfcc5_mean,mfcc5_var,mfcc6_mean,mfcc6_var,mfcc7_mean,mfcc7_var,mfcc8_mean,mfcc8_var,mfcc9_mean,mfcc9_var,mfcc10_mean,mfcc10_var,mfcc11_mean,mfcc11_var,mfcc12_mean,mfcc12_var,mfcc13_mean,mfcc13_var,mfcc14_mean,mfcc14_var,mfcc15_mean,mfcc15_var,mfcc16_mean,mfcc16_var,mfcc17_mean,mfcc17_var,mfcc18_mean,mfcc18_var,mfcc19_mean,mfcc19_var,mfcc20_mean,mfcc20_var
0.38697547,0.08545002,0.12910546,0.0008729451,2390.421813618198,306586.9090180492,2463.309240183229,80090.4553408879,5403.593285509716,953517.3210271882,0.10226074596384377,0.001595798596373276,-0.0025197042,0.008560597,-0.0042843404,0.0040324708,129.19921875,-107.203255,1418.7047,88.49288,379.4755,-4.1719,324.23413,55.477848,129.48515,-8.0177145,106.98342,38.413597,70.49762,-6.4136605,89.53754,28.57575,85.686775,-19.81994,54.799854,13.244698,124.80087,-19.248566,68.76446,12.076122,52.37292,-4.5822673,56.79173,3.78424,47.425606,-16.988953,40.59251,11.621647,39.32478,-7.3614445,43.514942,-3.6652527,64.75104,-7.1768236,56.32909,1.9731815,46.39197
