chroma_stft_mean,chroma_stft_var,rms_mean,rms_var,spectral_centroid_mean,spectral_centroid_var,spectral_bandwidth_mean,spectral_bandwidth_var,rolloff_mean,rolloff_var,zero_crossing_rate_mean,zero_crossing_rate_var,harmony_mean,harmony_var,perceptr_mean,perceptr_var,tempo,mfcc1_mean,mfcc1_var,mfcc2_mean,mfcc2_var,mfcc3_mean,mfcc3_var,mfcc4_mean,mfcc4_var,mfcc5_mean,mfcc5_var,mfcc6_mean,mfcc6_var,mfcc7_mean,mfcc7_var,mfcc8_mean,mfcc8_var,mfcc9_mean,mfcc9_var,mfcc10_mean,mfcc10_var,mfcc11_mean,mfcc11_var,mfcc12_mean,mfcc12_var,mfcc13_mean,mfcc13_var,mfcc14_mean,mfcc14_var,mfcc15_mean,mfcc15_var,mfcc16_mean,mfcc16_var,mfcc17_mean,mfcc17_var,mfcc18_mean,mfcc18_var,mfcc19_mean,mfcc19_var,mfcc20_mean,mfcc20_var
0.3699634,0.09128445,0.18699834,0.0021595547,1388.6328938873341,509403.0908451805,1773.0364548714986,164751.99184026313,2754.9426864305397,2160448.419658843,0.05714703270011601,0.0013287202421487527,4.0739355e-06,0.02469235,-0.000101847196,0.003888388,135.99917763157896,-130.57875,2304.8357,139.96141,957.4932,-1.282277,535.62067,39.30623,172.6957,-6.344084,253.5972,19.768291,145.72289,-11.21256,109.66304,27.240303,126.16362,-16.548756,104.95256,7.028904,100.895805,-1.1964594,71.21066,1.6060343,147.5048,-6.6385465,63.255207,4.95183,91.75309,-1.6334735,58.131702,0.95222735,59.634823,-4.848659,75.986885,-5.972907,66.925186,-2.7949822,51.605545,-6.4880824,67.54782
