chroma_stft_mean,chroma_stft_var,rms_mean,rms_var,spectral_centroid_mean,spectral_centroid_var,spectral_bandwidth_mean,spectral_bandwidth_var,rolloff_mean,rolloff_var,zero_crossing_rate_mean,zero_crossing_rate_var,harmony_mean,harmony_var,perceptr_mean,perceptr_var,tempo,mfcc1_mean,mfcc1_var,mfcc2_mean,mfcc2_var,mfcc3_mean,mfcc3_var,mfcc4_mean,mfcc4_var,mfcc5_mean,mfcc5_var,mfcc6_mean,mfcc6_var,mfcc7_mean,mfcc7_var,mfcc8_mean,mfcc8_var,mfcc9_mean,mfcc9_var,mfcc10_mean,mfcc10_var,mfcc11_mean,mfcc11_var,mfcc12_mean,mfcc12_var,mfcc13_mean,mfcc13_var,mfcc14_mean,mfcc14_var,mfcc15_mean,mfcc15_var,mfcc16_mean,mfcc16_var,mfcc17_mean,mfcc17_var,mfcc18_mean,mfcc18_var,mfcc19_mean,mfcc19_var,mfcc20_mean,mfcc20_var
0.40485436,0.09399866,0.14104027,0.006347602,1070.1534175250663,184366.00943826744,1596.4225644535757,166551.84424343146,2184.8790286035382,1493077.8489404472,0.03330886262567672,0.00042275898709484,3.612629e-06,0.019055042,-1.8110979e-05,0.0027113643,172.265625,-199.57513,5508.2666,150.0861,456.30908,5.663404,257.10977,26.855278,158.36113,1.7700713,267.97372,14.232647,126.80743,-4.827845,155.94673,9.286853,81.2703,-0.75612015,92.3018,8.134435,71.381836,-3.200026,110.269356,6.078081,48.21452,-2.478445,56.776222,-1.0815871,62.243004,-2.874454,51.609818,0.773994,44.432903,-3.3240688,50.218452,0.63631064,37.325726,-0.6159676,37.257774,-3.405046,31.965254
