chroma_stft_mean,chroma_stft_var,rms_mean,rms_var,spectral_centroid_mean,spectral_centroid_var,spectral_bandwidth_mean,spectral_bandwidth_var,rolloff_mean,rolloff_var,zero_crossing_rate_mean,zero_crossing_rate_var,harmony_mean,harmony_var,perceptr_mean,perceptr_var,tempo,mfcc1_mean,mfcc1_var,mfcc2_mean,mfcc2_var,mfcc3_mean,mfcc3_var,mfcc4_mean,mfcc4_var,mfcc5_mean,mfcc5_var,mfcc6_mean,mfcc6_var,mfcc7_mean,mfcc7_var,mfcc8_mean,mfcc8_var,mfcc9_mean,mfcc9_var,mfcc10_mean,mfcc10_var,mfcc11_mean,mfcc11_var,mfcc12_mean,mfcc12_var,mfcc13_mean,mfcc13_var,mfcc14_mean,mfcc14_var,mfcc15_mean,mfcc15_var,mfcc16_mean,mfcc16_var,mfcc17_mean,mfcc17_var,mfcc18_mean,mfcc18_var,mfcc19_mean,mfcc19_var,mfcc20_mean,mfcc20_var
0.33900782,0.09551169,0.09884554,0.002997097,1443.7501126322204,448696.6293437429,1670.688954737605,189332.10244062892,3070.6131158461426,2084005.3671843417,0.0671879531612529,0.0030837184552870347,-2.4912647e-06,0.006553899,-3.8759175e-05,0.0035254064,151.99908088235293,-225.26271,7864.959,117.62649,671.642,-14.538812,815.5821,64.79437,174.35587,12.911807,315.0233,19.036669,251.42827,10.6702,197.08919,9.886925,112.78763,-2.3937402,101.74814,11.683764,65.722885,1.5412837,62.230835,3.0635996,59.590923,-7.6256156,54.649868,-8.957072,87.28938,-4.3462014,51.264557,-0.06465931,48.137012,-2.5570846,46.642452,-3.443867,91.42138,-3.8725183,94.49835,1.3121446,82.40362
