chroma_stft_mean,chroma_stft_var,rms_mean,rms_var,spectral_centroid_mean,spectral_centroid_var,spectral_bandwidth_mean,spectral_bandwidth_var,rolloff_mean,rolloff_var,zero_crossing_rate_mean,zero_crossing_rate_var,harmony_mean,harmony_var,perceptr_mean,perceptr_var,tempo,mfcc1_mean,mfcc1_var,mfcc2_mean,mfcc2_var,mfcc3_mean,mfcc3_var,mfcc4_mean,mfcc4_var,mfcc5_mean,mfcc5_var,mfcc6_mean,mfcc6_var,mfcc7_mean,mfcc7_var,mfcc8_mean,mfcc8_var,mfcc9_mean,mfcc9_var,mfcc10_mean,mfcc10_var,mfcc11_mean,mfcc11_var,mfcc12_mean,mfcc12_var,mfcc13_mean,mfcc13_var,mfcc14_mean,mfcc14_var,mfcc15_mean,mfcc15_var,mfcc16_mean,mfcc16_var,mfcc17_mean,mfcc17_var,mfcc18_mean,mfcc18_var,mfcc19_mean,mfcc19_var,mfcc20_mean,mfcc20_var
0.39893433,0.0851663,0.12730543,0.0013169601,2155.845202161907,188104.85528333762,2371.9955858441676,60317.49347509886,5011.532444079901,938368.7105344004,0.08717463022041763,0.0012249031617383162,-0.0025001701,0.007336125,-0.003987369,0.0046903426,129.19921875,-109.1407,2209.105,100.619644,230.52611,-8.666454,385.3847,47.35473,83.08291,-6.568465,89.71742,39.617756,92.3731,-8.521924,90.8331,29.572609,40.924583,-16.594837,58.66998,13.170881,113.541695,-24.213415,41.097633,6.5830193,63.028423,-8.652447,43.511078,4.930262,39.02321,-15.440971,38.604378,1.5342579,38.477776,-6.754526,45.028854,1.4151897,75.8514,-3.9717412,40.486656,3.2871604,68.110146
