chroma_stft_mean,chroma_stft_var,rms_mean,rms_var,spectral_centroid_mean,spectral_centroid_var,spectral_bandwidth_mean,spectral_bandwidth_var,rolloff_mean,rolloff_var,zero_crossing_rate_mean,zero_crossing_rate_var,harmony_mean,harmony_var,perceptr_mean,perceptr_var,tempo,mfcc1_mean,mfcc1_var,mfcc2_mean,mfcc2_var,mfcc3_mean,mfcc3_var,mfcc4_mean,mfcc4_var,mfcc5_mean,mfcc5_var,mfcc6_mean,mfcc6_var,mfcc7_mean,mfcc7_var,mfcc8_mean,mfcc8_var,mfcc9_mean,mfcc9_var,mfcc10_mean,mfcc10_var,mfcc11_mean,mfcc11_var,mfcc12_mean,mfcc12_var,mfcc13_mean,mfcc13_var,mfcc14_mean,mfcc14_var,mfcc15_mean,mfcc15_var,mfcc16_mean,mfcc16_var,mfcc17_mean,mfcc17_var,mfcc18_mean,mfcc18_var,mfcc19_mean,mfcc19_var,mfcc20_mean,mfcc20_var
0.3119012,0.09269808,0.10622777,0.0008653153,2280.1541868844874,422191.9946997235,2119.794149811146,36002.271547242926,4732.98305856656,781039.2693244062,0.11714180624033256,0.003780221473814957,7.37811e-06,0.0060941805,7.049082e-05,0.00301866,112.34714673913044,-144.92339,1826.8666,95.732994,711.2628,-21.616442,419.7297,49.62627,186.21233,-29.88752,267.99335,29.351145,146.09868,-18.850819,248.81926,17.902308,91.90007,-9.670823,107.87045,5.516722,77.3131,-9.557408,74.18587,6.359987,108.233345,-21.088718,79.01963,2.4660542,90.45,-9.539148,70.776215,-1.4058187,79.28722,-9.312422,90.828384,5.1551495,220.45033,-8.118464,102.73824,-2.4402168,109.62964
