chroma_stft_mean,chroma_stft_var,rms_mean,rms_var,spectral_centroid_mean,spectral_centroid_var,spectral_bandwidth_mean,spectral_bandwidth_var,rolloff_mean,rolloff_var,zero_crossing_rate_mean,zero_crossing_rate_var,harmony_mean,harmony_var,perceptr_mean,perceptr_var,tempo,mfcc1_mean,mfcc1_var,mfcc2_mean,mfcc2_var,mfcc3_mean,mfcc3_var,mfcc4_mean,mfcc4_var,mfcc5_mean,mfcc5_var,mfcc6_mean,mfcc6_var,mfcc7_mean,mfcc7_var,mfcc8_mean,mfcc8_var,mfcc9_mean,mfcc9_var,mfcc10_mean,mfcc10_var,mfcc11_mean,mfcc11_var,mfcc12_mean,mfcc12_var,mfcc13_mean,mfcc13_var,mfcc14_mean,mfcc14_var,mfcc15_mean,mfcc15_var,mfcc16_mean,mfcc16_var,mfcc17_mean,mfcc17_var,mfcc18_mean,mfcc18_var,mfcc19_mean,mfcc19_var,mfcc20_mean,mfcc20_var
0.26933804,0.093901195,0.118989594,0.004055326,1360.6856016703396,257080.63352218433,1567.2994690310572,44995.60377714697,2738.8302548578886,953044.8055650127,0.06909500676720805,0.002380562343826463,-4.300917e-06,0.012532266,-5.9361228e-05,0.0026331192,92.28515625,-207.2383,4575.776,132.82741,666.0227,-15.45408,935.23145,60.980972,330.53262,0.71902627,313.94824,12.4613285,101.10465,1.1633853,107.93309,-1.5329198,111.63531,-17.895847,96.37597,8.360363,94.81139,-2.459651,139.65952,-0.5846391,92.744286,0.37226444,86.13248,2.5984128,53.73543,-5.186428,45.905807,-9.530309,69.25321,-9.237473,63.564034,-2.8471038,68.8471,-1.4193835,112.57434,-5.9333534,91.46057
