chroma_stft_mean,chroma_stft_var,rms_mean,rms_var,spectral_centroid_mean,spectral_centroid_var,spectral_bandwidth_mean,spectral_bandwidth_var,rolloff_mean,rolloff_var,zero_crossing_rate_mean,zero_crossing_rate_var,harmony_mean,harmony_var,perceptr_mean,perceptr_var,tempo,mfcc1_mean,mfcc1_var,mfcc2_mean,mfcc2_var,mfcc3_mean,mfcc3_var,mfcc4_mean,mfcc4_var,mfcc5_mean,mfcc5_var,mfcc6_mean,mfcc6_var,mfcc7_mean,mfcc7_var,mfcc8_mean,mfcc8_var,mfcc9_mean,mfcc9_var,mfcc10_mean,mfcc10_var,mfcc11_mean,mfcc11_var,mfcc12_mean,mfcc12_var,mfcc13_mean,mfcc13_var,mfcc14_mean,mfcc14_var,mfcc15_mean,mfcc15_var,mfcc16_mean,mfcc16_var,mfcc17_mean,mfcc17_var,mfcc18_mean,mfcc18_var,mfcc19_mean,mfcc19_var,mfcc20_mean,mfcc20_var
0.3379236,0.086318515,0.12903984,0.0005594503,2258.115149720309,219211.02959970536,2175.9191964932893,55774.10623969402,4754.616183747825,691346.7773225604,0.1127057352088167,0.0017066661518408302,-4.7389658e-05,0.008280907,-0.0005681834,0.0040838486,161.4990234375,-95.46357,934.8757,101.38746,365.61862,-20.677706,347.00116,48.668915,176.19234,-30.248262,140.44308,20.8077,85.45372,-18.291418,241.33427,14.138235,62.313576,-12.79949,79.67008,13.443616,56.49831,-14.068502,105.804184,7.7323503,72.94769,-19.215456,59.47887,2.8566136,48.573975,-9.819336,62.292103,6.9123654,66.25329,-11.297557,76.38992,8.940816,64.62546,-2.9511456,60.087334,-0.97175926,60.424816
