chroma_stft_mean,chroma_stft_var,rms_mean,rms_var,spectral_centroid_mean,spectral_centroid_var,spectral_bandwidth_mean,spectral_bandwidth_var,rolloff_mean,rolloff_var,zero_crossing_rate_mean,zero_crossing_rate_var,harmony_mean,harmony_var,perceptr_mean,perceptr_var,tempo,mfcc1_mean,mfcc1_var,mfcc2_mean,mfcc2_var,mfcc3_mean,mfcc3_var,mfcc4_mean,mfcc4_var,mfcc5_mean,mfcc5_var,mfcc6_mean,mfcc6_var,mfcc7_mean,mfcc7_var,mfcc8_mean,mfcc8_var,mfcc9_mean,mfcc9_var,mfcc10_mean,mfcc10_var,mfcc11_mean,mfcc11_var,mfcc12_mean,mfcc12_var,mfcc13_mean,mfcc13_var,mfcc14_mean,mfcc14_var,mfcc15_mean,mfcc15_var,mfcc16_mean,mfcc16_var,mfcc17_mean,mfcc17_var,mfcc18_mean,mfcc18_var,mfcc19_mean,mfcc19_var,mfcc20_mean,mfcc20_var
0.31530708,0.091961056,0.15012378,0.0035826885,1311.9502871452887,407370.2574471698,1673.959709412275,185527.7700854145,2636.376839834687,2069584.0353783083,0.05939169143948182,0.0016706205518992835,-9.752099e-06,0.01783388,-0.000114222756,0.0028050165,143.5546875,-180.20891,4542.0874,131.43243,1278.7372,0.60078645,585.2989,43.153095,260.7977,14.135329,191.2555,25.614765,301.41724,-5.311873,202.17798,12.027975,109.13822,-13.535558,143.61685,-1.105728,97.87472,-7.6164746,116.869,2.714974,108.16167,0.77835864,85.0687,1.9962183,178.74504,-6.094793,128.22362,3.4817271,120.58715,-8.328653,104.6665,3.2164888,105.14545,-0.92289615,63.4033,-2.250335,73.48479
