chroma_stft_mean,chroma_stft_var,rms_mean,rms_var,spectral_centroid_mean,spectral_centroid_var,spectral_bandwidth_mean,spectral_bandwidth_var,rolloff_mean,rolloff_var,zero_crossing_rate_mean,zero_crossing_rate_var,harmony_mean,harmony_var,perceptr_mean,perceptr_var,tempo,mfcc1_mean,mfcc1_var,mfcc2_mean,mfcc2_var,mfcc3_mean,mfcc3_var,mfcc4_mean,mfcc4_var,mfcc5_mean,mfcc5_var,mfcc6_mean,mfcc6_var,mfcc7_mean,mfcc7_var,mfcc8_mean,mfcc8_var,mfcc9_mean,mfcc9_var,mfcc10_mean,mfcc10_var,mfcc11_mean,mfcc11_var,mfcc12_mean,mfcc12_var,mfcc13_mean,mfcc13_var,mfcc14_mean,mfcc14_var,mfcc15_mean,mfcc15_var,mfcc16_mean,mfcc16_var,mfcc17_mean,mfcc17_var,mfcc18_mean,mfcc18_var,mfcc19_mean,mfcc19_var,mfcc20_mean,mfcc20_var
0.41422728,0.08296076,0.25799304,0.0027301535,2333.5524820822284,89801.80818824473,2227.3610741193784,30628.551828779586,4942.777742531903,481450.4857635812,0.12381951493619489,0.0005588661449706447,4.481974e-06,0.027156265,0.0010893844,0.015646175,123.046875,-2.5430129,734.6548,101.26548,164.12778,-33.930927,142.69362,41.52805,99.703766,-13.81794,104.83351,31.923836,48.223385,-21.876541,66.64847,24.470266,42.937634,-15.8744135,40.990276,15.808346,32.92149,-14.370209,43.8682,12.514341,41.010944,-13.378112,39.436363,6.1200833,31.841402,-9.062334,35.535305,5.044607,24.137114,-11.335097,35.112095,3.1728878,30.361067,-4.5773325,46.814373,-4.0349927,35.241432
