chroma_stft_mean,chroma_stft_var,rms_mean,rms_var,spectral_centroid_mean,spectral_centroid_var,spectral_bandwidth_mean,spectral_bandwidth_var,rolloff_mean,rolloff_var,zero_crossing_rate_mean,zero_crossing_rate_var,harmony_mean,harmony_var,perceptr_mean,perceptr_var,tempo,mfcc1_mean,mfcc1_var,mfcc2_mean,mfcc2_var,mfcc3_mean,mfcc3_var,mfcc4_mean,mfcc4_var,mfcc5_mean,mfcc5_var,mfcc6_mean,mfcc6_var,mfcc7_mean,mfcc7_var,mfcc8_mean,mfcc8_var,mfcc9_mean,mfcc9_var,mfcc10_mean,mfcc10_var,mfcc11_mean,mfcc11_var,mfcc12_mean,mfcc12_var,mfcc13_mean,mfcc13_var,mfcc14_mean,mfcc14_var,mfcc15_mean,mfcc15_var,mfcc16_mean,mfcc16_var,mfcc17_mean,mfcc17_var,mfcc18_mean,mfcc18_var,mfcc19_mean,mfcc19_var,mfcc20_mean,mfcc20_var
0.32279274,0.091965914,0.10609345,0.0011071796,2159.398277499849,328875.50250623806,2130.1820830909164,68593.75421712558,4684.512534440255,1074307.1897954769,0.09834769854505027,0.0017452852439065914,3.068456e-05,0.0062190923,0.0003090363,0.0029623276,143.5546875,-133.04897,1942.1404,105.73891,800.0214,-22.158222,315.99823,41.830692,143.74637,-26.992502,154.97864,19.118572,88.22193,-26.566029,223.71315,19.235983,94.83168,-15.342011,91.89704,6.989914,72.57198,-10.814381,98.90834,6.7986693,69.69671,-11.726956,71.32867,4.3977103,65.7164,-6.0319624,63.23894,1.963064,70.72971,-12.314546,93.092354,3.256975,64.55043,-8.806516,64.472244,-3.369111,71.41509
