chroma_stft_mean,chroma_stft_var,rms_mean,rms_var,spectral_centroid_mean,spectral_centroid_var,spectral_bandwidth_mean,spectral_bandwidth_var,rolloff_mean,rolloff_var,zero_crossing_rate_mean,zero_crossing_rate_var,harmony_mean,harmony_var,perceptr_mean,perceptr_var,tempo,mfcc1_mean,mfcc1_var,mfcc2_mean,mfcc2_var,mfcc3_mean,mfcc3_var,mfcc4_mean,mfcc4_var,mfcc5_mean,mfcc5_var,mfcc6_mean,mfcc6_var,mfcc7_mean,mfcc7_var,mfcc8_mean,mfcc8_var,mfcc9_mean,mfcc9_var,mfcc10_mean,mfcc10_var,mfcc11_mean,mfcc11_var,mfcc12_mean,mfcc12_var,mfcc13_mean,mfcc13_var,mfcc14_mean,mfcc14_var,mfcc15_mean,mfcc15_var,mfcc16_mean,mfcc16_var,mfcc17_mean,mfcc17_var,mfcc18_mean,mfcc18_var,mfcc19_mean,mfcc19_var,mfcc20_mean,mfcc20_var
0.30708113,0.08071964,0.103862695,0.0004471643,2594.754688044524,292991.8378992717,2518.9037646575443,59914.58067603685,5659.768457257831,548496.5761523782,0.1291906086861949,0.002800874805590252,-4.7835965e-05,0.007665106,-0.00020079273,0.001243954,103.359375,-118.70432,758.802,87.64562,307.06256,6.5529914,247.97446,45.10232,87.28488,-38.91159,78.56509,20.823196,60.296448,-26.864548,46.410915,13.807368,57.68386,-17.236187,43.76774,5.111261,45.84007,-15.712021,41.68109,3.9887707,43.40912,-27.53658,41.367336,3.0563986,42.546314,-15.962014,35.935112,10.867272,50.989204,-12.656353,33.2092,2.818681,33.121784,-13.342627,34.9426,-4.367504,44.166576
