chroma_stft_mean,chroma_stft_var,rms_mean,rms_var,spectral_centroid_mean,spectral_centroid_var,spectral_bandwidth_mean,spectral_bandwidth_var,rolloff_mean,rolloff_var,zero_crossing_rate_mean,zero_crossing_rate_var,harmony_mean,harmony_var,perceptr_mean,perceptr_var,tempo,mfcc1_mean,mfcc1_var,mfcc2_mean,mfcc2_var,mfcc3_mean,mfcc3_var,mfcc4_mean,mfcc4_var,mfcc5_mean,mfcc5_var,mfcc6_mean,mfcc6_var,mfcc7_mean,mfcc7_var,mfcc8_mean,mfcc8_var,mfcc9_mean,mfcc9_var,mfcc10_mean,mfcc10_var,mfcc11_mean,mfcc11_var,mfcc12_mean,mfcc12_var,mfcc13_mean,mfcc13_var,mfcc14_mean,mfcc14_var,mfcc15_mean,mfcc15_var,mfcc16_mean,mfcc16_var,mfcc17_mean,mfcc17_var,mfcc18_mean,mfcc18_var,mfcc19_mean,mfcc19_var,mfcc20_mean,mfcc20_var
0.3213102,0.10331619,0.1010843,0.0032309708,1046.775126610449,291445.50272249867,1481.055846648495,70296.72485814187,1831.2215641313805,1348269.1287348608,0.047907452387857694,0.0023313094290948392,-8.4464245e-06,0.00832287,-7.409579e-05,0.0022113537,99.38401442307692,-264.67126,6340.7183,138.85434,1001.429,11.167329,1283.5443,48.523926,371.25842,14.904312,248.14607,20.586437,130.0128,3.2061763,119.96546,1.2635795,104.41091,-15.839373,95.395905,15.975112,85.30514,3.358218,79.1454,-1.506641,71.93295,1.8969209,70.0342,6.3134995,68.5041,-0.99598384,82.13329,-2.4147837,89.515236,-3.6791573,93.94478,0.49927172,119.20296,5.04406,117.73886,-0.7863167,148.49113
