chroma_stft_mean,chroma_stft_var,rms_mean,rms_var,spectral_centroid_mean,spectral_centroid_var,spectral_bandwidth_mean,spectral_bandwidth_var,rolloff_mean,rolloff_var,zero_crossing_rate_mean,zero_crossing_rate_var,harmony_mean,harmony_var,perceptr_mean,perceptr_var,tempo,mfcc1_mean,mfcc1_var,mfcc2_mean,mfcc2_var,mfcc3_mean,mfcc3_var,mfcc4_mean,mfcc4_var,mfcc5_mean,mfcc5_var,mfcc6_mean,mfcc6_var,mfcc7_mean,mfcc7_var,mfcc8_mean,mfcc8_var,mfcc9_mean,mfcc9_var,mfcc10_mean,mfcc10_var,mfcc11_mean,mfcc11_var,mfcc12_mean,mfcc12_var,mfcc13_mean,mfcc13_var,mfcc14_mean,mfcc14_var,mfcc15_mean,mfcc15_var,mfcc16_mean,mfcc16_var,mfcc17_mean,mfcc17_var,mfcc18_mean,mfcc18_var,mfcc19_mean,mfcc19_var,mfcc20_mean,mfcc20_var
0.37668237,0.095908746,0.14094436,0.005366088,1239.6334480091225,526848.4817976942,1660.2697042703294,232947.4808866001,2519.268189892691,2825020.8561729793,0.05087905730375097,0.002505443511019589,4.40484e-06,0.01841794,-0.000108038555,0.0022853224,103.359375,-206.24908,6802.119,126.61618,1107.09,10.596903,763.2381,43.210163,226.22723,12.49674,230.24724,19.42537,258.36087,0.35838863,136.38774,12.735203,76.751236,-4.57919,73.97097,4.0611596,60.098927,-4.404285,94.45393,3.6691217,59.143864,-1.455245,74.25501,-1.6959771,110.34277,-7.153681,73.9578,1.184595,80.58308,-6.2277255,69.53206,0.5984517,68.161964,-1.6083212,68.20314,-0.5399206,56.607864
