chroma_stft_mean,chroma_stft_var,rms_mean,rms_var,spectral_centroid_mean,spectral_centroid_var,spectral_bandwidth_mean,spectral_bandwidth_var,rolloff_mean,rolloff_var,zero_crossing_rate_mean,zero_crossing_rate_var,harmony_mean,harmony_var,perceptr_mean,perceptr_var,tempo,mfcc1_mean,mfcc1_var,mfcc2_mean,mfcc2_var,mfcc3_mean,mfcc3_var,mfcc4_mean,mfcc4_var,mfcc5_mean,mfcc5_var,mfcc6_mean,mfcc6_var,mfcc7_mean,mfcc7_var,mfcc8_mean,mfcc8_var,mfcc9_mean,mfcc9_var,mfcc10_mean,mfcc10_var,mfcc11_mean,mfcc11_var,mfcc12_mean,mfcc12_var,mfcc13_mean,mfcc13_var,mfcc14_mean,mfcc14_var,mfcc15_mean,mfcc15_var,mfcc16_mean,mfcc16_var,mfcc17_mean,mfcc17_var,mfcc18_mean,mfcc18_var,mfcc19_mean,mfcc19_var,mfcc20_mean,mfcc20_var
0.28943267,0.08272558,0.103048205,0.0009831687,2513.3453575324424,175980.33552460227,2345.021076813045,47220.924985712896,5246.740637688515,473136.70399258804,0.13510738411156226,0.0015157114638884432,-1.9602987e-05,0.0059485324,-0.00028305827,0.0026650021,161.4990234375,-113.20137,1586.7279,88.7261,316.39017,-8.926565,227.4858,49.474174,139.91418,-34.579094,122.9026,15.856428,68.51744,-17.740217,68.03439,14.707291,58.985874,-11.190547,50.512733,15.368716,54.710556,-15.0683975,68.79444,8.74908,61.95054,-18.629265,32.853252,5.4561954,78.35331,-9.2695465,78.84931,8.014036,74.87074,-9.542045,56.56996,5.8658543,44.599762,-4.4005384,55.80246,3.6217515,81.65336
