chroma_stft_mean,chroma_stft_var,rms_mean,rms_var,spectral_centroid_mean,spectral_centroid_var,spectral_bandwidth_mean,spectral_bandwidth_var,rolloff_mean,rolloff_var,zero_crossing_rate_mean,zero_crossing_rate_var,harmony_mean,harmony_var,perceptr_mean,perceptr_var,tempo,mfcc1_mean,mfcc1_var,mfcc2_mean,mfcc2_var,mfcc3_mean,mfcc3_var,mfcc4_mean,mfcc4_var,mfcc5_mean,mfcc5_var,mfcc6_mean,mfcc6_var,mfcc7_mean,mfcc7_var,mfcc8_mean,mfcc8_var,mfcc9_mean,mfcc9_var,mfcc10_mean,mfcc10_var,mfcc11_mean,mfcc11_var,mfcc12_mean,mfcc12_var,mfcc13_mean,mfcc13_var,mfcc14_mean,mfcc14_var,mfcc15_mean,mfcc15_var,mfcc16_mean,mfcc16_var,mfcc17_mean,mfcc17_var,mfcc18_mean,mfcc18_var,mfcc19_mean,mfcc19_var,mfcc20_mean,mfcc20_var
0.45195466,0.075715706,0.14166255,0.0006225089,2503.937744869009,162905.374995414,2180.4392324623277,34058.66088764102,5077.364425482164,397116.35707964376,0.16753371519721577,0.0025504901484989383,-0.00024455995,0.010618292,-0.002065655,0.0037894214,129.19921875,-82.52998,1043.4323,94.16451,208.17197,-27.112604,166.58902,75.65927,55.314293,-27.521812,67.8273,35.577274,42.440685,-20.303492,49.30245,25.112028,54.751095,-15.370209,47.82027,11.353974,56.48817,-13.391487,54.973377,8.147321,50.100494,-8.500548,64.64976,8.289692,72.68799,-10.354397,72.02632,-3.4710367,50.246998,-5.22866,33.00185,-2.586172,38.197906,-8.361181,72.61642,-6.984573,35.917435
