chroma_stft_mean,chroma_stft_var,rms_mean,rms_var,spectral_centroid_mean,spectral_centroid_var,spectral_bandwidth_mean,spectral_bandwidth_var,rolloff_mean,rolloff_var,zero_crossing_rate_mean,zero_crossing_rate_var,harmony_mean,harmony_var,perceptr_mean,perceptr_var,tempo,mfcc1_mean,mfcc1_var,mfcc2_mean,mfcc2_var,mfcc3_mean,mfcc3_var,mfcc4_mean,mfcc4_var,mfcc5_mean,mfcc5_var,mfcc6_mean,mfcc6_var,mfcc7_mean,mfcc7_var,mfcc8_mean,mfcc8_var,mfcc9_mean,mfcc9_var,mfcc10_mean,mfcc10_var,mfcc11_mean,mfcc11_var,mfcc12_mean,mfcc12_var,mfcc13_mean,mfcc13_var,mfcc14_mean,mfcc14_var,mfcc15_mean,mfcc15_var,mfcc16_mean,mfcc16_var,mfcc17_mean,mfcc17_var,mfcc18_mean,mfcc18_var,mfcc19_mean,mfcc19_var,mfcc20_mean,mfcc20_var
0.30818358,0.100348204,0.081422575,0.0026397062,1455.0726339660955,152296.79006862268,1826.0433384175967,116760.5826875376,3010.010388721723,1010269.4971195218,0.06134406117072699,0.0014187982635001817,-2.5168347e-05,0.004506647,-0.00010695359,0.0024170903,103.359375,-233.77281,4958.6343,120.66434,561.7591,-3.164092,1207.2642,39.514828,396.8244,3.8315244,284.47858,18.828156,156.3235,-3.6787386,100.44713,4.4254684,111.51866,-14.964929,101.528305,17.571478,102.22184,1.8461249,108.56196,2.5500886,66.5328,-1.2302389,65.06261,8.437056,64.941956,-0.20024775,59.23103,-3.8908293,78.076744,-4.4561353,82.96057,0.011000607,86.014114,1.2948039,83.56266,-2.0984619,100.81558
