chroma_stft_mean,chroma_stft_var,rms_mean,rms_var,spectral_centroid_mean,spectral_centroid_var,spectral_bandwidth_mean,spectral_bandwidth_var,rolloff_mean,rolloff_var,zero_crossing_rate_mean,zero_crossing_rate_var,harmony_mean,harmony_var,perceptr_mean,perceptr_var,tempo,mfcc1_mean,mfcc1_var,mfcc2_mean,mfcc2_var,mfcc3_mean,mfcc3_var,mfcc4_mean,mfcc4_var,mfcc5_mean,mfcc5_var,mfcc6_mean,mfcc6_var,mfcc7_mean,mfcc7_var,mfcc8_mean,mfcc8_var,mfcc9_mean,mfcc9_var,mfcc10_mean,mfcc10_var,mfcc11_mean,mfcc11_var,mfcc12_mean,mfcc12_var,mfcc13_mean,mfcc13_var,mfcc14_mean,mfcc14_var,mfcc15_mean,mfcc15_var,mfcc16_mean,mfcc16_var,mfcc17_mean,mfcc17_var,mfcc18_mean,mfcc18_var,mfcc19_mean,mfcc19_var,mfcc20_mean,mfcc20_var
0.40597057,0.08501087,0.169917,0.0042539155,2235.5723889220876,239292.38545595374,2099.7993513140095,50609.83423923769,4389.459355967228,723769.0889032226,0.1422416527697216,0.004211845275557566,4.916008e-06,0.011847863,-4.9737246e-05,0.011167618,107.666015625,-86.268684,2577.3123,91.95878,321.41037,-23.41585,238.66017,68.26197,143.25568,-3.8848531,228.16527,22.747063,164.15065,-9.897946,125.57212,16.88897,70.13793,-11.390698,59.90123,18.429132,73.548225,-7.012551,41.342537,10.759532,55.37256,-11.943846,58.56902,0.9917909,43.030468,-5.9280124,53.418945,5.316061,40.260693,-6.135991,47.90456,1.9500208,57.432934,-5.091172,53.962177,-0.67167073,39.80734
