chroma_stft_mean,chroma_stft_var,rms_mean,rms_var,spectral_centroid_mean,spectral_centroid_var,spectral_bandwidth_mean,spectral_bandwidth_var,rolloff_mean,rolloff_var,zero_crossing_rate_mean,zero_crossing_rate_var,harmony_mean,harmony_var,perceptr_mean,perceptr_var,tempo,mfcc1_mean,mfcc1_var,mfcc2_mean,mfcc2_var,mfcc3_mean,mfcc3_var,mfcc4_mean,mfcc4_var,mfcc5_mean,mfcc5_var,mfcc6_mean,mfcc6_var,mfcc7_mean,mfcc7_var,mfcc8_mean,mfcc8_var,mfcc9_mean,mfcc9_var,mfcc10_mean,mfcc10_var,mfcc11_mean,mfcc11_var,mfcc12_mean,mfcc12_var,mfcc13_mean,mfcc13_var,mfcc14_mean,mfcc14_var,mfcc15_mean,mfcc15_var,mfcc16_mean,mfcc16_var,mfcc17_mean,mfcc17_var,mfcc18_mean,mfcc18_var,mfcc19_mean,mfcc19_var,mfcc20_mean,mfcc20_var
0.3702303,0.085139655,0.1049854,0.00534799,1538.5123663814206,225245.89147833697,1703.4818100127725,104359.01653593514,3174.357190762761,1037706.8939303241,0.07476858565351895,0.0016717546503694685,0.00015076046,0.009141712,0.0006008998,0.0026020743,92.28515625,-177.25548,9698.795,136.2347,546.3853,-26.89329,1625.8065,36.36897,239.54718,-18.752977,246.9179,20.8976,107.98541,-1.7674743,110.91713,3.0104692,126.20432,-5.596907,70.763084,5.6413455,76.27354,-8.101526,76.68003,5.6564813,79.892006,-10.778819,62.12893,-2.4206405,50.1188,-6.940101,57.45749,-2.5174766,79.0625,-5.2101035,50.944466,-3.4135516,64.38846,-3.261252,81.11621,-2.6957047,92.566055
