chroma_stft_mean,chroma_stft_var,rms_mean,rms_var,spectral_centroid_mean,spectral_centroid_var,spectral_bandwidth_mean,spectral_bandwidth_var,rolloff_mean,rolloff_var,zero_crossing_rate_mean,zero_crossing_rate_var,harmony_mean,harmony_var,perceptr_mean,perceptr_var,tempo,mfcc1_mean,mfcc1_var,mfcc2_mean,mfcc2_var,mfcc3_mean,mfcc3_var,mfcc4_mean,mfcc4_var,mfcc5_mean,mfcc5_var,mfcc6_mean,mfcc6_var,mfcc7_mean,mfcc7_var,mfcc8_mean,mfcc8_var,mfcc9_mean,mfcc9_var,mfcc10_mean,mfcc10_var,mfcc11_mean,mfcc11_var,mfcc12_mean,mfcc12_var,mfcc13_mean,mfcc13_var,mfcc14_mean,mfcc14_var,mfcc15_mean,mfcc15_var,mfcc16_mean,mfcc16_var,mfcc17_mean,mfcc17_var,mfcc18_mean,mfcc18_var,mfcc19_mean,mfcc19_var,mfcc20_mean,mfcc20_var
0.25534856,0.0971408,0.08582264,0.002629058,1151.310495788512,514648.47648682387,1709.5320969670431,330245.4174715368,2312.1797282845127,3920015.4124071943,0.03532089858855375,0.0009460119121801402,1.2143282e-06,0.009102618,-2.221765e-06,0.0003058442,117.45383522727273,-301.70804,5065.2104,111.53328,593.24805,21.896053,301.5973,16.15057,242.01083,8.198791,283.87656,22.081917,138.2948,-8.601798,280.92075,1.4827529,120.92413,-17.077759,113.16592,-8.343712,113.457016,-17.01078,106.47663,-10.576027,89.17511,-15.687029,78.27084,-12.606835,82.56499,-12.262773,91.052055,-14.563126,145.14175,-10.112008,142.63908,-5.792038,78.77299,-7.775544,88.69115,-7.1875286,137.39499
