chroma_stft_mean,chroma_stft_var,rms_mean,rms_var,spectral_centroid_mean,spectral_centroid_var,spectral_bandwidth_mean,spectral_bandwidth_var,rolloff_mean,rolloff_var,zero_crossing_rate_mean,zero_crossing_rate_var,harmony_mean,harmony_var,perceptr_mean,perceptr_var,tempo,mfcc1_mean,mfcc1_var,mfcc2_mean,mfcc2_var,mfcc3_mean,mfcc3_var,mfcc4_mean,mfcc4_var,mfcc5_mean,mfcc5_var,mfcc6_mean,mfcc6_var,mfcc7_mean,mfcc7_var,mfcc8_mean,mfcc8_var,mfcc9_mean,mfcc9_var,mfcc10_mean,mfcc10_var,mfcc11_mean,mfcc11_var,mfcc12_mean,mfcc12_var,mfcc13_mean,mfcc13_var,mfcc14_mean,mfcc14_var,mfcc15_mean,mfcc15_var,mfcc16_mean,mfcc16_var,mfcc17_mean,mfcc17_var,mfcc18_mean,mfcc18_var,mfcc19_mean,mfcc19_var,mfcc20_mean,mfcc20_var
0.4273048,0.0801001,0.25113833,0.0034723517,2315.021164983005,143885.85014686148,2261.837306640343,30975.951684902862,5036.6212070403135,444573.19955813454,0.11795032144238206,0.0013099248223414873,2.271834e-06,0.031312346,-0.0007673792,0.014421108,135.99917763157896,-19.882248,972.9611,98.88733,152.55086,-24.475315,181.48094,49.579945,58.371655,-16.198492,50.967415,30.193226,58.54997,-18.027517,55.096905,27.552814,33.78219,-11.407699,57.468098,14.870685,43.976864,-8.914958,39.313362,11.668756,41.050877,-10.89321,56.39245,9.306094,46.226803,-5.837179,39.23776,9.250598,35.339127,-4.0489554,47.89805,3.2507443,53.279552,-3.466804,38.217705,2.3781438,60.410263
