chroma_stft_mean,chroma_stft_var,rms_mean,rms_var,spectral_centroid_mean,spectral_centroid_var,spectral_bandwidth_mean,spectral_bandwidth_var,rolloff_mean,rolloff_var,zero_crossing_rate_mean,zero_crossing_rate_var,harmony_mean,harmony_var,perceptr_mean,perceptr_var,tempo,mfcc1_mean,mfcc1_var,mfcc2_mean,mfcc2_var,mfcc3_mean,mfcc3_var,mfcc4_mean,mfcc4_var,mfcc5_mean,mfcc5_var,mfcc6_mean,mfcc6_var,mfcc7_mean,mfcc7_var,mfcc8_mean,mfcc8_var,mfcc9_mean,mfcc9_var,mfcc10_mean,mfcc10_var,mfcc11_mean,mfcc11_var,mfcc12_mean,mfcc12_var,mfcc13_mean,mfcc13_var,mfcc14_mean,mfcc14_var,mfcc15_mean,mfcc15_var,mfcc16_mean,mfcc16_var,mfcc17_mean,mfcc17_var,mfcc18_mean,mfcc18_var,mfcc19_mean,mfcc19_var,mfcc20_mean,mfcc20_var
0.26335758,0.09444161,0.17000204,0.003192832,1379.0236797531356,550970.5452845572,2003.7311331314502,269583.57241643156,3015.6143507105567,4573708.286561982,0.039366118039443156,0.0009455695718301325,-1.2277051e-06,0.027218932,5.510266e-06,0.0015384594,143.5546875,-206.93233,2025.0728,117.80414,763.5176,23.241365,281.14032,28.308992,261.2949,-1.126013,194.8025,18.867395,160.91714,-21.97302,212.44698,17.844067,137.30339,-25.595348,200.11937,2.1395233,103.07033,-17.782476,73.114655,-8.011028,60.389973,-17.610441,72.830696,-8.119411,85.99083,-8.629656,115.688644,-15.530965,85.75174,-15.322778,78.077255,-9.662423,97.191475,-10.0919695,55.309418,-17.832165,90.98461
