chroma_stft_mean,chroma_stft_var,rms_mean,rms_var,spectral_centroid_mean,spectral_centroid_var,spectral_bandwidth_mean,spectral_bandwidth_var,rolloff_mean,rolloff_var,zero_crossing_rate_mean,zero_crossing_rate_var,harmony_mean,harmony_var,perceptr_mean,perceptr_var,tempo,mfcc1_mean,mfcc1_var,mfcc2_mean,mfcc2_var,mfcc3_mean,mfcc3_var,mfcc4_mean,mfcc4_var,mfcc5_mean,mfcc5_var,mfcc6_mean,mfcc6_var,mfcc7_mean,mfcc7_var,mfcc8_mean,mfcc8_var,mfcc9_mean,mfcc9_var,mfcc10_mean,mfcc10_var,mfcc11_mean,mfcc11_var,mfcc12_mean,mfcc12_var,mfcc13_mean,mfcc13_var,mfcc14_mean,mfcc14_var,mfcc15_mean,mfcc15_var,mfcc16_mean,mfcc16_var,mfcc17_mean,mfcc17_var,mfcc18_mean,mfcc18_var,mfcc19_mean,mfcc19_var,mfcc20_mean,mfcc20_var
0.37517476,0.09390214,0.19822708,0.0029519317,1236.3105117712128,422770.2040643124,1601.9787176890159,295623.85055169725,2603.544117513776,2486964.890533661,0.04461485825116009,0.000762501303160325,-4.0780637e-06,0.02888985,-0.00027555894,0.0040296493,117.45383522727273,-148.64699,4152.3296,145.77013,1369.6218,-9.366609,245.77823,48.437965,160.181,10.546017,220.24794,18.008686,163.10558,-2.6387384,149.30116,16.953346,76.60805,-11.500734,92.67915,8.72578,157.54517,-8.186317,66.26012,3.209728,103.40925,-0.68163383,69.80346,-0.73274666,54.01219,-6.821222,43.710247,-3.9349346,95.18948,-15.736574,69.78196,-5.607584,102.432655,-5.7882395,54.345806,-0.03701006,55.456993
