chroma_stft_mean,chroma_stft_var,rms_mean,rms_var,spectral_centroid_mean,spectral_centroid_var,spectral_bandwidth_mean,spectral_bandwidth_var,rolloff_mean,rolloff_var,zero_crossing_rate_mean,zero_crossing_rate_var,harmony_mean,harmony_var,perceptr_mean,perceptr_var,tempo,mfcc1_mean,mfcc1_var,mfcc2_mean,mfcc2_var,mfcc3_mean,mfcc3_var,mfcc4_mean,mfcc4_var,mfcc5_mean,mfcc5_var,mfcc6_mean,mfcc6_var,mfcc7_mean,mfcc7_var,mfcc8_mean,mfcc8_var,mfcc9_mean,mfcc9_var,mfcc10_mean,mfcc10_var,mfcc11_mean,mfcc11_var,mfcc12_mean,mfcc12_var,mfcc13_mean,mfcc13_var,mfcc14_mean,mfcc14_var,mfcc15_mean,mfcc15_var,mfcc16_mean,mfcc16_var,mfcc17_mean,mfcc17_var,mfcc18_mean,mfcc18_var,mfcc19_mean,mfcc19_var,mfcc20_mean,mfcc20_var
0.29094827,0.09106455,0.0891659,0.0031143294,1109.3207630441668,138690.14617017072,1463.1107858840894,37662.210096830866,2243.3167778422276,838253.6529387314,0.051697390999613305,0.0013392659740276058,-6.422797e-06,0.0067536496,-2.7094836e-06,0.0017114019,92.28515625,-249.31532,3977.6575,131.00032,338.24554,0.67786986,1578.9688,66.704155,298.3847,17.911272,183.51114,4.623277,173.19873,6.603809,96.41475,1.2421157,98.26317,1.4099408,75.738655,-1.5849273,91.75964,-0.97253853,101.25188,-3.5726156,85.11508,-2.9297993,86.26875,4.5961614,62.419785,7.480731,91.63826,-0.1930643,100.62007,-2.8259156,87.33297,-2.6829553,77.28338,0.7411385,76.024796,-0.5292367,67.64772
