chroma_stft_mean,chroma_stft_var,rms_mean,rms_var,spectral_centroid_mean,spectral_centroid_var,spectral_bandwidth_mean,spectral_bandwidth_var,rolloff_mean,rolloff_var,zero_crossing_rate_mean,zero_crossing_rate_var,harmony_mean,harmony_var,perceptr_mean,perceptr_var,tempo,mfcc1_mean,mfcc1_var,mfcc2_mean,mfcc2_var,mfcc3_mean,mfcc3_var,mfcc4_mean,mfcc4_var,mfcc5_mean,mfcc5_var,mfcc6_mean,mfcc6_var,mfcc7_mean,mfcc7_var,mfcc8_mean,mfcc8_var,mfcc9_mean,mfcc9_var,mfcc10_mean,mfcc10_var,mfcc11_mean,mfcc11_var,mfcc12_mean,mfcc12_var,mfcc13_mean,mfcc13_var,mfcc14_mean,mfcc14_var,mfcc15_mean,mfcc15_var,mfcc16_mean,mfcc16_var,mfcc17_mean,mfcc17_var,mfcc18_mean,mfcc18_var,mfcc19_mean,mfcc19_var,mfcc20_mean,mfcc20_var
0.26077786,0.09484193,0.13316597,0.0022518064,1430.602840242115,700821.2383049505,2075.718550083771,275165.24557335646,3246.1678418648494,5567256.17164315,0.04197368341550657,0.001439137164341991,-2.1128894e-06,0.016949395,-1.992994e-06,0.0009969391,151.99908088235293,-238.96988,3230.6921,108.68232,821.1811,34.158817,279.21472,30.20716,302.70737,-0.49822134,237.4868,27.279755,140.72952,-21.377928,286.7237,14.166391,139.31052,-24.509224,117.44081,-1.8904003,179.17099,-28.051817,127.13948,-11.25711,87.63016,-16.457558,90.87678,-7.6354303,78.98731,-12.788069,63.451366,-15.356443,81.95189,-13.739163,141.08138,-7.4004874,68.75154,-10.083454,70.441414,-13.290667,87.91443
