chroma_stft_mean,chroma_stft_var,rms_mean,rms_var,spectral_centroid_mean,spectral_centroid_var,spectral_bandwidth_mean,spectral_bandwidth_var,rolloff_mean,rolloff_var,zero_crossing_rate_mean,zero_crossing_rate_var,harmony_mean,harmony_var,perceptr_mean,perceptr_var,tempo,mfcc1_mean,mfcc1_var,mfcc2_mean,mfcc2_var,mfcc3_mean,mfcc3_var,mfcc4_mean,mfcc4_var,mfcc5_mean,mfcc5_var,mfcc6_mean,mfcc6_var,mfcc7_mean,mfcc7_var,mfcc8_mean,mfcc8_var,mfcc9_mean,mfcc9_var,mfcc10_mean,mfcc10_var,mfcc11_mean,mfcc11_var,mfcc12_mean,mfcc12_var,mfcc13_mean,mfcc13_var,mfcc14_mean,mfcc14_var,mfcc15_mean,mfcc15_var,mfcc16_mean,mfcc16_var,mfcc17_mean,mfcc17_var,mfcc18_mean,mfcc18_var,mfcc19_mean,mfcc19_var,mfcc20_mean,mfcc20_var
0.3066106,0.09801272,0.113379315,0.00368752,1155.869256708864,314152.7439425487,1497.9367164622327,59092.070105082195,2169.63258818518,1331329.4290102238,0.05856995903422274,0.0028679686061733804,-1.2108369e-05,0.0098439315,-5.5320488e-05,0.0031951978,99.38401442307692,-233.96312,6504.2466,136.14453,959.72797,3.3066366,1162.9741,48.930626,383.96625,8.705184,304.61374,13.989511,165.40909,5.3627157,105.51817,0.4101891,128.1393,-13.483557,151.98457,16.860369,82.7323,5.134752,114.362495,-2.2307274,77.221436,3.9538214,66.0046,5.3132124,83.296745,0.8079431,101.00323,-1.10039,80.28279,-4.5396314,78.61718,-2.425949,100.40608,3.324436,119.319336,-0.6058456,143.40132
