chroma_stft_mean,chroma_stft_var,rms_mean,rms_var,spectral_centroid_mean,spectral_centroid_var,spectral_bandwidth_mean,spectral_bandwidth_var,rolloff_mean,rolloff_var,zero_crossing_rate_mean,zero_crossing_rate_var,harmony_mean,harmony_var,perceptr_mean,perceptr_var,tempo,mfcc1_mean,mfcc1_var,mfcc2_mean,mfcc2_var,mfcc3_mean,mfcc3_var,mfcc4_mean,mfcc4_var,mfcc5_mean,mfcc5_var,mfcc6_mean,mfcc6_var,mfcc7_mean,mfcc7_var,mfcc8_mean,mfcc8_var,mfcc9_mean,mfcc9_var,mfcc10_mean,mfcc10_var,mfcc11_mean,mfcc11_var,mfcc12_mean,mfcc12_var,mfcc13_mean,mfcc13_var,mfcc14_mean,mfcc14_var,mfcc15_mean,mfcc15_var,mfcc16_mean,mfcc16_var,mfcc17_mean,mfcc17_var,mfcc18_mean,mfcc18_var,mfcc19_mean,mfcc19_var,mfcc20_mean,mfcc20_var
0.39795133,0.080495425,0.13481365,0.0007786061,2272.4696393575086,202331.76026805057,2356.7258986742127,50235.655511366596,5108.157072487674,581335.9337940421,0.09764303279679042,0.0013824106742667992,-0.0023938995,0.0081146965,-0.004282142,0.004323225,117.45383522727273,-110.285034,1286.2251,90.71587,229.90671,-2.5352986,227.45612,74.0649,114.22637,-11.763082,113.54915,39.210945,66.07152,-13.171311,86.33679,20.544197,50.4479,-17.162983,47.059048,12.81397,93.544205,-21.437147,41.112724,5.957196,49.044147,-8.026906,47.139214,4.240609,46.19584,-16.484732,33.894886,6.549282,35.43225,-5.6958103,39.568996,-3.6384895,36.25036,-4.8583665,48.23588,1.8528223,46.0096
