chroma_stft_mean,chroma_stft_var,rms_mean,rms_var,spectral_centroid_mean,spectral_centroid_var,spectral_bandwidth_mean,spectral_bandwidth_var,rolloff_mean,rolloff_var,zero_crossing_rate_mean,zero_crossing_rate_var,harmony_mean,harmony_var,perceptr_mean,perceptr_var,tempo,mfcc1_mean,mfcc1_var,mfcc2_mean,mfcc2_var,mfcc3_mean,mfcc3_var,mfcc4_mean,mfcc4_var,mfcc5_mean,mfcc5_var,mfcc6_mean,mfcc6_var,mfcc7_mean,mfcc7_var,mfcc8_mean,mfcc8_var,mfcc9_mean,mfcc9_var,mfcc10_mean,mfcc10_var,mfcc11_mean,mfcc11_var,mfcc12_mean,mfcc12_var,mfcc13_mean,mfcc13_var,mfcc14_mean,mfcc14_var,mfcc15_mean,mfcc15_var,mfcc16_mean,mfcc16_var,mfcc17_mean,mfcc17_var,mfcc18_mean,mfcc18_var,mfcc19_mean,mfcc19_var,mfcc20_mean,mfcc20_var
0.4250744,0.074533574,0.17565635,0.0011583769,3081.2947117380436,296721.7203019473,2803.5767010723553,51848.07280374805,6484.344123391544,881063.3137958109,0.15772769325657895,0.002733137789389511,-0.00024064253,0.01768642,-0.0014982808,0.0060024695,103.359375,-24.65024,1158.4885,60.732174,375.83054,-0.4283879,155.38586,25.320087,103.053246,-0.111655965,64.83076,7.047402,74.517586,3.5972397,57.939472,6.1858354,34.929024,-1.3715086,54.234703,8.186011,67.03214,-4.7400055,41.045998,0.811613,38.792213,-1.3036519,49.36877,-0.72841513,27.07968,-0.64168733,34.01276,-1.6187506,29.585478,-7.7714057,32.365257,-3.8179846,35.603783,-2.4212816,34.06873,1.5386642,41.2299
0.44825113,0.07730104,0.17165157,0.0012057244,3093.8631244853664,275165.6480980059,2822.063167816266,64539.21801308667,6577.626892656734,1032316.4609649935,0.15466875483746131,0.0026822604217491266,-0.00026671868,0.015304662,-0.0014436379,0.006779453,103.359375,-23.229992,951.07587,61.70638,362.26303,-1.485012,190.58218,25.333178,128.1792,0.9079092,74.03925,5.0219846,88.365974,1.3893826,51.8434,6.2015934,41.668816,0.7133007,62.98752,11.199502,64.79417,-6.282358,48.502583,1.3165652,38.830555,-3.559124,45.361423,-0.39550442,48.511806,-2.459767,42.204304,-0.15893418,34.00681,-5.6847186,30.381878,-3.596125,40.55262,-6.4873695,31.535229,-3.0842485,43.162758
